position,aso_sequence,desired_baseline,desired_aso_log_prob,desired_log_prob_delta,undesired_baseline,undesired_aso_log_prob,undesired_log_prob_delta,combined_delta
25024,aggaacatcattggacat,-28760.436,-28752.89,7.544922,-28765.24,-28758.73,6.5097656,1.0351562
27190,ttatatcactagtaggca,-28760.436,-28755.213,5.2226562,-28765.24,-28759.902,5.3378906,-0.115234375
25040,atactgaaagaagaaaaa,-28760.436,-28755.418,5.017578,-28765.24,-28760.197,5.0429688,-0.025390625
25038,acatactgaaagaagaaa,-28760.436,-28755.66,4.7753906,-28765.24,-28760.555,4.685547,0.08984375
22298,cattaatattcttattta,-28760.436,-28755.81,4.625,-28765.24,-28760.438,4.8027344,-0.17773438
25043,ctgaaagaagaaaaatca,-28760.436,-28756.098,4.3378906,-28765.24,-28765.402,-0.16210938,4.5
27052,aatattaaagaattttga,-28760.436,-28756.193,4.2421875,-28765.24,-28766.223,-0.9824219,5.2246094
22722,atggtgactactccattt,-28760.436,-28756.232,4.203125,-28765.24,-28753.844,11.396484,-7.1933594
24343,atctaagcagaatgcaaa,-28760.436,-28756.25,4.185547,-28765.24,-28770.178,-4.9375,9.123047
22261,ggtgtatgtttttaaatg,-28760.436,-28756.572,3.8632812,-28765.24,-28760.625,4.6152344,-0.7519531
21698,ttccaagagaaatgaaat,-28760.436,-28756.63,3.8046875,-28765.24,-28764.203,1.0371094,2.7675781
24453,taggtgtagattagtaat,-28760.436,-28756.836,3.5996094,-28765.24,-28768.926,-3.6855469,7.2851562
23659,ataaacggaattatacga,-28760.436,-28757.062,3.3730469,-28765.24,-28765.172,0.068359375,3.3046875
22264,gtatgtttttaaatgtat,-28760.436,-28757.082,3.3535156,-28765.24,-28760.357,4.8828125,-1.5292969
22268,gtttttaaatgtatcatc,-28760.436,-28757.527,2.9082031,-28765.24,-28769.107,-3.8671875,6.7753906
27096,atctacatccctactaga,-28760.436,-28757.605,2.8300781,-28765.24,-28763.213,2.0273438,0.8027344
24558,agatctgacaagaaaaac,-28760.436,-28757.805,2.6308594,-28765.24,-28762.771,2.46875,0.16210938
26710,aaaagactatcaacttaa,-28760.436,-28757.934,2.5019531,-28765.24,-28775.324,-10.083984,12.5859375
21397,gaaaagatgggataattt,-28760.436,-28758.035,2.4003906,-28765.24,-28767.814,-2.5742188,4.9746094
25027,aacatcattggacatact,-28760.436,-28758.057,2.3789062,-28765.24,-28764.875,0.36523438,2.0136719
23605,aggcagtcagtacacttt,-28760.436,-28758.111,2.3242188,-28765.24,-28757.172,8.068359,-5.7441406
27102,atccctactagaattctc,-28760.436,-28758.12,2.3164062,-28765.24,-28760.234,5.0058594,-2.6894531
25908,ggctgttctccaaatccg,-28760.436,-28758.178,2.2578125,-28765.24,-28764.688,0.5527344,1.7050781
24674,taaggtcatatattttat,-28760.436,-28758.23,2.2050781,-28765.24,-28767.855,-2.6152344,4.8203125
23546,ttaagaacattttcatca,-28760.436,-28758.295,2.140625,-28765.24,-28767.781,-2.5410156,4.6816406
21798,ttagtctcctacggacat,-28760.436,-28758.414,2.0214844,-28765.24,-28767.592,-2.3515625,4.373047
22230,aaattaatatagaagaaa,-28760.436,-28758.795,1.640625,-28765.24,-28766.775,-1.5351562,3.1757812
21225,caactgtctgaggcttaa,-28760.436,-28758.992,1.4433594,-28765.24,-28773.746,-8.505859,9.949219
21795,acgttagtctcctacgga,-28760.436,-28759.074,1.3613281,-28765.24,-28763.387,1.8535156,-0.4921875
25037,gacatactgaaagaagaa,-28760.436,-28759.164,1.2714844,-28765.24,-28761.934,3.3066406,-2.0351562
27063,attttgatgccaaaacta,-28760.436,-28759.297,1.1386719,-28765.24,-28768.695,-3.4550781,4.59375
25013,taagcgggctcaggaaca,-28760.436,-28759.352,1.0839844,-28765.24,-28759.477,5.763672,-4.6796875
24662,acacaggtagtttaaggt,-28760.436,-28759.49,0.9453125,-28765.24,-28766.938,-1.6972656,2.6425781
24422,aacaaatctttcaataca,-28760.436,-28759.637,0.7988281,-28765.24,-28772.879,-7.638672,8.4375
24264,taacctttgttctactga,-28760.436,-28759.768,0.66796875,-28765.24,-28766.164,-0.9238281,1.5917969
21211,aaaataaaaaaatacaac,-28760.436,-28759.797,0.6386719,-28765.24,-28761.402,3.8378906,-3.1992188
23809,tccattcatcagttcatg,-28760.436,-28759.883,0.5527344,-28765.24,-28772.85,-7.609375,8.162109
21406,ggataatttttcataaat,-28760.436,-28759.906,0.5292969,-28765.24,-28760.268,4.9726562,-4.4433594
22279,tatcatctgtgtgtgccc,-28760.436,-28759.922,0.5136719,-28765.24,-28765.139,0.1015625,0.41210938
27143,gaagaaacatactttcac,-28760.436,-28760.035,0.40039062,-28765.24,-28763.727,1.5136719,-1.1132812
27047,caatcaatattaaagaat,-28760.436,-28760.055,0.38085938,-28765.24,-28762.568,2.671875,-2.2910156
26933,ccagcattatgaaagtga,-28760.436,-28760.164,0.27148438,-28765.24,-28771.13,-5.890625,6.1621094
26991,tgtttttgaacatttaaa,-28760.436,-28760.207,0.22851562,-28765.24,-28771.426,-6.185547,6.4140625
25019,ggctcaggaacatcattg,-28760.436,-28760.25,0.18554688,-28765.24,-28762.53,2.7109375,-2.5253906
22248,caactgacttaaaggtgt,-28760.436,-28760.275,0.16015625,-28765.24,-28771.922,-6.6816406,6.841797
24400,tataactttgatactcat,-28760.436,-28760.309,0.12695312,-28765.24,-28769.727,-4.486328,4.6132812
27035,gttaatgtaaaacaatca,-28760.436,-28760.455,-0.01953125,-28765.24,-28769.824,-4.5839844,4.564453
22270,ttttaaatgtatcatctg,-28760.436,-28760.475,-0.0390625,-28765.24,-28755.201,10.0390625,-10.078125
22727,gactactccatttctact,-28760.436,-28760.508,-0.072265625,-28765.24,-28755.8,9.439453,-9.511719
21160,tgtaaatttataaaatac,-28760.436,-28760.531,-0.095703125,-28765.24,-28751.545,13.6953125,-13.791016
25022,tcaggaacatcattggac,-28760.436,-28760.566,-0.13085938,-28765.24,-28764.81,0.4296875,-0.5605469
21697,cttccaagagaaatgaaa,-28760.436,-28760.572,-0.13671875,-28765.24,-28756.44,8.800781,-8.9375
23016,ttgagatcagttatctga,-28760.436,-28760.648,-0.21289062,-28765.24,-28774.277,-9.037109,8.824219
26895,GAAGGTGCTCACATTCCT,-28760.436,-28760.79,-0.35351562,-28765.24,-28767.664,-2.4238281,2.0703125
22220,tatttttagtaaattaat,-28760.436,-28760.834,-0.3984375,-28765.24,-28758.945,6.294922,-6.6933594
24236,tacgtcattgccttaagc,-28760.436,-28760.836,-0.40039062,-28765.24,-28766.03,-0.7890625,0.38867188
25035,tggacatactgaaagaag,-28760.436,-28760.875,-0.43945312,-28765.24,-28754.074,11.166016,-11.605469
21145,tatgtgactttgttttgt,-28760.436,-28760.895,-0.45898438,-28765.24,-28770.344,-5.1035156,4.6445312
25034,ttggacatactgaaagaa,-28760.436,-28760.906,-0.47070312,-28765.24,-28767.111,-1.8710938,1.4003906
25989,cactgtgaccggcaatgt,-28760.436,-28760.914,-0.47851562,-28765.24,-28766.715,-1.4746094,0.99609375
26660,taactgcagcctaataat,-28760.436,-28760.918,-0.48242188,-28765.24,-28776.094,-10.853516,10.371094
22250,actgacttaaaggtgtat,-28760.436,-28760.945,-0.5097656,-28765.24,-28767.885,-2.6445312,2.1347656
22286,tgtgtgtgcccccattaa,-28760.436,-28760.984,-0.5488281,-28765.24,-28759.59,5.6503906,-6.1992188
23115,taatttatgttctaaata,-28760.436,-28760.99,-0.5546875,-28765.24,-28766.637,-1.3964844,0.8417969
22205,tattgtaggcacttgtat,-28760.436,-28761.023,-0.5878906,-28765.24,-28764.973,0.26757812,-0.85546875
26826,atctatatagctattttt,-28760.436,-28761.033,-0.59765625,-28765.24,-28770.139,-4.8984375,4.3007812
23609,agtcagtacactttctgt,-28760.436,-28761.033,-0.59765625,-28765.24,-28772.34,-7.0996094,6.501953
23648,agatattatatataaacg,-28760.436,-28761.066,-0.6308594,-28765.24,-28760.506,4.734375,-5.3652344
24442,ttacggtctgttaggtgt,-28760.436,-28761.102,-0.6660156,-28765.24,-28767.455,-2.2148438,1.5488281
21790,tttatacgttagtctcct,-28760.436,-28761.129,-0.6933594,-28765.24,-28765.088,0.15234375,-0.8457031
25375,taattagtttatttattt,-28760.436,-28761.145,-0.7089844,-28765.24,-28766.176,-0.9355469,0.2265625
22902,gggaaaaaaaagtcacgc,-28760.436,-28761.148,-0.7128906,-28765.24,-28762.436,2.8046875,-3.5175781
23683,gtcttttgtgtctggctt,-28760.436,-28761.178,-0.7421875,-28765.24,-28761.738,3.5019531,-4.2441406
22296,cccattaatattcttatt,-28760.436,-28761.188,-0.7519531,-28765.24,-28769.277,-4.0371094,3.2851562
23713,atgctattttcaagattc,-28760.436,-28761.234,-0.7988281,-28765.24,-28760.916,4.3242188,-5.123047
24635,tttaatggtctcatttta,-28760.436,-28761.281,-0.8457031,-28765.24,-28767.152,-1.9121094,1.0664062
21272,tttagttaattttaaaaa,-28760.436,-28761.291,-0.85546875,-28765.24,-28769.133,-3.8925781,3.0371094
24660,tgacacaggtagtttaag,-28760.436,-28761.303,-0.8671875,-28765.24,-28775.762,-10.521484,9.654297
26959,tttgtaaaactttatggt,-28760.436,-28761.314,-0.87890625,-28765.24,-28771.943,-6.703125,5.8242188
23599,agccctaggcagtcagta,-28760.436,-28761.342,-0.90625,-28765.24,-28763.252,1.9882812,-2.8945312
27319,ggtttaactggaattcgt,-28760.436,-28761.35,-0.9140625,-28765.24,-28765.912,-0.671875,-0.2421875
21189,ctctttatattactaaaa,-28760.436,-28761.38,-0.9453125,-28765.24,-28771.027,-5.7871094,4.841797
26960,ttgtaaaactttatggtt,-28760.436,-28761.395,-0.9589844,-28765.24,-28771.21,-5.970703,5.0117188
23658,tataaacggaattatacg,-28760.436,-28761.46,-1.0253906,-28765.24,-28766.953,-1.7128906,0.6875
25030,atcattggacatactgaa,-28760.436,-28761.492,-1.0566406,-28765.24,-28753.715,11.525391,-12.582031
24380,tgaaataacataaaatag,-28760.436,-28761.521,-1.0859375,-28765.24,-28772.145,-6.904297,5.8183594
24286,acgtggttgagataggct,-28760.436,-28761.53,-1.09375,-28765.24,-28763.174,2.0664062,-3.1601562
21784,tgtcactttatacgttag,-28760.436,-28761.533,-1.0976562,-28765.24,-28760.418,4.8222656,-5.919922
24532,gaagagagacagaggaca,-28760.436,-28761.543,-1.1074219,-28765.24,-28772.955,-7.7148438,6.607422
27320,gtttaactggaattcgtc,-28760.436,-28761.555,-1.1191406,-28765.24,-28761.523,3.7167969,-4.8359375
26836,ctattttttttaacttcc,-28760.436,-28761.555,-1.1191406,-28765.24,-28768.566,-3.3261719,2.2070312
21821,attgtattttagtcagaa,-28760.436,-28761.59,-1.1542969,-28765.24,-28770.12,-4.8789062,3.7246094
22960,atgaattcctcattttaa,-28760.436,-28761.592,-1.15625,-28765.24,-28757.027,8.212891,-9.369141
22278,gtatcatctgtgtgtgcc,-28760.436,-28761.596,-1.1601562,-28765.24,-28760.926,4.314453,-5.4746094
22729,ctactccatttctactaa,-28760.436,-28761.613,-1.1777344,-28765.24,-28768.707,-3.4667969,2.2890625
23783,ctgttgtttggttatatc,-28760.436,-28761.62,-1.1835938,-28765.24,-28764.3,0.9394531,-2.1230469
25011,tataagcgggctcaggaa,-28760.436,-28761.62,-1.1835938,-28765.24,-28764.383,0.8574219,-2.0410156
23544,atttaagaacattttcat,-28760.436,-28761.64,-1.2050781,-28765.24,-28765.129,0.111328125,-1.3164062
24416,attagtaacaaatctttc,-28760.436,-28761.64,-1.2050781,-28765.24,-28771.805,-6.564453,5.359375
23642,tattttagatattatata,-28760.436,-28761.648,-1.2128906,-28765.24,-28767.037,-1.796875,0.5839844
22217,ttgtatttttagtaaatt,-28760.436,-28761.664,-1.2285156,-28765.24,-28769.797,-4.5566406,3.328125
27072,ccaaaactattagataaa,-28760.436,-28761.688,-1.2519531,-28765.24,-28766.852,-1.6113281,0.359375
26798,ataaagctatctatatat,-28760.436,-28761.695,-1.2597656,-28765.24,-28762.41,2.8300781,-4.0898438
25012,ataagcgggctcaggaac,-28760.436,-28761.75,-1.3144531,-28765.24,-28750.97,14.269531,-15.583984
22233,ttaatatagaagaaacaa,-28760.436,-28761.752,-1.3164062,-28765.24,-28760.602,4.638672,-5.955078
22283,atctgtgtgtgcccccat,-28760.436,-28761.777,-1.3417969,-28765.24,-28764.777,0.46289062,-1.8046875
26738,tattttgttgaataaaat,-28760.436,-28761.781,-1.3457031,-28765.24,-28763.307,1.9335938,-3.2792969
24282,agccacgtggttgagata,-28760.436,-28761.797,-1.3613281,-28765.24,-28765.225,0.015625,-1.3769531
24253,ctaacaattcttaacctt,-28760.436,-28761.82,-1.3847656,-28765.24,-28769.168,-3.9277344,2.5429688
27182,atgccattttatatcact,-28760.436,-28761.836,-1.4003906,-28765.24,-28767.531,-2.2910156,0.890625
23541,acaatttaagaacatttt,-28760.436,-28761.84,-1.4042969,-28765.24,-28762.61,2.6308594,-4.0351562
22717,ccaacatggtgactactc,-28760.436,-28761.871,-1.4355469,-28765.24,-28773.342,-8.1015625,6.6660156
27070,tgccaaaactattagata,-28760.436,-28761.979,-1.5429688,-28765.24,-28768.85,-3.609375,2.0664062
26723,cttaatttctgatcatat,-28760.436,-28762.014,-1.578125,-28765.24,-28769.812,-4.5722656,2.9941406
22202,tgatattgtaggcacttg,-28760.436,-28762.064,-1.6289062,-28765.24,-28767.266,-2.0253906,0.39648438
21398,aaaagatgggataatttt,-28760.436,-28762.088,-1.6523438,-28765.24,-28771.498,-6.2578125,4.6054688
21718,ttttaatgcacaaagatc,-28760.436,-28762.137,-1.7011719,-28765.24,-28770.078,-4.8378906,3.1367188
24654,taagtatgacacaggtag,-28760.436,-28762.16,-1.7246094,-28765.24,-28772.512,-7.2714844,5.546875
21130,caatttttttgtagttat,-28760.436,-28762.172,-1.7363281,-28765.24,-28771.326,-6.0859375,4.3496094
22254,acttaaaggtgtatgttt,-28760.436,-28762.176,-1.7402344,-28765.24,-28767.164,-1.9238281,0.18359375
21736,tggggtaatgtgtaccac,-28760.436,-28762.184,-1.7480469,-28765.24,-28767.535,-2.2949219,0.546875
22294,cccccattaatattctta,-28760.436,-28762.193,-1.7578125,-28765.24,-28764.277,0.9628906,-2.7207031
22969,tcattttaatgaccaaaa,-28760.436,-28762.195,-1.7597656,-28765.24,-28774.355,-9.115234,7.3554688
21159,ttgtaaatttataaaata,-28760.436,-28762.242,-1.8066406,-28765.24,-28765.75,-0.5097656,-1.296875
27081,ttagataaaaggttaatc,-28760.436,-28762.258,-1.8222656,-28765.24,-28764.852,0.38867188,-2.2109375
23759,cattccttcttattgctg,-28760.436,-28762.277,-1.8417969,-28765.24,-28769.434,-4.1933594,2.3515625
24593,tttttgactttaaatttt,-28760.436,-28762.324,-1.8886719,-28765.24,-28762.293,2.9472656,-4.8359375
23638,tgtctattttagatatta,-28760.436,-28762.344,-1.9082031,-28765.24,-28760.215,5.0253906,-6.9335938
27268,ctgacatatgaagtgctc,-28760.436,-28762.348,-1.9121094,-28765.24,-28762.492,2.7480469,-4.6601562
22936,taaccttggtatattgta,-28760.436,-28762.348,-1.9121094,-28765.24,-28765.559,-0.31835938,-1.59375
23483,aataaaaaagaaagtata,-28760.436,-28762.35,-1.9140625,-28765.24,-28764.344,0.8964844,-2.8105469
26653,aaaaccttaactgcagcc,-28760.436,-28762.416,-1.9804688,-28765.24,-28765.613,-0.37304688,-1.6074219
21699,tccaagagaaatgaaatt,-28760.436,-28762.426,-1.9902344,-28765.24,-28761.482,3.7578125,-5.748047
23575,aaccctgttaccttcatt,-28760.436,-28762.426,-1.9902344,-28765.24,-28770.883,-5.642578,3.6523438
27230,gtgatatgggataaccta,-28760.436,-28762.43,-1.9941406,-28765.24,-28770.031,-4.7910156,2.796875
27181,gatgccattttatatcac,-28760.436,-28762.48,-2.0449219,-28765.24,-28767.54,-2.2988281,0.25390625
22305,attcttatttaaaagtta,-28760.436,-28762.5,-2.0644531,-28765.24,-28768.229,-2.9882812,0.9238281
23666,gaattatacgatatgtgg,-28760.436,-28762.55,-2.1152344,-28765.24,-28763.695,1.5449219,-3.6601562
27247,aggcatactgcactgtac,-28760.436,-28762.562,-2.1269531,-28765.24,-28770.875,-5.6347656,3.5078125
21787,cactttatacgttagtct,-28760.436,-28762.586,-2.1503906,-28765.24,-28762.275,2.9648438,-5.1152344
22189,taaaattatgatgtgata,-28760.436,-28762.598,-2.1621094,-28765.24,-28760.912,4.328125,-6.4902344
26833,tagctattttttttaact,-28760.436,-28762.674,-2.2382812,-28765.24,-28767.803,-2.5625,0.32421875
23577,ccctgttaccttcatttt,-28760.436,-28762.695,-2.2597656,-28765.24,-28764.625,0.6152344,-2.875
24650,ttaataagtatgacacag,-28760.436,-28762.697,-2.2617188,-28765.24,-28766.408,-1.1679688,-1.09375
22985,aaagtaataaatcaacag,-28760.436,-28762.713,-2.2773438,-28765.24,-28764.848,0.39257812,-2.6699219
21770,tatggcttcaaacttgtc,-28760.436,-28762.719,-2.2832031,-28765.24,-28769.508,-4.267578,1.984375
22924,gttgttgtagtataacct,-28760.436,-28762.727,-2.2910156,-28765.24,-28775.732,-10.4921875,8.201172
27041,gtaaaacaatcaatatta,-28760.436,-28762.734,-2.2988281,-28765.24,-28767.781,-2.5410156,0.2421875
23536,tcactacaatttaagaac,-28760.436,-28762.75,-2.3144531,-28765.24,-28770.816,-5.576172,3.2617188
24543,gaggacatttgggctaga,-28760.436,-28762.777,-2.3417969,-28765.24,-28759.375,5.8652344,-8.207031
26705,acattaaaagactatcaa,-28760.436,-28762.795,-2.359375,-28765.24,-28761.723,3.5175781,-5.876953
23049,cttttgtgttttttaaat,-28760.436,-28762.809,-2.3730469,-28765.24,-28761.574,3.6660156,-6.0390625
22303,atattcttatttaaaagt,-28760.436,-28762.822,-2.3867188,-28765.24,-28751.291,13.949219,-16.335938
21794,tacgttagtctcctacgg,-28760.436,-28762.895,-2.4589844,-28765.24,-28767.291,-2.0507812,-0.40820312
21417,cataaatgaaaaatgaaa,-28760.436,-28762.967,-2.53125,-28765.24,-28769.113,-3.8730469,1.3417969
26828,ctatatagctattttttt,-28760.436,-28762.967,-2.53125,-28765.24,-28762.934,2.3066406,-4.8378906
23532,accatcactacaatttaa,-28760.436,-28762.977,-2.5410156,-28765.24,-28767.85,-2.609375,0.068359375
24445,cggtctgttaggtgtaga,-28760.436,-28762.98,-2.5449219,-28765.24,-28766.777,-1.5371094,-1.0078125
21262,taagtataattttagtta,-28760.436,-28762.982,-2.546875,-28765.24,-28775.945,-10.705078,8.158203
23660,taaacggaattatacgat,-28760.436,-28762.986,-2.5507812,-28765.24,-28772.955,-7.7148438,5.1640625
21766,ggagtatggcttcaaact,-28760.436,-28762.992,-2.5566406,-28765.24,-28772.797,-7.5566406,5.0
22958,tcatgaattcctcatttt,-28760.436,-28763.004,-2.5683594,-28765.24,-28763.191,2.0488281,-4.6171875
23172,tttgaaagtatacaagtt,-28760.436,-28763.008,-2.5722656,-28765.24,-28764.238,1.0019531,-3.5742188
24431,ttcaatacatcttacggt,-28760.436,-28763.021,-2.5859375,-28765.24,-28770.352,-5.111328,2.5253906
26648,gcaagaaaaccttaactg,-28760.436,-28763.031,-2.5957031,-28765.24,-28770.799,-5.5585938,2.9628906
22234,taatatagaagaaacaac,-28760.436,-28763.04,-2.6035156,-28765.24,-28764.613,0.6269531,-3.2304688
27232,gatatgggataacctagg,-28760.436,-28763.053,-2.6171875,-28765.24,-28767.805,-2.5644531,-0.052734375
21410,aatttttcataaatgaaa,-28760.436,-28763.055,-2.6191406,-28765.24,-28763.027,2.2128906,-4.8320312
24485,ctgcaagctagtatacat,-28760.436,-28763.062,-2.6269531,-28765.24,-28765.908,-0.66796875,-1.9589844
21762,ttggggagtatggcttca,-28760.436,-28763.066,-2.6308594,-28765.24,-28772.469,-7.2285156,4.5976562
21193,ttatattactaaaaaata,-28760.436,-28763.066,-2.6308594,-28765.24,-28767.121,-1.8808594,-0.75
26720,caacttaatttctgatca,-28760.436,-28763.078,-2.6425781,-28765.24,-28765.658,-0.41796875,-2.2246094
24687,tttatttgatgaaaataa,-28760.436,-28763.078,-2.6425781,-28765.24,-28765.434,-0.19335938,-2.4492188
25988,ccactgtgaccggcaatg,-28760.436,-28763.086,-2.6503906,-28765.24,-28767.336,-2.0957031,-0.5546875
24663,cacaggtagtttaaggtc,-28760.436,-28763.098,-2.6621094,-28765.24,-28768.58,-3.3398438,0.6777344
24393,aataggttataactttga,-28760.436,-28763.111,-2.6757812,-28765.24,-28762.117,3.1230469,-5.798828
26003,atgtttttaaatttttta,-28760.436,-28763.115,-2.6796875,-28765.24,-28761.566,3.6738281,-6.3535156
24551,ttgggctagatctgacaa,-28760.436,-28763.125,-2.6894531,-28765.24,-28767.238,-1.9980469,-0.69140625
22979,gaccaaaaagtaataaat,-28760.436,-28763.176,-2.7402344,-28765.24,-28759.652,5.5878906,-8.328125
25029,catcattggacatactga,-28760.436,-28763.215,-2.7792969,-28765.24,-28757.205,8.035156,-10.814453
26977,ttgtggaaaacaaatgtt,-28760.436,-28763.219,-2.7832031,-28765.24,-28760.377,4.8632812,-7.6464844
26713,agactatcaacttaattt,-28760.436,-28763.219,-2.7832031,-28765.24,-28770.027,-4.7871094,2.0039062
22293,gcccccattaatattctt,-28760.436,-28763.234,-2.7988281,-28765.24,-28756.191,9.048828,-11.847656
21334,ttgaaattatactttttc,-28760.436,-28763.254,-2.8183594,-28765.24,-28771.771,-6.53125,3.7128906
23639,gtctattttagatattat,-28760.436,-28763.316,-2.8808594,-28765.24,-28750.938,14.302734,-17.183594
25377,attagtttatttattttt,-28760.436,-28763.328,-2.8925781,-28765.24,-28763.775,1.4648438,-4.357422
27069,atgccaaaactattagat,-28760.436,-28763.357,-2.921875,-28765.24,-28767.107,-1.8671875,-1.0546875
22719,aacatggtgactactcca,-28760.436,-28763.375,-2.9394531,-28765.24,-28766.0,-0.7597656,-2.1796875
23538,actacaatttaagaacat,-28760.436,-28763.389,-2.953125,-28765.24,-28759.836,5.404297,-8.357422
26714,gactatcaacttaatttc,-28760.436,-28763.39,-2.9550781,-28765.24,-28763.629,1.6113281,-4.5664062
21309,attattttgattatacac,-28760.436,-28763.408,-2.9726562,-28765.24,-28765.537,-0.296875,-2.6757812
25003,aaataaggtataagcggg,-28760.436,-28763.447,-3.0117188,-28765.24,-28766.89,-1.6503906,-1.3613281
23760,attccttcttattgctga,-28760.436,-28763.457,-3.0214844,-28765.24,-28761.516,3.7246094,-6.7460938
24568,agaaaaacaaatgtttta,-28760.436,-28763.479,-3.0429688,-28765.24,-28771.217,-5.9765625,2.9335938
26007,ttttaaattttttacatt,-28760.436,-28763.48,-3.0449219,-28765.24,-28771.436,-6.1953125,3.1503906
21277,ttaattttaaaaagcttt,-28760.436,-28763.504,-3.0683594,-28765.24,-28770.756,-5.515625,2.4472656
21179,acttgcttctctctttat,-28760.436,-28763.516,-3.0800781,-28765.24,-28762.164,3.0761719,-6.15625
21246,actcttgcattgtcccta,-28760.436,-28763.527,-3.0917969,-28765.24,-28759.547,5.6933594,-8.785156
23661,aaacggaattatacgata,-28760.436,-28763.549,-3.1132812,-28765.24,-28761.625,3.6152344,-6.7285156
22289,gtgtgcccccattaatat,-28760.436,-28763.56,-3.125,-28765.24,-28758.33,6.9101562,-10.035156
21734,tctggggtaatgtgtacc,-28760.436,-28763.574,-3.1386719,-28765.24,-28767.652,-2.4121094,-0.7265625
25915,ctccaaatccgacctcag,-28760.436,-28763.576,-3.140625,-28765.24,-28774.453,-9.212891,6.0722656
24311,tagcttttaacctctatc,-28760.436,-28763.582,-3.1464844,-28765.24,-28771.535,-6.294922,3.1484375
27269,tgacatatgaagtgctct,-28760.436,-28763.586,-3.1503906,-28765.24,-28767.262,-2.0214844,-1.1289062
26787,ttaacatccatataaagc,-28760.436,-28763.605,-3.1699219,-28765.24,-28756.074,9.166016,-12.3359375
22444,aaaaataccaaaaaaaat,-28760.436,-28763.611,-3.1757812,-28765.24,-28765.113,0.12695312,-3.3027344
26768,ttgtgaaacaaaatgctt,-28760.436,-28763.615,-3.1796875,-28765.24,-28768.14,-2.9003906,-0.27929688
22725,gtgactactccatttcta,-28760.436,-28763.621,-3.1855469,-28765.24,-28765.625,-0.38476562,-2.8007812
23905,ttggttttttgggttttt,-28760.436,-28763.635,-3.1992188,-28765.24,-28769.234,-3.9941406,0.7949219
21173,aatactacttgcttctct,-28760.436,-28763.668,-3.2324219,-28765.24,-28760.719,4.5214844,-7.7539062
26974,ggtttgtggaaaacaaat,-28760.436,-28763.672,-3.2363281,-28765.24,-28776.11,-10.869141,7.6328125
21754,attgaaccttggggagta,-28760.436,-28763.676,-3.2402344,-28765.24,-28761.594,3.6464844,-6.8867188
27308,acagaggacatggtttaa,-28760.436,-28763.71,-3.2753906,-28765.24,-28767.488,-2.2480469,-1.0273438
25996,accggcaatgtttttaaa,-28760.436,-28763.758,-3.3222656,-28765.24,-28749.137,16.103516,-19.425781
27326,ctggaattcgtcaagcct,-28760.436,-28763.758,-3.3222656,-28765.24,-28767.447,-2.2070312,-1.1152344
26004,tgtttttaaattttttac,-28760.436,-28763.762,-3.3261719,-28765.24,-28760.21,5.029297,-8.355469
24410,atactcattagtaacaaa,-28760.436,-28763.762,-3.3261719,-28765.24,-28767.469,-2.2285156,-1.0976562
22721,catggtgactactccatt,-28760.436,-28763.781,-3.3457031,-28765.24,-28755.559,9.681641,-13.027344
22265,tatgtttttaaatgtatc,-28760.436,-28763.787,-3.3515625,-28765.24,-28765.363,-0.123046875,-3.2285156
26703,gtacattaaaagactatc,-28760.436,-28763.799,-3.3632812,-28765.24,-28766.166,-0.92578125,-2.4375
21129,acaatttttttgtagtta,-28760.436,-28763.812,-3.3769531,-28765.24,-28765.018,0.22265625,-3.5996094
23646,ttagatattatatataaa,-28760.436,-28763.812,-3.3769531,-28765.24,-28759.797,5.4433594,-8.8203125
24449,ctgttaggtgtagattag,-28760.436,-28763.832,-3.3964844,-28765.24,-28771.787,-6.546875,3.1503906
26699,taaagtacattaaaagac,-28760.436,-28763.832,-3.3964844,-28765.24,-28767.986,-2.7460938,-0.6503906
26652,gaaaaccttaactgcagc,-28760.436,-28763.855,-3.4199219,-28765.24,-28770.104,-4.8632812,1.4433594
23141,gagaaataattcacatgg,-28760.436,-28763.857,-3.421875,-28765.24,-28772.74,-7.5,4.078125
23107,tattggtataatttatgt,-28760.436,-28763.898,-3.4628906,-28765.24,-28770.848,-5.607422,2.1445312
23146,ataattcacatggtgtgc,-28760.436,-28763.92,-3.484375,-28765.24,-28765.205,0.03515625,-3.5195312
26796,atataaagctatctatat,-28760.436,-28763.926,-3.4902344,-28765.24,-28768.154,-2.9140625,-0.5761719
21801,gtctcctacggacatgtt,-28760.436,-28763.965,-3.5292969,-28765.24,-28769.318,-4.078125,0.5488281
24279,tgaagccacgtggttgag,-28760.436,-28763.977,-3.5410156,-28765.24,-28763.016,2.2246094,-5.765625
27145,agaaacatactttcacaa,-28760.436,-28763.99,-3.5546875,-28765.24,-28754.59,10.650391,-14.205078
23650,atattatatataaacgga,-28760.436,-28764.008,-3.5722656,-28765.24,-28763.93,1.3105469,-4.8828125
27273,atatgaagtgctctagtc,-28760.436,-28764.018,-3.5820312,-28765.24,-28762.004,3.2363281,-6.8183594
23553,cattttcatcaccccaaa,-28760.436,-28764.021,-3.5859375,-28765.24,-28770.832,-5.591797,2.0058594
21181,ttgcttctctctttatat,-28760.436,-28764.025,-3.5898438,-28765.24,-28767.658,-2.4179688,-1.171875
24266,acctttgttctactgaag,-28760.436,-28764.031,-3.5957031,-28765.24,-28767.756,-2.515625,-1.0800781
27040,tgtaaaacaatcaatatt,-28760.436,-28764.047,-3.6113281,-28765.24,-28758.688,6.5527344,-10.1640625
27315,acatggtttaactggaat,-28760.436,-28764.05,-3.6152344,-28765.24,-28764.238,1.0019531,-4.6171875
24226,gtgtttttaatacgtcat,-28760.436,-28764.06,-3.625,-28765.24,-28766.932,-1.6914062,-1.9335938
25004,aataaggtataagcgggc,-28760.436,-28764.078,-3.6425781,-28765.24,-28769.55,-4.310547,0.66796875
25993,gtgaccggcaatgttttt,-28760.436,-28764.08,-3.6445312,-28765.24,-28763.268,1.9726562,-5.6171875
21214,ataaaaaaatacaactgt,-28760.436,-28764.164,-3.7285156,-28765.24,-28763.605,1.6347656,-5.3632812
27045,aacaatcaatattaaaga,-28760.436,-28764.174,-3.7382812,-28765.24,-28764.434,0.8066406,-4.544922
25909,gctgttctccaaatccga,-28760.436,-28764.182,-3.7460938,-28765.24,-28757.867,7.373047,-11.119141
25020,gctcaggaacatcattgg,-28760.436,-28764.184,-3.7480469,-28765.24,-28760.215,5.0253906,-8.7734375
24297,ataggctctgagtctagc,-28760.436,-28764.195,-3.7597656,-28765.24,-28757.723,7.517578,-11.277344
22290,tgtgcccccattaatatt,-28760.436,-28764.21,-3.7753906,-28765.24,-28768.133,-2.8925781,-0.8828125
24237,acgtcattgccttaagct,-28760.436,-28764.23,-3.7949219,-28765.24,-28757.082,8.158203,-11.953125
21128,gacaatttttttgtagtt,-28760.436,-28764.26,-3.8242188,-28765.24,-28764.543,0.6972656,-4.5214844
22306,ttcttatttaaaagttaa,-28760.436,-28764.262,-3.8261719,-28765.24,-28766.639,-1.3984375,-2.4277344
23068,atgaaatatttgaaaaaa,-28760.436,-28764.266,-3.8300781,-28765.24,-28763.062,2.1777344,-6.0078125
21828,tttagtcagaacatttaa,-28760.436,-28764.305,-3.8691406,-28765.24,-28768.125,-2.8847656,-0.984375
25018,gggctcaggaacatcatt,-28760.436,-28764.309,-3.8730469,-28765.24,-28763.195,2.0449219,-5.9179688
24493,tagtatacatgtagggaa,-28760.436,-28764.31,-3.875,-28765.24,-28771.023,-5.783203,1.9082031
22274,aaatgtatcatctgtgtg,-28760.436,-28764.312,-3.8769531,-28765.24,-28766.453,-1.2128906,-2.6640625
23616,acactttctgtctctatg,-28760.436,-28764.314,-3.8789062,-28765.24,-28770.965,-5.7246094,1.8457031
27322,ttaactggaattcgtcaa,-28760.436,-28764.316,-3.8808594,-28765.24,-28764.1,1.140625,-5.0214844
26824,atatctatatagctattt,-28760.436,-28764.324,-3.8886719,-28765.24,-28770.18,-4.939453,1.0507812
24689,tatttgatgaaaataagg,-28760.436,-28764.328,-3.8925781,-28765.24,-28762.676,2.5644531,-6.4570312
26001,caatgtttttaaattttt,-28760.436,-28764.357,-3.921875,-28765.24,-28772.363,-7.123047,3.2011719
23865,aatgttgctatgaacatt,-28760.436,-28764.383,-3.9472656,-28765.24,-28766.875,-1.6347656,-2.3125
23095,gtatatataaagtattgg,-28760.436,-28764.383,-3.9472656,-28765.24,-28769.414,-4.173828,0.2265625
22299,attaatattcttatttaa,-28760.436,-28764.389,-3.953125,-28765.24,-28761.844,3.3964844,-7.3496094
27226,tattgtgatatgggataa,-28760.436,-28764.41,-3.9746094,-28765.24,-28765.488,-0.24804688,-3.7265625
25039,catactgaaagaagaaaa,-28760.436,-28764.412,-3.9765625,-28765.24,-28757.314,7.9257812,-11.902344
24684,tattttatttgatgaaaa,-28760.436,-28764.414,-3.9785156,-28765.24,-28768.518,-3.2773438,-0.7011719
23089,cataatgtatatataaag,-28760.436,-28764.422,-3.9863281,-28765.24,-28765.637,-0.39648438,-3.5898438
25023,caggaacatcattggaca,-28760.436,-28764.43,-3.9941406,-28765.24,-28762.184,3.0566406,-7.0507812
22183,ccctgctaaaattatgat,-28760.436,-28764.432,-3.9960938,-28765.24,-28772.059,-6.8183594,2.8222656
25009,ggtataagcgggctcagg,-28760.436,-28764.434,-3.9980469,-28765.24,-28762.184,3.0566406,-7.0546875
23662,aacggaattatacgatat,-28760.436,-28764.434,-3.9980469,-28765.24,-28764.93,0.31054688,-4.3085938
24308,gtctagcttttaacctct,-28760.436,-28764.445,-4.0097656,-28765.24,-28768.973,-3.7324219,-0.27734375
27231,tgatatgggataacctag,-28760.436,-28764.46,-4.0253906,-28765.24,-28770.5,-5.2597656,1.234375
22236,atatagaagaaacaactg,-28760.436,-28764.482,-4.046875,-28765.24,-28763.363,1.8769531,-5.923828
25997,ccggcaatgtttttaaat,-28760.436,-28764.488,-4.0527344,-28765.24,-28755.568,9.671875,-13.724609
21704,gagaaatgaaattttttt,-28760.436,-28764.498,-4.0625,-28765.24,-28770.516,-5.2753906,1.2128906
23872,ctatgaacattcgtttgt,-28760.436,-28764.512,-4.076172,-28765.24,-28763.828,1.4121094,-5.4882812
23722,tcaagattcatccatgct,-28760.436,-28764.531,-4.095703,-28765.24,-28763.428,1.8125,-5.908203
24290,ggttgagataggctctga,-28760.436,-28764.54,-4.1035156,-28765.24,-28768.203,-2.9628906,-1.140625
27030,gaaaggttaatgtaaaac,-28760.436,-28764.547,-4.111328,-28765.24,-28763.715,1.5253906,-5.6367188
23703,ttcacttagcatgctatt,-28760.436,-28764.559,-4.123047,-28765.24,-28768.244,-3.0039062,-1.1191406
24417,ttagtaacaaatctttca,-28760.436,-28764.574,-4.138672,-28765.24,-28773.113,-7.873047,3.734375
21174,atactacttgcttctctc,-28760.436,-28764.584,-4.1484375,-28765.24,-28767.014,-1.7734375,-2.375
21405,gggataatttttcataaa,-28760.436,-28764.588,-4.1523438,-28765.24,-28769.36,-4.1191406,-0.033203125
22998,aacagcttgtaatttgtt,-28760.436,-28764.598,-4.1621094,-28765.24,-28767.969,-2.7285156,-1.4335938
26730,tctgatcatattttgttg,-28760.436,-28764.605,-4.169922,-28765.24,-28772.828,-7.5878906,3.4179688
22172,aagctcttgtgccctgct,-28760.436,-28764.605,-4.169922,-28765.24,-28767.754,-2.5136719,-1.65625
25014,aagcgggctcaggaacat,-28760.436,-28764.61,-4.173828,-28765.24,-28758.2,7.0410156,-11.214844
23772,tgctgaatattctgttgt,-28760.436,-28764.613,-4.1777344,-28765.24,-28770.191,-4.951172,0.7734375
21330,tgaattgaaattatactt,-28760.436,-28764.613,-4.1777344,-28765.24,-28772.742,-7.501953,3.3242188
23573,gaaaccctgttaccttca,-28760.436,-28764.621,-4.185547,-28765.24,-28767.566,-2.3261719,-1.859375
27207,agaccagcagactttttt,-28760.436,-28764.623,-4.1875,-28765.24,-28761.184,4.0566406,-8.244141
21702,aagagaaatgaaattttt,-28760.436,-28764.633,-4.1972656,-28765.24,-28768.844,-3.6035156,-0.59375
25010,gtataagcgggctcagga,-28760.436,-28764.652,-4.216797,-28765.24,-28762.635,2.6054688,-6.8222656
27228,ttgtgatatgggataacc,-28760.436,-28764.652,-4.216797,-28765.24,-28774.174,-8.933594,4.716797
21384,attgtagggaatggaaaa,-28760.436,-28764.658,-4.2226562,-28765.24,-28762.191,3.0488281,-7.2714844
21832,gtcagaacatttaaaatt,-28760.436,-28764.676,-4.2402344,-28765.24,-28767.068,-1.828125,-2.4121094
26740,ttttgttgaataaaataa,-28760.436,-28764.676,-4.2402344,-28765.24,-28764.049,1.1914062,-5.4316406
26993,tttttgaacatttaaaaa,-28760.436,-28764.68,-4.2441406,-28765.24,-28773.086,-7.845703,3.6015625
26637,catgagccactgcaagaa,-28760.436,-28764.68,-4.2441406,-28765.24,-28772.434,-7.1933594,2.9492188
21335,tgaaattatactttttct,-28760.436,-28764.691,-4.2558594,-28765.24,-28763.02,2.2207031,-6.4765625
21777,tcaaacttgtcactttat,-28760.436,-28764.695,-4.2597656,-28765.24,-28767.027,-1.7871094,-2.4726562
21182,tgcttctctctttatatt,-28760.436,-28764.7,-4.263672,-28765.24,-28772.086,-6.845703,2.5820312
22216,cttgtatttttagtaaat,-28760.436,-28764.723,-4.2871094,-28765.24,-28766.254,-1.0136719,-3.2734375
21361,ttttaatctctgatttga,-28760.436,-28764.754,-4.3183594,-28765.24,-28763.89,1.3496094,-5.6679688
27153,actttcacaataaagagc,-28760.436,-28764.766,-4.330078,-28765.24,-28768.043,-2.8027344,-1.5273438
23862,aataatgttgctatgaac,-28760.436,-28764.773,-4.3378906,-28765.24,-28771.355,-6.1152344,1.7773438
27179,atgatgccattttatatc,-28760.436,-28764.805,-4.3691406,-28765.24,-28762.248,2.9921875,-7.361328
23082,aaaaatacataatgtata,-28760.436,-28764.816,-4.3808594,-28765.24,-28774.367,-9.126953,4.7460938
23159,tgtgcagtttacctttga,-28760.436,-28764.828,-4.392578,-28765.24,-28775.031,-9.791016,5.3984375
27216,gacttttttttattgtga,-28760.436,-28764.828,-4.392578,-28765.24,-28762.941,2.2988281,-6.6914062
23797,tatcacattttatccatt,-28760.436,-28764.83,-4.3945312,-28765.24,-28767.43,-2.1894531,-2.2050781
23702,tttcacttagcatgctat,-28760.436,-28764.836,-4.4003906,-28765.24,-28774.076,-8.8359375,4.435547
21226,aactgtctgaggcttaaa,-28760.436,-28764.867,-4.4316406,-28765.24,-28761.363,3.8769531,-8.308594
24432,tcaatacatcttacggtc,-28760.436,-28764.867,-4.4316406,-28765.24,-28766.385,-1.1445312,-3.2871094
26709,taaaagactatcaactta,-28760.436,-28764.867,-4.4316406,-28765.24,-28772.305,-7.064453,2.6328125
27029,tgaaaggttaatgtaaaa,-28760.436,-28764.867,-4.4316406,-28765.24,-28766.68,-1.4394531,-2.9921875
23494,aagtatacaagtcagtgg,-28760.436,-28764.893,-4.4570312,-28765.24,-28765.031,0.20898438,-4.6660156
23810,ccattcatcagttcatgg,-28760.436,-28764.902,-4.466797,-28765.24,-28769.562,-4.3222656,-0.14453125
24546,gacatttgggctagatct,-28760.436,-28764.91,-4.4746094,-28765.24,-28767.67,-2.4296875,-2.0449219
24643,tctcattttaataagtat,-28760.436,-28764.912,-4.4765625,-28765.24,-28768.63,-3.390625,-1.0859375
27346,ggttctaatttctcattt,-28760.436,-28764.914,-4.4785156,-28765.24,-28771.139,-5.8984375,1.4199219
21721,taatgcacaaagatctgg,-28760.436,-28764.92,-4.484375,-28765.24,-28770.863,-5.623047,1.1386719
21815,tgttctattgtattttag,-28760.436,-28764.934,-4.498047,-28765.24,-28766.936,-1.6953125,-2.8027344
23832,ttaggttgtttttatttt,-28760.436,-28764.945,-4.5097656,-28765.24,-28772.07,-6.830078,2.3203125
24256,acaattcttaacctttgt,-28760.436,-28764.945,-4.5097656,-28765.24,-28768.838,-3.5976562,-0.9121094
26642,gccactgcaagaaaacct,-28760.436,-28764.951,-4.515625,-28765.24,-28758.574,6.6660156,-11.181641
24391,aaaataggttataacttt,-28760.436,-28764.963,-4.5273438,-28765.24,-28767.766,-2.5253906,-2.0019531
25992,tgtgaccggcaatgtttt,-28760.436,-28764.965,-4.529297,-28765.24,-28762.174,3.0664062,-7.595703
21326,cttttgaattgaaattat,-28760.436,-28764.979,-4.5429688,-28765.24,-28766.95,-1.7089844,-2.8339844
23657,atataaacggaattatac,-28760.436,-28764.992,-4.5566406,-28765.24,-28755.855,9.384766,-13.941406
21198,ttactaaaaaataaaaat,-28760.436,-28764.994,-4.5585938,-28765.24,-28769.408,-4.1679688,-0.390625
24553,gggctagatctgacaaga,-28760.436,-28765.016,-4.580078,-28765.24,-28765.836,-0.5957031,-3.984375
27178,tatgatgccattttatat,-28760.436,-28765.027,-4.591797,-28765.24,-28759.264,5.9765625,-10.568359
25041,tactgaaagaagaaaaat,-28760.436,-28765.027,-4.591797,-28765.24,-28765.367,-0.12695312,-4.4648438
23700,tctttcacttagcatgct,-28760.436,-28765.047,-4.611328,-28765.24,-28766.574,-1.3339844,-3.2773438
24309,tctagcttttaacctcta,-28760.436,-28765.059,-4.623047,-28765.24,-28772.775,-7.5351562,2.9121094
26750,taaaataagtaaaatgtc,-28760.436,-28765.078,-4.642578,-28765.24,-28766.95,-1.7089844,-2.9335938
24225,agtgtttttaatacgtca,-28760.436,-28765.088,-4.6523438,-28765.24,-28760.455,4.7851562,-9.4375
21695,gccttccaagagaaatga,-28760.436,-28765.09,-4.654297,-28765.24,-28766.271,-1.03125,-3.6230469
23664,cggaattatacgatatgt,-28760.436,-28765.11,-4.673828,-28765.24,-28764.793,0.44726562,-5.1210938
22182,gccctgctaaaattatga,-28760.436,-28765.125,-4.689453,-28765.24,-28760.617,4.623047,-9.3125
26692,taacttttaaagtacatt,-28760.436,-28765.129,-4.6933594,-28765.24,-28765.477,-0.23632812,-4.4570312
21845,aaattattttattttatt,-28760.436,-28765.145,-4.7089844,-28765.24,-28769.24,-4.0,-0.7089844
27327,tggaattcgtcaagcctc,-28760.436,-28765.152,-4.716797,-28765.24,-28765.965,-0.7246094,-3.9921875
27066,ttgatgccaaaactatta,-28760.436,-28765.156,-4.720703,-28765.24,-28768.418,-3.1777344,-1.5429688
26009,ttaaattttttacattta,-28760.436,-28765.158,-4.7226562,-28765.24,-28773.918,-8.677734,3.9550781
21823,tgtattttagtcagaaca,-28760.436,-28765.168,-4.732422,-28765.24,-28766.79,-1.5488281,-3.1835938
26804,ctatctatatatagctat,-28760.436,-28765.176,-4.7402344,-28765.24,-28766.266,-1.0253906,-3.7148438
27083,agataaaaggttaatcta,-28760.436,-28765.178,-4.7421875,-28765.24,-28763.426,1.8144531,-6.5566406
27328,ggaattcgtcaagcctct,-28760.436,-28765.195,-4.7597656,-28765.24,-28761.773,3.4667969,-8.2265625
21337,aaattatactttttctaa,-28760.436,-28765.203,-4.767578,-28765.24,-28761.709,3.53125,-8.298828
24310,ctagcttttaacctctat,-28760.436,-28765.215,-4.779297,-28765.24,-28758.242,6.998047,-11.777344
26643,ccactgcaagaaaacctt,-28760.436,-28765.215,-4.779297,-28765.24,-28769.938,-4.6972656,-0.08203125
21142,agttatgtgactttgttt,-28760.436,-28765.229,-4.7929688,-28765.24,-28765.605,-0.36523438,-4.4277344
24224,aagtgtttttaatacgtc,-28760.436,-28765.23,-4.794922,-28765.24,-28774.271,-9.03125,4.236328
21195,atattactaaaaaataaa,-28760.436,-28765.234,-4.798828,-28765.24,-28761.08,4.1601562,-8.958984
25017,cgggctcaggaacatcat,-28760.436,-28765.234,-4.798828,-28765.24,-28752.445,12.794922,-17.59375
24305,tgagtctagcttttaacc,-28760.436,-28765.238,-4.8027344,-28765.24,-28771.918,-6.6777344,1.875
27237,gggataacctaggcatac,-28760.436,-28765.248,-4.8125,-28765.24,-28764.3,0.9394531,-5.751953
21842,ttaaaattattttatttt,-28760.436,-28765.262,-4.826172,-28765.24,-28768.33,-3.0898438,-1.7363281
27140,gtggaagaaacatacttt,-28760.436,-28765.277,-4.841797,-28765.24,-28771.797,-6.5566406,1.7148438
24591,aatttttgactttaaatt,-28760.436,-28765.305,-4.8691406,-28765.24,-28770.074,-4.8339844,-0.03515625
22255,cttaaaggtgtatgtttt,-28760.436,-28765.322,-4.8867188,-28765.24,-28774.008,-8.767578,3.8808594
22723,tggtgactactccatttc,-28760.436,-28765.332,-4.8964844,-28765.24,-28767.197,-1.9570312,-2.9394531
23533,ccatcactacaatttaag,-28760.436,-28765.34,-4.904297,-28765.24,-28765.703,-0.46289062,-4.4414062
24427,atctttcaatacatctta,-28760.436,-28765.352,-4.9160156,-28765.24,-28758.695,6.544922,-11.4609375
21744,tgtgtaccacattgaacc,-28760.436,-28765.383,-4.9472656,-28765.24,-28764.13,1.109375,-6.0566406
23052,ttgtgttttttaaattat,-28760.436,-28765.39,-4.955078,-28765.24,-28770.348,-5.107422,0.15234375
23755,actgcattccttcttatt,-28760.436,-28765.398,-4.9628906,-28765.24,-28772.795,-7.5546875,2.5917969
27336,tcaagcctctggttctaa,-28760.436,-28765.402,-4.966797,-28765.24,-28764.297,0.9433594,-5.9101562
22996,tcaacagcttgtaatttg,-28760.436,-28765.41,-4.9746094,-28765.24,-28761.184,4.0566406,-9.03125
26736,catattttgttgaataaa,-28760.436,-28765.414,-4.9785156,-28765.24,-28767.984,-2.7441406,-2.234375
22251,ctgacttaaaggtgtatg,-28760.436,-28765.418,-4.982422,-28765.24,-28757.934,7.3066406,-12.2890625
27013,tcagatgttagaaagttg,-28760.436,-28765.424,-4.9882812,-28765.24,-28760.016,5.2246094,-10.212891
23166,tttacctttgaaagtata,-28760.436,-28765.426,-4.9902344,-28765.24,-28761.078,4.1621094,-9.152344
21372,gatttgaaattgattgta,-28760.436,-28765.43,-4.9941406,-28765.24,-28763.977,1.2636719,-6.2578125
26927,agtctgccagcattatga,-28760.436,-28765.432,-4.9960938,-28765.24,-28773.748,-8.5078125,3.5117188
23631,atgaatttgtctatttta,-28760.436,-28765.432,-4.9960938,-28765.24,-28766.04,-0.7988281,-4.1972656
21805,cctacggacatgttctat,-28760.436,-28765.44,-5.0039062,-28765.24,-28767.742,-2.5019531,-2.5019531
24527,agccagaagagagacaga,-28760.436,-28765.447,-5.0117188,-28765.24,-28765.139,0.1015625,-5.1132812
27027,gttgaaaggttaatgtaa,-28760.436,-28765.459,-5.0234375,-28765.24,-28767.234,-1.9941406,-3.0292969
24611,ttttttatttagtgaata,-28760.436,-28765.467,-5.03125,-28765.24,-28762.89,2.3496094,-7.3808594
24498,tacatgtagggaaagata,-28760.436,-28765.482,-5.046875,-28765.24,-28772.715,-7.4746094,2.4277344
24246,ccttaagctaacaattct,-28760.436,-28765.543,-5.107422,-28765.24,-28761.697,3.5429688,-8.650391
21742,aatgtgtaccacattgaa,-28760.436,-28765.543,-5.107422,-28765.24,-28768.86,-3.6191406,-1.4882812
23482,aaataaaaaagaaagtat,-28760.436,-28765.543,-5.107422,-28765.24,-28767.854,-2.6132812,-2.4941406
27245,ctaggcatactgcactgt,-28760.436,-28765.549,-5.1132812,-28765.24,-28766.46,-1.2207031,-3.8925781
27138,gtgtggaagaaacatact,-28760.436,-28765.559,-5.123047,-28765.24,-28768.547,-3.3066406,-1.8164062
21825,tattttagtcagaacatt,-28760.436,-28765.564,-5.1289062,-28765.24,-28762.316,2.9238281,-8.052734
24394,ataggttataactttgat,-28760.436,-28765.574,-5.138672,-28765.24,-28773.762,-8.521484,3.3828125
24537,gagacagaggacatttgg,-28760.436,-28765.578,-5.142578,-28765.24,-28775.773,-10.533203,5.390625
27150,catactttcacaataaag,-28760.436,-28765.582,-5.1464844,-28765.24,-28762.926,2.3144531,-7.4609375
26025,taaattttattttttaga,-28760.436,-28765.594,-5.158203,-28765.24,-28770.016,-4.7753906,-0.3828125
21308,gattattttgattataca,-28760.436,-28765.605,-5.169922,-28765.24,-28762.965,2.2753906,-7.4453125
23547,taagaacattttcatcac,-28760.436,-28765.613,-5.1777344,-28765.24,-28764.688,0.5527344,-5.7304688
27080,attagataaaaggttaat,-28760.436,-28765.617,-5.1816406,-28765.24,-28760.86,4.3808594,-9.5625
21338,aattatactttttctaaa,-28760.436,-28765.629,-5.1933594,-28765.24,-28762.977,2.2636719,-7.4570312
23510,ggttttggttttcagtta,-28760.436,-28765.635,-5.1992188,-28765.24,-28760.246,4.9941406,-10.193359
21170,taaaatactacttgcttc,-28760.436,-28765.646,-5.2109375,-28765.24,-28757.03,8.2109375,-13.421875
24267,cctttgttctactgaagc,-28760.436,-28765.648,-5.2128906,-28765.24,-28765.3,-0.060546875,-5.1523438
25031,tcattggacatactgaaa,-28760.436,-28765.648,-5.2128906,-28765.24,-28760.021,5.21875,-10.431641
23852,ggctataatgaataatgt,-28760.436,-28765.652,-5.216797,-28765.24,-28770.1,-4.859375,-0.35742188
27209,accagcagactttttttt,-28760.436,-28765.66,-5.2246094,-28765.24,-28768.086,-2.8457031,-2.3789062
27036,ttaatgtaaaacaatcaa,-28760.436,-28765.66,-5.2246094,-28765.24,-28770.277,-5.0371094,-0.1875
26014,ttttttacatttaaattt,-28760.436,-28765.662,-5.2265625,-28765.24,-28769.795,-4.5546875,-0.671875
25994,tgaccggcaatgttttta,-28760.436,-28765.672,-5.236328,-28765.24,-28769.656,-4.4160156,-0.8203125
24390,taaaataggttataactt,-28760.436,-28765.676,-5.2402344,-28765.24,-28769.172,-3.9316406,-1.3085938
21106,taatcactcagcatcttt,-28760.436,-28765.68,-5.2441406,-28765.24,-28770.914,-5.673828,0.4296875
23039,acactgtaggcttttgtg,-28760.436,-28765.682,-5.2460938,-28765.24,-28767.146,-1.90625,-3.3398438
25005,ataaggtataagcgggct,-28760.436,-28765.69,-5.2539062,-28765.24,-28758.521,6.71875,-11.972656
24645,tcattttaataagtatga,-28760.436,-28765.691,-5.2558594,-28765.24,-28769.885,-4.6445312,-0.6113281
22180,gtgccctgctaaaattat,-28760.436,-28765.695,-5.2597656,-28765.24,-28762.742,2.4980469,-7.7578125
21279,aattttaaaaagctttca,-28760.436,-28765.701,-5.265625,-28765.24,-28774.11,-8.869141,3.6035156
27127,actggttggttgtgtgga,-28760.436,-28765.717,-5.28125,-28765.24,-28770.125,-4.8847656,-0.39648438
27064,ttttgatgccaaaactat,-28760.436,-28765.719,-5.283203,-28765.24,-28765.719,-0.47851562,-4.8046875
24675,aaggtcatatattttatt,-28760.436,-28765.72,-5.2851562,-28765.24,-28764.57,0.6699219,-5.955078
23122,tgttctaaataactttct,-28760.436,-28765.725,-5.2890625,-28765.24,-28764.51,0.73046875,-6.0195312
24692,ttgatgaaaataaggtat,-28760.436,-28765.725,-5.2890625,-28765.24,-28773.043,-7.8027344,2.5136719
24549,atttgggctagatctgac,-28760.436,-28765.746,-5.310547,-28765.24,-28762.316,2.9238281,-8.234375
23579,ctgttaccttcattttcc,-28760.436,-28765.77,-5.3339844,-28765.24,-28769.303,-4.0625,-1.2714844
24644,ctcattttaataagtatg,-28760.436,-28765.771,-5.3359375,-28765.24,-28763.414,1.8261719,-7.1621094
24352,gaatgcaaatgactaaga,-28760.436,-28765.777,-5.341797,-28765.24,-28764.844,0.39648438,-5.7382812
23593,ttccccagccctaggcag,-28760.436,-28765.781,-5.345703,-28765.24,-28777.0,-11.759766,6.4140625
21690,cctcggccttccaagaga,-28760.436,-28765.785,-5.3496094,-28765.24,-28767.832,-2.5917969,-2.7578125
22257,taaaggtgtatgttttta,-28760.436,-28765.797,-5.361328,-28765.24,-28765.492,-0.25195312,-5.109375
27058,aaagaattttgatgccaa,-28760.436,-28765.805,-5.3691406,-28765.24,-28762.086,3.1542969,-8.5234375
27278,aagtgctctagtcaagtt,-28760.436,-28765.81,-5.375,-28765.24,-28764.898,0.34179688,-5.716797
23574,aaaccctgttaccttcat,-28760.436,-28765.82,-5.3847656,-28765.24,-28765.719,-0.47851562,-4.90625
23654,tatatataaacggaatta,-28760.436,-28765.828,-5.392578,-28765.24,-28763.068,2.171875,-7.564453
24276,tactgaagccacgtggtt,-28760.436,-28765.836,-5.4003906,-28765.24,-28768.66,-3.4199219,-1.9804688
27177,atatgatgccattttata,-28760.436,-28765.84,-5.404297,-28765.24,-28767.72,-2.4804688,-2.9238281
21836,gaacatttaaaattattt,-28760.436,-28765.844,-5.408203,-28765.24,-28763.672,1.5683594,-6.9765625
22966,tcctcattttaatgacca,-28760.436,-28765.855,-5.419922,-28765.24,-28763.57,1.6699219,-7.0898438
23087,tacataatgtatatataa,-28760.436,-28765.855,-5.419922,-28765.24,-28763.988,1.2519531,-6.671875
23053,tgtgttttttaaattatg,-28760.436,-28765.865,-5.4296875,-28765.24,-28768.236,-2.9960938,-2.4335938
24495,gtatacatgtagggaaag,-28760.436,-28765.87,-5.4335938,-28765.24,-28772.082,-6.841797,1.4082031
24218,ggccttaagtgtttttaa,-28760.436,-28765.877,-5.4414062,-28765.24,-28774.87,-9.628906,4.1875
21213,aataaaaaaatacaactg,-28760.436,-28765.89,-5.455078,-28765.24,-28762.027,3.2128906,-8.667969
21393,aatggaaaagatgggata,-28760.436,-28765.898,-5.4628906,-28765.24,-28770.492,-5.251953,-0.2109375
23151,tcacatggtgtgcagttt,-28760.436,-28765.916,-5.4804688,-28765.24,-28766.992,-1.7519531,-3.7285156
24667,ggtagtttaaggtcatat,-28760.436,-28765.918,-5.482422,-28765.24,-28770.05,-4.810547,-0.671875
26958,ttttgtaaaactttatgg,-28760.436,-28765.918,-5.482422,-28765.24,-28773.797,-8.556641,3.0742188
23129,aataactttcttgagaaa,-28760.436,-28765.922,-5.486328,-28765.24,-28775.027,-9.787109,4.3007812
23059,ttttaaattatgaaatat,-28760.436,-28765.96,-5.5253906,-28765.24,-28773.055,-7.814453,2.2890625
23139,ttgagaaataattcacat,-28760.436,-28765.965,-5.529297,-28765.24,-28770.049,-4.8085938,-0.7207031
24652,aataagtatgacacaggt,-28760.436,-28765.969,-5.533203,-28765.24,-28763.543,1.6972656,-7.2304688
22959,catgaattcctcatttta,-28760.436,-28765.973,-5.5371094,-28765.24,-28766.7,-1.4589844,-4.078125
27120,atacttaactggttggtt,-28760.436,-28765.979,-5.5429688,-28765.24,-28769.639,-4.3984375,-1.1445312
24387,acataaaataggttataa,-28760.436,-28765.984,-5.548828,-28765.24,-28764.59,0.6503906,-6.1992188
21775,cttcaaacttgtcacttt,-28760.436,-28765.99,-5.5546875,-28765.24,-28766.715,-1.4746094,-4.080078
26951,atcttacttttgtaaaac,-28760.436,-28765.996,-5.560547,-28765.24,-28777.602,-12.361328,6.8007812
24359,aatgactaagaataatgt,-28760.436,-28766.012,-5.576172,-28765.24,-28766.014,-0.7734375,-4.8027344
22262,gtgtatgtttttaaatgt,-28760.436,-28766.014,-5.578125,-28765.24,-28762.99,2.25,-7.828125
24998,aaaaaaaataaggtataa,-28760.436,-28766.02,-5.5839844,-28765.24,-28766.07,-0.8300781,-4.7539062
24668,gtagtttaaggtcatata,-28760.436,-28766.02,-5.5839844,-28765.24,-28769.61,-4.3691406,-1.2148438
22229,taaattaatatagaagaa,-28760.436,-28766.023,-5.5878906,-28765.24,-28768.586,-3.3457031,-2.2421875
24439,atcttacggtctgttagg,-28760.436,-28766.027,-5.591797,-28765.24,-28769.166,-3.9257812,-1.6660156
24271,tgttctactgaagccacg,-28760.436,-28766.03,-5.59375,-28765.24,-28769.053,-3.8125,-1.78125
24688,ttatttgatgaaaataag,-28760.436,-28766.033,-5.5976562,-28765.24,-28760.006,5.234375,-10.832031
26967,actttatggtttgtggaa,-28760.436,-28766.05,-5.6152344,-28765.24,-28763.25,1.9902344,-7.6054688
23160,gtgcagtttacctttgaa,-28760.436,-28766.055,-5.6191406,-28765.24,-28763.914,1.3261719,-6.9453125
25028,acatcattggacatactg,-28760.436,-28766.059,-5.623047,-28765.24,-28760.424,4.8164062,-10.439453
23626,tctctatgaatttgtcta,-28760.436,-28766.062,-5.626953,-28765.24,-28763.844,1.3964844,-7.0234375
21199,tactaaaaaataaaaata,-28760.436,-28766.066,-5.6308594,-28765.24,-28768.504,-3.2636719,-2.3671875
26985,aacaaatgtttttgaaca,-28760.436,-28766.082,-5.6464844,-28765.24,-28774.602,-9.361328,3.7148438
24469,atgaagtgggaagccact,-28760.436,-28766.094,-5.658203,-28765.24,-28771.648,-6.408203,0.75
21300,tattgttagattattttg,-28760.436,-28766.102,-5.6660156,-28765.24,-28776.566,-11.326172,5.6601562
22967,cctcattttaatgaccaa,-28760.436,-28766.105,-5.669922,-28765.24,-28768.086,-2.8457031,-2.8242188
27073,caaaactattagataaaa,-28760.436,-28766.111,-5.6757812,-28765.24,-28770.254,-5.013672,-0.6621094
23785,gttgtttggttatatcac,-28760.436,-28766.111,-5.6757812,-28765.24,-28764.803,0.4375,-6.1132812
24336,cttagaaatctaagcaga,-28760.436,-28766.117,-5.6816406,-28765.24,-28773.098,-7.857422,2.1757812
24690,atttgatgaaaataaggt,-28760.436,-28766.139,-5.703125,-28765.24,-28765.629,-0.38867188,-5.314453
22224,tttagtaaattaatatag,-28760.436,-28766.139,-5.703125,-28765.24,-28768.875,-3.6347656,-2.0683594
22302,aatattcttatttaaaag,-28760.436,-28766.145,-5.7089844,-28765.24,-28749.783,15.457031,-21.166016
25986,agccactgtgaccggcaa,-28760.436,-28766.146,-5.7109375,-28765.24,-28776.432,-11.191406,5.4804688
24594,ttttgactttaaattttt,-28760.436,-28766.154,-5.71875,-28765.24,-28764.355,0.8847656,-6.6035156
21317,gattatacacttttgaat,-28760.436,-28766.158,-5.7226562,-28765.24,-28764.793,0.44726562,-6.169922
23690,gtgtctggcttctttcac,-28760.436,-28766.168,-5.732422,-28765.24,-28766.146,-0.90625,-4.826172
26654,aaaccttaactgcagcct,-28760.436,-28766.182,-5.7460938,-28765.24,-28765.387,-0.14648438,-5.5996094
27082,tagataaaaggttaatct,-28760.436,-28766.184,-5.748047,-28765.24,-28763.158,2.0820312,-7.830078
23114,ataatttatgttctaaat,-28760.436,-28766.2,-5.763672,-28765.24,-28766.232,-0.9921875,-4.7714844
26013,attttttacatttaaatt,-28760.436,-28766.201,-5.765625,-28765.24,-28767.637,-2.3964844,-3.3691406
22237,tatagaagaaacaactga,-28760.436,-28766.207,-5.7714844,-28765.24,-28764.412,0.828125,-6.5996094
26900,TGCTCACATTCCTTAAAT,-28760.436,-28766.234,-5.798828,-28765.24,-28766.438,-1.1972656,-4.6015625
24444,acggtctgttaggtgtag,-28760.436,-28766.242,-5.8066406,-28765.24,-28771.809,-6.5683594,0.76171875
24404,actttgatactcattagt,-28760.436,-28766.246,-5.810547,-28765.24,-28764.611,0.62890625,-6.439453
22214,cacttgtatttttagtaa,-28760.436,-28766.258,-5.8222656,-28765.24,-28769.166,-3.9257812,-1.8964844
24547,acatttgggctagatctg,-28760.436,-28766.266,-5.830078,-28765.24,-28764.943,0.296875,-6.126953
22728,actactccatttctacta,-28760.436,-28766.268,-5.8320312,-28765.24,-28763.492,1.7480469,-7.580078
21781,acttgtcactttatacgt,-28760.436,-28766.28,-5.84375,-28765.24,-28765.98,-0.7402344,-5.1035156
26975,gtttgtggaaaacaaatg,-28760.436,-28766.285,-5.8496094,-28765.24,-28758.86,6.3808594,-12.230469
24368,gaataatgttgttgaaat,-28760.436,-28766.3,-5.8652344,-28765.24,-28758.613,6.626953,-12.4921875
26647,tgcaagaaaaccttaact,-28760.436,-28766.3,-5.8652344,-28765.24,-28760.281,4.9589844,-10.824219
24599,actttaaatttttttttt,-28760.436,-28766.305,-5.8691406,-28765.24,-28766.03,-0.7890625,-5.080078
24666,aggtagtttaaggtcata,-28760.436,-28766.312,-5.876953,-28765.24,-28766.086,-0.8457031,-5.03125
27163,taaagagctttaggatat,-28760.436,-28766.316,-5.8808594,-28765.24,-28772.172,-6.9316406,1.0507812
24238,cgtcattgccttaagcta,-28760.436,-28766.316,-5.8808594,-28765.24,-28759.408,5.8320312,-11.712891
24583,ttagtattaatttttgac,-28760.436,-28766.324,-5.888672,-28765.24,-28764.637,0.6035156,-6.4921875
21224,acaactgtctgaggctta,-28760.436,-28766.328,-5.892578,-28765.24,-28773.656,-8.416016,2.5234375
24376,ttgttgaaataacataaa,-28760.436,-28766.33,-5.8945312,-28765.24,-28762.75,2.4902344,-8.384766
24262,cttaacctttgttctact,-28760.436,-28766.342,-5.90625,-28765.24,-28770.553,-5.3125,-0.59375
23147,taattcacatggtgtgca,-28760.436,-28766.342,-5.90625,-28765.24,-28767.592,-2.3515625,-3.5546875
24589,ttaatttttgactttaaa,-28760.436,-28766.348,-5.9121094,-28765.24,-28767.234,-1.9941406,-3.9179688
22281,tcatctgtgtgtgccccc,-28760.436,-28766.355,-5.919922,-28765.24,-28770.676,-5.435547,-0.484375
25036,ggacatactgaaagaaga,-28760.436,-28766.36,-5.923828,-28765.24,-28755.258,9.982422,-15.90625
21789,ctttatacgttagtctcc,-28760.436,-28766.361,-5.9257812,-28765.24,-28770.719,-5.4785156,-0.44726562
24452,ttaggtgtagattagtaa,-28760.436,-28766.375,-5.939453,-28765.24,-28765.234,0.005859375,-5.9453125
26717,tatcaacttaatttctga,-28760.436,-28766.404,-5.96875,-28765.24,-28768.365,-3.125,-2.84375
27086,taaaaggttaatctacat,-28760.436,-28766.406,-5.970703,-28765.24,-28769.895,-4.654297,-1.3164062
23799,tcacattttatccattca,-28760.436,-28766.416,-5.9804688,-28765.24,-28768.27,-3.0292969,-2.9511719
24544,aggacatttgggctagat,-28760.436,-28766.422,-5.986328,-28765.24,-28768.426,-3.1855469,-2.8007812
24657,gtatgacacaggtagttt,-28760.436,-28766.424,-5.9882812,-28765.24,-28764.598,0.6425781,-6.6308594
23044,gtaggcttttgtgttttt,-28760.436,-28766.426,-5.9902344,-28765.24,-28771.355,-6.1152344,0.125
25904,gtcaggctgttctccaaa,-28760.436,-28766.436,-6.0,-28765.24,-28769.566,-4.326172,-1.6738281
24350,cagaatgcaaatgactaa,-28760.436,-28766.45,-6.013672,-28765.24,-28767.184,-1.9433594,-4.0703125
26012,aattttttacatttaaat,-28760.436,-28766.453,-6.017578,-28765.24,-28761.602,3.6386719,-9.65625
21331,gaattgaaattatacttt,-28760.436,-28766.46,-6.0253906,-28765.24,-28765.008,0.23242188,-6.2578125
24428,tctttcaatacatcttac,-28760.436,-28766.467,-6.03125,-28765.24,-28765.617,-0.37695312,-5.654297
26691,ataacttttaaagtacat,-28760.436,-28766.467,-6.03125,-28765.24,-28760.02,5.220703,-11.251953
26649,caagaaaaccttaactgc,-28760.436,-28766.473,-6.0371094,-28765.24,-28762.3,2.9394531,-8.9765625
23163,cagtttacctttgaaagt,-28760.436,-28766.475,-6.0390625,-28765.24,-28763.021,2.21875,-8.2578125
27071,gccaaaactattagataa,-28760.436,-28766.477,-6.0410156,-28765.24,-28773.361,-8.121094,2.0800781
24523,ttgaagccagaagagaga,-28760.436,-28766.488,-6.0527344,-28765.24,-28766.113,-0.8730469,-5.1796875
27329,gaattcgtcaagcctctg,-28760.436,-28766.506,-6.0703125,-28765.24,-28771.98,-6.7402344,0.6699219
24691,tttgatgaaaataaggta,-28760.436,-28766.508,-6.0722656,-28765.24,-28754.13,11.109375,-17.18164
24685,attttatttgatgaaaat,-28760.436,-28766.518,-6.0820312,-28765.24,-28765.691,-0.45117188,-5.6308594
27123,cttaactggttggttgtg,-28760.436,-28766.518,-6.0820312,-28765.24,-28761.934,3.3066406,-9.388672
22190,aaaattatgatgtgatat,-28760.436,-28766.549,-6.1132812,-28765.24,-28764.45,0.7910156,-6.904297
23821,ttcatggacatttaggtt,-28760.436,-28766.557,-6.1210938,-28765.24,-28774.902,-9.662109,3.5410156
23768,ttattgctgaatattctg,-28760.436,-28766.559,-6.123047,-28765.24,-28760.92,4.3203125,-10.443359
23051,tttgtgttttttaaatta,-28760.436,-28766.56,-6.125,-28765.24,-28770.18,-4.939453,-1.1855469
24258,aattcttaacctttgttc,-28760.436,-28766.56,-6.125,-28765.24,-28769.965,-4.7246094,-1.4003906
22907,aaaaaagtcacgcttcag,-28760.436,-28766.566,-6.1308594,-28765.24,-28763.605,1.6347656,-7.765625
23001,agcttgtaatttgttttg,-28760.436,-28766.574,-6.138672,-28765.24,-28766.531,-1.2910156,-4.8476562
23727,attcatccatgctgtaga,-28760.436,-28766.602,-6.1660156,-28765.24,-28766.293,-1.0527344,-5.1132812
24414,tcattagtaacaaatctt,-28760.436,-28766.61,-6.173828,-28765.24,-28757.426,7.814453,-13.988281
22953,atgtatcatgaattcctc,-28760.436,-28766.613,-6.1777344,-28765.24,-28768.47,-3.2304688,-2.9472656
21223,tacaactgtctgaggctt,-28760.436,-28766.613,-6.1777344,-28765.24,-28769.482,-4.2421875,-1.9355469
23485,taaaaaagaaagtataca,-28760.436,-28766.62,-6.1835938,-28765.24,-28765.988,-0.7480469,-5.435547
22894,tttgcggagggaaaaaaa,-28760.436,-28766.623,-6.1875,-28765.24,-28768.61,-3.3691406,-2.8183594
23067,tatgaaatatttgaaaaa,-28760.436,-28766.623,-6.1875,-28765.24,-28766.723,-1.4824219,-4.705078
26966,aactttatggtttgtgga,-28760.436,-28766.625,-6.189453,-28765.24,-28765.14,0.099609375,-6.2890625
23730,catccatgctgtagaatg,-28760.436,-28766.637,-6.201172,-28765.24,-28766.578,-1.3378906,-4.8632812
23615,tacactttctgtctctat,-28760.436,-28766.64,-6.205078,-28765.24,-28772.979,-7.7382812,1.5332031
23808,atccattcatcagttcat,-28760.436,-28766.643,-6.2070312,-28765.24,-28757.594,7.6464844,-13.853516
21267,ataattttagttaatttt,-28760.436,-28766.66,-6.2246094,-28765.24,-28768.635,-3.3945312,-2.8300781
23559,catcaccccaaaaagaaa,-28760.436,-28766.662,-6.2265625,-28765.24,-28762.307,2.9335938,-9.160156
24364,ctaagaataatgttgttg,-28760.436,-28766.662,-6.2265625,-28765.24,-28760.227,5.013672,-11.240234
27332,ttcgtcaagcctctggtt,-28760.436,-28766.666,-6.2304688,-28765.24,-28763.494,1.7460938,-7.9765625
26719,tcaacttaatttctgatc,-28760.436,-28766.691,-6.2558594,-28765.24,-28765.328,-0.087890625,-6.1679688
25962,gcaaggcaaggcattaca,-28760.436,-28766.703,-6.267578,-28765.24,-28776.54,-11.298828,5.03125
26743,tgttgaataaaataagta,-28760.436,-28766.705,-6.2695312,-28765.24,-28760.996,4.2441406,-10.513672
24407,ttgatactcattagtaac,-28760.436,-28766.709,-6.2734375,-28765.24,-28767.861,-2.6210938,-3.6523438
24272,gttctactgaagccacgt,-28760.436,-28766.717,-6.28125,-28765.24,-28762.133,3.1074219,-9.388672
27309,cagaggacatggtttaac,-28760.436,-28766.72,-6.2851562,-28765.24,-28767.168,-1.9277344,-4.357422
23131,taactttcttgagaaata,-28760.436,-28766.73,-6.294922,-28765.24,-28765.14,0.099609375,-6.3945312
24562,ctgacaagaaaaacaaat,-28760.436,-28766.734,-6.298828,-28765.24,-28761.959,3.28125,-9.580078
21819,ctattgtattttagtcag,-28760.436,-28766.738,-6.3027344,-28765.24,-28767.379,-2.1386719,-4.1640625
23681,tggtcttttgtgtctggc,-28760.436,-28766.74,-6.3046875,-28765.24,-28767.707,-2.4667969,-3.8378906
22957,atcatgaattcctcattt,-28760.436,-28766.75,-6.314453,-28765.24,-28769.45,-4.2089844,-2.1054688
26937,cattatgaaagtgaatct,-28760.436,-28766.76,-6.3242188,-28765.24,-28768.867,-3.6269531,-2.6972656
27270,gacatatgaagtgctcta,-28760.436,-28766.762,-6.326172,-28765.24,-28767.29,-2.0488281,-4.2773438
21786,tcactttatacgttagtc,-28760.436,-28766.764,-6.328125,-28765.24,-28765.922,-0.6816406,-5.6464844
26646,ctgcaagaaaaccttaac,-28760.436,-28766.764,-6.328125,-28765.24,-28772.508,-7.267578,0.9394531
21321,atacacttttgaattgaa,-28760.436,-28766.766,-6.330078,-28765.24,-28768.82,-3.5800781,-2.75
23307,taaaagtacaaaaacaaa,-28760.436,-28766.77,-6.3339844,-28765.24,-28760.324,4.9160156,-11.25
22726,tgactactccatttctac,-28760.436,-28766.777,-6.341797,-28765.24,-28762.793,2.4472656,-8.7890625
21341,tatactttttctaaataa,-28760.436,-28766.797,-6.361328,-28765.24,-28764.914,0.32617188,-6.6875
26733,gatcatattttgttgaat,-28760.436,-28766.8,-6.3652344,-28765.24,-28767.258,-2.0175781,-4.3476562
23608,cagtcagtacactttctg,-28760.436,-28766.814,-6.3789062,-28765.24,-28767.395,-2.1542969,-4.2246094
24366,aagaataatgttgttgaa,-28760.436,-28766.84,-6.404297,-28765.24,-28763.852,1.3886719,-7.7929688
21416,tcataaatgaaaaatgaa,-28760.436,-28766.855,-6.419922,-28765.24,-28759.623,5.6171875,-12.037109
23620,tttctgtctctatgaatt,-28760.436,-28766.863,-6.4277344,-28765.24,-28768.686,-3.4453125,-2.9824219
25016,gcgggctcaggaacatca,-28760.436,-28766.89,-6.455078,-28765.24,-28764.646,0.59375,-7.048828
24509,aaagatagaaagcattga,-28760.436,-28766.89,-6.455078,-28765.24,-28773.742,-8.501953,2.046875
24281,aagccacgtggttgagat,-28760.436,-28766.896,-6.4609375,-28765.24,-28772.207,-6.966797,0.5058594
23780,attctgttgtttggttat,-28760.436,-28766.898,-6.4628906,-28765.24,-28767.352,-2.1113281,-4.3515625
22988,gtaataaatcaacagctt,-28760.436,-28766.9,-6.4648438,-28765.24,-28765.271,-0.03125,-6.4335938
21116,gcatcttttcctgacaat,-28760.436,-28766.902,-6.466797,-28765.24,-28772.008,-6.767578,0.30078125
23133,actttcttgagaaataat,-28760.436,-28766.922,-6.486328,-28765.24,-28763.727,1.5136719,-8.0
23776,gaatattctgttgtttgg,-28760.436,-28766.95,-6.513672,-28765.24,-28762.031,3.2089844,-9.722656
21235,aggcttaaattactcttg,-28760.436,-28766.95,-6.513672,-28765.24,-28761.95,3.2910156,-9.8046875
21782,cttgtcactttatacgtt,-28760.436,-28766.951,-6.515625,-28765.24,-28761.852,3.3886719,-9.904297
26155,tgggactacagtgataat,-28760.436,-28766.959,-6.5234375,-28765.24,-28777.91,-12.669922,6.1464844
23545,tttaagaacattttcatc,-28760.436,-28766.96,-6.5253906,-28765.24,-28762.596,2.6445312,-9.169922
23652,attatatataaacggaat,-28760.436,-28766.967,-6.53125,-28765.24,-28767.662,-2.421875,-4.109375
21296,atgctattgttagattat,-28760.436,-28766.97,-6.5351562,-28765.24,-28765.457,-0.21679688,-6.3183594
21233,tgaggcttaaattactct,-28760.436,-28766.975,-6.5390625,-28765.24,-28759.863,5.376953,-11.916016
27085,ataaaaggttaatctaca,-28760.436,-28766.98,-6.544922,-28765.24,-28765.713,-0.47265625,-6.0722656
23628,tctatgaatttgtctatt,-28760.436,-28766.984,-6.548828,-28765.24,-28764.738,0.5019531,-7.0507812
27176,gatatgatgccattttat,-28760.436,-28766.996,-6.560547,-28765.24,-28769.83,-4.5898438,-1.9707031
21834,cagaacatttaaaattat,-28760.436,-28767.0,-6.564453,-28765.24,-28762.246,2.9941406,-9.558594
24248,ttaagctaacaattctta,-28760.436,-28767.004,-6.5683594,-28765.24,-28762.188,3.0527344,-9.621094
22941,ttggtatattgtatgtat,-28760.436,-28767.014,-6.578125,-28765.24,-28760.41,4.830078,-11.408203
21701,caagagaaatgaaatttt,-28760.436,-28767.018,-6.5820312,-28765.24,-28765.707,-0.46679688,-6.1152344
25025,ggaacatcattggacata,-28760.436,-28767.02,-6.5839844,-28765.24,-28756.457,8.783203,-15.3671875
22273,taaatgtatcatctgtgt,-28760.436,-28767.04,-6.6035156,-28765.24,-28764.076,1.1640625,-7.767578
27325,actggaattcgtcaagcc,-28760.436,-28767.053,-6.6171875,-28765.24,-28766.734,-1.4941406,-5.123047
21368,ctctgatttgaaattgat,-28760.436,-28767.07,-6.6347656,-28765.24,-28764.686,0.5546875,-7.189453
24397,ggttataactttgatact,-28760.436,-28767.07,-6.6347656,-28765.24,-28770.004,-4.763672,-1.8710938
26789,aacatccatataaagcta,-28760.436,-28767.07,-6.6347656,-28765.24,-28768.871,-3.6308594,-3.0039062
24384,ataacataaaataggtta,-28760.436,-28767.072,-6.6367188,-28765.24,-28762.744,2.4960938,-9.1328125
22300,ttaatattcttatttaaa,-28760.436,-28767.078,-6.642578,-28765.24,-28768.363,-3.1230469,-3.5195312
22247,acaactgacttaaaggtg,-28760.436,-28767.086,-6.6503906,-28765.24,-28768.686,-3.4453125,-3.2050781
27211,cagcagacttttttttat,-28760.436,-28767.092,-6.65625,-28765.24,-28762.617,2.6230469,-9.279297
23565,cccaaaaagaaaccctgt,-28760.436,-28767.105,-6.669922,-28765.24,-28767.172,-1.9316406,-4.7382812
23714,tgctattttcaagattca,-28760.436,-28767.105,-6.669922,-28765.24,-28763.02,2.2207031,-8.890625
24554,ggctagatctgacaagaa,-28760.436,-28767.11,-6.673828,-28765.24,-28770.453,-5.2128906,-1.4609375
25360,aatatttttttaaattaa,-28760.436,-28767.113,-6.6777344,-28765.24,-28769.137,-3.8964844,-2.78125
23022,tcagttatctgactgtaa,-28760.436,-28767.12,-6.6835938,-28765.24,-28772.832,-7.591797,0.9082031
24413,ctcattagtaacaaatct,-28760.436,-28767.13,-6.6953125,-28765.24,-28763.492,1.7480469,-8.443359
21183,gcttctctctttatatta,-28760.436,-28767.133,-6.6972656,-28765.24,-28768.55,-3.3105469,-3.3867188
22982,caaaaagtaataaatcaa,-28760.436,-28767.137,-6.701172,-28765.24,-28760.395,4.845703,-11.546875
24356,gcaaatgactaagaataa,-28760.436,-28767.139,-6.703125,-28765.24,-28768.213,-2.9726562,-3.7304688
24367,agaataatgttgttgaaa,-28760.436,-28767.14,-6.705078,-28765.24,-28763.48,1.7597656,-8.464844
27280,gtgctctagtcaagttta,-28760.436,-28767.145,-6.7089844,-28765.24,-28769.367,-4.126953,-2.5820312
21357,aatgttttaatctctgat,-28760.436,-28767.146,-6.7109375,-28765.24,-28770.04,-4.798828,-1.9121094
27229,tgtgatatgggataacct,-28760.436,-28767.152,-6.716797,-28765.24,-28773.742,-8.501953,1.7851562
25349,aaaggaagaaaaatattt,-28760.436,-28767.154,-6.71875,-28765.24,-28768.238,-2.9980469,-3.7207031
26689,ggataacttttaaagtac,-28760.436,-28767.156,-6.720703,-28765.24,-28774.246,-9.005859,2.2851562
26748,aataaaataagtaaaatg,-28760.436,-28767.16,-6.7246094,-28765.24,-28765.637,-0.39648438,-6.328125
24373,atgttgttgaaataacat,-28760.436,-28767.168,-6.732422,-28765.24,-28762.543,2.6972656,-9.4296875
24371,taatgttgttgaaataac,-28760.436,-28767.172,-6.736328,-28765.24,-28763.84,1.4003906,-8.136719
26905,ACATTCCTTAAATTAAGG,-28760.436,-28767.188,-6.751953,-28765.24,-28768.367,-3.1269531,-3.625
23582,ttaccttcattttcccca,-28760.436,-28767.191,-6.7558594,-28765.24,-28774.469,-9.228516,2.4726562
24233,taatacgtcattgcctta,-28760.436,-28767.195,-6.7597656,-28765.24,-28762.176,3.0644531,-9.824219
27214,cagacttttttttattgt,-28760.436,-28767.201,-6.765625,-28765.24,-28772.115,-6.875,0.109375
23761,ttccttcttattgctgaa,-28760.436,-28767.203,-6.767578,-28765.24,-28758.941,6.298828,-13.066406
23522,cagttatgcaaccatcac,-28760.436,-28767.205,-6.7695312,-28765.24,-28762.844,2.3964844,-9.166016
21822,ttgtattttagtcagaac,-28760.436,-28767.209,-6.7734375,-28765.24,-28757.64,7.5996094,-14.373047
27057,taaagaattttgatgcca,-28760.436,-28767.217,-6.78125,-28765.24,-28762.256,2.984375,-9.765625
26834,agctattttttttaactt,-28760.436,-28767.223,-6.7871094,-28765.24,-28771.895,-6.654297,-0.1328125
27274,tatgaagtgctctagtca,-28760.436,-28767.227,-6.7910156,-28765.24,-28771.572,-6.3320312,-0.45898438
24396,aggttataactttgatac,-28760.436,-28767.229,-6.7929688,-28765.24,-28765.883,-0.6425781,-6.1503906
21769,gtatggcttcaaacttgt,-28760.436,-28767.234,-6.798828,-28765.24,-28774.0,-8.759766,1.9609375
21121,ttttcctgacaatttttt,-28760.436,-28767.234,-6.798828,-28765.24,-28765.041,0.19921875,-6.998047
26915,AATTAAGGAgtaagtctg,-28760.436,-28767.236,-6.8007812,-28765.24,-28762.574,2.6660156,-9.466797
23735,atgctgtagaatgcacca,-28760.436,-28767.24,-6.8046875,-28765.24,-28767.352,-2.1113281,-4.6933594
24682,tatattttatttgatgaa,-28760.436,-28767.246,-6.810547,-28765.24,-28760.73,4.5097656,-11.3203125
24567,aagaaaaacaaatgtttt,-28760.436,-28767.256,-6.8203125,-28765.24,-28766.514,-1.2734375,-5.546875
21294,tcatgctattgttagatt,-28760.436,-28767.266,-6.830078,-28765.24,-28774.947,-9.707031,2.8769531
27188,ttttatatcactagtagg,-28760.436,-28767.273,-6.8378906,-28765.24,-28767.02,-1.7792969,-5.0585938
23571,aagaaaccctgttacctt,-28760.436,-28767.293,-6.857422,-28765.24,-28761.334,3.90625,-10.763672
23766,tcttattgctgaatattc,-28760.436,-28767.297,-6.861328,-28765.24,-28767.336,-2.0957031,-4.765625
22916,acgcttcagttgttgtag,-28760.436,-28767.299,-6.8632812,-28765.24,-28766.152,-0.9121094,-5.951172
23715,gctattttcaagattcat,-28760.436,-28767.3,-6.8652344,-28765.24,-28762.066,3.1738281,-10.0390625
22259,aaggtgtatgtttttaaa,-28760.436,-28767.316,-6.8808594,-28765.24,-28765.908,-0.66796875,-6.2128906
21215,taaaaaaatacaactgtc,-28760.436,-28767.316,-6.8808594,-28765.24,-28766.207,-0.9667969,-5.9140625
21184,cttctctctttatattac,-28760.436,-28767.332,-6.8964844,-28765.24,-28761.441,3.7988281,-10.6953125
23709,tagcatgctattttcaag,-28760.436,-28767.334,-6.8984375,-28765.24,-28765.266,-0.025390625,-6.873047
26641,agccactgcaagaaaacc,-28760.436,-28767.336,-6.9003906,-28765.24,-28769.32,-4.080078,-2.8203125
27146,gaaacatactttcacaat,-28760.436,-28767.338,-6.9023438,-28765.24,-28775.693,-10.453125,3.5507812
23057,ttttttaaattatgaaat,-28760.436,-28767.348,-6.9121094,-28765.24,-28770.55,-5.310547,-1.6015625
23740,gtagaatgcaccagtact,-28760.436,-28767.35,-6.9140625,-28765.24,-28764.217,1.0234375,-7.9375
21177,ctacttgcttctctcttt,-28760.436,-28767.355,-6.919922,-28765.24,-28767.105,-1.8652344,-5.0546875
22961,tgaattcctcattttaat,-28760.436,-28767.355,-6.919922,-28765.24,-28765.928,-0.6875,-6.232422
22909,aaaagtcacgcttcagtt,-28760.436,-28767.361,-6.9257812,-28765.24,-28773.605,-8.365234,1.4394531
21313,ttttgattatacactttt,-28760.436,-28767.367,-6.9316406,-28765.24,-28760.094,5.1464844,-12.078125
27017,atgttagaaagttgaaag,-28760.436,-28767.371,-6.935547,-28765.24,-28772.396,-7.15625,0.22070312
21837,aacatttaaaattatttt,-28760.436,-28767.379,-6.9433594,-28765.24,-28771.262,-6.0214844,-0.921875
23869,ttgctatgaacattcgtt,-28760.436,-28767.383,-6.9472656,-28765.24,-28768.172,-2.9316406,-4.015625
23627,ctctatgaatttgtctat,-28760.436,-28767.385,-6.9492188,-28765.24,-28776.436,-11.1953125,4.2460938
24231,tttaatacgtcattgcct,-28760.436,-28767.387,-6.951172,-28765.24,-28779.752,-14.511719,7.560547
22221,atttttagtaaattaata,-28760.436,-28767.395,-6.9589844,-28765.24,-28758.895,6.345703,-13.3046875
21806,ctacggacatgttctatt,-28760.436,-28767.395,-6.9589844,-28765.24,-28765.496,-0.25585938,-6.703125
24301,gctctgagtctagctttt,-28760.436,-28767.396,-6.9609375,-28765.24,-28773.996,-8.755859,1.7949219
27104,ccctactagaattctcat,-28760.436,-28767.398,-6.9628906,-28765.24,-28764.498,0.7421875,-7.705078
22947,tattgtatgtatcatgaa,-28760.436,-28767.398,-6.9628906,-28765.24,-28773.287,-8.046875,1.0839844
24681,atatattttatttgatga,-28760.436,-28767.406,-6.970703,-28765.24,-28772.137,-6.8964844,-0.07421875
22256,ttaaaggtgtatgttttt,-28760.436,-28767.406,-6.970703,-28765.24,-28769.133,-3.8925781,-3.078125
21273,ttagttaattttaaaaag,-28760.436,-28767.414,-6.9785156,-28765.24,-28769.002,-3.7617188,-3.2167969
24649,tttaataagtatgacaca,-28760.436,-28767.418,-6.982422,-28765.24,-28769.201,-3.9609375,-3.0214844
23630,tatgaatttgtctatttt,-28760.436,-28767.426,-6.9902344,-28765.24,-28767.227,-1.9863281,-5.0039062
23061,ttaaattatgaaatattt,-28760.436,-28767.43,-6.9941406,-28765.24,-28763.223,2.0175781,-9.011719
27093,ttaatctacatccctact,-28760.436,-28767.434,-6.998047,-28765.24,-28760.191,5.048828,-12.046875
27053,atattaaagaattttgat,-28760.436,-28767.436,-7.0,-28765.24,-28758.291,6.9492188,-13.949219
21323,acacttttgaattgaaat,-28760.436,-28767.438,-7.001953,-28765.24,-28769.637,-4.3964844,-2.6054688
21706,gaaatgaaatttttttaa,-28760.436,-28767.45,-7.013672,-28765.24,-28773.367,-8.126953,1.1132812
23777,aatattctgttgtttggt,-28760.436,-28767.459,-7.0234375,-28765.24,-28773.547,-8.306641,1.2832031
21813,catgttctattgtatttt,-28760.436,-28767.46,-7.0253906,-28765.24,-28764.176,1.0644531,-8.089844
24555,gctagatctgacaagaaa,-28760.436,-28767.465,-7.029297,-28765.24,-28755.195,10.044922,-17.074219
24581,ttttagtattaatttttg,-28760.436,-28767.479,-7.0429688,-28765.24,-28773.785,-8.544922,1.5019531
21700,ccaagagaaatgaaattt,-28760.436,-28767.48,-7.044922,-28765.24,-28768.002,-2.7617188,-4.283203
27312,aggacatggtttaactgg,-28760.436,-28767.48,-7.044922,-28765.24,-28763.988,1.2519531,-8.296875
23742,agaatgcaccagtactgc,-28760.436,-28767.48,-7.044922,-28765.24,-28768.883,-3.6425781,-3.4023438
27067,tgatgccaaaactattag,-28760.436,-28767.486,-7.0507812,-28765.24,-28766.68,-1.4394531,-5.611328
23789,tttggttatatcacattt,-28760.436,-28767.492,-7.0566406,-28765.24,-28776.96,-11.720703,4.6640625
23811,cattcatcagttcatgga,-28760.436,-28767.496,-7.060547,-28765.24,-28769.762,-4.5214844,-2.5390625
24423,acaaatctttcaatacat,-28760.436,-28767.504,-7.0683594,-28765.24,-28773.043,-7.8027344,0.734375
21136,ttttgtagttatgtgact,-28760.436,-28767.508,-7.0722656,-28765.24,-28771.107,-5.8671875,-1.2050781
24247,cttaagctaacaattctt,-28760.436,-28767.516,-7.080078,-28765.24,-28764.688,0.5527344,-7.6328125
23550,gaacattttcatcacccc,-28760.436,-28767.531,-7.095703,-28765.24,-28764.219,1.0214844,-8.1171875
26762,aatgtcttgtgaaacaaa,-28760.436,-28767.54,-7.1035156,-28765.24,-28765.986,-0.74609375,-6.357422
26903,TCACATTCCTTAAATTAA,-28760.436,-28767.547,-7.111328,-28765.24,-28762.395,2.8457031,-9.957031
24584,tagtattaatttttgact,-28760.436,-28767.555,-7.1191406,-28765.24,-28767.398,-2.1582031,-4.9609375
24268,ctttgttctactgaagcc,-28760.436,-28767.564,-7.1289062,-28765.24,-28767.79,-2.5488281,-4.580078
24484,actgcaagctagtataca,-28760.436,-28767.57,-7.1347656,-28765.24,-28774.553,-9.3125,2.1777344
22955,gtatcatgaattcctcat,-28760.436,-28767.574,-7.138672,-28765.24,-28764.719,0.5214844,-7.6601562
27039,atgtaaaacaatcaatat,-28760.436,-28767.594,-7.158203,-28765.24,-28764.957,0.28320312,-7.4414062
23624,tgtctctatgaatttgtc,-28760.436,-28767.596,-7.1601562,-28765.24,-28761.553,3.6875,-10.847656
24342,aatctaagcagaatgcaa,-28760.436,-28767.615,-7.1796875,-28765.24,-28774.514,-9.2734375,2.09375
26972,atggtttgtggaaaacaa,-28760.436,-28767.633,-7.1972656,-28765.24,-28771.16,-5.919922,-1.2773438
21783,ttgtcactttatacgtta,-28760.436,-28767.633,-7.1972656,-28765.24,-28769.47,-4.2304688,-2.9667969
26671,taataattgttttctttg,-28760.436,-28767.656,-7.220703,-28765.24,-28776.764,-11.5234375,4.3027344
24454,aggtgtagattagtaatg,-28760.436,-28767.66,-7.2246094,-28765.24,-28767.02,-1.7792969,-5.4453125
27154,ctttcacaataaagagct,-28760.436,-28767.67,-7.234375,-28765.24,-28768.89,-3.6503906,-3.5839844
23746,tgcaccagtactgcattc,-28760.436,-28767.676,-7.2402344,-28765.24,-28767.723,-2.4824219,-4.7578125
23549,agaacattttcatcaccc,-28760.436,-28767.688,-7.251953,-28765.24,-28761.7,3.5410156,-10.792969
22945,tatattgtatgtatcatg,-28760.436,-28767.69,-7.2539062,-28765.24,-28771.834,-6.59375,-0.66015625
23787,tgtttggttatatcacat,-28760.436,-28767.69,-7.2539062,-28765.24,-28780.184,-14.943359,7.689453
27345,tggttctaatttctcatt,-28760.436,-28767.691,-7.2558594,-28765.24,-28770.432,-5.1914062,-2.0644531
23794,ttatatcacattttatcc,-28760.436,-28767.697,-7.2617188,-28765.24,-28765.148,0.091796875,-7.3535156
24412,actcattagtaacaaatc,-28760.436,-28767.707,-7.2714844,-28765.24,-28775.336,-10.095703,2.8242188
24223,taagtgtttttaatacgt,-28760.436,-28767.707,-7.2714844,-28765.24,-28780.562,-15.322266,8.050781
24348,agcagaatgcaaatgact,-28760.436,-28767.719,-7.283203,-28765.24,-28767.457,-2.2167969,-5.0664062
22175,ctcttgtgccctgctaaa,-28760.436,-28767.723,-7.2871094,-28765.24,-28764.113,1.1269531,-8.4140625
22277,tgtatcatctgtgtgtgc,-28760.436,-28767.734,-7.298828,-28765.24,-28768.066,-2.8261719,-4.4726562
23675,gatatgtggtcttttgtg,-28760.436,-28767.742,-7.3066406,-28765.24,-28776.465,-11.224609,3.9179688
27048,aatcaatattaaagaatt,-28760.436,-28767.746,-7.310547,-28765.24,-28764.469,0.7714844,-8.082031
23170,cctttgaaagtatacaag,-28760.436,-28767.746,-7.310547,-28765.24,-28767.996,-2.7558594,-4.5546875
23656,tatataaacggaattata,-28760.436,-28767.75,-7.314453,-28765.24,-28770.799,-5.5585938,-1.7558594
22287,gtgtgtgcccccattaat,-28760.436,-28767.754,-7.3183594,-28765.24,-28759.068,6.171875,-13.490234
23693,tctggcttctttcactta,-28760.436,-28767.756,-7.3203125,-28765.24,-28772.863,-7.623047,0.30273438
24647,attttaataagtatgaca,-28760.436,-28767.758,-7.3222656,-28765.24,-28762.535,2.7050781,-10.027344
23771,ttgctgaatattctgttg,-28760.436,-28767.768,-7.3320312,-28765.24,-28765.754,-0.5136719,-6.8183594
21257,gtccctaagtataatttt,-28760.436,-28767.777,-7.341797,-28765.24,-28765.73,-0.49023438,-6.8515625
23104,aagtattggtataattta,-28760.436,-28767.783,-7.3476562,-28765.24,-28771.096,-5.8554688,-1.4921875
26731,ctgatcatattttgttga,-28760.436,-28767.79,-7.3535156,-28765.24,-28768.957,-3.7167969,-3.6367188
25907,aggctgttctccaaatcc,-28760.436,-28767.793,-7.357422,-28765.24,-28763.363,1.8769531,-9.234375
23526,tatgcaaccatcactaca,-28760.436,-28767.8,-7.3652344,-28765.24,-28769.336,-4.095703,-3.2695312
22188,ctaaaattatgatgtgat,-28760.436,-28767.809,-7.373047,-28765.24,-28766.527,-1.2871094,-6.0859375
23521,tcagttatgcaaccatca,-28760.436,-28767.812,-7.376953,-28765.24,-28770.188,-4.9472656,-2.4296875
21723,atgcacaaagatctgggg,-28760.436,-28767.818,-7.3828125,-28765.24,-28778.547,-13.306641,5.923828
21196,tattactaaaaaataaaa,-28760.436,-28767.824,-7.388672,-28765.24,-28763.55,1.6894531,-9.078125
27059,aagaattttgatgccaaa,-28760.436,-28767.836,-7.4003906,-28765.24,-28770.078,-4.8378906,-2.5625
22285,ctgtgtgtgcccccatta,-28760.436,-28767.84,-7.404297,-28765.24,-28760.521,4.71875,-12.123047
23092,aatgtatatataaagtat,-28760.436,-28767.844,-7.408203,-28765.24,-28765.547,-0.30664062,-7.1015625
27090,aggttaatctacatccct,-28760.436,-28767.846,-7.4101562,-28765.24,-28761.275,3.9648438,-11.375
22917,cgcttcagttgttgtagt,-28760.436,-28767.854,-7.4179688,-28765.24,-28764.775,0.46484375,-7.8828125
25910,ctgttctccaaatccgac,-28760.436,-28767.855,-7.419922,-28765.24,-28773.117,-7.876953,0.45703125
24587,tattaatttttgacttta,-28760.436,-28767.863,-7.4277344,-28765.24,-28763.965,1.2753906,-8.703125
23531,aaccatcactacaattta,-28760.436,-28767.879,-7.4433594,-28765.24,-28768.809,-3.5683594,-3.875
27009,aagttcagatgttagaaa,-28760.436,-28767.887,-7.451172,-28765.24,-28774.734,-9.494141,2.0429688
21316,tgattatacacttttgaa,-28760.436,-28767.895,-7.4589844,-28765.24,-28760.875,4.3652344,-11.824219
27129,tggttggttgtgtggaag,-28760.436,-28767.895,-7.4589844,-28765.24,-28777.074,-11.833984,4.375
23651,tattatatataaacggaa,-28760.436,-28767.898,-7.4628906,-28765.24,-28765.176,0.064453125,-7.5273438
21163,aaatttataaaatactac,-28760.436,-28767.904,-7.46875,-28765.24,-28764.084,1.15625,-8.625
23643,attttagatattatatat,-28760.436,-28767.92,-7.484375,-28765.24,-28763.395,1.8457031,-9.330078
26015,tttttacatttaaatttt,-28760.436,-28767.922,-7.486328,-28765.24,-28765.082,0.15820312,-7.6445312
21409,taatttttcataaatgaa,-28760.436,-28767.924,-7.4882812,-28765.24,-28773.865,-8.625,1.1367188
23782,tctgttgtttggttatat,-28760.436,-28767.93,-7.4941406,-28765.24,-28769.387,-4.1464844,-3.3476562
23775,tgaatattctgttgtttg,-28760.436,-28767.934,-7.498047,-28765.24,-28770.275,-5.0351562,-2.4628906
23741,tagaatgcaccagtactg,-28760.436,-28767.936,-7.5,-28765.24,-28771.95,-6.7089844,-0.7910156
21261,ctaagtataattttagtt,-28760.436,-28767.938,-7.501953,-28765.24,-28760.143,5.0976562,-12.599609
22245,aaacaactgacttaaagg,-28760.436,-28767.957,-7.5214844,-28765.24,-28767.566,-2.3261719,-5.1953125
21349,ttctaaataatgttttaa,-28760.436,-28767.96,-7.5253906,-28765.24,-28763.793,1.4472656,-8.972656
23524,gttatgcaaccatcacta,-28760.436,-28767.963,-7.5273438,-28765.24,-28763.668,1.5722656,-9.099609
22242,aagaaacaactgacttaa,-28760.436,-28767.969,-7.533203,-28765.24,-28778.055,-12.814453,5.28125
23056,gttttttaaattatgaaa,-28760.436,-28767.969,-7.533203,-28765.24,-28762.812,2.4277344,-9.9609375
26016,ttttacatttaaatttta,-28760.436,-28767.979,-7.5429688,-28765.24,-28767.02,-1.7792969,-5.763672
23091,taatgtatatataaagta,-28760.436,-28767.988,-7.5527344,-28765.24,-28768.812,-3.5722656,-3.9804688
21295,catgctattgttagatta,-28760.436,-28767.994,-7.5585938,-28765.24,-28760.992,4.248047,-11.806641
24257,caattcttaacctttgtt,-28760.436,-28767.994,-7.5585938,-28765.24,-28766.281,-1.0410156,-6.517578
24382,aaataacataaaataggt,-28760.436,-28767.996,-7.560547,-28765.24,-28767.154,-1.9140625,-5.6464844
26639,tgagccactgcaagaaaa,-28760.436,-28768.004,-7.5683594,-28765.24,-28771.188,-5.9472656,-1.6210938
23535,atcactacaatttaagaa,-28760.436,-28768.008,-7.5722656,-28765.24,-28767.367,-2.1269531,-5.4453125
24344,tctaagcagaatgcaaat,-28760.436,-28768.012,-7.576172,-28765.24,-28776.89,-11.650391,4.0742188
22913,gtcacgcttcagttgttg,-28760.436,-28768.02,-7.5839844,-28765.24,-28760.736,4.5039062,-12.087891
27168,agctttaggatatgatgc,-28760.436,-28768.035,-7.5996094,-28765.24,-28765.613,-0.37304688,-7.2265625
24386,aacataaaataggttata,-28760.436,-28768.035,-7.5996094,-28765.24,-28771.932,-6.6914062,-0.9082031
26961,tgtaaaactttatggttt,-28760.436,-28768.04,-7.6035156,-28765.24,-28765.723,-0.48242188,-7.1210938
27324,aactggaattcgtcaagc,-28760.436,-28768.04,-7.6035156,-28765.24,-28761.621,3.6191406,-11.222656
21799,tagtctcctacggacatg,-28760.436,-28768.043,-7.607422,-28765.24,-28762.965,2.2753906,-9.8828125
24241,cattgccttaagctaaca,-28760.436,-28768.047,-7.611328,-28765.24,-28774.777,-9.537109,1.9257812
21155,tgttttgtaaatttataa,-28760.436,-28768.047,-7.611328,-28765.24,-28764.951,0.2890625,-7.9003906
23598,cagccctaggcagtcagt,-28760.436,-28768.055,-7.6191406,-28765.24,-28769.242,-4.001953,-3.6171875
27068,gatgccaaaactattaga,-28760.436,-28768.059,-7.623047,-28765.24,-28761.443,3.796875,-11.419922
21188,tctctttatattactaaa,-28760.436,-28768.059,-7.623047,-28765.24,-28766.486,-1.2460938,-6.376953
22292,tgcccccattaatattct,-28760.436,-28768.062,-7.626953,-28765.24,-28769.016,-3.7753906,-3.8515625
27088,aaaggttaatctacatcc,-28760.436,-28768.064,-7.6289062,-28765.24,-28764.777,0.46289062,-8.091797
21779,aaacttgtcactttatac,-28760.436,-28768.07,-7.6347656,-28765.24,-28768.48,-3.2402344,-4.3945312
27033,aggttaatgtaaaacaat,-28760.436,-28768.07,-7.6347656,-28765.24,-28768.63,-3.390625,-4.2441406
22930,gtagtataaccttggtat,-28760.436,-28768.074,-7.638672,-28765.24,-28762.92,2.3203125,-9.958984
21107,aatcactcagcatctttt,-28760.436,-28768.086,-7.6503906,-28765.24,-28781.422,-16.18164,8.53125
22253,gacttaaaggtgtatgtt,-28760.436,-28768.094,-7.658203,-28765.24,-28772.291,-7.0507812,-0.6074219
21292,tttcatgctattgttaga,-28760.436,-28768.096,-7.6601562,-28765.24,-28775.938,-10.697266,3.0371094
27314,gacatggtttaactggaa,-28760.436,-28768.1,-7.6640625,-28765.24,-28773.133,-7.892578,0.22851562
24636,ttaatggtctcattttaa,-28760.436,-28768.102,-7.6660156,-28765.24,-28771.441,-6.201172,-1.4648438
25002,aaaataaggtataagcgg,-28760.436,-28768.11,-7.673828,-28765.24,-28760.629,4.611328,-12.285156
22260,aggtgtatgtttttaaat,-28760.436,-28768.113,-7.6777344,-28765.24,-28764.18,1.0605469,-8.738281
24370,ataatgttgttgaaataa,-28760.436,-28768.117,-7.6816406,-28765.24,-28770.123,-4.8828125,-2.7988281
23694,ctggcttctttcacttag,-28760.436,-28768.121,-7.685547,-28765.24,-28765.092,0.1484375,-7.8339844
23719,ttttcaagattcatccat,-28760.436,-28768.121,-7.685547,-28765.24,-28761.719,3.5214844,-11.207031
24456,gtgtagattagtaatgaa,-28760.436,-28768.121,-7.685547,-28765.24,-28766.227,-0.9863281,-6.6992188
21413,ttttcataaatgaaaaat,-28760.436,-28768.127,-7.6914062,-28765.24,-28760.154,5.0859375,-12.777344
27028,ttgaaaggttaatgtaaa,-28760.436,-28768.129,-7.6933594,-28765.24,-28763.979,1.2617188,-8.955078
27236,tgggataacctaggcata,-28760.436,-28768.13,-7.6953125,-28765.24,-28765.215,0.025390625,-7.720703
24265,aacctttgttctactgaa,-28760.436,-28768.133,-7.6972656,-28765.24,-28772.812,-7.5722656,-0.125
27046,acaatcaatattaaagaa,-28760.436,-28768.133,-7.6972656,-28765.24,-28762.625,2.6152344,-10.3125
26934,cagcattatgaaagtgaa,-28760.436,-28768.14,-7.705078,-28765.24,-28759.625,5.6152344,-13.3203125
22252,tgacttaaaggtgtatgt,-28760.436,-28768.145,-7.7089844,-28765.24,-28762.137,3.1035156,-10.8125
24251,agctaacaattcttaacc,-28760.436,-28768.146,-7.7109375,-28765.24,-28766.812,-1.5722656,-6.138672
21407,gataatttttcataaatg,-28760.436,-28768.16,-7.7246094,-28765.24,-28767.574,-2.3339844,-5.390625
25378,ttagtttatttatttttt,-28760.436,-28768.166,-7.7304688,-28765.24,-28768.861,-3.6210938,-4.109375
24623,tgaatactggtgtttaat,-28760.436,-28768.166,-7.7304688,-28765.24,-28763.328,1.9121094,-9.642578
24598,gactttaaattttttttt,-28760.436,-28768.174,-7.7382812,-28765.24,-28764.715,0.5253906,-8.263672
23006,gtaatttgttttgagatc,-28760.436,-28768.174,-7.7382812,-28765.24,-28772.44,-7.1992188,-0.5390625
24346,taagcagaatgcaaatga,-28760.436,-28768.176,-7.7402344,-28765.24,-28764.094,1.1464844,-8.886719
21314,tttgattatacacttttg,-28760.436,-28768.178,-7.7421875,-28765.24,-28761.738,3.5019531,-11.244141
23790,ttggttatatcacatttt,-28760.436,-28768.188,-7.751953,-28765.24,-28762.53,2.7109375,-10.462891
23695,tggcttctttcacttagc,-28760.436,-28768.188,-7.751953,-28765.24,-28771.588,-6.3476562,-1.4042969
25953,tccaaaagtgcaaggcaa,-28760.436,-28768.188,-7.751953,-28765.24,-28766.707,-1.4667969,-6.2851562
26838,attttttttaacttcctt,-28760.436,-28768.191,-7.7558594,-28765.24,-28772.121,-6.8808594,-0.875
21254,attgtccctaagtataat,-28760.436,-28768.191,-7.7558594,-28765.24,-28755.033,10.207031,-17.96289
24609,ttttttttatttagtgaa,-28760.436,-28768.2,-7.763672,-28765.24,-28766.896,-1.65625,-6.107422
26698,ttaaagtacattaaaaga,-28760.436,-28768.209,-7.7734375,-28765.24,-28763.926,1.3144531,-9.087891
21144,ttatgtgactttgttttg,-28760.436,-28768.213,-7.7773438,-28765.24,-28771.154,-5.9140625,-1.8632812
22215,acttgtatttttagtaaa,-28760.436,-28768.219,-7.783203,-28765.24,-28772.838,-7.5976562,-0.18554688
26769,tgtgaaacaaaatgcttt,-28760.436,-28768.219,-7.783203,-28765.24,-28761.809,3.4316406,-11.214844
23554,attttcatcaccccaaaa,-28760.436,-28768.225,-7.7890625,-28765.24,-28767.725,-2.484375,-5.3046875
21187,ctctctttatattactaa,-28760.436,-28768.227,-7.7910156,-28765.24,-28761.062,4.1777344,-11.96875
24285,cacgtggttgagataggc,-28760.436,-28768.23,-7.794922,-28765.24,-28761.922,3.3183594,-11.113281
26876,AGACAAAATCAAAAAGAA,-28760.436,-28768.234,-7.798828,-28765.24,-28776.918,-11.677734,3.8789062
26998,gaacatttaaaaagttca,-28760.436,-28768.238,-7.8027344,-28765.24,-28773.59,-8.349609,0.546875
22986,aagtaataaatcaacagc,-28760.436,-28768.246,-7.810547,-28765.24,-28760.47,4.7695312,-12.580078
22200,tgtgatattgtaggcact,-28760.436,-28768.26,-7.8242188,-28765.24,-28766.977,-1.7363281,-6.0878906
21143,gttatgtgactttgtttt,-28760.436,-28768.262,-7.826172,-28765.24,-28759.203,6.0371094,-13.863281
24239,gtcattgccttaagctaa,-28760.436,-28768.27,-7.8339844,-28765.24,-28773.27,-8.029297,0.1953125
21376,tgaaattgattgtaggga,-28760.436,-28768.271,-7.8359375,-28765.24,-28768.57,-3.3300781,-4.5058594
24234,aatacgtcattgccttaa,-28760.436,-28768.277,-7.841797,-28765.24,-28761.16,4.080078,-11.921875
24531,agaagagagacagaggac,-28760.436,-28768.3,-7.8652344,-28765.24,-28780.49,-15.25,7.3847656
21282,tttaaaaagctttcatgc,-28760.436,-28768.316,-7.8808594,-28765.24,-28770.04,-4.798828,-3.0820312
25905,tcaggctgttctccaaat,-28760.436,-28768.316,-7.8808594,-28765.24,-28765.098,0.14257812,-8.0234375
27060,agaattttgatgccaaaa,-28760.436,-28768.326,-7.890625,-28765.24,-28761.268,3.9726562,-11.863281
24317,ttaacctctatctttttg,-28760.436,-28768.326,-7.890625,-28765.24,-28763.113,2.1269531,-10.017578
27223,ttttattgtgatatggga,-28760.436,-28768.33,-7.8945312,-28765.24,-28764.248,0.9921875,-8.886719
24375,gttgttgaaataacataa,-28760.436,-28768.332,-7.8964844,-28765.24,-28771.637,-6.3964844,-1.5
26734,atcatattttgttgaata,-28760.436,-28768.336,-7.9003906,-28765.24,-28761.398,3.8417969,-11.7421875
26831,tatagctattttttttaa,-28760.436,-28768.34,-7.904297,-28765.24,-28761.383,3.8574219,-11.761719
22204,atattgtaggcacttgta,-28760.436,-28768.344,-7.908203,-28765.24,-28768.582,-3.3417969,-4.5664062
27240,ataacctaggcatactgc,-28760.436,-28768.352,-7.9160156,-28765.24,-28777.18,-11.939453,4.0234375
23663,acggaattatacgatatg,-28760.436,-28768.36,-7.923828,-28765.24,-28768.2,-2.9589844,-4.9648438
26936,gcattatgaaagtgaatc,-28760.436,-28768.367,-7.9316406,-28765.24,-28773.0,-7.7597656,-0.171875
23109,ttggtataatttatgttc,-28760.436,-28768.367,-7.9316406,-28765.24,-28769.26,-4.0195312,-3.9121094
23712,catgctattttcaagatt,-28760.436,-28768.371,-7.935547,-28765.24,-28769.156,-3.9160156,-4.0195312
23075,atttgaaaaaaatacata,-28760.436,-28768.375,-7.939453,-28765.24,-28767.043,-1.8027344,-6.1367188
24565,acaagaaaaacaaatgtt,-28760.436,-28768.383,-7.9472656,-28765.24,-28770.023,-4.783203,-3.1640625
23094,tgtatatataaagtattg,-28760.436,-28768.398,-7.9628906,-28765.24,-28767.062,-1.8222656,-6.140625
24303,tctgagtctagcttttaa,-28760.436,-28768.398,-7.9628906,-28765.24,-28762.053,3.1875,-11.150391
23518,ttttcagttatgcaacca,-28760.436,-28768.4,-7.9648438,-28765.24,-28756.0,9.240234,-17.205078
22971,attttaatgaccaaaaag,-28760.436,-28768.41,-7.9746094,-28765.24,-28765.09,0.15039062,-8.125
26493,tgtgcctagcctgagcca,-28760.436,-28768.416,-7.9804688,-28765.24,-28776.105,-10.865234,2.8847656
26010,taaattttttacatttaa,-28760.436,-28768.422,-7.986328,-28765.24,-28765.996,-0.7558594,-7.2304688
26904,CACATTCCTTAAATTAAG,-28760.436,-28768.422,-7.986328,-28765.24,-28759.664,5.576172,-13.5625
27076,aactattagataaaaggt,-28760.436,-28768.428,-7.9921875,-28765.24,-28766.564,-1.3242188,-6.6679688
25008,aggtataagcgggctcag,-28760.436,-28768.441,-8.005859,-28765.24,-28772.84,-7.5996094,-0.40625
24302,ctctgagtctagctttta,-28760.436,-28768.45,-8.013672,-28765.24,-28765.246,-0.005859375,-8.0078125
22263,tgtatgtttttaaatgta,-28760.436,-28768.453,-8.017578,-28765.24,-28766.352,-1.1113281,-6.90625
27020,ttagaaagttgaaaggtt,-28760.436,-28768.455,-8.019531,-28765.24,-28766.18,-0.9394531,-7.080078
24648,ttttaataagtatgacac,-28760.436,-28768.457,-8.021484,-28765.24,-28767.344,-2.1035156,-5.9179688
21818,tctattgtattttagtca,-28760.436,-28768.492,-8.056641,-28765.24,-28764.963,0.27734375,-8.333984
22922,cagttgttgtagtataac,-28760.436,-28768.498,-8.0625,-28765.24,-28773.102,-7.861328,-0.20117188
23876,gaacattcgtttgtgttc,-28760.436,-28768.5,-8.064453,-28765.24,-28768.145,-2.9042969,-5.1601562
22925,ttgttgtagtataacctt,-28760.436,-28768.508,-8.072266,-28765.24,-28765.117,0.123046875,-8.1953125
23764,cttcttattgctgaatat,-28760.436,-28768.52,-8.083984,-28765.24,-28758.871,6.3691406,-14.453125
23840,tttttatttttgggctat,-28760.436,-28768.52,-8.083984,-28765.24,-28764.18,1.0605469,-9.144531
23116,aatttatgttctaaataa,-28760.436,-28768.527,-8.091797,-28765.24,-28770.656,-5.4160156,-2.6757812
22309,ttatttaaaagttaaggc,-28760.436,-28768.527,-8.091797,-28765.24,-28777.424,-12.183594,4.091797
23774,ctgaatattctgttgttt,-28760.436,-28768.531,-8.095703,-28765.24,-28767.945,-2.7050781,-5.390625
26765,gtcttgtgaaacaaaatg,-28760.436,-28768.531,-8.095703,-28765.24,-28761.266,3.9746094,-12.0703125
21830,tagtcagaacatttaaaa,-28760.436,-28768.543,-8.107422,-28765.24,-28760.2,5.0410156,-13.1484375
23791,tggttatatcacatttta,-28760.436,-28768.547,-8.111328,-28765.24,-28767.889,-2.6484375,-5.4628906
23096,tatatataaagtattggt,-28760.436,-28768.55,-8.115234,-28765.24,-28766.273,-1.0332031,-7.0820312
25021,ctcaggaacatcattgga,-28760.436,-28768.55,-8.115234,-28765.24,-28766.934,-1.6933594,-6.421875
27137,tgtgtggaagaaacatac,-28760.436,-28768.555,-8.119141,-28765.24,-28770.682,-5.4414062,-2.6777344
27259,ctgtacactctgacatat,-28760.436,-28768.555,-8.119141,-28765.24,-28768.21,-2.9707031,-5.1484375
23698,cttctttcacttagcatg,-28760.436,-28768.559,-8.123047,-28765.24,-28756.238,9.001953,-17.125
21212,aaataaaaaaatacaact,-28760.436,-28768.562,-8.126953,-28765.24,-28761.475,3.765625,-11.892578
23858,aatgaataatgttgctat,-28760.436,-28768.576,-8.140625,-28765.24,-28768.01,-2.7695312,-5.3710938
21229,tgtctgaggcttaaatta,-28760.436,-28768.576,-8.140625,-28765.24,-28770.43,-5.189453,-2.9511719
23689,tgtgtctggcttctttca,-28760.436,-28768.58,-8.144531,-28765.24,-28770.129,-4.888672,-3.2558594
26948,tgaatcttacttttgtaa,-28760.436,-28768.592,-8.15625,-28765.24,-28760.41,4.830078,-12.986328
22181,tgccctgctaaaattatg,-28760.436,-28768.598,-8.162109,-28765.24,-28766.787,-1.546875,-6.6152344
26995,tttgaacatttaaaaagt,-28760.436,-28768.61,-8.173828,-28765.24,-28763.64,1.5996094,-9.7734375
27238,ggataacctaggcatact,-28760.436,-28768.623,-8.1875,-28765.24,-28763.941,1.2988281,-9.486328
23081,aaaaaatacataatgtat,-28760.436,-28768.625,-8.189453,-28765.24,-28768.363,-3.1230469,-5.0664062
22946,atattgtatgtatcatga,-28760.436,-28768.627,-8.191406,-28765.24,-28759.207,6.033203,-14.224609
27101,catccctactagaattct,-28760.436,-28768.637,-8.201172,-28765.24,-28769.27,-4.029297,-4.171875
26776,caaaatgctttttaacat,-28760.436,-28768.648,-8.212891,-28765.24,-28762.176,3.0644531,-11.277344
24274,tctactgaagccacgtgg,-28760.436,-28768.654,-8.21875,-28765.24,-28763.975,1.265625,-9.484375
23601,ccctaggcagtcagtaca,-28760.436,-28768.656,-8.220703,-28765.24,-28763.688,1.5527344,-9.7734375
23156,tggtgtgcagtttacctt,-28760.436,-28768.658,-8.222656,-28765.24,-28769.309,-4.0683594,-4.154297
23069,tgaaatatttgaaaaaaa,-28760.436,-28768.66,-8.224609,-28765.24,-28764.64,0.5996094,-8.824219
21820,tattgtattttagtcaga,-28760.436,-28768.668,-8.232422,-28765.24,-28760.443,4.796875,-13.029297
23164,agtttacctttgaaagta,-28760.436,-28768.676,-8.240234,-28765.24,-28762.9,2.3398438,-10.580078
23745,atgcaccagtactgcatt,-28760.436,-28768.68,-8.244141,-28765.24,-28764.188,1.0527344,-9.296875
22965,ttcctcattttaatgacc,-28760.436,-28768.684,-8.248047,-28765.24,-28777.52,-12.279297,4.03125
21205,aaaataaaaataaaaaaa,-28760.436,-28768.684,-8.248047,-28765.24,-28764.14,1.0996094,-9.347656
26695,cttttaaagtacattaaa,-28760.436,-28768.69,-8.253906,-28765.24,-28768.785,-3.5449219,-4.7089844
24677,ggtcatatattttatttg,-28760.436,-28768.691,-8.255859,-28765.24,-28770.406,-5.1660156,-3.0898438
27162,ataaagagctttaggata,-28760.436,-28768.695,-8.259766,-28765.24,-28761.666,3.5742188,-11.833984
21228,ctgtctgaggcttaaatt,-28760.436,-28768.695,-8.259766,-28765.24,-28778.14,-12.900391,4.640625
23580,tgttaccttcattttccc,-28760.436,-28768.71,-8.275391,-28765.24,-28765.137,0.103515625,-8.378906
21161,gtaaatttataaaatact,-28760.436,-28768.715,-8.279297,-28765.24,-28768.98,-3.7402344,-4.5390625
26842,tttttaacttcctttatt,-28760.436,-28768.723,-8.287109,-28765.24,-28762.27,2.9707031,-11.2578125
24528,gccagaagagagacagag,-28760.436,-28768.727,-8.291016,-28765.24,-28771.969,-6.7285156,-1.5625
27007,aaaagttcagatgttaga,-28760.436,-28768.73,-8.294922,-28765.24,-28770.277,-5.0371094,-3.2578125
24392,aaataggttataactttg,-28760.436,-28768.73,-8.294922,-28765.24,-28771.61,-6.3691406,-1.9257812
27254,ctgcactgtacactctga,-28760.436,-28768.734,-8.298828,-28765.24,-28775.527,-10.287109,1.9882812
21204,aaaaataaaaataaaaaa,-28760.436,-28768.734,-8.298828,-28765.24,-28783.482,-18.242188,9.943359
23843,ttatttttgggctataat,-28760.436,-28768.744,-8.308594,-28765.24,-28771.262,-6.0214844,-2.2871094
27227,attgtgatatgggataac,-28760.436,-28768.744,-8.308594,-28765.24,-28769.074,-3.8339844,-4.4746094
24388,cataaaataggttataac,-28760.436,-28768.752,-8.316406,-28765.24,-28773.316,-8.076172,-0.24023438
21809,cggacatgttctattgta,-28760.436,-28768.752,-8.316406,-28765.24,-28755.678,9.5625,-17.878906
26667,agcctaataattgttttc,-28760.436,-28768.77,-8.333984,-28765.24,-28766.658,-1.4179688,-6.9160156
23882,tcgtttgtgttctttttg,-28760.436,-28768.77,-8.333984,-28765.24,-28768.68,-3.4394531,-4.8945312
23649,gatattatatataaacgg,-28760.436,-28768.77,-8.333984,-28765.24,-28761.008,4.232422,-12.566406
24374,tgttgttgaaataacata,-28760.436,-28768.773,-8.337891,-28765.24,-28766.146,-0.90625,-7.4316406
27037,taatgtaaaacaatcaat,-28760.436,-28768.773,-8.337891,-28765.24,-28765.625,-0.38476562,-7.953125
26885,CAAAAAGAAGGAAGGTGC,-28760.436,-28768.78,-8.34375,-28765.24,-28771.994,-6.7539062,-1.5898438
21109,tcactcagcatcttttcc,-28760.436,-28768.783,-8.347656,-28765.24,-28772.156,-6.9160156,-1.4316406
24249,taagctaacaattcttaa,-28760.436,-28768.783,-8.347656,-28765.24,-28775.68,-10.439453,2.0917969
23717,tattttcaagattcatcc,-28760.436,-28768.785,-8.349609,-28765.24,-28765.273,-0.033203125,-8.316406
23704,tcacttagcatgctattt,-28760.436,-28768.785,-8.349609,-28765.24,-28770.703,-5.4628906,-2.8867188
23127,taaataactttcttgaga,-28760.436,-28768.787,-8.3515625,-28765.24,-28766.312,-1.0722656,-7.279297
23732,tccatgctgtagaatgca,-28760.436,-28768.79,-8.353516,-28765.24,-28767.447,-2.2070312,-6.1464844
23824,atggacatttaggttgtt,-28760.436,-28768.79,-8.353516,-28765.24,-28771.158,-5.9179688,-2.4355469
21237,gcttaaattactcttgca,-28760.436,-28768.793,-8.357422,-28765.24,-28764.178,1.0625,-9.419922
27111,agaattctcatacttaac,-28760.436,-28768.797,-8.361328,-28765.24,-28763.352,1.8886719,-10.25
26711,aaagactatcaacttaat,-28760.436,-28768.799,-8.363281,-28765.24,-28770.582,-5.341797,-3.0214844
24676,aggtcatatattttattt,-28760.436,-28768.805,-8.369141,-28765.24,-28771.193,-5.953125,-2.4160156
26761,aaatgtcttgtgaaacaa,-28760.436,-28768.805,-8.369141,-28765.24,-28766.355,-1.1152344,-7.2539062
26815,tagctatctatatctata,-28760.436,-28768.807,-8.371094,-28765.24,-28768.328,-3.0878906,-5.283203
23105,agtattggtataatttat,-28760.436,-28768.809,-8.373047,-28765.24,-28771.871,-6.6308594,-1.7421875
21831,agtcagaacatttaaaat,-28760.436,-28768.816,-8.380859,-28765.24,-28767.613,-2.3730469,-6.0078125
27023,gaaagttgaaaggttaat,-28760.436,-28768.818,-8.3828125,-28765.24,-28773.777,-8.537109,0.15429688
21248,tcttgcattgtccctaag,-28760.436,-28768.824,-8.388672,-28765.24,-28766.922,-1.6816406,-6.7070312
21270,attttagttaattttaaa,-28760.436,-28768.83,-8.394531,-28765.24,-28764.258,0.9824219,-9.376953
23686,ttttgtgtctggcttctt,-28760.436,-28768.832,-8.396484,-28765.24,-28765.074,0.16601562,-8.5625
21816,gttctattgtattttagt,-28760.436,-28768.84,-8.404297,-28765.24,-28759.303,5.9375,-14.341797
26757,agtaaaatgtcttgtgaa,-28760.436,-28768.842,-8.40625,-28765.24,-28770.588,-5.3476562,-3.0585938
24235,atacgtcattgccttaag,-28760.436,-28768.844,-8.408203,-28765.24,-28764.93,0.31054688,-8.71875
22905,aaaaaaaagtcacgcttc,-28760.436,-28768.846,-8.410156,-28765.24,-28766.463,-1.2226562,-7.1875
23556,tttcatcaccccaaaaag,-28760.436,-28768.848,-8.412109,-28765.24,-28770.83,-5.5898438,-2.8222656
26727,atttctgatcatattttg,-28760.436,-28768.85,-8.4140625,-28765.24,-28767.502,-2.2617188,-6.1523438
23065,attatgaaatatttgaaa,-28760.436,-28768.852,-8.416016,-28765.24,-28770.11,-4.8691406,-3.546875
26519,gcctaatttttaaatttt,-28760.436,-28768.854,-8.417969,-28765.24,-28768.508,-3.2675781,-5.1503906
22226,tagtaaattaatatagaa,-28760.436,-28768.854,-8.417969,-28765.24,-28762.543,2.6972656,-11.115234
26650,aagaaaaccttaactgca,-28760.436,-28768.855,-8.419922,-28765.24,-28759.064,6.1757812,-14.595703
23071,aaatatttgaaaaaaata,-28760.436,-28768.857,-8.421875,-28765.24,-28766.14,-0.9003906,-7.5214844
26794,ccatataaagctatctat,-28760.436,-28768.857,-8.421875,-28765.24,-28764.225,1.015625,-9.4375
26945,aagtgaatcttacttttg,-28760.436,-28768.857,-8.421875,-28765.24,-28768.38,-3.140625,-5.28125
26760,aaaatgtcttgtgaaaca,-28760.436,-28768.863,-8.427734,-28765.24,-28764.045,1.1953125,-9.623047
25026,gaacatcattggacatac,-28760.436,-28768.863,-8.427734,-28765.24,-28764.418,0.8222656,-9.25
24628,actggtgtttaatggtct,-28760.436,-28768.865,-8.4296875,-28765.24,-28780.908,-15.667969,7.2382812
23117,atttatgttctaaataac,-28760.436,-28768.867,-8.431641,-28765.24,-28767.287,-2.046875,-6.3847656
22295,ccccattaatattcttat,-28760.436,-28768.867,-8.431641,-28765.24,-28770.93,-5.689453,-2.7421875
26930,ctgccagcattatgaaag,-28760.436,-28768.87,-8.433594,-28765.24,-28765.785,-0.5449219,-7.888672
23854,ctataatgaataatgttg,-28760.436,-28768.875,-8.439453,-28765.24,-28762.729,2.5117188,-10.951172
26666,cagcctaataattgtttt,-28760.436,-28768.879,-8.443359,-28765.24,-28762.91,2.3300781,-10.7734375
21800,agtctcctacggacatgt,-28760.436,-28768.885,-8.449219,-28765.24,-28768.45,-3.2089844,-5.2402344
26729,ttctgatcatattttgtt,-28760.436,-28768.89,-8.455078,-28765.24,-28757.66,7.580078,-16.035156
26790,acatccatataaagctat,-28760.436,-28768.9,-8.464844,-28765.24,-28764.46,0.7792969,-9.244141
27221,ttttttattgtgatatgg,-28760.436,-28768.9,-8.464844,-28765.24,-28759.025,6.2148438,-14.6796875
23161,tgcagtttacctttgaaa,-28760.436,-28768.9,-8.464844,-28765.24,-28772.207,-6.966797,-1.4980469
23304,tactaaaagtacaaaaac,-28760.436,-28768.908,-8.472656,-28765.24,-28767.76,-2.5195312,-5.953125
26772,gaaacaaaatgcttttta,-28760.436,-28768.914,-8.478516,-28765.24,-28761.664,3.5761719,-12.0546875
23747,gcaccagtactgcattcc,-28760.436,-28768.918,-8.482422,-28765.24,-28761.535,3.7050781,-12.1875
22308,cttatttaaaagttaagg,-28760.436,-28768.93,-8.494141,-28765.24,-28777.092,-11.8515625,3.3574219
23680,gtggtcttttgtgtctgg,-28760.436,-28768.94,-8.503906,-28765.24,-28770.275,-5.0351562,-3.46875
26799,taaagctatctatatata,-28760.436,-28768.95,-8.513672,-28765.24,-28770.602,-5.361328,-3.1523438
24314,cttttaacctctatcttt,-28760.436,-28768.957,-8.521484,-28765.24,-28763.793,1.4472656,-9.96875
22948,attgtatgtatcatgaat,-28760.436,-28768.959,-8.5234375,-28765.24,-28765.113,0.12695312,-8.650391
23647,tagatattatatataaac,-28760.436,-28768.969,-8.533203,-28765.24,-28761.36,3.8808594,-12.4140625
23132,aactttcttgagaaataa,-28760.436,-28768.97,-8.535156,-28765.24,-28760.82,4.419922,-12.955078
26990,atgtttttgaacatttaa,-28760.436,-28768.975,-8.5390625,-28765.24,-28764.398,0.8417969,-9.380859
24441,cttacggtctgttaggtg,-28760.436,-28768.98,-8.544922,-28765.24,-28770.574,-5.3339844,-3.2109375
21404,tgggataatttttcataa,-28760.436,-28768.988,-8.552734,-28765.24,-28770.775,-5.5351562,-3.0175781
21402,gatgggataatttttcat,-28760.436,-28768.99,-8.5546875,-28765.24,-28759.117,6.123047,-14.677734
24240,tcattgccttaagctaac,-28760.436,-28768.992,-8.556641,-28765.24,-28764.07,1.1699219,-9.7265625
23106,gtattggtataatttatg,-28760.436,-28769.027,-8.591797,-28765.24,-28766.17,-0.9296875,-7.6621094
26832,atagctattttttttaac,-28760.436,-28769.043,-8.607422,-28765.24,-28768.707,-3.4667969,-5.140625
22978,tgaccaaaaagtaataaa,-28760.436,-28769.047,-8.611328,-28765.24,-28762.367,2.8730469,-11.484375
24315,ttttaacctctatctttt,-28760.436,-28769.047,-8.611328,-28765.24,-28770.809,-5.5683594,-3.0429688
23672,tacgatatgtggtctttt,-28760.436,-28769.049,-8.613281,-28765.24,-28764.361,0.87890625,-9.4921875
26657,ccttaactgcagcctaat,-28760.436,-28769.055,-8.619141,-28765.24,-28768.035,-2.7949219,-5.8242188
24482,ccactgcaagctagtata,-28760.436,-28769.055,-8.619141,-28765.24,-28760.936,4.3046875,-12.923828
21846,aattattttattttattt,-28760.436,-28769.057,-8.621094,-28765.24,-28767.457,-2.2167969,-6.404297
24435,atacatcttacggtctgt,-28760.436,-28769.06,-8.625,-28765.24,-28763.719,1.5214844,-10.146484
22921,tcagttgttgtagtataa,-28760.436,-28769.07,-8.634766,-28765.24,-28766.379,-1.1386719,-7.4960938
24595,tttgactttaaatttttt,-28760.436,-28769.074,-8.638672,-28765.24,-28758.73,6.5097656,-15.1484375
23534,catcactacaatttaaga,-28760.436,-28769.08,-8.644531,-28765.24,-28770.803,-5.5625,-3.0820312
27183,tgccattttatatcacta,-28760.436,-28769.082,-8.646484,-28765.24,-28769.91,-4.669922,-3.9765625
21230,gtctgaggcttaaattac,-28760.436,-28769.086,-8.650391,-28765.24,-28778.604,-13.363281,4.7128906
24430,tttcaatacatcttacgg,-28760.436,-28769.09,-8.654297,-28765.24,-28774.32,-9.080078,0.42578125
21689,gcctcggccttccaagag,-28760.436,-28769.09,-8.654297,-28765.24,-28765.098,0.14257812,-8.796875
22301,taatattcttatttaaaa,-28760.436,-28769.09,-8.654297,-28765.24,-28759.775,5.4648438,-14.119141
25374,ttaattagtttatttatt,-28760.436,-28769.092,-8.65625,-28765.24,-28771.629,-6.388672,-2.2675781
23072,aatatttgaaaaaaatac,-28760.436,-28769.098,-8.662109,-28765.24,-28779.348,-14.107422,5.4453125
22232,attaatatagaagaaaca,-28760.436,-28769.102,-8.666016,-28765.24,-28765.424,-0.18359375,-8.482422
21148,gtgactttgttttgtaaa,-28760.436,-28769.107,-8.671875,-28765.24,-28772.191,-6.951172,-1.7207031
21305,ttagattattttgattat,-28760.436,-28769.113,-8.677734,-28765.24,-28767.059,-1.8183594,-6.859375
24683,atattttatttgatgaaa,-28760.436,-28769.113,-8.677734,-28765.24,-28761.086,4.154297,-12.832031
26018,ttacatttaaattttatt,-28760.436,-28769.129,-8.693359,-28765.24,-28768.158,-2.9179688,-5.7753906
22153,taaaattatttttaaaag,-28760.436,-28769.13,-8.6953125,-28765.24,-28769.105,-3.8652344,-4.830078
26981,ggaaaacaaatgtttttg,-28760.436,-28769.133,-8.697266,-28765.24,-28773.533,-8.292969,-0.40429688
21714,atttttttaatgcacaaa,-28760.436,-28769.135,-8.699219,-28765.24,-28773.957,-8.716797,0.017578125
21692,tcggccttccaagagaaa,-28760.436,-28769.145,-8.708984,-28765.24,-28773.326,-8.0859375,-0.6230469
24467,taatgaagtgggaagcca,-28760.436,-28769.146,-8.7109375,-28765.24,-28776.041,-10.800781,2.0898438
22989,taataaatcaacagcttg,-28760.436,-28769.148,-8.712891,-28765.24,-28773.969,-8.728516,0.015625
26783,ctttttaacatccatata,-28760.436,-28769.152,-8.716797,-28765.24,-28766.852,-1.6113281,-7.1054688
23063,aaattatgaaatatttga,-28760.436,-28769.17,-8.734375,-28765.24,-28759.014,6.2265625,-14.9609375
23111,ggtataatttatgttcta,-28760.436,-28769.178,-8.7421875,-28765.24,-28768.828,-3.5878906,-5.154297
26655,aaccttaactgcagccta,-28760.436,-28769.186,-8.75,-28765.24,-28764.156,1.0839844,-9.833984
23173,ttgaaagtatacaagttg,-28760.436,-28769.191,-8.755859,-28765.24,-28766.406,-1.1660156,-7.5898438
23564,ccccaaaaagaaaccctg,-28760.436,-28769.193,-8.7578125,-28765.24,-28755.64,9.599609,-18.357422
26870,GGTTTTAGACAAAATCAA,-28760.436,-28769.201,-8.765625,-28765.24,-28763.352,1.8886719,-10.654297
26638,atgagccactgcaagaaa,-28760.436,-28769.207,-8.771484,-28765.24,-28770.758,-5.517578,-3.2539062
27252,tactgcactgtacactct,-28760.436,-28769.207,-8.771484,-28765.24,-28772.984,-7.7441406,-1.0273438
22291,gtgcccccattaatattc,-28760.436,-28769.21,-8.775391,-28765.24,-28753.656,11.583984,-20.359375
21149,tgactttgttttgtaaat,-28760.436,-28769.21,-8.775391,-28765.24,-28765.238,0.001953125,-8.777344
26693,aacttttaaagtacatta,-28760.436,-28769.219,-8.783203,-28765.24,-28761.787,3.453125,-12.236328
24642,gtctcattttaataagta,-28760.436,-28769.219,-8.783203,-28765.24,-28760.95,4.2910156,-13.074219
23496,gtatacaagtcagtggtt,-28760.436,-28769.22,-8.785156,-28765.24,-28762.205,3.0351562,-11.8203125
23079,gaaaaaaatacataatgt,-28760.436,-28769.227,-8.791016,-28765.24,-28768.004,-2.7636719,-6.0273438
22212,ggcacttgtatttttagt,-28760.436,-28769.229,-8.792969,-28765.24,-28765.309,-0.068359375,-8.724609
27092,gttaatctacatccctac,-28760.436,-28769.234,-8.798828,-28765.24,-28775.357,-10.1171875,1.3183594
25902,tggtcaggctgttctcca,-28760.436,-28769.236,-8.800781,-28765.24,-28772.062,-6.8222656,-1.9785156
22882,acagagtgagaatttgcg,-28760.436,-28769.24,-8.8046875,-28765.24,-28765.25,-0.009765625,-8.794922
23018,gagatcagttatctgact,-28760.436,-28769.24,-8.8046875,-28765.24,-28769.004,-3.7636719,-5.0410156
22995,atcaacagcttgtaattt,-28760.436,-28769.24,-8.8046875,-28765.24,-28769.934,-4.6933594,-4.111328
24571,aaaacaaatgttttagta,-28760.436,-28769.24,-8.8046875,-28765.24,-28767.438,-2.1972656,-6.607422
23073,atatttgaaaaaaataca,-28760.436,-28769.242,-8.806641,-28765.24,-28770.906,-5.6660156,-3.140625
22926,tgttgtagtataaccttg,-28760.436,-28769.268,-8.832031,-28765.24,-28754.656,10.583984,-19.416016
27265,actctgacatatgaagtg,-28760.436,-28769.277,-8.841797,-28765.24,-28763.697,1.5429688,-10.384766
22227,agtaaattaatatagaag,-28760.436,-28769.281,-8.845703,-28765.24,-28767.531,-2.2910156,-6.5546875
27106,ctactagaattctcatac,-28760.436,-28769.281,-8.845703,-28765.24,-28772.773,-7.533203,-1.3125
22933,gtataaccttggtatatt,-28760.436,-28769.281,-8.845703,-28765.24,-28761.857,3.3828125,-12.228516
23834,aggttgtttttatttttg,-28760.436,-28769.29,-8.853516,-28765.24,-28770.15,-4.9101562,-3.9433594
21750,ccacattgaaccttgggg,-28760.436,-28769.293,-8.857422,-28765.24,-28775.004,-9.763672,0.90625
26988,aaatgtttttgaacattt,-28760.436,-28769.3,-8.865234,-28765.24,-28773.508,-8.267578,-0.59765625
23123,gttctaaataactttctt,-28760.436,-28769.309,-8.873047,-28765.24,-28762.54,2.7011719,-11.574219
23606,ggcagtcagtacactttc,-28760.436,-28769.309,-8.873047,-28765.24,-28765.438,-0.19726562,-8.675781
27339,agcctctggttctaattt,-28760.436,-28769.31,-8.875,-28765.24,-28763.27,1.9707031,-10.845703
21301,attgttagattattttga,-28760.436,-28769.314,-8.878906,-28765.24,-28777.512,-12.271484,3.3925781
27134,ggttgtgtggaagaaaca,-28760.436,-28769.332,-8.896484,-28765.24,-28767.422,-2.1816406,-6.7148438
23134,ctttcttgagaaataatt,-28760.436,-28769.34,-8.904297,-28765.24,-28767.5,-2.2597656,-6.6445312
21135,tttttgtagttatgtgac,-28760.436,-28769.344,-8.908203,-28765.24,-28770.205,-4.9648438,-3.9433594
27108,actagaattctcatactt,-28760.436,-28769.346,-8.910156,-28765.24,-28760.514,4.7265625,-13.636719
22906,aaaaaaagtcacgcttca,-28760.436,-28769.348,-8.912109,-28765.24,-28766.117,-0.8769531,-8.035156
24306,gagtctagcttttaacct,-28760.436,-28769.354,-8.917969,-28765.24,-28758.855,6.3847656,-15.302734
26490,cactgtgcctagcctgag,-28760.436,-28769.36,-8.923828,-28765.24,-28769.625,-4.3847656,-4.5390625
27018,tgttagaaagttgaaagg,-28760.436,-28769.36,-8.923828,-28765.24,-28758.477,6.763672,-15.6875
23130,ataactttcttgagaaat,-28760.436,-28769.361,-8.925781,-28765.24,-28773.758,-8.517578,-0.40820312
27215,agacttttttttattgtg,-28760.436,-28769.363,-8.927734,-28765.24,-28779.518,-14.277344,5.3496094
27112,gaattctcatacttaact,-28760.436,-28769.367,-8.931641,-28765.24,-28771.379,-6.138672,-2.7929688
22963,aattcctcattttaatga,-28760.436,-28769.367,-8.931641,-28765.24,-28769.215,-3.9746094,-4.9570312
23724,aagattcatccatgctgt,-28760.436,-28769.375,-8.939453,-28765.24,-28764.613,0.6269531,-9.566406
23140,tgagaaataattcacatg,-28760.436,-28769.375,-8.939453,-28765.24,-28771.488,-6.248047,-2.6914062
26255,gcagtggtgtaaatctca,-28760.436,-28769.379,-8.943359,-28765.24,-28769.61,-4.3691406,-4.5742188
26814,atagctatctatatctat,-28760.436,-28769.385,-8.949219,-28765.24,-28760.47,4.7695312,-13.71875
23004,ttgtaatttgttttgaga,-28760.436,-28769.387,-8.951172,-28765.24,-28772.424,-7.1835938,-1.7675781
27275,atgaagtgctctagtcaa,-28760.436,-28769.387,-8.951172,-28765.24,-28767.691,-2.4511719,-6.5
24494,agtatacatgtagggaaa,-28760.436,-28769.39,-8.955078,-28765.24,-28771.281,-6.0410156,-2.9140625
21240,taaattactcttgcattg,-28760.436,-28769.396,-8.9609375,-28765.24,-28769.215,-3.9746094,-4.986328
23050,ttttgtgttttttaaatt,-28760.436,-28769.404,-8.96875,-28765.24,-28769.484,-4.2441406,-4.7246094
24293,tgagataggctctgagtc,-28760.436,-28769.406,-8.970703,-28765.24,-28774.486,-9.246094,0.27539062
21178,tacttgcttctctcttta,-28760.436,-28769.418,-8.982422,-28765.24,-28767.781,-2.5410156,-6.4414062
27124,ttaactggttggttgtgt,-28760.436,-28769.432,-8.996094,-28765.24,-28763.574,1.6660156,-10.662109
22154,aaaattatttttaaaagt,-28760.436,-28769.441,-9.005859,-28765.24,-28774.633,-9.392578,0.38671875
23734,catgctgtagaatgcacc,-28760.436,-28769.445,-9.009766,-28765.24,-28764.621,0.6191406,-9.628906
21804,tcctacggacatgttcta,-28760.436,-28769.445,-9.009766,-28765.24,-28764.742,0.49804688,-9.5078125
24577,aatgttttagtattaatt,-28760.436,-28769.453,-9.017578,-28765.24,-28764.059,1.1816406,-10.199219
23070,gaaatatttgaaaaaaat,-28760.436,-28769.453,-9.017578,-28765.24,-28772.086,-6.845703,-2.171875
23668,attatacgatatgtggtc,-28760.436,-28769.455,-9.019531,-28765.24,-28768.145,-2.9042969,-6.1152344
27189,tttatatcactagtaggc,-28760.436,-28769.469,-9.033203,-28765.24,-28761.992,3.2480469,-12.28125
27006,aaaaagttcagatgttag,-28760.436,-28769.47,-9.035156,-28765.24,-28762.418,2.8222656,-11.857422
21285,aaaaagctttcatgctat,-28760.436,-28769.47,-9.035156,-28765.24,-28770.16,-4.919922,-4.1152344
27287,agtcaagtttaactggtg,-28760.436,-28769.482,-9.046875,-28765.24,-28767.195,-1.9550781,-7.091797
27243,acctaggcatactgcact,-28760.436,-28769.482,-9.046875,-28765.24,-28773.281,-8.041016,-1.0058594
23792,ggttatatcacattttat,-28760.436,-28769.492,-9.056641,-28765.24,-28771.223,-5.982422,-3.0742188
23855,tataatgaataatgttgc,-28760.436,-28769.504,-9.068359,-28765.24,-28765.564,-0.32421875,-8.744141
23484,ataaaaaagaaagtatac,-28760.436,-28769.512,-9.076172,-28765.24,-28762.914,2.3261719,-11.402344
24358,aaatgactaagaataatg,-28760.436,-28769.52,-9.083984,-28765.24,-28772.094,-6.8535156,-2.2304688
26806,atctatatatagctatct,-28760.436,-28769.523,-9.087891,-28765.24,-28767.57,-2.3300781,-6.7578125
21365,aatctctgatttgaaatt,-28760.436,-28769.525,-9.089844,-28765.24,-28764.316,0.9238281,-10.013672
21347,ttttctaaataatgtttt,-28760.436,-28769.53,-9.09375,-28765.24,-28776.027,-10.787109,1.6933594
26644,cactgcaagaaaacctta,-28760.436,-28769.54,-9.103516,-28765.24,-28765.35,-0.109375,-8.994141
26922,GAgtaagtctgccagcat,-28760.436,-28769.54,-9.103516,-28765.24,-28769.824,-4.5839844,-4.5195312
23014,ttttgagatcagttatct,-28760.436,-28769.547,-9.111328,-28765.24,-28771.426,-6.185547,-2.9257812
27310,agaggacatggtttaact,-28760.436,-28769.55,-9.115234,-28765.24,-28771.23,-5.9902344,-3.125
27225,ttattgtgatatgggata,-28760.436,-28769.553,-9.1171875,-28765.24,-28757.805,7.435547,-16.552734
22246,aacaactgacttaaaggt,-28760.436,-28769.555,-9.119141,-28765.24,-28760.607,4.6328125,-13.751953
27074,aaaactattagataaaag,-28760.436,-28769.559,-9.123047,-28765.24,-28769.242,-4.001953,-5.1210938
26708,ttaaaagactatcaactt,-28760.436,-28769.57,-9.134766,-28765.24,-28766.943,-1.703125,-7.4316406
27098,ctacatccctactagaat,-28760.436,-28769.574,-9.138672,-28765.24,-28762.336,2.9042969,-12.042969
26721,aacttaatttctgatcat,-28760.436,-28769.602,-9.166016,-28765.24,-28760.81,4.4296875,-13.595703
24533,aagagagacagaggacat,-28760.436,-28769.605,-9.169922,-28765.24,-28775.266,-10.025391,0.85546875
21154,ttgttttgtaaatttata,-28760.436,-28769.607,-9.171875,-28765.24,-28765.299,-0.05859375,-9.113281
26701,aagtacattaaaagacta,-28760.436,-28769.61,-9.173828,-28765.24,-28764.604,0.63671875,-9.810547
23629,ctatgaatttgtctattt,-28760.436,-28769.61,-9.173828,-28765.24,-28763.059,2.1816406,-11.355469
27192,atatcactagtaggcaga,-28760.436,-28769.617,-9.181641,-28765.24,-28768.402,-3.1621094,-6.0195312
24338,tagaaatctaagcagaat,-28760.436,-28769.617,-9.181641,-28765.24,-28758.836,6.404297,-15.5859375
26005,gtttttaaattttttaca,-28760.436,-28769.629,-9.193359,-28765.24,-28764.45,0.7910156,-9.984375
22304,tattcttatttaaaagtt,-28760.436,-28769.629,-9.193359,-28765.24,-28758.203,7.0371094,-16.230469
21730,aagatctggggtaatgtg,-28760.436,-28769.63,-9.1953125,-28765.24,-28769.262,-4.0214844,-5.173828
21355,ataatgttttaatctctg,-28760.436,-28769.64,-9.205078,-28765.24,-28764.521,0.71875,-9.923828
23863,ataatgttgctatgaaca,-28760.436,-28769.648,-9.212891,-28765.24,-28774.285,-9.044922,-0.16796875
23024,agttatctgactgtaaca,-28760.436,-28769.648,-9.212891,-28765.24,-28768.898,-3.6582031,-5.5546875
23515,tggttttcagttatgcaa,-28760.436,-28769.654,-9.21875,-28765.24,-28777.133,-11.892578,2.6738281
23563,accccaaaaagaaaccct,-28760.436,-28769.656,-9.220703,-28765.24,-28766.414,-1.1738281,-8.046875
21414,tttcataaatgaaaaatg,-28760.436,-28769.664,-9.228516,-28765.24,-28767.621,-2.3808594,-6.8476562
21719,tttaatgcacaaagatct,-28760.436,-28769.664,-9.228516,-28765.24,-28765.562,-0.32226562,-8.90625
21363,ttaatctctgatttgaaa,-28760.436,-28769.668,-9.232422,-28765.24,-28762.746,2.4941406,-11.7265625
21811,gacatgttctattgtatt,-28760.436,-28769.676,-9.240234,-28765.24,-28764.504,0.7363281,-9.9765625
22177,cttgtgccctgctaaaat,-28760.436,-28769.686,-9.25,-28765.24,-28757.422,7.8183594,-17.06836
26735,tcatattttgttgaataa,-28760.436,-28769.688,-9.251953,-28765.24,-28762.504,2.7363281,-11.988281
23838,tgtttttatttttgggct,-28760.436,-28769.697,-9.261719,-28765.24,-28765.777,-0.5371094,-8.724609
27165,aagagctttaggatatga,-28760.436,-28769.703,-9.267578,-28765.24,-28767.395,-2.1542969,-7.1132812
21259,ccctaagtataattttag,-28760.436,-28769.703,-9.267578,-28765.24,-28764.582,0.6582031,-9.925781
22740,ctactaaatacacaaaac,-28760.436,-28769.71,-9.275391,-28765.24,-28767.443,-2.203125,-7.0722656
23530,caaccatcactacaattt,-28760.436,-28769.71,-9.275391,-28765.24,-28769.582,-4.341797,-4.9335938
23836,gttgtttttatttttggg,-28760.436,-28769.715,-9.279297,-28765.24,-28771.072,-5.8320312,-3.4472656
24653,ataagtatgacacaggta,-28760.436,-28769.719,-9.283203,-28765.24,-28764.65,0.58984375,-9.873047
26792,atccatataaagctatct,-28760.436,-28769.719,-9.283203,-28765.24,-28772.201,-6.9609375,-2.3222656
27147,aaacatactttcacaata,-28760.436,-28769.725,-9.2890625,-28765.24,-28768.027,-2.7871094,-6.501953
23527,atgcaaccatcactacaa,-28760.436,-28769.746,-9.310547,-28765.24,-28763.639,1.6015625,-10.912109
24335,tcttagaaatctaagcag,-28760.436,-28769.754,-9.318359,-28765.24,-28770.156,-4.9160156,-4.4023438
22712,cctggccaacatggtgac,-28760.436,-28769.754,-9.318359,-28765.24,-28777.398,-12.158203,2.8398438
25343,aaaaaaaaaggaagaaaa,-28760.436,-28769.764,-9.328125,-28765.24,-28777.428,-12.1875,2.859375
24403,aactttgatactcattag,-28760.436,-28769.766,-9.330078,-28765.24,-28773.3,-8.060547,-1.2695312
26801,aagctatctatatatagc,-28760.436,-28769.77,-9.333984,-28765.24,-28761.008,4.232422,-13.566406
22887,gtgagaatttgcggaggg,-28760.436,-28769.781,-9.345703,-28765.24,-28773.135,-7.8945312,-1.4511719
26899,GTGCTCACATTCCTTAAA,-28760.436,-28769.787,-9.3515625,-28765.24,-28769.836,-4.595703,-4.7558594
27187,attttatatcactagtag,-28760.436,-28769.793,-9.357422,-28765.24,-28759.898,5.341797,-14.699219
26256,cagtggtgtaaatctcag,-28760.436,-28769.795,-9.359375,-28765.24,-28776.297,-11.056641,1.6972656
23699,ttctttcacttagcatgc,-28760.436,-28769.799,-9.363281,-28765.24,-28764.512,0.7285156,-10.091797
24522,attgaagccagaagagag,-28760.436,-28769.8,-9.365234,-28765.24,-28771.254,-6.013672,-3.3515625
23720,tttcaagattcatccatg,-28760.436,-28769.807,-9.371094,-28765.24,-28761.037,4.203125,-13.574219
24656,agtatgacacaggtagtt,-28760.436,-28769.812,-9.376953,-28765.24,-28764.78,0.4609375,-9.837891
22266,atgtttttaaatgtatca,-28760.436,-28769.818,-9.3828125,-28765.24,-28765.082,0.15820312,-9.541016
22904,gaaaaaaaagtcacgctt,-28760.436,-28769.824,-9.388672,-28765.24,-28767.508,-2.2675781,-7.1210938
23684,tcttttgtgtctggcttc,-28760.436,-28769.826,-9.390625,-28765.24,-28765.64,-0.40039062,-8.990234
21791,ttatacgttagtctccta,-28760.436,-28769.832,-9.396484,-28765.24,-28760.355,4.8847656,-14.28125
22954,tgtatcatgaattcctca,-28760.436,-28769.84,-9.404297,-28765.24,-28761.396,3.84375,-13.248047
22171,taagctcttgtgccctgc,-28760.436,-28769.84,-9.404297,-28765.24,-28774.201,-8.9609375,-0.44335938
23815,catcagttcatggacatt,-28760.436,-28769.855,-9.419922,-28765.24,-28771.795,-6.5546875,-2.8652344
26771,tgaaacaaaatgcttttt,-28760.436,-28769.86,-9.423828,-28765.24,-28772.484,-7.2441406,-2.1796875
23632,tgaatttgtctattttag,-28760.436,-28769.86,-9.423828,-28765.24,-28772.367,-7.126953,-2.296875
23085,aatacataatgtatatat,-28760.436,-28769.86,-9.423828,-28765.24,-28763.21,2.0292969,-11.453125
21722,aatgcacaaagatctggg,-28760.436,-28769.863,-9.427734,-28765.24,-28773.336,-8.095703,-1.3320312
22272,ttaaatgtatcatctgtg,-28760.436,-28769.879,-9.443359,-28765.24,-28773.742,-8.501953,-0.94140625
26941,atgaaagtgaatcttact,-28760.436,-28769.879,-9.443359,-28765.24,-28762.803,2.4375,-11.880859
24480,agccactgcaagctagta,-28760.436,-28769.879,-9.443359,-28765.24,-28764.422,0.8183594,-10.261719
24440,tcttacggtctgttaggt,-28760.436,-28769.889,-9.453125,-28765.24,-28768.297,-3.0566406,-6.3964844
24633,tgtttaatggtctcattt,-28760.436,-28769.89,-9.455078,-28765.24,-28771.463,-6.2226562,-3.2324219
21785,gtcactttatacgttagt,-28760.436,-28769.914,-9.478516,-28765.24,-28775.219,-9.978516,0.5
26766,tcttgtgaaacaaaatgc,-28760.436,-28769.918,-9.482422,-28765.24,-28769.08,-3.8398438,-5.642578
24664,acaggtagtttaaggtca,-28760.436,-28769.918,-9.482422,-28765.24,-28764.164,1.0761719,-10.558594
23845,atttttgggctataatga,-28760.436,-28769.926,-9.490234,-28765.24,-28768.85,-3.609375,-5.8808594
21139,tgtagttatgtgactttg,-28760.436,-28769.934,-9.498047,-28765.24,-28762.23,3.0097656,-12.5078125
21826,attttagtcagaacattt,-28760.436,-28769.936,-9.5,-28765.24,-28767.055,-1.8144531,-7.685547
24405,ctttgatactcattagta,-28760.436,-28769.945,-9.509766,-28765.24,-28772.604,-7.3632812,-2.1464844
26000,gcaatgtttttaaatttt,-28760.436,-28769.957,-9.521484,-28765.24,-28772.121,-6.8808594,-2.640625
25914,tctccaaatccgacctca,-28760.436,-28769.96,-9.525391,-28765.24,-28768.014,-2.7734375,-6.751953
21283,ttaaaaagctttcatgct,-28760.436,-28769.96,-9.525391,-28765.24,-28771.594,-6.3535156,-3.171875
23633,gaatttgtctattttaga,-28760.436,-28769.965,-9.529297,-28765.24,-28767.91,-2.6699219,-6.859375
22934,tataaccttggtatattg,-28760.436,-28769.965,-9.529297,-28765.24,-28763.127,2.1132812,-11.642578
24572,aaacaaatgttttagtat,-28760.436,-28769.975,-9.5390625,-28765.24,-28764.994,0.24609375,-9.785156
21707,aaatgaaatttttttaat,-28760.436,-28769.98,-9.544922,-28765.24,-28766.488,-1.2480469,-8.296875
21190,tctttatattactaaaaa,-28760.436,-28770.004,-9.568359,-28765.24,-28765.928,-0.6875,-8.880859
21717,tttttaatgcacaaagat,-28760.436,-28770.008,-9.572266,-28765.24,-28774.547,-9.306641,-0.265625
26880,AAAATCAAAAAGAAGGAA,-28760.436,-28770.012,-9.576172,-28765.24,-28777.68,-12.439453,2.8632812
27344,ctggttctaatttctcat,-28760.436,-28770.012,-9.576172,-28765.24,-28768.643,-3.4023438,-6.173828
21118,atcttttcctgacaattt,-28760.436,-28770.016,-9.580078,-28765.24,-28768.814,-3.5742188,-6.0058594
26949,gaatcttacttttgtaaa,-28760.436,-28770.02,-9.583984,-28765.24,-28764.277,0.9628906,-10.546875
23126,ctaaataactttcttgag,-28760.436,-28770.02,-9.583984,-28765.24,-28760.764,4.4765625,-14.060547
24673,ttaaggtcatatatttta,-28760.436,-28770.023,-9.587891,-28765.24,-28767.246,-2.0058594,-7.5820312
23725,agattcatccatgctgta,-28760.436,-28770.023,-9.587891,-28765.24,-28765.654,-0.4140625,-9.173828
24600,ctttaaatttttttttta,-28760.436,-28770.025,-9.589844,-28765.24,-28769.129,-3.8886719,-5.701172
26651,agaaaaccttaactgcag,-28760.436,-28770.027,-9.591797,-28765.24,-28766.0,-0.7597656,-8.832031
23011,ttgttttgagatcagtta,-28760.436,-28770.033,-9.597656,-28765.24,-28770.83,-5.5898438,-4.0078125
27258,actgtacactctgacata,-28760.436,-28770.037,-9.6015625,-28765.24,-28773.227,-7.986328,-1.6152344
22148,cggcctaaaattattttt,-28760.436,-28770.037,-9.6015625,-28765.24,-28767.48,-2.2402344,-7.361328
22203,gatattgtaggcacttgt,-28760.436,-28770.04,-9.603516,-28765.24,-28769.25,-4.0097656,-5.59375
22935,ataaccttggtatattgt,-28760.436,-28770.04,-9.603516,-28765.24,-28771.16,-5.919922,-3.6835938
23807,tatccattcatcagttca,-28760.436,-28770.04,-9.603516,-28765.24,-28766.4,-1.1601562,-8.443359
24631,ggtgtttaatggtctcat,-28760.436,-28770.04,-9.603516,-28765.24,-28767.395,-2.1542969,-7.4492188
23548,aagaacattttcatcacc,-28760.436,-28770.043,-9.607422,-28765.24,-28766.05,-0.8105469,-8.796875
27148,aacatactttcacaataa,-28760.436,-28770.049,-9.613281,-28765.24,-28767.66,-2.4199219,-7.1933594
27094,taatctacatccctacta,-28760.436,-28770.055,-9.619141,-28765.24,-28771.555,-6.314453,-3.3046875
21753,cattgaaccttggggagt,-28760.436,-28770.062,-9.626953,-28765.24,-28769.203,-3.9628906,-5.6640625
27079,tattagataaaaggttaa,-28760.436,-28770.066,-9.630859,-28765.24,-28756.57,8.669922,-18.300781
27277,gaagtgctctagtcaagt,-28760.436,-28770.068,-9.6328125,-28765.24,-28770.291,-5.0507812,-4.5820312
22718,caacatggtgactactcc,-28760.436,-28770.07,-9.634766,-28765.24,-28768.766,-3.5253906,-6.109375
26962,gtaaaactttatggtttg,-28760.436,-28770.07,-9.634766,-28765.24,-28773.555,-8.314453,-1.3203125
21255,ttgtccctaagtataatt,-28760.436,-28770.084,-9.6484375,-28765.24,-28769.205,-3.9648438,-5.6835938
27290,caagtttaactggtgtcc,-28760.436,-28770.084,-9.6484375,-28765.24,-28768.262,-3.0214844,-6.626953
27142,ggaagaaacatactttca,-28760.436,-28770.09,-9.654297,-28765.24,-28764.797,0.44335938,-10.097656
24273,ttctactgaagccacgtg,-28760.436,-28770.09,-9.654297,-28765.24,-28763.662,1.578125,-11.232422
21705,agaaatgaaattttttta,-28760.436,-28770.098,-9.662109,-28765.24,-28766.254,-1.0136719,-8.6484375
21329,ttgaattgaaattatact,-28760.436,-28770.102,-9.666016,-28765.24,-28771.074,-5.8339844,-3.8320312
27305,tccacagaggacatggtt,-28760.436,-28770.102,-9.666016,-28765.24,-28769.953,-4.7128906,-4.953125
22223,ttttagtaaattaatata,-28760.436,-28770.11,-9.673828,-28765.24,-28763.596,1.6445312,-11.318359
23175,gaaagtatacaagttggc,-28760.436,-28770.117,-9.681641,-28765.24,-28770.164,-4.923828,-4.7578125
26913,TAAATTAAGGAgtaagtc,-28760.436,-28770.125,-9.689453,-28765.24,-28763.34,1.9003906,-11.589844
27340,gcctctggttctaatttc,-28760.436,-28770.135,-9.699219,-28765.24,-28771.902,-6.6621094,-3.0371094
26955,tacttttgtaaaacttta,-28760.436,-28770.14,-9.705078,-28765.24,-28770.625,-5.3847656,-4.3203125
23731,atccatgctgtagaatgc,-28760.436,-28770.143,-9.707031,-28765.24,-28763.145,2.0957031,-11.802734
24320,acctctatctttttgtct,-28760.436,-28770.148,-9.712891,-28765.24,-28773.639,-8.3984375,-1.3144531
23543,aatttaagaacattttca,-28760.436,-28770.148,-9.712891,-28765.24,-28754.148,11.091797,-20.804688
26898,GGTGCTCACATTCCTTAA,-28760.436,-28770.152,-9.716797,-28765.24,-28764.127,1.1132812,-10.830078
26640,gagccactgcaagaaaac,-28760.436,-28770.16,-9.724609,-28765.24,-28773.512,-8.271484,-1.453125
26021,catttaaattttattttt,-28760.436,-28770.164,-9.728516,-28765.24,-28767.652,-2.4121094,-7.3164062
23005,tgtaatttgttttgagat,-28760.436,-28770.164,-9.728516,-28765.24,-28772.363,-7.123047,-2.6054688
21238,cttaaattactcttgcat,-28760.436,-28770.172,-9.736328,-28765.24,-28761.623,3.6171875,-13.353516
26702,agtacattaaaagactat,-28760.436,-28770.176,-9.740234,-28765.24,-28769.645,-4.404297,-5.3359375
27233,atatgggataacctaggc,-28760.436,-28770.18,-9.744141,-28765.24,-28767.463,-2.2226562,-7.5214844
23691,tgtctggcttctttcact,-28760.436,-28770.191,-9.755859,-28765.24,-28771.793,-6.5527344,-3.203125
23142,agaaataattcacatggt,-28760.436,-28770.191,-9.755859,-28765.24,-28771.914,-6.673828,-3.0820312
24686,ttttatttgatgaaaata,-28760.436,-28770.197,-9.761719,-28765.24,-28757.162,8.078125,-17.839844
21312,attttgattatacacttt,-28760.436,-28770.197,-9.761719,-28765.24,-28773.273,-8.033203,-1.7285156
24420,gtaacaaatctttcaata,-28760.436,-28770.203,-9.767578,-28765.24,-28765.27,-0.029296875,-9.738281
21764,ggggagtatggcttcaaa,-28760.436,-28770.209,-9.7734375,-28765.24,-28761.627,3.6132812,-13.386719
21287,aaagctttcatgctattg,-28760.436,-28770.215,-9.779297,-28765.24,-28778.523,-13.283203,3.5039062
21833,tcagaacatttaaaatta,-28760.436,-28770.219,-9.783203,-28765.24,-28761.344,3.8964844,-13.6796875
23750,ccagtactgcattccttc,-28760.436,-28770.219,-9.783203,-28765.24,-28768.031,-2.7910156,-6.9921875
25042,actgaaagaagaaaaatc,-28760.436,-28770.227,-9.791016,-28765.24,-28767.02,-1.7792969,-8.011719
26987,caaatgtttttgaacatt,-28760.436,-28770.229,-9.792969,-28765.24,-28769.387,-4.1464844,-5.6464844
26846,taacttcctttattttcc,-28760.436,-28770.229,-9.792969,-28765.24,-28765.08,0.16015625,-9.953125
21244,ttactcttgcattgtccc,-28760.436,-28770.23,-9.794922,-28765.24,-28769.701,-4.4609375,-5.3339844
27173,taggatatgatgccattt,-28760.436,-28770.232,-9.796875,-28765.24,-28771.273,-6.033203,-3.7636719
27317,atggtttaactggaattc,-28760.436,-28770.236,-9.800781,-28765.24,-28766.117,-0.8769531,-8.923828
26897,AGGTGCTCACATTCCTTA,-28760.436,-28770.24,-9.8046875,-28765.24,-28765.781,-0.5410156,-9.263672
26778,aaatgctttttaacatcc,-28760.436,-28770.25,-9.814453,-28765.24,-28764.273,0.9667969,-10.78125
22225,ttagtaaattaatataga,-28760.436,-28770.252,-9.816406,-28765.24,-28766.693,-1.453125,-8.363281
24658,tatgacacaggtagttta,-28760.436,-28770.266,-9.830078,-28765.24,-28769.754,-4.513672,-5.3164062
27042,taaaacaatcaatattaa,-28760.436,-28770.275,-9.839844,-28765.24,-28772.525,-7.2851562,-2.5546875
23174,tgaaagtatacaagttgg,-28760.436,-28770.277,-9.841797,-28765.24,-28772.164,-6.923828,-2.9179688
21709,atgaaatttttttaatgc,-28760.436,-28770.297,-9.861328,-28765.24,-28767.715,-2.4746094,-7.3867188
24999,aaaaaaataaggtataag,-28760.436,-28770.297,-9.861328,-28765.24,-28771.172,-5.9316406,-3.9296875
23157,ggtgtgcagtttaccttt,-28760.436,-28770.309,-9.873047,-28765.24,-28769.168,-3.9277344,-5.9453125
21191,ctttatattactaaaaaa,-28760.436,-28770.309,-9.873047,-28765.24,-28764.95,0.29101562,-10.1640625
27235,atgggataacctaggcat,-28760.436,-28770.314,-9.878906,-28765.24,-28765.508,-0.26757812,-9.611328
26887,AAAAGAAGGAAGGTGCTC,-28760.436,-28770.316,-9.880859,-28765.24,-28767.69,-2.4492188,-7.4316406
22307,tcttatttaaaagttaag,-28760.436,-28770.33,-9.894531,-28765.24,-28764.484,0.7558594,-10.650391
23743,gaatgcaccagtactgca,-28760.436,-28770.336,-9.900391,-28765.24,-28767.32,-2.0800781,-7.8203125
26775,acaaaatgctttttaaca,-28760.436,-28770.338,-9.902344,-28765.24,-28762.246,2.9941406,-12.896484
23046,aggcttttgtgtttttta,-28760.436,-28770.34,-9.904297,-28765.24,-28774.504,-9.263672,-0.640625
27261,gtacactctgacatatga,-28760.436,-28770.348,-9.912109,-28765.24,-28765.379,-0.13867188,-9.7734375
27117,ctcatacttaactggttg,-28760.436,-28770.357,-9.921875,-28765.24,-28761.91,3.3300781,-13.251953
26847,aacttcctttattttcct,-28760.436,-28770.357,-9.921875,-28765.24,-28763.836,1.4042969,-11.326172
26902,CTCACATTCCTTAAATTA,-28760.436,-28770.365,-9.9296875,-28765.24,-28760.172,5.0683594,-14.998047
24421,taacaaatctttcaatac,-28760.436,-28770.365,-9.9296875,-28765.24,-28772.076,-6.8359375,-3.09375
26027,aattttattttttagaga,-28760.436,-28770.37,-9.933594,-28765.24,-28768.225,-2.984375,-6.9492188
24458,gtagattagtaatgaagt,-28760.436,-28770.371,-9.935547,-28765.24,-28767.664,-2.4238281,-7.5117188
25510,tgtgattacagccatatg,-28760.436,-28770.383,-9.947266,-28765.24,-28775.678,-10.4375,0.49023438
26656,accttaactgcagcctaa,-28760.436,-28770.383,-9.947266,-28765.24,-28770.348,-5.107422,-4.8398438
22973,tttaatgaccaaaaagta,-28760.436,-28770.387,-9.951172,-28765.24,-28765.34,-0.099609375,-9.8515625
21696,ccttccaagagaaatgaa,-28760.436,-28770.387,-9.951172,-28765.24,-28761.994,3.2460938,-13.197266
26825,tatctatatagctatttt,-28760.436,-28770.41,-9.974609,-28765.24,-28764.438,0.8027344,-10.777344
21399,aaagatgggataattttt,-28760.436,-28770.426,-9.990234,-28765.24,-28767.25,-2.0097656,-7.9804688
27158,cacaataaagagctttag,-28760.436,-28770.428,-9.9921875,-28765.24,-28767.895,-2.6542969,-7.3378906
21395,tggaaaagatgggataat,-28760.436,-28770.43,-9.994141,-28765.24,-28765.89,-0.6503906,-9.34375
23822,tcatggacatttaggttg,-28760.436,-28770.434,-9.998047,-28765.24,-28763.564,1.6757812,-11.673828
27172,ttaggatatgatgccatt,-28760.436,-28770.436,-10.0,-28765.24,-28769.416,-4.1757812,-5.8242188
22920,ttcagttgttgtagtata,-28760.436,-28770.443,-10.0078125,-28765.24,-28763.17,2.0703125,-12.078125
21268,taattttagttaatttta,-28760.436,-28770.457,-10.021484,-28765.24,-28769.354,-4.1132812,-5.908203
22992,taaatcaacagcttgtaa,-28760.436,-28770.46,-10.025391,-28765.24,-28773.115,-7.875,-2.1503906
23540,tacaatttaagaacattt,-28760.436,-28770.463,-10.027344,-28765.24,-28770.031,-4.7910156,-5.236328
21757,gaaccttggggagtatgg,-28760.436,-28770.465,-10.029297,-28765.24,-28767.242,-2.0019531,-8.027344
24426,aatctttcaatacatctt,-28760.436,-28770.469,-10.033203,-28765.24,-28766.727,-1.4863281,-8.546875
21763,tggggagtatggcttcaa,-28760.436,-28770.473,-10.037109,-28765.24,-28772.828,-7.5878906,-2.4492188
22435,gtctctactaaaaatacc,-28760.436,-28770.477,-10.041016,-28765.24,-28770.719,-5.4785156,-4.5625
26813,tatagctatctatatcta,-28760.436,-28770.477,-10.041016,-28765.24,-28760.264,4.9765625,-15.017578
21352,taaataatgttttaatct,-28760.436,-28770.48,-10.044922,-28765.24,-28771.496,-6.2558594,-3.7890625
23613,agtacactttctgtctct,-28760.436,-28770.48,-10.044922,-28765.24,-28778.594,-13.353516,3.3085938
25015,agcgggctcaggaacatc,-28760.436,-28770.488,-10.052734,-28765.24,-28765.441,-0.20117188,-9.8515625
21103,aagtaatcactcagcatc,-28760.436,-28770.49,-10.0546875,-28765.24,-28759.508,5.732422,-15.787109
22949,ttgtatgtatcatgaatt,-28760.436,-28770.492,-10.056641,-28765.24,-28768.953,-3.7128906,-6.34375
24557,tagatctgacaagaaaaa,-28760.436,-28770.492,-10.056641,-28765.24,-28771.453,-6.2128906,-3.84375
27133,tggttgtgtggaagaaac,-28760.436,-28770.496,-10.060547,-28765.24,-28763.555,1.6855469,-11.746094
21737,ggggtaatgtgtaccaca,-28760.436,-28770.502,-10.066406,-28765.24,-28761.668,3.5722656,-13.638672
22169,agtaagctcttgtgccct,-28760.436,-28770.506,-10.0703125,-28765.24,-28772.887,-7.6464844,-2.4238281
23551,aacattttcatcacccca,-28760.436,-28770.516,-10.080078,-28765.24,-28766.64,-1.4003906,-8.6796875
23878,acattcgtttgtgttctt,-28760.436,-28770.52,-10.083984,-28765.24,-28769.266,-4.0253906,-6.0585938
26809,tatatatagctatctata,-28760.436,-28770.527,-10.091797,-28765.24,-28776.6,-11.359375,1.2675781
26732,tgatcatattttgttgaa,-28760.436,-28770.527,-10.091797,-28765.24,-28762.629,2.6113281,-12.703125
24419,agtaacaaatctttcaat,-28760.436,-28770.533,-10.097656,-28765.24,-28761.18,4.060547,-14.158203
26156,gggactacagtgataatg,-28760.436,-28770.54,-10.103516,-28765.24,-28765.58,-0.33984375,-9.763672
23874,atgaacattcgtttgtgt,-28760.436,-28770.54,-10.103516,-28765.24,-28775.43,-10.189453,0.0859375
26514,cgccggcctaatttttaa,-28760.436,-28770.547,-10.111328,-28765.24,-28760.639,4.6015625,-14.712891
26747,gaataaaataagtaaaat,-28760.436,-28770.56,-10.125,-28765.24,-28757.598,7.642578,-17.767578
23062,taaattatgaaatatttg,-28760.436,-28770.566,-10.130859,-28765.24,-28772.39,-7.1503906,-2.9804688
25344,aaaaaaaaggaagaaaaa,-28760.436,-28770.57,-10.134766,-28765.24,-28770.477,-5.236328,-4.8984375
21396,ggaaaagatgggataatt,-28760.436,-28770.576,-10.140625,-28765.24,-28774.809,-9.568359,-0.5722656
21835,agaacatttaaaattatt,-28760.436,-28770.586,-10.150391,-28765.24,-28772.04,-6.798828,-3.3515625
27119,catacttaactggttggt,-28760.436,-28770.59,-10.154297,-28765.24,-28774.148,-8.908203,-1.2460938
23584,accttcattttccccagc,-28760.436,-28770.592,-10.15625,-28765.24,-28767.441,-2.2011719,-7.955078
21747,gtaccacattgaaccttg,-28760.436,-28770.61,-10.173828,-28765.24,-28771.39,-6.1503906,-4.0234375
26797,tataaagctatctatata,-28760.436,-28770.61,-10.173828,-28765.24,-28764.676,0.5644531,-10.738281
22239,tagaagaaacaactgact,-28760.436,-28770.613,-10.177734,-28765.24,-28768.762,-3.5214844,-6.65625
22243,agaaacaactgacttaaa,-28760.436,-28770.613,-10.177734,-28765.24,-28771.852,-6.611328,-3.5664062
22912,agtcacgcttcagttgtt,-28760.436,-28770.613,-10.177734,-28765.24,-28762.371,2.8691406,-13.046875
26745,ttgaataaaataagtaaa,-28760.436,-28770.613,-10.177734,-28765.24,-28764.803,0.4375,-10.615234
23588,tcattttccccagcccta,-28760.436,-28770.615,-10.1796875,-28765.24,-28770.902,-5.6621094,-4.517578
27288,gtcaagtttaactggtgt,-28760.436,-28770.617,-10.181641,-28765.24,-28766.248,-1.0078125,-9.173828
22276,atgtatcatctgtgtgtg,-28760.436,-28770.621,-10.185547,-28765.24,-28758.547,6.6933594,-16.878906
23697,gcttctttcacttagcat,-28760.436,-28770.625,-10.189453,-28765.24,-28765.457,-0.21679688,-9.972656
23723,caagattcatccatgctg,-28760.436,-28770.63,-10.1953125,-28765.24,-28762.223,3.0175781,-13.212891
23844,tatttttgggctataatg,-28760.436,-28770.633,-10.197266,-28765.24,-28773.918,-8.677734,-1.5195312
26658,cttaactgcagcctaata,-28760.436,-28770.633,-10.197266,-28765.24,-28771.977,-6.736328,-3.4609375
25367,ttttaaattaattagttt,-28760.436,-28770.635,-10.199219,-28765.24,-28776.662,-11.421875,1.2226562
21844,aaaattattttattttat,-28760.436,-28770.64,-10.205078,-28765.24,-28763.064,2.1757812,-12.380859
25917,ccaaatccgacctcaggt,-28760.436,-28770.646,-10.2109375,-28765.24,-28774.402,-9.162109,-1.0488281
26782,gctttttaacatccatat,-28760.436,-28770.648,-10.212891,-28765.24,-28762.062,3.1777344,-13.390625
27321,tttaactggaattcgtca,-28760.436,-28770.656,-10.220703,-28765.24,-28767.373,-2.1328125,-8.087891
21120,cttttcctgacaattttt,-28760.436,-28770.666,-10.230469,-28765.24,-28774.533,-9.292969,-0.9375
21158,tttgtaaatttataaaat,-28760.436,-28770.668,-10.232422,-28765.24,-28768.637,-3.3964844,-6.8359375
23503,agtcagtggttttggttt,-28760.436,-28770.672,-10.236328,-28765.24,-28772.67,-7.4296875,-2.8066406
26752,aaataagtaaaatgtctt,-28760.436,-28770.676,-10.240234,-28765.24,-28759.738,5.501953,-15.7421875
21353,aaataatgttttaatctc,-28760.436,-28770.676,-10.240234,-28765.24,-28774.352,-9.111328,-1.1289062
27005,taaaaagttcagatgtta,-28760.436,-28770.688,-10.251953,-28765.24,-28767.512,-2.2714844,-7.9804688
26983,aaaacaaatgtttttgaa,-28760.436,-28770.69,-10.253906,-28765.24,-28764.77,0.47070312,-10.724609
26509,caccacgccggcctaatt,-28760.436,-28770.693,-10.2578125,-28765.24,-28769.06,-3.8203125,-6.4375
27091,ggttaatctacatcccta,-28760.436,-28770.695,-10.259766,-28765.24,-28762.469,2.7714844,-13.03125
24415,cattagtaacaaatcttt,-28760.436,-28770.695,-10.259766,-28765.24,-28762.914,2.3261719,-12.5859375
24671,gtttaaggtcatatattt,-28760.436,-28770.695,-10.259766,-28765.24,-28768.834,-3.59375,-6.6660156
26516,ccggcctaatttttaaat,-28760.436,-28770.7,-10.263672,-28765.24,-28768.121,-2.8808594,-7.3828125
23802,cattttatccattcatca,-28760.436,-28770.7,-10.263672,-28765.24,-28774.553,-9.3125,-0.9511719
24580,gttttagtattaattttt,-28760.436,-28770.701,-10.265625,-28765.24,-28755.406,9.833984,-20.09961
27105,cctactagaattctcata,-28760.436,-28770.713,-10.277344,-28765.24,-28761.85,3.390625,-13.667969
22903,ggaaaaaaaagtcacgct,-28760.436,-28770.715,-10.279297,-28765.24,-28767.904,-2.6640625,-7.6152344
25346,aaaaaaggaagaaaaata,-28760.436,-28770.715,-10.279297,-28765.24,-28768.021,-2.78125,-7.498047
26935,agcattatgaaagtgaat,-28760.436,-28770.719,-10.283203,-28765.24,-28773.8,-8.560547,-1.7226562
24357,caaatgactaagaataat,-28760.436,-28770.727,-10.291016,-28765.24,-28761.031,4.2089844,-14.5
25965,aggcaaggcattacaggc,-28760.436,-28770.729,-10.292969,-28765.24,-28780.988,-15.748047,5.455078
27136,ttgtgtggaagaaacata,-28760.436,-28770.738,-10.302734,-28765.24,-28766.05,-0.8105469,-9.4921875
24345,ctaagcagaatgcaaatg,-28760.436,-28770.742,-10.306641,-28765.24,-28769.686,-4.4453125,-5.861328
27087,aaaaggttaatctacatc,-28760.436,-28770.754,-10.318359,-28765.24,-28761.848,3.3925781,-13.7109375
21117,catcttttcctgacaatt,-28760.436,-28770.77,-10.333984,-28765.24,-28768.8,-3.5605469,-6.7734375
27116,tctcatacttaactggtt,-28760.436,-28770.771,-10.3359375,-28765.24,-28764.957,0.28320312,-10.619141
25850,actgtgcccggcctagtc,-28760.436,-28770.773,-10.337891,-28765.24,-28773.906,-8.666016,-1.671875
23516,ggttttcagttatgcaac,-28760.436,-28770.773,-10.337891,-28765.24,-28766.96,-1.7207031,-8.6171875
21391,ggaatggaaaagatggga,-28760.436,-28770.777,-10.341797,-28765.24,-28768.809,-3.5683594,-6.7734375
25998,cggcaatgtttttaaatt,-28760.436,-28770.781,-10.345703,-28765.24,-28757.188,8.052734,-18.398438
26728,tttctgatcatattttgt,-28760.436,-28770.785,-10.349609,-28765.24,-28768.664,-3.4238281,-6.9257812
24661,gacacaggtagtttaagg,-28760.436,-28770.791,-10.355469,-28765.24,-28771.125,-5.8847656,-4.470703
23637,ttgtctattttagatatt,-28760.436,-28770.793,-10.357422,-28765.24,-28761.059,4.1816406,-14.5390625
21367,tctctgatttgaaattga,-28760.436,-28770.793,-10.357422,-28765.24,-28770.66,-5.419922,-4.9375
23007,taatttgttttgagatca,-28760.436,-28770.797,-10.361328,-28765.24,-28767.078,-1.8378906,-8.5234375
24260,ttcttaacctttgttcta,-28760.436,-28770.8,-10.365234,-28765.24,-28769.895,-4.654297,-5.7109375
21140,gtagttatgtgactttgt,-28760.436,-28770.803,-10.3671875,-28765.24,-28770.805,-5.564453,-4.8027344
26973,tggtttgtggaaaacaaa,-28760.436,-28770.805,-10.369141,-28765.24,-28768.049,-2.8085938,-7.560547
23171,ctttgaaagtatacaagt,-28760.436,-28770.81,-10.375,-28765.24,-28763.898,1.3417969,-11.716797
24372,aatgttgttgaaataaca,-28760.436,-28770.81,-10.375,-28765.24,-28773.992,-8.751953,-1.6230469
21392,gaatggaaaagatgggat,-28760.436,-28770.812,-10.376953,-28765.24,-28774.066,-8.826172,-1.5507812
21217,aaaaaatacaactgtctg,-28760.436,-28770.818,-10.3828125,-28765.24,-28773.66,-8.419922,-1.9628906
21780,aacttgtcactttatacg,-28760.436,-28770.82,-10.384766,-28765.24,-28760.674,4.5664062,-14.951172
26682,ttctttgggataactttt,-28760.436,-28770.82,-10.384766,-28765.24,-28773.342,-8.1015625,-2.2832031
27095,aatctacatccctactag,-28760.436,-28770.822,-10.386719,-28765.24,-28767.57,-2.3300781,-8.056641
23645,tttagatattatatataa,-28760.436,-28770.824,-10.388672,-28765.24,-28762.355,2.8847656,-13.2734375
22977,atgaccaaaaagtaataa,-28760.436,-28770.824,-10.388672,-28765.24,-28769.7,-4.4589844,-5.9296875
26746,tgaataaaataagtaaaa,-28760.436,-28770.826,-10.390625,-28765.24,-28771.797,-6.5566406,-3.8339844
23861,gaataatgttgctatgaa,-28760.436,-28770.832,-10.396484,-28765.24,-28769.457,-4.216797,-6.1796875
24536,agagacagaggacatttg,-28760.436,-28770.836,-10.400391,-28765.24,-28775.234,-9.994141,-0.40625
21137,tttgtagttatgtgactt,-28760.436,-28770.842,-10.40625,-28765.24,-28767.879,-2.6386719,-7.767578
23718,attttcaagattcatcca,-28760.436,-28770.848,-10.412109,-28765.24,-28771.258,-6.017578,-4.3945312
22269,tttttaaatgtatcatct,-28760.436,-28770.86,-10.423828,-28765.24,-28764.256,0.984375,-11.408203
26694,acttttaaagtacattaa,-28760.436,-28770.867,-10.431641,-28765.24,-28761.723,3.5175781,-13.949219
21168,tataaaatactacttgct,-28760.436,-28770.867,-10.431641,-28765.24,-28764.17,1.0703125,-11.501953
21258,tccctaagtataatttta,-28760.436,-28770.871,-10.435547,-28765.24,-28768.465,-3.2246094,-7.2109375
24288,gtggttgagataggctct,-28760.436,-28770.879,-10.443359,-28765.24,-28781.896,-16.65625,6.2128906
21315,ttgattatacacttttga,-28760.436,-28770.883,-10.447266,-28765.24,-28777.709,-12.46875,2.0214844
23736,tgctgtagaatgcaccag,-28760.436,-28770.883,-10.447266,-28765.24,-28768.79,-3.5488281,-6.8984375
25044,tgaaagaagaaaaatcag,-28760.436,-28770.883,-10.447266,-28765.24,-28767.137,-1.8964844,-8.550781
26722,acttaatttctgatcata,-28760.436,-28770.898,-10.462891,-28765.24,-28760.084,5.15625,-15.619141
26744,gttgaataaaataagtaa,-28760.436,-28770.898,-10.462891,-28765.24,-28768.107,-2.8671875,-7.595703
24520,gcattgaagccagaagag,-28760.436,-28770.904,-10.46875,-28765.24,-28773.648,-8.408203,-2.0605469
25990,actgtgaccggcaatgtt,-28760.436,-28770.91,-10.474609,-28765.24,-28761.316,3.9238281,-14.3984375
23688,ttgtgtctggcttctttc,-28760.436,-28770.922,-10.486328,-28765.24,-28766.488,-1.2480469,-9.238281
27266,ctctgacatatgaagtgc,-28760.436,-28770.924,-10.488281,-28765.24,-28768.521,-3.28125,-7.2070312
23618,actttctgtctctatgaa,-28760.436,-28770.926,-10.490234,-28765.24,-28773.133,-7.892578,-2.5976562
27335,gtcaagcctctggttcta,-28760.436,-28770.926,-10.490234,-28765.24,-28771.506,-6.265625,-4.2246094
26785,ttttaacatccatataaa,-28760.436,-28770.93,-10.494141,-28765.24,-28768.365,-3.125,-7.3691406
21824,gtattttagtcagaacat,-28760.436,-28770.932,-10.496094,-28765.24,-28765.809,-0.5683594,-9.927734
27014,cagatgttagaaagttga,-28760.436,-28770.934,-10.498047,-28765.24,-28759.191,6.048828,-16.546875
24383,aataacataaaataggtt,-28760.436,-28770.938,-10.501953,-28765.24,-28762.37,2.8710938,-13.373047
23721,ttcaagattcatccatgc,-28760.436,-28770.945,-10.509766,-28765.24,-28768.018,-2.7773438,-7.732422
22222,tttttagtaaattaatat,-28760.436,-28770.945,-10.509766,-28765.24,-28762.465,2.7753906,-13.285156
26742,ttgttgaataaaataagt,-28760.436,-28770.95,-10.513672,-28765.24,-28770.916,-5.6757812,-4.8378906
26869,gGGTTTTAGACAAAATCA,-28760.436,-28770.95,-10.513672,-28765.24,-28769.5,-4.2597656,-6.2539062
26811,tatatagctatctatatc,-28760.436,-28770.957,-10.521484,-28765.24,-28768.49,-3.25,-7.2714844
27004,ttaaaaagttcagatgtt,-28760.436,-28770.96,-10.525391,-28765.24,-28770.035,-4.794922,-5.7304688
27118,tcatacttaactggttgg,-28760.436,-28770.965,-10.529297,-28765.24,-28772.057,-6.8164062,-3.7128906
23523,agttatgcaaccatcact,-28760.436,-28770.979,-10.542969,-28765.24,-28764.203,1.0371094,-11.580078
22716,gccaacatggtgactact,-28760.436,-28771.0,-10.564453,-28765.24,-28755.82,9.419922,-19.984375
22231,aattaatatagaagaaac,-28760.436,-28771.004,-10.568359,-28765.24,-28762.674,2.5664062,-13.134766
24270,ttgttctactgaagccac,-28760.436,-28771.008,-10.572266,-28765.24,-28760.242,4.998047,-15.5703125
26697,tttaaagtacattaaaag,-28760.436,-28771.008,-10.572266,-28765.24,-28765.63,-0.390625,-10.181641
21829,ttagtcagaacatttaaa,-28760.436,-28771.012,-10.576172,-28765.24,-28763.656,1.5839844,-12.160156
21105,gtaatcactcagcatctt,-28760.436,-28771.012,-10.576172,-28765.24,-28768.547,-3.3066406,-7.2695312
24409,gatactcattagtaacaa,-28760.436,-28771.014,-10.578125,-28765.24,-28766.27,-1.0292969,-9.548828
21216,aaaaaaatacaactgtct,-28760.436,-28771.016,-10.580078,-28765.24,-28762.895,2.3457031,-12.925781
23748,caccagtactgcattcct,-28760.436,-28771.021,-10.5859375,-28765.24,-28773.293,-8.052734,-2.5332031
23830,atttaggttgtttttatt,-28760.436,-28771.031,-10.595703,-28765.24,-28755.578,9.662109,-20.257812
22446,aaataccaaaaaaaattt,-28760.436,-28771.033,-10.597656,-28765.24,-28768.709,-3.46875,-7.1289062
24823,ctactaaaaaaaatacaa,-28760.436,-28771.04,-10.603516,-28765.24,-28775.064,-9.824219,-0.7792969
21162,taaatttataaaatacta,-28760.436,-28771.043,-10.607422,-28765.24,-28762.574,2.6660156,-13.2734375
22178,ttgtgccctgctaaaatt,-28760.436,-28771.043,-10.607422,-28765.24,-28755.625,9.615234,-20.222656
22238,atagaagaaacaactgac,-28760.436,-28771.047,-10.611328,-28765.24,-28761.857,3.3828125,-13.994141
26767,cttgtgaaacaaaatgct,-28760.436,-28771.062,-10.626953,-28765.24,-28764.043,1.1972656,-11.824219
22244,gaaacaactgacttaaag,-28760.436,-28771.062,-10.626953,-28765.24,-28770.521,-5.28125,-5.345703
27204,ggcagaccagcagacttt,-28760.436,-28771.066,-10.630859,-28765.24,-28761.035,4.205078,-14.8359375
21348,tttctaaataatgtttta,-28760.436,-28771.066,-10.630859,-28765.24,-28764.26,0.98046875,-11.611328
22185,ctgctaaaattatgatgt,-28760.436,-28771.07,-10.634766,-28765.24,-28760.703,4.5371094,-15.171875
22228,gtaaattaatatagaaga,-28760.436,-28771.07,-10.634766,-28765.24,-28768.07,-2.8300781,-7.8046875
26823,tatatctatatagctatt,-28760.436,-28771.074,-10.638672,-28765.24,-28760.062,5.1777344,-15.816406
24349,gcagaatgcaaatgacta,-28760.436,-28771.082,-10.646484,-28765.24,-28765.805,-0.5644531,-10.082031
23098,tatataaagtattggtat,-28760.436,-28771.086,-10.650391,-28765.24,-28762.94,2.3007812,-12.951172
21765,gggagtatggcttcaaac,-28760.436,-28771.092,-10.65625,-28765.24,-28767.898,-2.6582031,-7.998047
23143,gaaataattcacatggtg,-28760.436,-28771.092,-10.65625,-28765.24,-28766.678,-1.4375,-9.21875
21418,ataaatgaaaaatgaaat,-28760.436,-28771.096,-10.660156,-28765.24,-28762.973,2.2675781,-12.927734
22191,aaattatgatgtgatatt,-28760.436,-28771.102,-10.666016,-28765.24,-28765.688,-0.44726562,-10.21875
23520,ttcagttatgcaaccatc,-28760.436,-28771.111,-10.675781,-28765.24,-28754.236,11.003906,-21.679688
26989,aatgtttttgaacattta,-28760.436,-28771.113,-10.677734,-28765.24,-28761.254,3.9863281,-14.6640625
21412,tttttcataaatgaaaaa,-28760.436,-28771.115,-10.6796875,-28765.24,-28766.523,-1.2832031,-9.396484
25911,tgttctccaaatccgacc,-28760.436,-28771.121,-10.685547,-28765.24,-28769.04,-3.7988281,-6.8867188
22915,cacgcttcagttgttgta,-28760.436,-28771.121,-10.685547,-28765.24,-28763.18,2.0605469,-12.746094
22889,gagaatttgcggagggaa,-28760.436,-28771.13,-10.6953125,-28765.24,-28773.209,-7.96875,-2.7265625
25046,aaagaagaaaaatcagct,-28760.436,-28771.133,-10.697266,-28765.24,-28769.52,-4.279297,-6.4179688
26019,tacatttaaattttattt,-28760.436,-28771.15,-10.714844,-28765.24,-28767.684,-2.4433594,-8.271484
23674,cgatatgtggtcttttgt,-28760.436,-28771.158,-10.722656,-28765.24,-28764.092,1.1484375,-11.871094
26781,tgctttttaacatccata,-28760.436,-28771.158,-10.722656,-28765.24,-28769.389,-4.1484375,-6.5742188
21366,atctctgatttgaaattg,-28760.436,-28771.166,-10.730469,-28765.24,-28765.195,0.044921875,-10.775391
23112,gtataatttatgttctaa,-28760.436,-28771.168,-10.732422,-28765.24,-28763.479,1.7617188,-12.494141
26684,ctttgggataacttttaa,-28760.436,-28771.17,-10.734375,-28765.24,-28767.79,-2.5488281,-8.185547
26715,actatcaacttaatttct,-28760.436,-28771.184,-10.748047,-28765.24,-28770.871,-5.6308594,-5.1171875
26513,acgccggcctaattttta,-28760.436,-28771.188,-10.751953,-28765.24,-28770.113,-4.873047,-5.8789062
24402,taactttgatactcatta,-28760.436,-28771.193,-10.7578125,-28765.24,-28763.309,1.9316406,-12.689453
21382,tgattgtagggaatggaa,-28760.436,-28771.193,-10.7578125,-28765.24,-28762.031,3.2089844,-13.966797
23137,tcttgagaaataattcac,-28760.436,-28771.203,-10.767578,-28765.24,-28770.8,-5.560547,-5.2070312
26679,gttttctttgggataact,-28760.436,-28771.205,-10.769531,-28765.24,-28771.17,-5.9296875,-4.8398438
22448,ataccaaaaaaaatttag,-28760.436,-28771.205,-10.769531,-28765.24,-28775.72,-10.480469,-0.2890625
24680,catatattttatttgatg,-28760.436,-28771.213,-10.777344,-28765.24,-28764.861,0.37890625,-11.15625
21385,ttgtagggaatggaaaag,-28760.436,-28771.215,-10.779297,-28765.24,-28774.637,-9.396484,-1.3828125
26881,AAATCAAAAAGAAGGAAG,-28760.436,-28771.219,-10.783203,-28765.24,-28770.51,-5.2695312,-5.513672
23074,tatttgaaaaaaatacat,-28760.436,-28771.223,-10.787109,-28765.24,-28768.16,-2.9199219,-7.8671875
26339,attagaggtccccaccac,-28760.436,-28771.223,-10.787109,-28765.24,-28775.834,-10.59375,-0.19335938
23562,caccccaaaaagaaaccc,-28760.436,-28771.223,-10.787109,-28765.24,-28769.145,-3.9042969,-6.8828125
26979,gtggaaaacaaatgtttt,-28760.436,-28771.225,-10.7890625,-28765.24,-28771.453,-6.2128906,-4.576172
23009,atttgttttgagatcagt,-28760.436,-28771.229,-10.792969,-28765.24,-28771.285,-6.044922,-4.748047
21256,tgtccctaagtataattt,-28760.436,-28771.23,-10.794922,-28765.24,-28762.258,2.9824219,-13.777344
21710,tgaaatttttttaatgca,-28760.436,-28771.23,-10.794922,-28765.24,-28764.676,0.5644531,-11.359375
25906,caggctgttctccaaatc,-28760.436,-28771.234,-10.798828,-28765.24,-28767.145,-1.9042969,-8.894531
27212,agcagacttttttttatt,-28760.436,-28771.234,-10.798828,-28765.24,-28762.502,2.7382812,-13.537109
23539,ctacaatttaagaacatt,-28760.436,-28771.234,-10.798828,-28765.24,-28761.816,3.4238281,-14.222656
24487,gcaagctagtatacatgt,-28760.436,-28771.234,-10.798828,-28765.24,-28761.988,3.2519531,-14.050781
26645,actgcaagaaaaccttaa,-28760.436,-28771.234,-10.798828,-28765.24,-28762.8,2.4394531,-13.238281
27262,tacactctgacatatgaa,-28760.436,-28771.252,-10.816406,-28765.24,-28767.994,-2.7539062,-8.0625
24476,gggaagccactgcaagct,-28760.436,-28771.262,-10.826172,-28765.24,-28771.473,-6.232422,-4.59375
26984,aaacaaatgtttttgaac,-28760.436,-28771.266,-10.830078,-28765.24,-28767.27,-2.0292969,-8.800781
21732,gatctggggtaatgtgta,-28760.436,-28771.277,-10.841797,-28765.24,-28775.633,-10.392578,-0.44921875
25851,ctgtgcccggcctagtct,-28760.436,-28771.285,-10.849609,-28765.24,-28768.598,-3.3574219,-7.4921875
21712,aaatttttttaatgcaca,-28760.436,-28771.295,-10.859375,-28765.24,-28770.41,-5.169922,-5.689453
21298,gctattgttagattattt,-28760.436,-28771.303,-10.8671875,-28765.24,-28764.469,0.7714844,-11.638672
23561,tcaccccaaaaagaaacc,-28760.436,-28771.309,-10.873047,-28765.24,-28773.285,-8.044922,-2.828125
24539,gacagaggacatttgggc,-28760.436,-28771.309,-10.873047,-28765.24,-28771.91,-6.669922,-4.203125
25970,aggcattacaggcatgag,-28760.436,-28771.314,-10.878906,-28765.24,-28778.947,-13.707031,2.828125
24341,aaatctaagcagaatgca,-28760.436,-28771.316,-10.880859,-28765.24,-28773.342,-8.1015625,-2.7792969
27282,gctctagtcaagtttaac,-28760.436,-28771.324,-10.888672,-28765.24,-28766.605,-1.3652344,-9.5234375
24993,aaaaaaaaaaaaataagg,-28760.436,-28771.324,-10.888672,-28765.24,-28769.555,-4.314453,-6.5742188
24559,gatctgacaagaaaaaca,-28760.436,-28771.328,-10.892578,-28765.24,-28768.852,-3.6113281,-7.28125
24619,ttagtgaatactggtgtt,-28760.436,-28771.336,-10.900391,-28765.24,-28768.406,-3.1660156,-7.734375
23586,cttcattttccccagccc,-28760.436,-28771.336,-10.900391,-28765.24,-28768.719,-3.4785156,-7.421875
24250,aagctaacaattcttaac,-28760.436,-28771.338,-10.902344,-28765.24,-28769.674,-4.4335938,-6.46875
21369,tctgatttgaaattgatt,-28760.436,-28771.344,-10.908203,-28765.24,-28772.037,-6.796875,-4.111328
21703,agagaaatgaaatttttt,-28760.436,-28771.344,-10.908203,-28765.24,-28770.576,-5.3359375,-5.5722656
27038,aatgtaaaacaatcaata,-28760.436,-28771.35,-10.9140625,-28765.24,-28760.559,4.6816406,-15.595703
21169,ataaaatactacttgctt,-28760.436,-28771.36,-10.923828,-28765.24,-28768.688,-3.4472656,-7.4765625
27109,ctagaattctcatactta,-28760.436,-28771.36,-10.923828,-28765.24,-28758.023,7.216797,-18.140625
21838,acatttaaaattatttta,-28760.436,-28771.36,-10.923828,-28765.24,-28764.191,1.0488281,-11.972656
23866,atgttgctatgaacattc,-28760.436,-28771.36,-10.923828,-28765.24,-28773.193,-7.953125,-2.9707031
22297,ccattaatattcttattt,-28760.436,-28771.363,-10.927734,-28765.24,-28764.441,0.7988281,-11.7265625
21387,gtagggaatggaaaagat,-28760.436,-28771.365,-10.9296875,-28765.24,-28772.9,-7.6601562,-3.2695312
22213,gcacttgtatttttagta,-28760.436,-28771.37,-10.933594,-28765.24,-28768.092,-2.8515625,-8.082031
24570,aaaaacaaatgttttagt,-28760.436,-28771.377,-10.941406,-28765.24,-28768.832,-3.5917969,-7.3496094
27292,agtttaactggtgtccac,-28760.436,-28771.377,-10.941406,-28765.24,-28767.254,-2.0136719,-8.927734
21419,taaatgaaaaatgaaatt,-28760.436,-28771.387,-10.951172,-28765.24,-28765.22,0.01953125,-10.970703
27333,tcgtcaagcctctggttc,-28760.436,-28771.389,-10.953125,-28765.24,-28776.521,-11.28125,0.328125
23737,gctgtagaatgcaccagt,-28760.436,-28771.389,-10.953125,-28765.24,-28760.99,4.25,-15.203125
24411,tactcattagtaacaaat,-28760.436,-28771.395,-10.958984,-28765.24,-28758.898,6.341797,-17.300781
24540,acagaggacatttgggct,-28760.436,-28771.402,-10.966797,-28765.24,-28761.004,4.236328,-15.203125
26918,TAAGGAgtaagtctgcca,-28760.436,-28771.402,-10.966797,-28765.24,-28772.27,-7.029297,-3.9375
24640,tggtctcattttaataag,-28760.436,-28771.406,-10.970703,-28765.24,-28764.348,0.8925781,-11.863281
24408,tgatactcattagtaaca,-28760.436,-28771.43,-10.994141,-28765.24,-28762.248,2.9921875,-13.986328
26841,ttttttaacttcctttat,-28760.436,-28771.43,-10.994141,-28765.24,-28774.379,-9.138672,-1.8554688
21297,tgctattgttagattatt,-28760.436,-28771.434,-10.998047,-28765.24,-28774.773,-9.533203,-1.4648438
25354,aagaaaaatattttttta,-28760.436,-28771.438,-11.001953,-28765.24,-28773.854,-8.613281,-2.3886719
21138,ttgtagttatgtgacttt,-28760.436,-28771.443,-11.0078125,-28765.24,-28767.264,-2.0234375,-8.984375
26006,tttttaaattttttacat,-28760.436,-28771.459,-11.0234375,-28765.24,-28768.096,-2.8554688,-8.167969
23849,ttgggctataatgaataa,-28760.436,-28771.46,-11.025391,-28765.24,-28770.656,-5.4160156,-5.609375
21299,ctattgttagattatttt,-28760.436,-28771.465,-11.029297,-28765.24,-28763.312,1.9277344,-12.957031
23542,caatttaagaacattttc,-28760.436,-28771.469,-11.033203,-28765.24,-28765.34,-0.099609375,-10.933594
26968,ctttatggtttgtggaaa,-28760.436,-28771.477,-11.041016,-28765.24,-28774.941,-9.701172,-1.3398438
23124,ttctaaataactttcttg,-28760.436,-28771.479,-11.042969,-28765.24,-28766.22,-0.98046875,-10.0625
26017,tttacatttaaattttat,-28760.436,-28771.48,-11.044922,-28765.24,-28766.842,-1.6015625,-9.443359
21278,taattttaaaaagctttc,-28760.436,-28771.482,-11.046875,-28765.24,-28765.047,0.19335938,-11.240234
23118,tttatgttctaaataact,-28760.436,-28771.488,-11.052734,-28765.24,-28771.223,-5.982422,-5.0703125
21751,cacattgaaccttgggga,-28760.436,-28771.494,-11.058594,-28765.24,-28775.05,-9.810547,-1.2480469
21342,atactttttctaaataat,-28760.436,-28771.496,-11.060547,-28765.24,-28760.975,4.265625,-15.326172
21239,ttaaattactcttgcatt,-28760.436,-28771.496,-11.060547,-28765.24,-28775.21,-9.970703,-1.0898438
23707,cttagcatgctattttca,-28760.436,-28771.502,-11.066406,-28765.24,-28765.25,-0.009765625,-11.056641
23859,atgaataatgttgctatg,-28760.436,-28771.508,-11.072266,-28765.24,-28762.152,3.0878906,-14.160156
26517,cggcctaatttttaaatt,-28760.436,-28771.514,-11.078125,-28765.24,-28775.637,-10.396484,-0.6816406
22908,aaaaagtcacgcttcagt,-28760.436,-28771.518,-11.082031,-28765.24,-28767.527,-2.2871094,-8.794922
25368,tttaaattaattagttta,-28760.436,-28771.52,-11.083984,-28765.24,-28769.598,-4.357422,-6.7265625
21303,tgttagattattttgatt,-28760.436,-28771.523,-11.087891,-28765.24,-28768.762,-3.5214844,-7.5664062
27152,tactttcacaataaagag,-28760.436,-28771.525,-11.089844,-28765.24,-28771.395,-6.154297,-4.935547
25991,ctgtgaccggcaatgttt,-28760.436,-28771.531,-11.095703,-28765.24,-28757.717,7.5234375,-18.61914
23757,tgcattccttcttattgc,-28760.436,-28771.537,-11.1015625,-28765.24,-28772.77,-7.529297,-3.5722656
22155,aaattatttttaaaagta,-28760.436,-28771.54,-11.103516,-28765.24,-28766.479,-1.2382812,-9.865234
24031,tcctgcctcagcccgaca,-28760.436,-28771.543,-11.107422,-28765.24,-28773.953,-8.712891,-2.3945312
22896,tgcggagggaaaaaaaag,-28760.436,-28771.543,-11.107422,-28765.24,-28772.621,-7.3808594,-3.7265625
26929,tctgccagcattatgaaa,-28760.436,-28771.545,-11.109375,-28765.24,-28764.875,0.36523438,-11.474609
27194,atcactagtaggcagacc,-28760.436,-28771.55,-11.115234,-28765.24,-28766.668,-1.4277344,-9.6875
26755,taagtaaaatgtcttgtg,-28760.436,-28771.553,-11.1171875,-28765.24,-28768.434,-3.1933594,-7.923828
21425,aaaaatgaaattcttttt,-28760.436,-28771.555,-11.119141,-28765.24,-28768.912,-3.671875,-7.4472656
22970,cattttaatgaccaaaaa,-28760.436,-28771.559,-11.123047,-28765.24,-28762.217,3.0234375,-14.146484
23512,ttttggttttcagttatg,-28760.436,-28771.559,-11.123047,-28765.24,-28773.156,-7.9160156,-3.2070312
24672,tttaaggtcatatatttt,-28760.436,-28771.559,-11.123047,-28765.24,-28763.082,2.1582031,-13.28125
25987,gccactgtgaccggcaat,-28760.436,-28771.56,-11.125,-28765.24,-28769.627,-4.3867188,-6.7382812
23023,cagttatctgactgtaac,-28760.436,-28771.562,-11.126953,-28765.24,-28774.8,-9.560547,-1.5664062
25364,tttttttaaattaattag,-28760.436,-28771.562,-11.126953,-28765.24,-28773.277,-8.037109,-3.0898438
24550,tttgggctagatctgaca,-28760.436,-28771.562,-11.126953,-28765.24,-28769.074,-3.8339844,-7.2929688
27151,atactttcacaataaaga,-28760.436,-28771.562,-11.126953,-28765.24,-28763.23,2.0097656,-13.136719
21768,agtatggcttcaaacttg,-28760.436,-28771.564,-11.128906,-28765.24,-28763.094,2.1464844,-13.275391
23529,gcaaccatcactacaatt,-28760.436,-28771.566,-11.130859,-28765.24,-28768.434,-3.1933594,-7.9375
21420,aaatgaaaaatgaaattc,-28760.436,-28771.576,-11.140625,-28765.24,-28772.555,-7.314453,-3.8261719
21265,gtataattttagttaatt,-28760.436,-28771.578,-11.142578,-28765.24,-28772.121,-6.8808594,-4.2617188
24604,aaattttttttttattta,-28760.436,-28771.582,-11.146484,-28765.24,-28772.27,-7.029297,-4.1171875
23623,ctgtctctatgaatttgt,-28760.436,-28771.59,-11.154297,-28765.24,-28766.873,-1.6328125,-9.521484
21776,ttcaaacttgtcacttta,-28760.436,-28771.61,-11.173828,-28765.24,-28767.566,-2.3261719,-8.847656
27241,taacctaggcatactgca,-28760.436,-28771.61,-11.173828,-28765.24,-28765.521,-0.28125,-10.892578
23677,tatgtggtcttttgtgtc,-28760.436,-28771.613,-11.177734,-28765.24,-28768.08,-2.8398438,-8.337891
23003,cttgtaatttgttttgag,-28760.436,-28771.615,-11.1796875,-28765.24,-28772.527,-7.2871094,-3.8925781
26943,gaaagtgaatcttacttt,-28760.436,-28771.617,-11.181641,-28765.24,-28764.297,0.9433594,-12.125
24576,aaatgttttagtattaat,-28760.436,-28771.621,-11.185547,-28765.24,-28761.473,3.7675781,-14.953125
22884,agagtgagaatttgcgga,-28760.436,-28771.621,-11.185547,-28765.24,-28771.836,-6.595703,-4.5898438
23687,tttgtgtctggcttcttt,-28760.436,-28771.621,-11.185547,-28765.24,-28760.637,4.6035156,-15.7890625
24541,cagaggacatttgggcta,-28760.436,-28771.625,-11.189453,-28765.24,-28774.12,-8.878906,-2.3105469
21310,ttattttgattatacact,-28760.436,-28771.633,-11.197266,-28765.24,-28774.72,-9.480469,-1.7167969
24325,tatctttttgtcttagaa,-28760.436,-28771.633,-11.197266,-28765.24,-28770.754,-5.513672,-5.6835938
21332,aattgaaattatactttt,-28760.436,-28771.637,-11.201172,-28765.24,-28768.027,-2.7871094,-8.4140625
21394,atggaaaagatgggataa,-28760.436,-28771.643,-11.207031,-28765.24,-28759.918,5.3222656,-16.529297
24590,taatttttgactttaaat,-28760.436,-28771.645,-11.208984,-28765.24,-28766.195,-0.9550781,-10.253906
21374,tttgaaattgattgtagg,-28760.436,-28771.645,-11.208984,-28765.24,-28770.676,-5.435547,-5.7734375
22952,tatgtatcatgaattcct,-28760.436,-28771.648,-11.212891,-28765.24,-28757.273,7.966797,-19.179688
26944,aaagtgaatcttactttt,-28760.436,-28771.656,-11.220703,-28765.24,-28761.225,4.015625,-15.236328
26946,agtgaatcttacttttgt,-28760.436,-28771.658,-11.222656,-28765.24,-28777.352,-12.111328,0.8886719
24516,gaaagcattgaagccaga,-28760.436,-28771.658,-11.222656,-28765.24,-28766.762,-1.5214844,-9.701172
21411,atttttcataaatgaaaa,-28760.436,-28771.66,-11.224609,-28765.24,-28776.467,-11.2265625,0.001953125
26681,tttctttgggataacttt,-28760.436,-28771.668,-11.232422,-28765.24,-28764.516,0.7246094,-11.957031
26724,ttaatttctgatcatatt,-28760.436,-28771.676,-11.240234,-28765.24,-28764.758,0.48242188,-11.722656
22720,acatggtgactactccat,-28760.436,-28771.684,-11.248047,-28765.24,-28759.512,5.7285156,-16.976562
21156,gttttgtaaatttataaa,-28760.436,-28771.686,-11.25,-28765.24,-28763.836,1.4042969,-12.654297
21694,ggccttccaagagaaatg,-28760.436,-28771.691,-11.255859,-28765.24,-28764.912,0.328125,-11.583984
24378,gttgaaataacataaaat,-28760.436,-28771.695,-11.259766,-28765.24,-28768.902,-3.6621094,-7.5976562
22258,aaaggtgtatgtttttaa,-28760.436,-28771.703,-11.267578,-28765.24,-28754.293,10.947266,-22.214844
22206,attgtaggcacttgtatt,-28760.436,-28771.707,-11.271484,-28765.24,-28771.668,-6.4277344,-4.84375
23567,caaaaagaaaccctgtta,-28760.436,-28771.71,-11.275391,-28765.24,-28771.379,-6.138672,-5.1367188
24365,taagaataatgttgttga,-28760.436,-28771.71,-11.275391,-28765.24,-28762.703,2.5371094,-13.8125
23847,ttttgggctataatgaat,-28760.436,-28771.71,-11.275391,-28765.24,-28772.934,-7.6933594,-3.5820312
27089,aaggttaatctacatccc,-28760.436,-28771.719,-11.283203,-28765.24,-28772.469,-7.2285156,-4.0546875
27198,ctagtaggcagaccagca,-28760.436,-28771.72,-11.285156,-28765.24,-28774.598,-9.357422,-1.9277344
27024,aaagttgaaaggttaatg,-28760.436,-28771.723,-11.287109,-28765.24,-28762.934,2.3066406,-13.59375
21320,tatacacttttgaattga,-28760.436,-28771.734,-11.298828,-28765.24,-28773.77,-8.529297,-2.7695312
22911,aagtcacgcttcagttgt,-28760.436,-28771.738,-11.302734,-28765.24,-28768.66,-3.4199219,-7.8828125
27175,ggatatgatgccatttta,-28760.436,-28771.738,-11.302734,-28765.24,-28765.557,-0.31640625,-10.986328
26712,aagactatcaacttaatt,-28760.436,-28771.74,-11.3046875,-28765.24,-28758.633,6.607422,-17.91211
24425,aaatctttcaatacatct,-28760.436,-28771.75,-11.314453,-28765.24,-28770.559,-5.3183594,-5.9960938
26956,acttttgtaaaactttat,-28760.436,-28771.75,-11.314453,-28765.24,-28771.398,-6.158203,-5.15625
23856,ataatgaataatgttgct,-28760.436,-28771.754,-11.318359,-28765.24,-28772.354,-7.1132812,-4.205078
24433,caatacatcttacggtct,-28760.436,-28771.762,-11.326172,-28765.24,-28765.266,-0.025390625,-11.300781
27001,catttaaaaagttcagat,-28760.436,-28771.762,-11.326172,-28765.24,-28767.371,-2.1308594,-9.1953125
24694,gatgaaaataaggtatag,-28760.436,-28771.764,-11.328125,-28765.24,-28769.95,-4.7089844,-6.6191406
25951,cctccaaaagtgcaaggc,-28760.436,-28771.764,-11.328125,-28765.24,-28775.812,-10.572266,-0.7558594
22059,gtttcaccgtggtctcga,-28760.436,-28771.77,-11.333984,-28765.24,-28773.543,-8.302734,-3.03125
23560,atcaccccaaaaagaaac,-28760.436,-28771.777,-11.341797,-28765.24,-28761.793,3.4472656,-14.7890625
27239,gataacctaggcatactg,-28760.436,-28771.781,-11.345703,-28765.24,-28765.422,-0.18164062,-11.1640625
23492,gaaagtatacaagtcagt,-28760.436,-28771.785,-11.349609,-28765.24,-28765.871,-0.6308594,-10.71875
21146,atgtgactttgttttgta,-28760.436,-28771.79,-11.353516,-28765.24,-28763.25,1.9902344,-13.34375
22975,taatgaccaaaaagtaat,-28760.436,-28771.8,-11.365234,-28765.24,-28770.258,-5.017578,-6.3476562
26882,AATCAAAAAGAAGGAAGG,-28760.436,-28771.803,-11.3671875,-28765.24,-28773.105,-7.8652344,-3.5019531
21322,tacacttttgaattgaaa,-28760.436,-28771.803,-11.3671875,-28765.24,-28776.404,-11.1640625,-0.203125
24230,ttttaatacgtcattgcc,-28760.436,-28771.809,-11.373047,-28765.24,-28766.92,-1.6796875,-9.693359
24474,gtgggaagccactgcaag,-28760.436,-28771.81,-11.375,-28765.24,-28766.54,-1.2988281,-10.076172
21371,tgatttgaaattgattgt,-28760.436,-28771.812,-11.376953,-28765.24,-28771.375,-6.1347656,-5.2421875
23583,taccttcattttccccag,-28760.436,-28771.812,-11.376953,-28765.24,-28761.39,3.8496094,-15.2265625
27110,tagaattctcatacttaa,-28760.436,-28771.812,-11.376953,-28765.24,-28768.764,-3.5234375,-7.8535156
21324,cacttttgaattgaaatt,-28760.436,-28771.82,-11.384766,-28765.24,-28763.803,1.4375,-12.822266
24501,atgtagggaaagatagaa,-28760.436,-28771.828,-11.392578,-28765.24,-28769.172,-3.9316406,-7.4609375
23149,attcacatggtgtgcagt,-28760.436,-28771.836,-11.400391,-28765.24,-28772.514,-7.2734375,-4.126953
24612,tttttatttagtgaatac,-28760.436,-28771.836,-11.400391,-28765.24,-28771.215,-5.9746094,-5.4257812
23153,acatggtgtgcagtttac,-28760.436,-28771.844,-11.408203,-28765.24,-28765.824,-0.5839844,-10.824219
23749,accagtactgcattcctt,-28760.436,-28771.848,-11.412109,-28765.24,-28762.982,2.2578125,-13.669922
27298,actggtgtccacagagga,-28760.436,-28771.857,-11.421875,-28765.24,-28777.924,-12.683594,1.2617188
22327,cagacatggtggcttaca,-28760.436,-28771.861,-11.425781,-28765.24,-28778.203,-12.962891,1.5371094
24582,tttagtattaatttttga,-28760.436,-28771.87,-11.433594,-28765.24,-28770.223,-4.982422,-6.451172
27206,cagaccagcagacttttt,-28760.436,-28771.871,-11.435547,-28765.24,-28767.531,-2.2910156,-9.144531
25903,ggtcaggctgttctccaa,-28760.436,-28771.873,-11.4375,-28765.24,-28763.715,1.5253906,-12.962891
27263,acactctgacatatgaag,-28760.436,-28771.875,-11.439453,-28765.24,-28769.453,-4.2128906,-7.2265625
26518,ggcctaatttttaaattt,-28760.436,-28771.875,-11.439453,-28765.24,-28772.54,-7.298828,-4.140625
27084,gataaaaggttaatctac,-28760.436,-28771.879,-11.443359,-28765.24,-28765.75,-0.5097656,-10.933594
23145,aataattcacatggtgtg,-28760.436,-28771.883,-11.447266,-28765.24,-28768.72,-3.4804688,-7.966797
27248,ggcatactgcactgtaca,-28760.436,-28771.883,-11.447266,-28765.24,-28766.984,-1.7441406,-9.703125
26674,taattgttttctttggga,-28760.436,-28771.887,-11.451172,-28765.24,-28763.717,1.5234375,-12.974609
24512,gatagaaagcattgaagc,-28760.436,-28771.896,-11.4609375,-28765.24,-28772.693,-7.453125,-4.0078125
21185,ttctctctttatattact,-28760.436,-28771.902,-11.466797,-28765.24,-28762.436,2.8046875,-14.271484
26026,aaattttattttttagag,-28760.436,-28771.906,-11.470703,-28765.24,-28772.32,-7.080078,-4.390625
23119,ttatgttctaaataactt,-28760.436,-28771.914,-11.478516,-28765.24,-28760.914,4.326172,-15.8046875
21771,atggcttcaaacttgtca,-28760.436,-28771.926,-11.490234,-28765.24,-28773.406,-8.166016,-3.3242188
21600,cctgtctaattttttgta,-28760.436,-28771.93,-11.494141,-28765.24,-28777.36,-12.119141,0.625
26779,aatgctttttaacatcca,-28760.436,-28771.934,-11.498047,-28765.24,-28767.387,-2.1464844,-9.3515625
23167,ttacctttgaaagtatac,-28760.436,-28771.938,-11.501953,-28765.24,-28767.43,-2.1894531,-9.3125
26193,tttatttttatttattta,-28760.436,-28771.938,-11.501953,-28765.24,-28772.627,-7.3867188,-4.1152344
22196,atgatgtgatattgtagg,-28760.436,-28771.941,-11.505859,-28765.24,-28766.729,-1.4882812,-10.017578
26629,attgtaggcatgagccac,-28760.436,-28771.947,-11.511719,-28765.24,-28772.951,-7.7109375,-3.8007812
23306,ctaaaagtacaaaaacaa,-28760.436,-28771.95,-11.513672,-28765.24,-28768.633,-3.3925781,-8.121094
21201,ctaaaaaataaaaataaa,-28760.436,-28771.953,-11.517578,-28765.24,-28773.55,-8.310547,-3.2070312
26568,gggtggtgtcaagctcca,-28760.436,-28771.96,-11.525391,-28765.24,-28765.488,-0.24804688,-11.277344
23767,cttattgctgaatattct,-28760.436,-28771.965,-11.529297,-28765.24,-28764.953,0.28710938,-11.816406
23569,aaaagaaaccctgttacc,-28760.436,-28771.965,-11.529297,-28765.24,-28769.734,-4.4941406,-7.0351562
23708,ttagcatgctattttcaa,-28760.436,-28771.977,-11.541016,-28765.24,-28758.184,7.0566406,-18.597656
23602,cctaggcagtcagtacac,-28760.436,-28771.979,-11.542969,-28765.24,-28774.416,-9.175781,-2.3671875
24379,ttgaaataacataaaata,-28760.436,-28771.988,-11.552734,-28765.24,-28766.57,-1.3300781,-10.222656
23860,tgaataatgttgctatga,-28760.436,-28771.988,-11.552734,-28765.24,-28770.223,-4.982422,-6.5703125
23754,tactgcattccttcttat,-28760.436,-28771.992,-11.556641,-28765.24,-28764.63,0.609375,-12.166016
26784,tttttaacatccatataa,-28760.436,-28772.0,-11.564453,-28765.24,-28764.127,1.1132812,-12.677734
23800,cacattttatccattcat,-28760.436,-28772.002,-11.566406,-28765.24,-28767.678,-2.4375,-9.128906
22198,gatgtgatattgtaggca,-28760.436,-28772.008,-11.572266,-28765.24,-28760.332,4.908203,-16.480469
27169,gctttaggatatgatgcc,-28760.436,-28772.016,-11.580078,-28765.24,-28766.527,-1.2871094,-10.292969
23614,gtacactttctgtctcta,-28760.436,-28772.016,-11.580078,-28765.24,-28762.598,2.6425781,-14.222656
23501,caagtcagtggttttggt,-28760.436,-28772.021,-11.5859375,-28765.24,-28761.168,4.0722656,-15.658203
23773,gctgaatattctgttgtt,-28760.436,-28772.035,-11.599609,-28765.24,-28771.383,-6.142578,-5.4570312
27219,ttttttttattgtgatat,-28760.436,-28772.04,-11.603516,-28765.24,-28775.137,-9.896484,-1.7070312
23726,gattcatccatgctgtag,-28760.436,-28772.041,-11.605469,-28765.24,-28767.232,-1.9921875,-9.613281
24538,agacagaggacatttggg,-28760.436,-28772.043,-11.607422,-28765.24,-28771.422,-6.1816406,-5.4257812
23619,ctttctgtctctatgaat,-28760.436,-28772.047,-11.611328,-28765.24,-28764.2,1.0410156,-12.652344
24324,ctatctttttgtcttaga,-28760.436,-28772.053,-11.6171875,-28765.24,-28761.61,3.6308594,-15.248047
27279,agtgctctagtcaagttt,-28760.436,-28772.062,-11.626953,-28765.24,-28765.992,-0.7519531,-10.875
22743,ctaaatacacaaaactta,-28760.436,-28772.062,-11.626953,-28765.24,-28775.328,-10.087891,-1.5390625
23765,ttcttattgctgaatatt,-28760.436,-28772.062,-11.626953,-28765.24,-28763.875,1.3652344,-12.9921875
24035,gcctcagcccgacaagta,-28760.436,-28772.07,-11.634766,-28765.24,-28783.367,-18.126953,6.4921875
21728,caaagatctggggtaatg,-28760.436,-28772.072,-11.636719,-28765.24,-28779.5,-14.259766,2.6230469
22981,ccaaaaagtaataaatca,-28760.436,-28772.1,-11.6640625,-28765.24,-28767.738,-2.4980469,-9.166016
26786,tttaacatccatataaag,-28760.436,-28772.104,-11.667969,-28765.24,-28763.588,1.6523438,-13.3203125
22157,attatttttaaaagtaag,-28760.436,-28772.104,-11.667969,-28765.24,-28767.273,-2.0332031,-9.634766
23077,ttgaaaaaaatacataat,-28760.436,-28772.107,-11.671875,-28765.24,-28769.01,-3.7695312,-7.9023438
23064,aattatgaaatatttgaa,-28760.436,-28772.113,-11.677734,-28765.24,-28764.387,0.8535156,-12.53125
23692,gtctggcttctttcactt,-28760.436,-28772.113,-11.677734,-28765.24,-28764.047,1.1933594,-12.871094
23590,attttccccagccctagg,-28760.436,-28772.12,-11.683594,-28765.24,-28769.566,-4.326172,-7.357422
26840,tttttttaacttccttta,-28760.436,-28772.121,-11.685547,-28765.24,-28770.254,-5.013672,-6.671875
26022,atttaaattttatttttt,-28760.436,-28772.123,-11.6875,-28765.24,-28769.113,-3.8730469,-7.814453
27016,gatgttagaaagttgaaa,-28760.436,-28772.125,-11.689453,-28765.24,-28764.307,0.93359375,-12.623047
22993,aaatcaacagcttgtaat,-28760.436,-28772.135,-11.699219,-28765.24,-28763.861,1.3789062,-13.078125
26844,tttaacttcctttatttt,-28760.436,-28772.137,-11.701172,-28765.24,-28763.662,1.578125,-13.279297
21401,agatgggataatttttca,-28760.436,-28772.137,-11.701172,-28765.24,-28762.768,2.4726562,-14.173828
22355,caacagtttgtgaggccg,-28760.436,-28772.137,-11.701172,-28765.24,-28778.508,-13.267578,1.5664062
24033,ctgcctcagcccgacaag,-28760.436,-28772.139,-11.703125,-28765.24,-28769.871,-4.6308594,-7.0722656
27193,tatcactagtaggcagac,-28760.436,-28772.14,-11.705078,-28765.24,-28755.883,9.357422,-21.0625
26162,acagtgataatgccactg,-28760.436,-28772.152,-11.716797,-28765.24,-28769.426,-4.185547,-7.53125
24463,ttagtaatgaagtgggaa,-28760.436,-28772.152,-11.716797,-28765.24,-28767.604,-2.3632812,-9.353516
24614,tttatttagtgaatactg,-28760.436,-28772.152,-11.716797,-28765.24,-28758.297,6.9433594,-18.660156
26023,tttaaattttatttttta,-28760.436,-28772.156,-11.720703,-28765.24,-28765.883,-0.6425781,-11.078125
21427,aaatgaaattcttttttt,-28760.436,-28772.16,-11.724609,-28765.24,-28773.09,-7.8496094,-3.875
24606,attttttttttatttagt,-28760.436,-28772.172,-11.736328,-28765.24,-28764.283,0.95703125,-12.693359
27008,aaagttcagatgttagaa,-28760.436,-28772.178,-11.7421875,-28765.24,-28765.393,-0.15234375,-11.589844
27050,tcaatattaaagaatttt,-28760.436,-28772.18,-11.744141,-28765.24,-28761.344,3.8964844,-15.640625
22143,gcgcccggcctaaaatta,-28760.436,-28772.184,-11.748047,-28765.24,-28777.213,-11.972656,0.22460938
21386,tgtagggaatggaaaaga,-28760.436,-28772.184,-11.748047,-28765.24,-28773.145,-7.904297,-3.84375
23711,gcatgctattttcaagat,-28760.436,-28772.193,-11.7578125,-28765.24,-28756.555,8.685547,-20.44336
23604,taggcagtcagtacactt,-28760.436,-28772.197,-11.761719,-28765.24,-28764.758,0.48242188,-12.244141
24275,ctactgaagccacgtggt,-28760.436,-28772.203,-11.767578,-28765.24,-28768.984,-3.7441406,-8.0234375
22956,tatcatgaattcctcatt,-28760.436,-28772.207,-11.771484,-28765.24,-28766.74,-1.5,-10.271484
21797,gttagtctcctacggaca,-28760.436,-28772.213,-11.777344,-28765.24,-28762.676,2.5644531,-14.341797
27300,tggtgtccacagaggaca,-28760.436,-28772.223,-11.787109,-28765.24,-28766.328,-1.0878906,-10.699219
24588,attaatttttgactttaa,-28760.436,-28772.229,-11.792969,-28765.24,-28762.57,2.6699219,-14.462891
25999,ggcaatgtttttaaattt,-28760.436,-28772.234,-11.798828,-28765.24,-28762.578,2.6621094,-14.4609375
26074,gtgcaagggcacattcac,-28760.436,-28772.234,-11.798828,-28765.24,-28769.383,-4.142578,-7.65625
26749,ataaaataagtaaaatgt,-28760.436,-28772.248,-11.8125,-28765.24,-28767.697,-2.4570312,-9.355469
23823,catggacatttaggttgt,-28760.436,-28772.25,-11.814453,-28765.24,-28765.266,-0.025390625,-11.7890625
24670,agtttaaggtcatatatt,-28760.436,-28772.25,-11.814453,-28765.24,-28764.357,0.8828125,-12.697266
25359,aaatatttttttaaatta,-28760.436,-28772.25,-11.814453,-28765.24,-28770.828,-5.5878906,-6.2265625
21343,tactttttctaaataatg,-28760.436,-28772.252,-11.816406,-28765.24,-28772.762,-7.5214844,-4.294922
27202,taggcagaccagcagact,-28760.436,-28772.252,-11.816406,-28765.24,-28770.84,-5.5996094,-6.216797
24564,gacaagaaaaacaaatgt,-28760.436,-28772.254,-11.818359,-28765.24,-28772.328,-7.0878906,-4.7304688
24615,ttatttagtgaatactgg,-28760.436,-28772.258,-11.822266,-28765.24,-28768.5,-3.2597656,-8.5625
24354,atgcaaatgactaagaat,-28760.436,-28772.264,-11.828125,-28765.24,-28763.738,1.5019531,-13.330078
22938,accttggtatattgtatg,-28760.436,-28772.266,-11.830078,-28765.24,-28759.889,5.3515625,-17.18164
26931,tgccagcattatgaaagt,-28760.436,-28772.268,-11.832031,-28765.24,-28769.266,-4.0253906,-7.8066406
21379,aattgattgtagggaatg,-28760.436,-28772.27,-11.833984,-28765.24,-28774.127,-8.886719,-2.9472656
25984,tgagccactgtgaccggc,-28760.436,-28772.271,-11.8359375,-28765.24,-28769.725,-4.484375,-7.3515625
23150,ttcacatggtgtgcagtt,-28760.436,-28772.281,-11.845703,-28765.24,-28767.94,-2.6992188,-9.146484
27114,attctcatacttaactgg,-28760.436,-28772.293,-11.857422,-28765.24,-28770.86,-5.6191406,-6.2382812
25033,attggacatactgaaaga,-28760.436,-28772.293,-11.857422,-28765.24,-28754.137,11.103516,-22.960938
23025,gttatctgactgtaacac,-28760.436,-28772.295,-11.859375,-28765.24,-28770.992,-5.751953,-6.107422
25971,ggcattacaggcatgagc,-28760.436,-28772.3,-11.865234,-28765.24,-28773.941,-8.701172,-3.1640625
26340,ttagaggtccccaccacc,-28760.436,-28772.303,-11.8671875,-28765.24,-28772.3,-7.060547,-4.8066406
27186,cattttatatcactagta,-28760.436,-28772.305,-11.869141,-28765.24,-28767.432,-2.1914062,-9.677734
27289,tcaagtttaactggtgtc,-28760.436,-28772.318,-11.8828125,-28765.24,-28773.883,-8.642578,-3.2402344
24261,tcttaacctttgttctac,-28760.436,-28772.322,-11.886719,-28765.24,-28767.076,-1.8359375,-10.050781
23762,tccttcttattgctgaat,-28760.436,-28772.326,-11.890625,-28765.24,-28761.25,3.9902344,-15.880859
27078,ctattagataaaaggtta,-28760.436,-28772.332,-11.896484,-28765.24,-28757.355,7.8847656,-19.78125
24227,tgtttttaatacgtcatt,-28760.436,-28772.336,-11.900391,-28765.24,-28770.191,-4.951172,-6.9492188
23610,gtcagtacactttctgtc,-28760.436,-28772.344,-11.908203,-28765.24,-28766.115,-0.875,-11.033203
24300,ggctctgagtctagcttt,-28760.436,-28772.348,-11.912109,-28765.24,-28758.398,6.841797,-18.753906
21166,tttataaaatactacttg,-28760.436,-28772.348,-11.912109,-28765.24,-28766.71,-1.4707031,-10.441406
23578,cctgttaccttcattttc,-28760.436,-28772.348,-11.912109,-28765.24,-28768.467,-3.2265625,-8.685547
22714,tggccaacatggtgacta,-28760.436,-28772.35,-11.9140625,-28765.24,-28776.148,-10.908203,-1.0058594
26830,atatagctatttttttta,-28760.436,-28772.355,-11.919922,-28765.24,-28767.867,-2.6269531,-9.292969
24626,atactggtgtttaatggt,-28760.436,-28772.367,-11.931641,-28765.24,-28774.23,-8.990234,-2.9414062
25995,gaccggcaatgtttttaa,-28760.436,-28772.371,-11.935547,-28765.24,-28756.502,8.738281,-20.673828
21260,cctaagtataattttagt,-28760.436,-28772.371,-11.935547,-28765.24,-28769.32,-4.080078,-7.8554688
26504,tgagccaccacgccggcc,-28760.436,-28772.383,-11.947266,-28765.24,-28773.746,-8.505859,-3.4414062
27185,ccattttatatcactagt,-28760.436,-28772.387,-11.951172,-28765.24,-28775.637,-10.396484,-1.5546875
23509,tggttttggttttcagtt,-28760.436,-28772.402,-11.966797,-28765.24,-28768.201,-2.9609375,-9.005859
27077,actattagataaaaggtt,-28760.436,-28772.41,-11.974609,-28765.24,-28769.684,-4.4433594,-7.53125
25957,aaagtgcaaggcaaggca,-28760.436,-28772.412,-11.9765625,-28765.24,-28768.969,-3.7285156,-8.248047
26737,atattttgttgaataaaa,-28760.436,-28772.414,-11.978516,-28765.24,-28767.986,-2.7460938,-9.232422
26002,aatgtttttaaatttttt,-28760.436,-28772.414,-11.978516,-28765.24,-28766.672,-1.4316406,-10.546875
24340,gaaatctaagcagaatgc,-28760.436,-28772.422,-11.986328,-28765.24,-28765.479,-0.23828125,-11.748047
26888,AAAGAAGGAAGGTGCTCA,-28760.436,-28772.424,-11.988281,-28765.24,-28767.975,-2.734375,-9.253906
24369,aataatgttgttgaaata,-28760.436,-28772.428,-11.9921875,-28765.24,-28765.62,-0.37890625,-11.613281
27297,aactggtgtccacagagg,-28760.436,-28772.432,-11.996094,-28765.24,-28762.383,2.8574219,-14.853516
26907,ATTCCTTAAATTAAGGAg,-28760.436,-28772.434,-11.998047,-28765.24,-28759.465,5.7753906,-17.773438
23487,aaaaagaaagtatacaag,-28760.436,-28772.436,-12.0,-28765.24,-28763.293,1.9472656,-13.947266
26953,cttacttttgtaaaactt,-28760.436,-28772.441,-12.005859,-28765.24,-28766.605,-1.3652344,-10.640625
24228,gtttttaatacgtcattg,-28760.436,-28772.441,-12.005859,-28765.24,-28768.176,-2.9355469,-9.0703125
23021,atcagttatctgactgta,-28760.436,-28772.455,-12.019531,-28765.24,-28765.648,-0.40820312,-11.611328
21745,gtgtaccacattgaacct,-28760.436,-28772.46,-12.025391,-28765.24,-28763.15,2.0898438,-14.115234
25049,gaagaaaaatcagctggg,-28760.436,-28772.465,-12.029297,-28765.24,-28778.984,-13.744141,1.7148438
22601,attccatctcaaaaaaag,-28760.436,-28772.473,-12.037109,-28765.24,-28777.258,-12.017578,-0.01953125
23831,tttaggttgtttttattt,-28760.436,-28772.473,-12.037109,-28765.24,-28767.45,-2.2089844,-9.828125
23165,gtttacctttgaaagtat,-28760.436,-28772.48,-12.044922,-28765.24,-28761.281,3.9589844,-16.003906
21306,tagattattttgattata,-28760.436,-28772.484,-12.048828,-28765.24,-28767.828,-2.5878906,-9.4609375
25793,gaccttttgatccacccg,-28760.436,-28772.488,-12.052734,-28765.24,-28777.85,-12.609375,0.5566406
26659,ttaactgcagcctaataa,-28760.436,-28772.5,-12.064453,-28765.24,-28768.889,-3.6484375,-8.416016
24820,tctctactaaaaaaaata,-28760.436,-28772.506,-12.0703125,-28765.24,-28778.162,-12.921875,0.8515625
26161,tacagtgataatgccact,-28760.436,-28772.506,-12.0703125,-28765.24,-28771.053,-5.8125,-6.2578125
27201,gtaggcagaccagcagac,-28760.436,-28772.512,-12.076172,-28765.24,-28770.127,-4.8867188,-7.189453
24489,aagctagtatacatgtag,-28760.436,-28772.516,-12.080078,-28765.24,-28765.098,0.14257812,-12.222656
26795,catataaagctatctata,-28760.436,-28772.521,-12.0859375,-28765.24,-28760.281,4.9589844,-17.044922
24447,gtctgttaggtgtagatt,-28760.436,-28772.527,-12.091797,-28765.24,-28764.184,1.0566406,-13.1484375
26756,aagtaaaatgtcttgtga,-28760.436,-28772.54,-12.103516,-28765.24,-28766.273,-1.0332031,-11.0703125
26011,aaattttttacatttaaa,-28760.436,-28772.54,-12.103516,-28765.24,-28770.7,-5.4589844,-6.6445312
21232,ctgaggcttaaattactc,-28760.436,-28772.547,-12.111328,-28765.24,-28772.826,-7.5859375,-4.5253906
22219,gtatttttagtaaattaa,-28760.436,-28772.55,-12.115234,-28765.24,-28773.23,-7.9902344,-4.125
27000,acatttaaaaagttcaga,-28760.436,-28772.553,-12.1171875,-28765.24,-28773.06,-7.8203125,-4.296875
23168,tacctttgaaagtataca,-28760.436,-28772.555,-12.119141,-28765.24,-28753.953,11.287109,-23.40625
21345,ctttttctaaataatgtt,-28760.436,-28772.562,-12.126953,-28765.24,-28761.943,3.296875,-15.423828
24517,aaagcattgaagccagaa,-28760.436,-28772.562,-12.126953,-28765.24,-28778.957,-13.716797,1.5898438
21370,ctgatttgaaattgattg,-28760.436,-28772.57,-12.134766,-28765.24,-28764.256,0.984375,-13.119141
26673,ataattgttttctttggg,-28760.436,-28772.57,-12.134766,-28765.24,-28767.402,-2.1621094,-9.972656
23507,agtggttttggttttcag,-28760.436,-28772.572,-12.136719,-28765.24,-28765.066,0.17382812,-12.310547
26807,tctatatatagctatcta,-28760.436,-28772.576,-12.140625,-28765.24,-28755.887,9.353516,-21.49414
21165,atttataaaatactactt,-28760.436,-28772.58,-12.144531,-28765.24,-28768.357,-3.1171875,-9.027344
26964,aaaactttatggtttgtg,-28760.436,-28772.582,-12.146484,-28765.24,-28761.076,4.1640625,-16.310547
23595,ccccagccctaggcagtc,-28760.436,-28772.586,-12.150391,-28765.24,-28770.219,-4.9785156,-7.171875
24429,ctttcaatacatcttacg,-28760.436,-28772.59,-12.154297,-28765.24,-28762.945,2.2949219,-14.449219
22983,aaaaagtaataaatcaac,-28760.436,-28772.594,-12.158203,-28765.24,-28767.777,-2.5371094,-9.621094
25000,aaaaaataaggtataagc,-28760.436,-28772.604,-12.167969,-28765.24,-28769.793,-4.5527344,-7.6152344
21773,ggcttcaaacttgtcact,-28760.436,-28772.605,-12.169922,-28765.24,-28767.172,-1.9316406,-10.238281
21428,aatgaaattctttttttt,-28760.436,-28772.611,-12.175781,-28765.24,-28774.504,-9.263672,-2.9121094
27256,gcactgtacactctgaca,-28760.436,-28772.617,-12.181641,-28765.24,-28764.984,0.25585938,-12.4375
23138,cttgagaaataattcaca,-28760.436,-28772.617,-12.181641,-28765.24,-28767.707,-2.4667969,-9.714844
23596,cccagccctaggcagtca,-28760.436,-28772.63,-12.1953125,-28765.24,-28771.566,-6.326172,-5.8691406
24625,aatactggtgtttaatgg,-28760.436,-28772.637,-12.201172,-28765.24,-28767.123,-1.8828125,-10.318359
26906,CATTCCTTAAATTAAGGA,-28760.436,-28772.652,-12.216797,-28765.24,-28768.332,-3.0917969,-9.125
23818,cagttcatggacatttag,-28760.436,-28772.656,-12.220703,-28765.24,-28765.133,0.107421875,-12.328125
21319,ttatacacttttgaattg,-28760.436,-28772.658,-12.222656,-28765.24,-28768.195,-2.9550781,-9.267578
27244,cctaggcatactgcactg,-28760.436,-28772.664,-12.228516,-28765.24,-28769.77,-4.529297,-7.6992188
24524,tgaagccagaagagagac,-28760.436,-28772.672,-12.236328,-28765.24,-28772.074,-6.8339844,-5.4023438
27156,ttcacaataaagagcttt,-28760.436,-28772.674,-12.238281,-28765.24,-28766.213,-0.97265625,-11.265625
21767,gagtatggcttcaaactt,-28760.436,-28772.676,-12.240234,-28765.24,-28766.99,-1.75,-10.490234
27323,taactggaattcgtcaag,-28760.436,-28772.686,-12.25,-28765.24,-28757.973,7.267578,-19.517578
27121,tacttaactggttggttg,-28760.436,-28772.691,-12.255859,-28765.24,-28761.988,3.2519531,-15.5078125
25955,caaaagtgcaaggcaagg,-28760.436,-28772.691,-12.255859,-28765.24,-28770.684,-5.4433594,-6.8125
24665,caggtagtttaaggtcat,-28760.436,-28772.693,-12.2578125,-28765.24,-28768.596,-3.3554688,-8.902344
27065,tttgatgccaaaactatt,-28760.436,-28772.695,-12.259766,-28765.24,-28764.586,0.6542969,-12.9140625
25006,taaggtataagcgggctc,-28760.436,-28772.705,-12.269531,-28765.24,-28762.48,2.7597656,-15.029297
21716,ttttttaatgcacaaaga,-28760.436,-28772.707,-12.271484,-28765.24,-28765.32,-0.080078125,-12.191406
24486,tgcaagctagtatacatg,-28760.436,-28772.709,-12.2734375,-28765.24,-28766.664,-1.4238281,-10.849609
26704,tacattaaaagactatca,-28760.436,-28772.71,-12.275391,-28765.24,-28766.451,-1.2109375,-11.064453
21708,aatgaaatttttttaatg,-28760.436,-28772.71,-12.275391,-28765.24,-28770.256,-5.015625,-7.2597656
27316,catggtttaactggaatt,-28760.436,-28772.715,-12.279297,-28765.24,-28767.205,-1.9648438,-10.314453
24318,taacctctatctttttgt,-28760.436,-28772.736,-12.300781,-28765.24,-28779.453,-14.212891,1.9121094
27034,ggttaatgtaaaacaatc,-28760.436,-28772.736,-12.300781,-28765.24,-28775.309,-10.068359,-2.2324219
27144,aagaaacatactttcaca,-28760.436,-28772.742,-12.306641,-28765.24,-28762.432,2.8085938,-15.115234
22162,ttttaaaagtaagctctt,-28760.436,-28772.746,-12.310547,-28765.24,-28776.865,-11.625,-0.6855469
24361,tgactaagaataatgttg,-28760.436,-28772.766,-12.330078,-28765.24,-28767.68,-2.4394531,-9.890625
24548,catttgggctagatctga,-28760.436,-28772.77,-12.333984,-28765.24,-28759.082,6.158203,-18.492188
26808,ctatatatagctatctat,-28760.436,-28772.77,-12.333984,-28765.24,-28768.766,-3.5253906,-8.808594
26663,ctgcagcctaataattgt,-28760.436,-28772.773,-12.337891,-28765.24,-28765.672,-0.43164062,-11.90625
24280,gaagccacgtggttgaga,-28760.436,-28772.777,-12.341797,-28765.24,-28766.367,-1.1269531,-11.214844
24597,tgactttaaatttttttt,-28760.436,-28772.785,-12.349609,-28765.24,-28759.332,5.908203,-18.257812
27149,acatactttcacaataaa,-28760.436,-28772.787,-12.3515625,-28765.24,-28764.031,1.2089844,-13.560547
26506,agccaccacgccggccta,-28760.436,-28772.799,-12.363281,-28765.24,-28770.121,-4.8808594,-7.482422
21249,cttgcattgtccctaagt,-28760.436,-28772.805,-12.369141,-28765.24,-28772.09,-6.8496094,-5.5195312
24679,tcatatattttatttgat,-28760.436,-28772.805,-12.369141,-28765.24,-28765.998,-0.7578125,-11.611328
21803,ctcctacggacatgttct,-28760.436,-28772.809,-12.373047,-28765.24,-28766.783,-1.5429688,-10.830078
26191,tttttatttttatttatt,-28760.436,-28772.81,-12.375,-28765.24,-28777.95,-12.708984,0.33398438
23078,tgaaaaaaatacataatg,-28760.436,-28772.812,-12.376953,-28765.24,-28768.54,-3.2988281,-9.078125
21291,ctttcatgctattgttag,-28760.436,-28772.816,-12.380859,-28765.24,-28770.312,-5.0722656,-7.3085938
26334,ctgggattagaggtcccc,-28760.436,-28772.828,-12.392578,-28765.24,-28773.156,-7.9160156,-4.4765625
25361,atatttttttaaattaat,-28760.436,-28772.83,-12.394531,-28765.24,-28771.8,-6.560547,-5.8339844
22944,gtatattgtatgtatcat,-28760.436,-28772.832,-12.396484,-28765.24,-28761.332,3.9082031,-16.304688
23676,atatgtggtcttttgtgt,-28760.436,-28772.836,-12.400391,-28765.24,-28765.863,-0.6230469,-11.777344
22964,attcctcattttaatgac,-28760.436,-28772.838,-12.402344,-28765.24,-28765.117,0.123046875,-12.525391
21302,ttgttagattattttgat,-28760.436,-28772.842,-12.40625,-28765.24,-28767.28,-2.0390625,-10.3671875
24385,taacataaaataggttat,-28760.436,-28772.855,-12.419922,-28765.24,-28766.297,-1.0566406,-11.363281
23000,cagcttgtaatttgtttt,-28760.436,-28772.86,-12.423828,-28765.24,-28774.527,-9.287109,-3.1367188
23801,acattttatccattcatc,-28760.436,-28772.86,-12.423828,-28765.24,-28768.828,-3.5878906,-8.8359375
27343,tctggttctaatttctca,-28760.436,-28772.867,-12.431641,-28765.24,-28765.988,-0.7480469,-11.683594
21778,caaacttgtcactttata,-28760.436,-28772.87,-12.433594,-28765.24,-28766.262,-1.0214844,-11.412109
27010,agttcagatgttagaaag,-28760.436,-28772.871,-12.435547,-28765.24,-28772.352,-7.111328,-5.3242188
24651,taataagtatgacacagg,-28760.436,-28772.871,-12.435547,-28765.24,-28765.68,-0.43945312,-11.996094
23655,atatataaacggaattat,-28760.436,-28772.871,-12.435547,-28765.24,-28757.242,7.998047,-20.433594
23128,aaataactttcttgagaa,-28760.436,-28772.871,-12.435547,-28765.24,-28771.799,-6.5585938,-5.876953
24575,caaatgttttagtattaa,-28760.436,-28772.873,-12.4375,-28765.24,-28761.258,3.9824219,-16.419922
23480,taaaataaaaaagaaagt,-28760.436,-28772.875,-12.439453,-28765.24,-28776.617,-11.376953,-1.0625
21424,gaaaaatgaaattctttt,-28760.436,-28772.879,-12.443359,-28765.24,-28770.227,-4.986328,-7.4570312
21119,tcttttcctgacaatttt,-28760.436,-28772.883,-12.447266,-28765.24,-28775.404,-10.1640625,-2.2832031
27253,actgcactgtacactctg,-28760.436,-28772.885,-12.449219,-28765.24,-28766.484,-1.2441406,-11.205078
24632,gtgtttaatggtctcatt,-28760.436,-28772.89,-12.455078,-28765.24,-28773.809,-8.568359,-3.8867188
21403,atgggataatttttcata,-28760.436,-28772.895,-12.458984,-28765.24,-28773.928,-8.6875,-3.7714844
24473,agtgggaagccactgcaa,-28760.436,-28772.898,-12.462891,-28765.24,-28766.113,-0.8730469,-11.589844
21280,attttaaaaagctttcat,-28760.436,-28772.9,-12.464844,-28765.24,-28767.941,-2.7011719,-9.763672
21356,taatgttttaatctctga,-28760.436,-28772.906,-12.470703,-28765.24,-28764.785,0.45507812,-12.925781
24377,tgttgaaataacataaaa,-28760.436,-28772.91,-12.474609,-28765.24,-28762.895,2.3457031,-14.8203125
22275,aatgtatcatctgtgtgt,-28760.436,-28772.914,-12.478516,-28765.24,-28768.195,-2.9550781,-9.5234375
22972,ttttaatgaccaaaaagt,-28760.436,-28772.918,-12.482422,-28765.24,-28757.578,7.6621094,-20.144531
24278,ctgaagccacgtggttga,-28760.436,-28772.926,-12.490234,-28765.24,-28767.938,-2.6972656,-9.792969
24333,tgtcttagaaatctaagc,-28760.436,-28772.928,-12.4921875,-28765.24,-28770.502,-5.2617188,-7.2304688
24472,aagtgggaagccactgca,-28760.436,-28772.93,-12.494141,-28765.24,-28769.621,-4.3808594,-8.113281
27250,catactgcactgtacact,-28760.436,-28772.932,-12.496094,-28765.24,-28766.729,-1.4882812,-11.0078125
24437,acatcttacggtctgtta,-28760.436,-28772.941,-12.505859,-28765.24,-28763.682,1.5585938,-14.064453
25946,cttggcctccaaaagtgc,-28760.436,-28772.947,-12.511719,-28765.24,-28766.285,-1.0449219,-11.466797
23678,atgtggtcttttgtgtct,-28760.436,-28772.947,-12.511719,-28765.24,-28767.785,-2.5449219,-9.966797
26986,acaaatgtttttgaacat,-28760.436,-28772.957,-12.521484,-28765.24,-28762.697,2.5429688,-15.064453
22439,ctactaaaaataccaaaa,-28760.436,-28772.957,-12.521484,-28765.24,-28771.98,-6.7402344,-5.78125
27056,ttaaagaattttgatgcc,-28760.436,-28772.959,-12.5234375,-28765.24,-28760.602,4.638672,-17.16211
23751,cagtactgcattccttct,-28760.436,-28772.967,-12.53125,-28765.24,-28756.416,8.824219,-21.355469
24563,tgacaagaaaaacaaatg,-28760.436,-28772.973,-12.537109,-28765.24,-28768.176,-2.9355469,-9.6015625
21336,gaaattatactttttcta,-28760.436,-28772.979,-12.542969,-28765.24,-28767.094,-1.8535156,-10.689453
24994,aaaaaaaaaaaataaggt,-28760.436,-28772.98,-12.544922,-28765.24,-28764.695,0.5449219,-13.089844
23058,tttttaaattatgaaata,-28760.436,-28772.984,-12.548828,-28765.24,-28769.842,-4.6015625,-7.9472656
22951,gtatgtatcatgaattcc,-28760.436,-28772.988,-12.552734,-28765.24,-28761.943,3.296875,-15.849609
21203,aaaaaataaaaataaaaa,-28760.436,-28772.988,-12.552734,-28765.24,-28769.105,-3.8652344,-8.6875
21281,ttttaaaaagctttcatg,-28760.436,-28772.99,-12.5546875,-28765.24,-28764.176,1.0644531,-13.619141
23589,cattttccccagccctag,-28760.436,-28772.996,-12.560547,-28765.24,-28766.867,-1.6269531,-10.933594
26954,ttacttttgtaaaacttt,-28760.436,-28773.0,-12.564453,-28765.24,-28762.281,2.9589844,-15.5234375
21378,aaattgattgtagggaat,-28760.436,-28773.008,-12.572266,-28765.24,-28770.467,-5.2265625,-7.345703
23152,cacatggtgtgcagttta,-28760.436,-28773.016,-12.580078,-28765.24,-28772.596,-7.3554688,-5.2246094
27191,tatatcactagtaggcag,-28760.436,-28773.021,-12.5859375,-28765.24,-28766.715,-1.4746094,-11.111328
27255,tgcactgtacactctgac,-28760.436,-28773.027,-12.591797,-28765.24,-28769.49,-4.25,-8.341797
23093,atgtatatataaagtatt,-28760.436,-28773.031,-12.595703,-28765.24,-28775.383,-10.142578,-2.453125
21422,atgaaaaatgaaattctt,-28760.436,-28773.031,-12.595703,-28765.24,-28765.285,-0.044921875,-12.550781
23636,tttgtctattttagatat,-28760.436,-28773.037,-12.6015625,-28765.24,-28761.14,4.0996094,-16.701172
21194,tatattactaaaaaataa,-28760.436,-28773.04,-12.603516,-28765.24,-28769.969,-4.7285156,-7.875
24569,gaaaaacaaatgttttag,-28760.436,-28773.043,-12.607422,-28765.24,-28762.822,2.4179688,-15.025391
27054,tattaaagaattttgatg,-28760.436,-28773.047,-12.611328,-28765.24,-28773.363,-8.123047,-4.4882812
27291,aagtttaactggtgtcca,-28760.436,-28773.047,-12.611328,-28765.24,-28769.934,-4.6933594,-7.9179688
23756,ctgcattccttcttattg,-28760.436,-28773.05,-12.615234,-28765.24,-28772.566,-7.326172,-5.2890625
25855,gcccggcctagtcttgta,-28760.436,-28773.053,-12.6171875,-28765.24,-28775.182,-9.941406,-2.6757812
22280,atcatctgtgtgtgcccc,-28760.436,-28773.055,-12.619141,-28765.24,-28760.402,4.8378906,-17.457031
26928,gtctgccagcattatgaa,-28760.436,-28773.057,-12.621094,-28765.24,-28760.582,4.658203,-17.279297
22939,ccttggtatattgtatgt,-28760.436,-28773.094,-12.658203,-28765.24,-28781.734,-16.49414,3.8359375
26950,aatcttacttttgtaaaa,-28760.436,-28773.094,-12.658203,-28765.24,-28758.02,7.220703,-19.878906
24353,aatgcaaatgactaagaa,-28760.436,-28773.102,-12.666016,-28765.24,-28767.941,-2.7011719,-9.964844
27135,gttgtgtggaagaaacat,-28760.436,-28773.11,-12.673828,-28765.24,-28770.799,-5.5585938,-7.1152344
24331,tttgtcttagaaatctaa,-28760.436,-28773.115,-12.6796875,-28765.24,-28774.938,-9.697266,-2.9824219
21333,attgaaattatacttttt,-28760.436,-28773.117,-12.681641,-28765.24,-28771.584,-6.34375,-6.3378906
23488,aaaagaaagtatacaagt,-28760.436,-28773.123,-12.6875,-28765.24,-28772.656,-7.4160156,-5.2714844
21253,cattgtccctaagtataa,-28760.436,-28773.127,-12.691406,-28765.24,-28767.945,-2.7050781,-9.986328
27113,aattctcatacttaactg,-28760.436,-28773.129,-12.693359,-28765.24,-28765.469,-0.22851562,-12.464844
26810,atatatagctatctatat,-28760.436,-28773.129,-12.693359,-28765.24,-28759.93,5.310547,-18.003906
22174,gctcttgtgccctgctaa,-28760.436,-28773.133,-12.697266,-28765.24,-28770.36,-5.1191406,-7.578125
23829,catttaggttgtttttat,-28760.436,-28773.135,-12.699219,-28765.24,-28768.809,-3.5683594,-9.130859
26565,ccagggtggtgtcaagct,-28760.436,-28773.137,-12.701172,-28765.24,-28782.84,-17.59961,4.8984375
23903,ttttggttttttgggttt,-28760.436,-28773.137,-12.701172,-28765.24,-28774.908,-9.667969,-3.0332031
21350,tctaaataatgttttaat,-28760.436,-28773.145,-12.708984,-28765.24,-28773.117,-7.876953,-4.8320312
23054,gtgttttttaaattatga,-28760.436,-28773.152,-12.716797,-28765.24,-28763.75,1.4902344,-14.207031
23786,ttgtttggttatatcaca,-28760.436,-28773.16,-12.724609,-28765.24,-28771.432,-6.1914062,-6.533203
24254,taacaattcttaaccttt,-28760.436,-28773.16,-12.724609,-28765.24,-28768.516,-3.2753906,-9.449219
24518,aagcattgaagccagaag,-28760.436,-28773.164,-12.728516,-28765.24,-28773.65,-8.410156,-4.3183594
24323,tctatctttttgtcttag,-28760.436,-28773.164,-12.728516,-28765.24,-28768.723,-3.4824219,-9.246094
23552,acattttcatcaccccaa,-28760.436,-28773.168,-12.732422,-28765.24,-28767.902,-2.6621094,-10.0703125
27002,atttaaaaagttcagatg,-28760.436,-28773.168,-12.732422,-28765.24,-28762.723,2.5175781,-15.25
21720,ttaatgcacaaagatctg,-28760.436,-28773.172,-12.736328,-28765.24,-28768.973,-3.7324219,-9.003906
23894,tttttgtttttttggttt,-28760.436,-28773.176,-12.740234,-28765.24,-28777.39,-12.150391,-0.58984375
22940,cttggtatattgtatgta,-28760.436,-28773.178,-12.7421875,-28765.24,-28772.016,-6.7753906,-5.966797
23669,ttatacgatatgtggtct,-28760.436,-28773.18,-12.744141,-28765.24,-28767.445,-2.2050781,-10.5390625
24291,gttgagataggctctgag,-28760.436,-28773.184,-12.748047,-28765.24,-28761.168,4.0722656,-16.820312
24461,gattagtaatgaagtggg,-28760.436,-28773.184,-12.748047,-28765.24,-28761.982,3.2578125,-16.00586
27313,ggacatggtttaactgga,-28760.436,-28773.184,-12.748047,-28765.24,-28767.812,-2.5722656,-10.175781
23471,ctcaaaaaataaaataaa,-28760.436,-28773.191,-12.755859,-28765.24,-28780.531,-15.291016,2.5351562
22210,taggcacttgtattttta,-28760.436,-28773.191,-12.755859,-28765.24,-28770.807,-5.5664062,-7.189453
26793,tccatataaagctatcta,-28760.436,-28773.195,-12.759766,-28765.24,-28763.484,1.7558594,-14.515625
23848,tttgggctataatgaata,-28760.436,-28773.207,-12.771484,-28765.24,-28767.795,-2.5546875,-10.216797
27100,acatccctactagaattc,-28760.436,-28773.21,-12.775391,-28765.24,-28770.08,-4.8398438,-7.935547
26759,taaaatgtcttgtgaaac,-28760.436,-28773.219,-12.783203,-28765.24,-28761.266,3.9746094,-16.757812
23795,tatatcacattttatcca,-28760.436,-28773.219,-12.783203,-28765.24,-28767.248,-2.0078125,-10.775391
25380,agtttatttattttttaa,-28760.436,-28773.219,-12.783203,-28765.24,-28774.828,-9.587891,-3.1953125
21590,tgccaccacgcctgtcta,-28760.436,-28773.223,-12.787109,-28765.24,-28780.512,-15.271484,2.484375
21123,ttcctgacaatttttttg,-28760.436,-28773.23,-12.794922,-28765.24,-28772.453,-7.2128906,-5.5820312
24490,agctagtatacatgtagg,-28760.436,-28773.234,-12.798828,-28765.24,-28763.29,1.9511719,-14.75
23060,tttaaattatgaaatatt,-28760.436,-28773.24,-12.8046875,-28765.24,-28767.652,-2.4121094,-10.392578
25007,aaggtataagcgggctca,-28760.436,-28773.242,-12.806641,-28765.24,-28760.688,4.5527344,-17.359375
27264,cactctgacatatgaagt,-28760.436,-28773.25,-12.814453,-28765.24,-28775.014,-9.7734375,-3.0410156
21802,tctcctacggacatgttc,-28760.436,-28773.254,-12.818359,-28765.24,-28762.195,3.0449219,-15.863281
22186,tgctaaaattatgatgtg,-28760.436,-28773.277,-12.841797,-28765.24,-28764.158,1.0820312,-13.923828
23309,aaagtacaaaaacaaatt,-28760.436,-28773.293,-12.857422,-28765.24,-28778.152,-12.912109,0.0546875
25352,ggaagaaaaatatttttt,-28760.436,-28773.312,-12.876953,-28765.24,-28771.203,-5.9628906,-6.9140625
21796,cgttagtctcctacggac,-28760.436,-28773.312,-12.876953,-28765.24,-28769.041,-3.8007812,-9.076172
25363,atttttttaaattaatta,-28760.436,-28773.314,-12.878906,-28765.24,-28767.502,-2.2617188,-10.6171875
22901,agggaaaaaaaagtcacg,-28760.436,-28773.316,-12.880859,-28765.24,-28773.922,-8.681641,-4.1992188
23752,agtactgcattccttctt,-28760.436,-28773.32,-12.884766,-28765.24,-28759.18,6.060547,-18.945312
26926,aagtctgccagcattatg,-28760.436,-28773.322,-12.886719,-28765.24,-28774.416,-9.175781,-3.7109375
24535,gagagacagaggacattt,-28760.436,-28773.324,-12.888672,-28765.24,-28774.102,-8.861328,-4.0273438
21738,gggtaatgtgtaccacat,-28760.436,-28773.326,-12.890625,-28765.24,-28773.61,-8.369141,-4.5214844
23916,ggttttttttgttttgtt,-28760.436,-28773.338,-12.902344,-28765.24,-28770.982,-5.7421875,-7.1601562
23812,attcatcagttcatggac,-28760.436,-28773.34,-12.904297,-28765.24,-28775.957,-10.716797,-2.1875
23148,aattcacatggtgtgcag,-28760.436,-28773.348,-12.912109,-28765.24,-28764.523,0.7167969,-13.628906
23867,tgttgctatgaacattcg,-28760.436,-28773.355,-12.919922,-28765.24,-28766.078,-0.8378906,-12.082031
23778,atattctgttgtttggtt,-28760.436,-28773.361,-12.925781,-28765.24,-28770.041,-4.8007812,-8.125
21840,atttaaaattattttatt,-28760.436,-28773.361,-12.925781,-28765.24,-28772.734,-7.4941406,-5.4316406
23611,tcagtacactttctgtct,-28760.436,-28773.363,-12.927734,-28765.24,-28773.996,-8.755859,-4.171875
22184,cctgctaaaattatgatg,-28760.436,-28773.375,-12.939453,-28765.24,-28772.79,-7.548828,-5.390625
26337,ggattagaggtccccacc,-28760.436,-28773.379,-12.943359,-28765.24,-28770.295,-5.0546875,-7.888672
27103,tccctactagaattctca,-28760.436,-28773.387,-12.951172,-28765.24,-28766.744,-1.5039062,-11.447266
22194,ttatgatgtgatattgta,-28760.436,-28773.398,-12.962891,-28765.24,-28769.14,-3.9003906,-9.0625
23696,ggcttctttcacttagca,-28760.436,-28773.402,-12.966797,-28765.24,-28769.926,-4.685547,-8.28125
21431,gaaattcttttttttttt,-28760.436,-28773.414,-12.978516,-28765.24,-28781.852,-16.611328,3.6328125
27242,aacctaggcatactgcac,-28760.436,-28773.422,-12.986328,-28765.24,-28775.7,-10.458984,-2.5273438
26718,atcaacttaatttctgat,-28760.436,-28773.43,-12.994141,-28765.24,-28759.57,5.669922,-18.664062
21344,actttttctaaataatgt,-28760.436,-28773.43,-12.994141,-28765.24,-28766.133,-0.8925781,-12.1015625
21364,taatctctgatttgaaat,-28760.436,-28773.438,-13.001953,-28765.24,-28761.79,3.4511719,-16.453125
23158,gtgtgcagtttacctttg,-28760.436,-28773.438,-13.001953,-28765.24,-28773.863,-8.623047,-4.3789062
21234,gaggcttaaattactctt,-28760.436,-28773.443,-13.0078125,-28765.24,-28765.812,-0.5722656,-12.435547
25954,ccaaaagtgcaaggcaag,-28760.436,-28773.45,-13.013672,-28765.24,-28770.004,-4.763672,-8.25
26254,tgcagtggtgtaaatctc,-28760.436,-28773.453,-13.017578,-28765.24,-28767.805,-2.5644531,-10.453125
23080,aaaaaaatacataatgta,-28760.436,-28773.459,-13.0234375,-28765.24,-28776.668,-11.427734,-1.5957031
24629,ctggtgtttaatggtctc,-28760.436,-28773.463,-13.027344,-28765.24,-28766.76,-1.5195312,-11.5078125
24316,tttaacctctatcttttt,-28760.436,-28773.477,-13.041016,-28765.24,-28771.062,-5.8222656,-7.21875
22179,tgtgccctgctaaaatta,-28760.436,-28773.477,-13.041016,-28765.24,-28763.102,2.1386719,-15.1796875
26341,tagaggtccccaccacca,-28760.436,-28773.484,-13.048828,-28765.24,-28778.787,-13.546875,0.49804688
23481,aaaataaaaaagaaagta,-28760.436,-28773.484,-13.048828,-28765.24,-28772.406,-7.1660156,-5.8828125
26910,CCTTAAATTAAGGAgtaa,-28760.436,-28773.488,-13.052734,-28765.24,-28767.496,-2.2558594,-10.796875
25553,tttgttttgttttttgtt,-28760.436,-28773.49,-13.0546875,-28765.24,-28781.455,-16.214844,3.1601562
23034,ctgtaacactgtaggctt,-28760.436,-28773.49,-13.0546875,-28765.24,-28773.91,-8.669922,-4.3847656
23779,tattctgttgtttggtta,-28760.436,-28773.492,-13.056641,-28765.24,-28764.443,0.796875,-13.853516
24243,ttgccttaagctaacaat,-28760.436,-28773.494,-13.058594,-28765.24,-28766.586,-1.3457031,-11.712891
22168,aagtaagctcttgtgccc,-28760.436,-28773.5,-13.064453,-28765.24,-28767.271,-2.03125,-11.033203
24552,tgggctagatctgacaag,-28760.436,-28773.504,-13.068359,-28765.24,-28766.828,-1.5878906,-11.480469
24637,taatggtctcattttaat,-28760.436,-28773.504,-13.068359,-28765.24,-28770.605,-5.3652344,-7.703125
24506,gggaaagatagaaagcat,-28760.436,-28773.506,-13.0703125,-28765.24,-28771.998,-6.7578125,-6.3125
25885,tcgggatttctccatgtt,-28760.436,-28773.508,-13.072266,-28765.24,-28780.52,-15.279297,2.2070312
23729,tcatccatgctgtagaat,-28760.436,-28773.516,-13.080078,-28765.24,-28763.133,2.1074219,-15.1875
26921,GGAgtaagtctgccagca,-28760.436,-28773.516,-13.080078,-28765.24,-28772.016,-6.7753906,-6.3046875
21275,agttaattttaaaaagct,-28760.436,-28773.52,-13.083984,-28765.24,-28766.021,-0.78125,-12.302734
26071,ggagtgcaagggcacatt,-28760.436,-28773.521,-13.0859375,-28765.24,-28773.184,-7.9433594,-5.142578
24596,ttgactttaaattttttt,-28760.436,-28773.523,-13.087891,-28765.24,-28767.04,-1.7988281,-11.2890625
23572,agaaaccctgttaccttc,-28760.436,-28773.527,-13.091797,-28765.24,-28768.94,-3.6992188,-9.392578
23819,agttcatggacatttagg,-28760.436,-28773.53,-13.09375,-28765.24,-28772.664,-7.423828,-5.669922
23476,aaaataaaataaaaaaga,-28760.436,-28773.53,-13.09375,-28765.24,-28775.19,-9.949219,-3.1445312
27195,tcactagtaggcagacca,-28760.436,-28773.531,-13.095703,-28765.24,-28777.605,-12.365234,-0.73046875
21792,tatacgttagtctcctac,-28760.436,-28773.531,-13.095703,-28765.24,-28764.518,0.72265625,-13.818359
22741,tactaaatacacaaaact,-28760.436,-28773.54,-13.103516,-28765.24,-28770.68,-5.439453,-7.6640625
27011,gttcagatgttagaaagt,-28760.436,-28773.54,-13.103516,-28765.24,-28766.41,-1.1699219,-11.933594
24983,actccatctcaaaaaaaa,-28760.436,-28773.545,-13.109375,-28765.24,-28778.611,-13.371094,0.26171875
27251,atactgcactgtacactc,-28760.436,-28773.545,-13.109375,-28765.24,-28768.707,-3.4667969,-9.642578
21131,aatttttttgtagttatg,-28760.436,-28773.555,-13.119141,-28765.24,-28770.016,-4.7753906,-8.34375
23763,ccttcttattgctgaata,-28760.436,-28773.555,-13.119141,-28765.24,-28763.672,1.5683594,-14.6875
24406,tttgatactcattagtaa,-28760.436,-28773.559,-13.123047,-28765.24,-28769.525,-4.2851562,-8.837891
26957,cttttgtaaaactttatg,-28760.436,-28773.562,-13.126953,-28765.24,-28763.373,1.8671875,-14.994141
21186,tctctctttatattacta,-28760.436,-28773.572,-13.136719,-28765.24,-28765.91,-0.6699219,-12.466797
23635,atttgtctattttagata,-28760.436,-28773.572,-13.136719,-28765.24,-28769.043,-3.8027344,-9.333984
23781,ttctgttgtttggttata,-28760.436,-28773.578,-13.142578,-28765.24,-28769.617,-4.376953,-8.765625
23557,ttcatcaccccaaaaaga,-28760.436,-28773.594,-13.158203,-28765.24,-28766.504,-1.2636719,-11.894531
26849,cttcctttattttcctta,-28760.436,-28773.61,-13.173828,-28765.24,-28773.12,-7.8789062,-5.294922
27051,caatattaaagaattttg,-28760.436,-28773.617,-13.181641,-28765.24,-28777.129,-11.888672,-1.2929688
21741,taatgtgtaccacattga,-28760.436,-28773.633,-13.197266,-28765.24,-28766.342,-1.1015625,-12.095703
25985,gagccactgtgaccggca,-28760.436,-28773.635,-13.199219,-28765.24,-28766.684,-1.4433594,-11.755859
24252,gctaacaattcttaacct,-28760.436,-28773.64,-13.205078,-28765.24,-28766.414,-1.1738281,-12.03125
24579,tgttttagtattaatttt,-28760.436,-28773.643,-13.207031,-28765.24,-28765.652,-0.41210938,-12.794922
21847,attattttattttatttt,-28760.436,-28773.652,-13.216797,-28765.24,-28783.312,-18.072266,4.8554688
22950,tgtatgtatcatgaattc,-28760.436,-28773.652,-13.216797,-28765.24,-28765.814,-0.57421875,-12.642578
25884,gtcgggatttctccatgt,-28760.436,-28773.66,-13.224609,-28765.24,-28774.96,-9.720703,-3.5039062
27347,gttctaatttctcatttg,-28760.436,-28773.66,-13.224609,-28765.24,-28776.139,-10.8984375,-2.3261719
23594,tccccagccctaggcagt,-28760.436,-28773.662,-13.2265625,-28765.24,-28771.66,-6.419922,-6.8066406
21318,attatacacttttgaatt,-28760.436,-28773.672,-13.236328,-28765.24,-28765.207,0.033203125,-13.269531
25960,gtgcaaggcaaggcatta,-28760.436,-28773.676,-13.240234,-28765.24,-28772.941,-7.701172,-5.5390625
21220,aaatacaactgtctgagg,-28760.436,-28773.68,-13.244141,-28765.24,-28767.215,-1.9746094,-11.269531
23885,tttgtgttctttttgttt,-28760.436,-28773.684,-13.248047,-28765.24,-28764.777,0.46289062,-13.7109375
26969,tttatggtttgtggaaaa,-28760.436,-28773.688,-13.251953,-28765.24,-28771.816,-6.576172,-6.6757812
27302,gtgtccacagaggacatg,-28760.436,-28773.69,-13.253906,-28765.24,-28768.125,-2.8847656,-10.369141
24418,tagtaacaaatctttcaa,-28760.436,-28773.697,-13.261719,-28765.24,-28764.48,0.7597656,-14.021484
26706,cattaaaagactatcaac,-28760.436,-28773.723,-13.287109,-28765.24,-28761.703,3.5371094,-16.824219
25852,tgtgcccggcctagtctt,-28760.436,-28773.736,-13.300781,-28765.24,-28775.938,-10.697266,-2.6035156
27099,tacatccctactagaatt,-28760.436,-28773.738,-13.302734,-28765.24,-28766.955,-1.7148438,-11.587891
27015,agatgttagaaagttgaa,-28760.436,-28773.738,-13.302734,-28765.24,-28772.379,-7.138672,-6.1640625
23144,aaataattcacatggtgt,-28760.436,-28773.74,-13.3046875,-28765.24,-28771.543,-6.3027344,-7.001953
27097,tctacatccctactagaa,-28760.436,-28773.746,-13.310547,-28765.24,-28770.89,-5.6503906,-7.6601562
26916,ATTAAGGAgtaagtctgc,-28760.436,-28773.748,-13.3125,-28765.24,-28764.943,0.296875,-13.609375
27184,gccattttatatcactag,-28760.436,-28773.75,-13.314453,-28765.24,-28776.73,-11.490234,-1.8242188
21596,cacgcctgtctaattttt,-28760.436,-28773.754,-13.318359,-28765.24,-28778.99,-13.75,0.43164062
27031,aaaggttaatgtaaaaca,-28760.436,-28773.754,-13.318359,-28765.24,-28762.021,3.21875,-16.53711
22158,ttatttttaaaagtaagc,-28760.436,-28773.758,-13.322266,-28765.24,-28770.906,-5.6660156,-7.65625
23514,ttggttttcagttatgca,-28760.436,-28773.768,-13.332031,-28765.24,-28764.361,0.87890625,-14.2109375
21340,ttatactttttctaaata,-28760.436,-28773.77,-13.333984,-28765.24,-28773.318,-8.078125,-5.2558594
22900,gagggaaaaaaaagtcac,-28760.436,-28773.77,-13.333984,-28765.24,-28764.58,0.66015625,-13.994141
22139,caccgcgcccggcctaaa,-28760.436,-28773.77,-13.333984,-28765.24,-28782.285,-17.044922,3.7109375
26889,AAGAAGGAAGGTGCTCAC,-28760.436,-28773.777,-13.341797,-28765.24,-28767.695,-2.4550781,-10.886719
24601,tttaaattttttttttat,-28760.436,-28773.78,-13.34375,-28765.24,-28765.709,-0.46875,-12.875
23032,gactgtaacactgtaggc,-28760.436,-28773.785,-13.349609,-28765.24,-28771.424,-6.1835938,-7.1660156
27293,gtttaactggtgtccaca,-28760.436,-28773.787,-13.3515625,-28765.24,-28777.92,-12.6796875,-0.671875
27012,ttcagatgttagaaagtt,-28760.436,-28773.793,-13.357422,-28765.24,-28766.516,-1.2753906,-12.082031
26754,ataagtaaaatgtcttgt,-28760.436,-28773.797,-13.361328,-28765.24,-28760.965,4.2753906,-17.636719
23841,ttttatttttgggctata,-28760.436,-28773.799,-13.363281,-28765.24,-28767.77,-2.5292969,-10.833984
26901,GCTCACATTCCTTAAATT,-28760.436,-28773.8,-13.365234,-28765.24,-28766.45,-1.2089844,-12.15625
26822,ctatatctatatagctat,-28760.436,-28773.803,-13.3671875,-28765.24,-28769.41,-4.169922,-9.197266
24613,ttttatttagtgaatact,-28760.436,-28773.809,-13.373047,-28765.24,-28766.9,-1.6601562,-11.712891
25353,gaagaaaaatattttttt,-28760.436,-28773.81,-13.375,-28765.24,-28777.777,-12.537109,-0.8378906
27161,aataaagagctttaggat,-28760.436,-28773.816,-13.380859,-28765.24,-28770.727,-5.486328,-7.8945312
23592,tttccccagccctaggca,-28760.436,-28773.82,-13.384766,-28765.24,-28758.785,6.455078,-19.839844
24618,tttagtgaatactggtgt,-28760.436,-28773.82,-13.384766,-28765.24,-28771.709,-6.46875,-6.9160156
26185,ggctaatttttattttta,-28760.436,-28773.834,-13.3984375,-28765.24,-28780.133,-14.892578,1.4941406
26952,tcttacttttgtaaaact,-28760.436,-28773.834,-13.3984375,-28765.24,-28767.305,-2.0644531,-11.333984
24326,atctttttgtcttagaaa,-28760.436,-28773.836,-13.400391,-28765.24,-28779.45,-14.208984,0.80859375
21793,atacgttagtctcctacg,-28760.436,-28773.838,-13.402344,-28765.24,-28771.992,-6.751953,-6.6503906
21375,ttgaaattgattgtaggg,-28760.436,-28773.844,-13.408203,-28765.24,-28762.441,2.7988281,-16.207031
24481,gccactgcaagctagtat,-28760.436,-28773.86,-13.423828,-28765.24,-28766.543,-1.3027344,-12.121094
26672,aataattgttttctttgg,-28760.436,-28773.86,-13.423828,-28765.24,-28763.379,1.8613281,-15.285156
22267,tgtttttaaatgtatcat,-28760.436,-28773.895,-13.458984,-28765.24,-28757.867,7.373047,-20.832031
21814,atgttctattgtatttta,-28760.436,-28773.906,-13.470703,-28765.24,-28771.309,-6.0683594,-7.4023438
24997,aaaaaaaaataaggtata,-28760.436,-28773.916,-13.480469,-28765.24,-28767.082,-1.8417969,-11.638672
27025,aagttgaaaggttaatgt,-28760.436,-28773.918,-13.482422,-28765.24,-28766.484,-1.2441406,-12.238281
21388,tagggaatggaaaagatg,-28760.436,-28773.924,-13.488281,-28765.24,-28769.904,-4.6640625,-8.824219
27330,aattcgtcaagcctctgg,-28760.436,-28773.926,-13.490234,-28765.24,-28760.348,4.892578,-18.382812
21227,actgtctgaggcttaaat,-28760.436,-28773.928,-13.4921875,-28765.24,-28759.125,6.1152344,-19.607422
26802,agctatctatatatagct,-28760.436,-28773.934,-13.498047,-28765.24,-28768.062,-2.8222656,-10.675781
25786,atctcctgaccttttgat,-28760.436,-28773.934,-13.498047,-28765.24,-28775.582,-10.341797,-3.15625
21726,cacaaagatctggggtaa,-28760.436,-28773.941,-13.505859,-28765.24,-28777.162,-11.921875,-1.5839844
23037,taacactgtaggcttttg,-28760.436,-28773.95,-13.513672,-28765.24,-28768.455,-3.2148438,-10.298828
26676,attgttttctttgggata,-28760.436,-28773.957,-13.521484,-28765.24,-28774.102,-8.861328,-4.6601562
21245,tactcttgcattgtccct,-28760.436,-28773.959,-13.5234375,-28765.24,-28766.691,-1.4511719,-12.072266
21167,ttataaaatactacttgc,-28760.436,-28773.96,-13.525391,-28765.24,-28767.133,-1.8925781,-11.6328125
21339,attatactttttctaaat,-28760.436,-28773.965,-13.529297,-28765.24,-28762.223,3.0175781,-16.546875
22914,tcacgcttcagttgttgt,-28760.436,-28773.965,-13.529297,-28765.24,-28757.93,7.310547,-20.839844
22974,ttaatgaccaaaaagtaa,-28760.436,-28773.965,-13.529297,-28765.24,-28769.62,-4.3789062,-9.150391
21373,atttgaaattgattgtag,-28760.436,-28773.965,-13.529297,-28765.24,-28769.219,-3.9785156,-9.550781
26597,atccccctacctccgcct,-28760.436,-28773.969,-13.533203,-28765.24,-28778.275,-13.035156,-0.49804688
21304,gttagattattttgatta,-28760.436,-28773.973,-13.537109,-28765.24,-28766.047,-0.8066406,-12.730469
26696,ttttaaagtacattaaaa,-28760.436,-28773.975,-13.5390625,-28765.24,-28769.342,-4.1015625,-9.4375
21209,taaaaataaaaaaataca,-28760.436,-28773.975,-13.5390625,-28765.24,-28770.0,-4.7597656,-8.779297
24826,ctaaaaaaaatacaaaat,-28760.436,-28773.98,-13.544922,-28765.24,-28788.072,-22.832031,9.287109
26850,ttcctttattttccttac,-28760.436,-28774.0,-13.564453,-28765.24,-28766.773,-1.5332031,-12.03125
24592,atttttgactttaaattt,-28760.436,-28774.0,-13.564453,-28765.24,-28771.35,-6.109375,-7.455078
21115,agcatcttttcctgacaa,-28760.436,-28774.004,-13.568359,-28765.24,-28771.637,-6.3964844,-7.171875
25348,aaaaggaagaaaaatatt,-28760.436,-28774.008,-13.572266,-28765.24,-28770.396,-5.15625,-8.416016
21247,ctcttgcattgtccctaa,-28760.436,-28774.008,-13.572266,-28765.24,-28771.469,-6.2285156,-7.34375
26154,ctgggactacagtgataa,-28760.436,-28774.016,-13.580078,-28765.24,-28775.205,-9.964844,-3.6152344
27125,taactggttggttgtgtg,-28760.436,-28774.018,-13.582031,-28765.24,-28768.373,-3.1328125,-10.449219
22931,tagtataaccttggtata,-28760.436,-28774.041,-13.605469,-28765.24,-28762.629,2.6113281,-16.216797
25351,aggaagaaaaatattttt,-28760.436,-28774.049,-13.613281,-28765.24,-28765.533,-0.29296875,-13.3203125
24678,gtcatatattttatttga,-28760.436,-28774.059,-13.623047,-28765.24,-28764.922,0.31835938,-13.941406
26800,aaagctatctatatatag,-28760.436,-28774.062,-13.626953,-28765.24,-28764.766,0.47460938,-14.1015625
23102,taaagtattggtataatt,-28760.436,-28774.062,-13.626953,-28765.24,-28760.785,4.455078,-18.082031
23465,ctctgtctcaaaaaataa,-28760.436,-28774.066,-13.630859,-28765.24,-28780.648,-15.408203,1.7773438
27044,aaacaatcaatattaaag,-28760.436,-28774.07,-13.634766,-28765.24,-28766.309,-1.0683594,-12.566406
23154,catggtgtgcagtttacc,-28760.436,-28774.078,-13.642578,-28765.24,-28771.719,-6.4785156,-7.1640625
26690,gataacttttaaagtaca,-28760.436,-28774.078,-13.642578,-28765.24,-28760.955,4.2851562,-17.927734
23581,gttaccttcattttcccc,-28760.436,-28774.082,-13.646484,-28765.24,-28767.932,-2.6914062,-10.955078
27157,tcacaataaagagcttta,-28760.436,-28774.09,-13.654297,-28765.24,-28769.078,-3.8378906,-9.816406
22438,tctactaaaaataccaaa,-28760.436,-28774.094,-13.658203,-28765.24,-28770.81,-5.5703125,-8.087891
24229,tttttaatacgtcattgc,-28760.436,-28774.094,-13.658203,-28765.24,-28762.143,3.0976562,-16.75586
25801,gatccacccgcctcagcc,-28760.436,-28774.098,-13.662109,-28765.24,-28785.75,-20.509766,6.8476562
23537,cactacaatttaagaaca,-28760.436,-28774.098,-13.662109,-28765.24,-28765.516,-0.27539062,-13.386719
26891,GAAGGAAGGTGCTCACAT,-28760.436,-28774.098,-13.662109,-28765.24,-28763.402,1.8378906,-15.5
26919,AAGGAgtaagtctgccag,-28760.436,-28774.102,-13.666016,-28765.24,-28778.895,-13.654297,-0.01171875
21327,ttttgaattgaaattata,-28760.436,-28774.104,-13.667969,-28765.24,-28759.965,5.2753906,-18.94336
22218,tgtatttttagtaaatta,-28760.436,-28774.105,-13.669922,-28765.24,-28760.602,4.638672,-18.308594
26335,tgggattagaggtcccca,-28760.436,-28774.105,-13.669922,-28765.24,-28770.547,-5.3066406,-8.363281
22713,ctggccaacatggtgact,-28760.436,-28774.107,-13.671875,-28765.24,-28772.793,-7.5527344,-6.1191406
22147,ccggcctaaaattatttt,-28760.436,-28774.11,-13.673828,-28765.24,-28772.188,-6.9472656,-6.7265625
21755,ttgaaccttggggagtat,-28760.436,-28774.121,-13.685547,-28765.24,-28764.982,0.2578125,-13.943359
27200,agtaggcagaccagcaga,-28760.436,-28774.14,-13.705078,-28765.24,-28776.79,-11.548828,-2.15625
24259,attcttaacctttgttct,-28760.436,-28774.143,-13.707031,-28765.24,-28763.04,2.2011719,-15.908203
23607,gcagtcagtacactttct,-28760.436,-28774.145,-13.708984,-28765.24,-28771.766,-6.5253906,-7.1835938
21192,tttatattactaaaaaat,-28760.436,-28774.145,-13.708984,-28765.24,-28764.408,0.83203125,-14.541016
23033,actgtaacactgtaggct,-28760.436,-28774.146,-13.7109375,-28765.24,-28773.121,-7.8808594,-5.830078
25964,aaggcaaggcattacagg,-28760.436,-28774.148,-13.712891,-28765.24,-28768.512,-3.2714844,-10.441406
23519,tttcagttatgcaaccat,-28760.436,-28774.15,-13.714844,-28765.24,-28766.227,-0.9863281,-12.728516
24347,aagcagaatgcaaatgac,-28760.436,-28774.154,-13.71875,-28765.24,-28756.2,9.041016,-22.759766
24255,aacaattcttaacctttg,-28760.436,-28774.156,-13.720703,-28765.24,-28765.98,-0.7402344,-12.980469
21311,tattttgattatacactt,-28760.436,-28774.158,-13.722656,-28765.24,-28769.25,-4.0097656,-9.712891
23474,aaaaaataaaataaaaaa,-28760.436,-28774.164,-13.728516,-28765.24,-28768.533,-3.2929688,-10.435547
21358,atgttttaatctctgatt,-28760.436,-28774.166,-13.730469,-28765.24,-28765.363,-0.123046875,-13.607422
21208,ataaaaataaaaaaatac,-28760.436,-28774.172,-13.736328,-28765.24,-28766.266,-1.0253906,-12.7109375
24395,taggttataactttgata,-28760.436,-28774.184,-13.748047,-28765.24,-28758.68,6.560547,-20.308594
25077,cacgccggtaatcccaac,-28760.436,-28774.188,-13.751953,-28765.24,-28780.805,-15.564453,1.8125
23890,gttctttttgtttttttg,-28760.436,-28774.191,-13.755859,-28765.24,-28772.014,-6.7734375,-6.982422
23612,cagtacactttctgtctc,-28760.436,-28774.195,-13.759766,-28765.24,-28769.377,-4.1367188,-9.623047
27196,cactagtaggcagaccag,-28760.436,-28774.2,-13.763672,-28765.24,-28768.004,-2.7636719,-11.0
24574,acaaatgttttagtatta,-28760.436,-28774.2,-13.763672,-28765.24,-28764.367,0.8730469,-14.636719
26914,AAATTAAGGAgtaagtct,-28760.436,-28774.207,-13.771484,-28765.24,-28765.066,0.17382812,-13.9453125
25376,aattagtttatttatttt,-28760.436,-28774.219,-13.783203,-28765.24,-28768.568,-3.328125,-10.455078
21266,tataattttagttaattt,-28760.436,-28774.219,-13.783203,-28765.24,-28765.844,-0.6035156,-13.1796875
21180,cttgcttctctctttata,-28760.436,-28774.227,-13.791016,-28765.24,-28772.678,-7.4375,-6.3535156
23048,gcttttgtgttttttaaa,-28760.436,-28774.23,-13.794922,-28765.24,-28765.523,-0.28320312,-13.511719
23744,aatgcaccagtactgcat,-28760.436,-28774.234,-13.798828,-28765.24,-28762.852,2.3886719,-16.1875
21758,aaccttggggagtatggc,-28760.436,-28774.236,-13.800781,-28765.24,-28770.613,-5.373047,-8.427734
21122,tttcctgacaattttttt,-28760.436,-28774.238,-13.802734,-28765.24,-28775.582,-10.341797,-3.4609375
21104,agtaatcactcagcatct,-28760.436,-28774.238,-13.802734,-28765.24,-28759.047,6.1933594,-19.996094
24475,tgggaagccactgcaagc,-28760.436,-28774.246,-13.810547,-28765.24,-28770.695,-5.455078,-8.355469
21760,ccttggggagtatggctt,-28760.436,-28774.246,-13.810547,-28765.24,-28768.035,-2.7949219,-11.015625
24360,atgactaagaataatgtt,-28760.436,-28774.25,-13.814453,-28765.24,-28772.129,-6.888672,-6.9257812
27128,ctggttggttgtgtggaa,-28760.436,-28774.25,-13.814453,-28765.24,-28764.07,1.1699219,-14.984375
26827,tctatatagctatttttt,-28760.436,-28774.254,-13.818359,-28765.24,-28772.562,-7.3222656,-6.4960938
21112,ctcagcatcttttcctga,-28760.436,-28774.26,-13.824219,-28765.24,-28763.678,1.5625,-15.386719
22885,gagtgagaatttgcggag,-28760.436,-28774.266,-13.830078,-28765.24,-28777.582,-12.341797,-1.4882812
24556,ctagatctgacaagaaaa,-28760.436,-28774.277,-13.841797,-28765.24,-28770.947,-5.7070312,-8.134766
22617,agaaaaaggcctggcacg,-28760.436,-28774.29,-13.853516,-28765.24,-28777.895,-12.654297,-1.1992188
26997,tgaacatttaaaaagttc,-28760.436,-28774.299,-13.863281,-28765.24,-28762.219,3.0214844,-16.884766
23066,ttatgaaatatttgaaaa,-28760.436,-28774.305,-13.869141,-28765.24,-28765.201,0.0390625,-13.908203
21290,gctttcatgctattgtta,-28760.436,-28774.316,-13.880859,-28765.24,-28773.246,-8.005859,-5.875
24448,tctgttaggtgtagatta,-28760.436,-28774.316,-13.880859,-28765.24,-28765.438,-0.19726562,-13.683594
23857,taatgaataatgttgcta,-28760.436,-28774.32,-13.884766,-28765.24,-28770.254,-5.013672,-8.871094
23169,acctttgaaagtatacaa,-28760.436,-28774.32,-13.884766,-28765.24,-28759.312,5.9277344,-19.8125
22146,cccggcctaaaattattt,-28760.436,-28774.32,-13.884766,-28765.24,-28771.248,-6.0078125,-7.876953
23924,ttgttttgtttttgtttt,-28760.436,-28774.324,-13.888672,-28765.24,-28782.45,-17.208984,3.3203125
21743,atgtgtaccacattgaac,-28760.436,-28774.328,-13.892578,-28765.24,-28760.625,4.6152344,-18.507812
26965,aaactttatggtttgtgg,-28760.436,-28774.33,-13.894531,-28765.24,-28771.082,-5.841797,-8.052734
27061,gaattttgatgccaaaac,-28760.436,-28774.33,-13.894531,-28765.24,-28764.213,1.0273438,-14.921875
24232,ttaatacgtcattgcctt,-28760.436,-28774.34,-13.904297,-28765.24,-28764.053,1.1875,-15.091797
22599,agattccatctcaaaaaa,-28760.436,-28774.342,-13.90625,-28765.24,-28776.54,-11.298828,-2.6074219
21133,tttttttgtagttatgtg,-28760.436,-28774.348,-13.912109,-28765.24,-28767.496,-2.2558594,-11.65625
23622,tctgtctctatgaatttg,-28760.436,-28774.357,-13.921875,-28765.24,-28771.682,-6.4414062,-7.4804688
21110,cactcagcatcttttcct,-28760.436,-28774.365,-13.9296875,-28765.24,-28769.715,-4.4746094,-9.455078
23498,atacaagtcagtggtttt,-28760.436,-28774.379,-13.943359,-28765.24,-28771.316,-6.076172,-7.8671875
26883,ATCAAAAAGAAGGAAGGT,-28760.436,-28774.387,-13.951172,-28765.24,-28772.223,-6.982422,-6.96875
24502,tgtagggaaagatagaaa,-28760.436,-28774.395,-13.958984,-28765.24,-28773.318,-8.078125,-5.8808594
23846,tttttgggctataatgaa,-28760.436,-28774.412,-13.9765625,-28765.24,-28772.902,-7.6621094,-6.314453
23701,ctttcacttagcatgcta,-28760.436,-28774.414,-13.978516,-28765.24,-28764.8,0.43945312,-14.417969
23121,atgttctaaataactttc,-28760.436,-28774.418,-13.982422,-28765.24,-28764.752,0.48828125,-14.470703
26839,ttttttttaacttccttt,-28760.436,-28774.422,-13.986328,-28765.24,-28767.32,-2.0800781,-11.90625
26685,tttgggataacttttaaa,-28760.436,-28774.426,-13.990234,-28765.24,-28767.676,-2.4355469,-11.5546875
25365,ttttttaaattaattagt,-28760.436,-28774.436,-14.0,-28765.24,-28770.18,-4.939453,-9.060547
22984,aaaagtaataaatcaaca,-28760.436,-28774.45,-14.013672,-28765.24,-28770.512,-5.2714844,-8.7421875
27267,tctgacatatgaagtgct,-28760.436,-28774.45,-14.013672,-28765.24,-28773.521,-8.28125,-5.732422
26197,tttttatttatttatttt,-28760.436,-28774.455,-14.019531,-28765.24,-28781.475,-16.234375,2.2148438
26585,aggtctcaagtgatcccc,-28760.436,-28774.457,-14.021484,-28765.24,-28772.309,-7.0683594,-6.953125
26263,gtaaatctcagctcactg,-28760.436,-28774.459,-14.0234375,-28765.24,-28774.562,-9.322266,-4.701172
23640,tctattttagatattata,-28760.436,-28774.46,-14.025391,-28765.24,-28763.803,1.4375,-15.462891
26872,TTTTAGACAAAATCAAAA,-28760.436,-28774.46,-14.025391,-28765.24,-28768.148,-2.9082031,-11.1171875
25372,aattaattagtttattta,-28760.436,-28774.46,-14.025391,-28765.24,-28774.422,-9.181641,-4.84375
26587,gtctcaagtgatccccct,-28760.436,-28774.469,-14.033203,-28765.24,-28778.691,-13.451172,-0.58203125
22152,ctaaaattatttttaaaa,-28760.436,-28774.475,-14.0390625,-28765.24,-28769.348,-4.107422,-9.931641
24585,agtattaatttttgactt,-28760.436,-28774.477,-14.041016,-28765.24,-28772.717,-7.4765625,-6.564453
26818,ctatctatatctatatag,-28760.436,-28774.479,-14.042969,-28765.24,-28772.398,-7.158203,-6.8847656
23833,taggttgtttttattttt,-28760.436,-28774.484,-14.048828,-28765.24,-28770.016,-4.7753906,-9.2734375
26008,tttaaattttttacattt,-28760.436,-28774.488,-14.052734,-28765.24,-28766.336,-1.0957031,-12.957031
26890,AGAAGGAAGGTGCTCACA,-28760.436,-28774.496,-14.060547,-28765.24,-28771.117,-5.876953,-8.183594
21359,tgttttaatctctgattt,-28760.436,-28774.5,-14.064453,-28765.24,-28771.877,-6.6367188,-7.4277344
22201,gtgatattgtaggcactt,-28760.436,-28774.508,-14.072266,-28765.24,-28768.094,-2.8535156,-11.21875
23027,tatctgactgtaacactg,-28760.436,-28774.508,-14.072266,-28765.24,-28771.43,-6.189453,-7.8828125
26675,aattgttttctttgggat,-28760.436,-28774.51,-14.074219,-28765.24,-28763.293,1.9472656,-16.021484
26716,ctatcaacttaatttctg,-28760.436,-28774.516,-14.080078,-28765.24,-28763.445,1.7949219,-15.875
24269,tttgttctactgaagcca,-28760.436,-28774.523,-14.087891,-28765.24,-28778.285,-13.044922,-1.0429688
26909,TCCTTAAATTAAGGAgta,-28760.436,-28774.525,-14.089844,-28765.24,-28774.596,-9.355469,-4.734375
21176,actacttgcttctctctt,-28760.436,-28774.527,-14.091797,-28765.24,-28768.115,-2.875,-11.216797
24287,cgtggttgagataggctc,-28760.436,-28774.527,-14.091797,-28765.24,-28770.414,-5.173828,-8.917969
21218,aaaaatacaactgtctga,-28760.436,-28774.545,-14.109375,-28765.24,-28770.707,-5.466797,-8.642578
23621,ttctgtctctatgaattt,-28760.436,-28774.547,-14.111328,-28765.24,-28766.531,-1.2910156,-12.8203125
25959,agtgcaaggcaaggcatt,-28760.436,-28774.547,-14.111328,-28765.24,-28772.65,-7.4101562,-6.701172
23769,tattgctgaatattctgt,-28760.436,-28774.549,-14.113281,-28765.24,-28764.098,1.1425781,-15.255859
21114,cagcatcttttcctgaca,-28760.436,-28774.55,-14.115234,-28765.24,-28772.887,-7.6464844,-6.46875
25369,ttaaattaattagtttat,-28760.436,-28774.555,-14.119141,-28765.24,-28775.574,-10.333984,-3.7851562
24646,cattttaataagtatgac,-28760.436,-28774.56,-14.125,-28765.24,-28768.494,-3.2539062,-10.871094
23716,ctattttcaagattcatc,-28760.436,-28774.562,-14.126953,-28765.24,-28768.691,-3.4511719,-10.675781
24817,ccgtctctactaaaaaaa,-28760.436,-28774.562,-14.126953,-28765.24,-28776.426,-11.185547,-2.9414062
23568,aaaaagaaaccctgttac,-28760.436,-28774.562,-14.126953,-28765.24,-28761.879,3.3613281,-17.488281
24513,atagaaagcattgaagcc,-28760.436,-28774.566,-14.130859,-28765.24,-28769.166,-3.9257812,-10.205078
21152,ctttgttttgtaaattta,-28760.436,-28774.568,-14.1328125,-28765.24,-28769.96,-4.720703,-9.412109
22942,tggtatattgtatgtatc,-28760.436,-28774.576,-14.140625,-28765.24,-28769.086,-3.8457031,-10.294922
23103,aaagtattggtataattt,-28760.436,-28774.578,-14.142578,-28765.24,-28759.332,5.908203,-20.050781
21817,ttctattgtattttagtc,-28760.436,-28774.582,-14.146484,-28765.24,-28763.656,1.5839844,-15.730469
22929,tgtagtataaccttggta,-28760.436,-28774.586,-14.150391,-28765.24,-28766.336,-1.0957031,-13.0546875
24032,cctgcctcagcccgacaa,-28760.436,-28774.598,-14.162109,-28765.24,-28771.29,-6.048828,-8.113281
23493,aaagtatacaagtcagtg,-28760.436,-28774.602,-14.166016,-28765.24,-28771.941,-6.701172,-7.4648438
21400,aagatgggataatttttc,-28760.436,-28774.604,-14.167969,-28765.24,-28765.184,0.056640625,-14.224609
24996,aaaaaaaaaataaggtat,-28760.436,-28774.61,-14.173828,-28765.24,-28770.375,-5.1347656,-9.0390625
24464,tagtaatgaagtgggaag,-28760.436,-28774.61,-14.173828,-28765.24,-28772.953,-7.7128906,-6.4609375
24329,tttttgtcttagaaatct,-28760.436,-28774.613,-14.177734,-28765.24,-28772.227,-6.986328,-7.1914062
26999,aacatttaaaaagttcag,-28760.436,-28774.617,-14.181641,-28765.24,-28767.438,-2.1972656,-11.984375
27139,tgtggaagaaacatactt,-28760.436,-28774.62,-14.183594,-28765.24,-28773.945,-8.705078,-5.4785156
22937,aaccttggtatattgtat,-28760.436,-28774.639,-14.203125,-28765.24,-28776.5,-11.259766,-2.9433594
21421,aatgaaaaatgaaattct,-28760.436,-28774.646,-14.2109375,-28765.24,-28762.412,2.828125,-17.039062
24477,ggaagccactgcaagcta,-28760.436,-28774.66,-14.224609,-28765.24,-28770.844,-5.6035156,-8.621094
26077,caagggcacattcacagc,-28760.436,-28774.662,-14.2265625,-28765.24,-28771.43,-6.189453,-8.037109
26442,gatccaactgtctcggcc,-28760.436,-28774.664,-14.228516,-28765.24,-28783.062,-17.822266,3.59375
25335,ccgtctcaaaaaaaaaag,-28760.436,-28774.664,-14.228516,-28765.24,-28773.328,-8.087891,-6.140625
26773,aaacaaaatgctttttaa,-28760.436,-28774.664,-14.228516,-28765.24,-28766.074,-0.8339844,-13.394531
23300,tctctactaaaagtacaa,-28760.436,-28774.676,-14.240234,-28765.24,-28771.139,-5.8984375,-8.341797
23837,ttgtttttatttttgggc,-28760.436,-28774.682,-14.246094,-28765.24,-28771.016,-5.7753906,-8.470703
23120,tatgttctaaataacttt,-28760.436,-28774.686,-14.25,-28765.24,-28769.559,-4.3183594,-9.931641
24620,tagtgaatactggtgttt,-28760.436,-28774.688,-14.251953,-28765.24,-28772.47,-7.2304688,-7.0214844
23035,tgtaacactgtaggcttt,-28760.436,-28774.695,-14.259766,-28765.24,-28772.77,-7.529297,-6.7304688
22976,aatgaccaaaaagtaata,-28760.436,-28774.703,-14.267578,-28765.24,-28765.418,-0.17773438,-14.089844
21172,aaatactacttgcttctc,-28760.436,-28774.703,-14.267578,-28765.24,-28762.348,2.8925781,-17.160156
21289,agctttcatgctattgtt,-28760.436,-28774.707,-14.271484,-28765.24,-28769.828,-4.5878906,-9.683594
24330,ttttgtcttagaaatcta,-28760.436,-28774.71,-14.275391,-28765.24,-28763.344,1.8964844,-16.171875
23665,ggaattatacgatatgtg,-28760.436,-28774.715,-14.279297,-28765.24,-28765.896,-0.65625,-13.623047
23525,ttatgcaaccatcactac,-28760.436,-28774.717,-14.28125,-28765.24,-28768.691,-3.4511719,-10.830078
23671,atacgatatgtggtcttt,-28760.436,-28774.73,-14.294922,-28765.24,-28759.54,5.701172,-19.996094
26939,ttatgaaagtgaatctta,-28760.436,-28774.738,-14.302734,-28765.24,-28768.664,-3.4238281,-10.878906
26739,attttgttgaataaaata,-28760.436,-28774.738,-14.302734,-28765.24,-28761.582,3.6582031,-17.960938
26075,tgcaagggcacattcaca,-28760.436,-28774.746,-14.310547,-28765.24,-28767.908,-2.6679688,-11.642578
24505,agggaaagatagaaagca,-28760.436,-28774.748,-14.3125,-28765.24,-28774.277,-9.037109,-5.2753906
26942,tgaaagtgaatcttactt,-28760.436,-28774.754,-14.318359,-28765.24,-28762.07,3.1699219,-17.488281
22151,cctaaaattatttttaaa,-28760.436,-28774.762,-14.326172,-28765.24,-28767.602,-2.3613281,-11.964844
22342,acaactgtaatcccaaca,-28760.436,-28774.766,-14.330078,-28765.24,-28774.613,-9.373047,-4.9570312
22282,catctgtgtgtgccccca,-28760.436,-28774.77,-14.333984,-28765.24,-28767.977,-2.7363281,-11.597656
24466,gtaatgaagtgggaagcc,-28760.436,-28774.773,-14.337891,-28765.24,-28774.457,-9.216797,-5.1210938
23825,tggacatttaggttgttt,-28760.436,-28774.781,-14.345703,-28765.24,-28773.023,-7.783203,-6.5625
25045,gaaagaagaaaaatcagc,-28760.436,-28774.783,-14.347656,-28765.24,-28776.326,-11.0859375,-3.2617188
26777,aaaatgctttttaacatc,-28760.436,-28774.79,-14.353516,-28765.24,-28765.312,-0.072265625,-14.28125
26871,GTTTTAGACAAAATCAAA,-28760.436,-28774.797,-14.361328,-28765.24,-28767.342,-2.1015625,-12.259766
22962,gaattcctcattttaatg,-28760.436,-28774.805,-14.369141,-28765.24,-28762.652,2.5878906,-16.957031
26805,tatctatatatagctatc,-28760.436,-28774.812,-14.376953,-28765.24,-28768.43,-3.1894531,-11.1875
24479,aagccactgcaagctagt,-28760.436,-28774.812,-14.376953,-28765.24,-28773.55,-8.310547,-6.0664062
21739,ggtaatgtgtaccacatt,-28760.436,-28774.812,-14.376953,-28765.24,-28770.385,-5.1445312,-9.232422
21325,acttttgaattgaaatta,-28760.436,-28774.812,-14.376953,-28765.24,-28772.91,-7.669922,-6.7070312
23902,tttttggttttttgggtt,-28760.436,-28774.814,-14.378906,-28765.24,-28763.793,1.4472656,-15.826172
26911,CTTAAATTAAGGAgtaag,-28760.436,-28774.818,-14.3828125,-28765.24,-28765.125,0.115234375,-14.498047
23031,tgactgtaacactgtagg,-28760.436,-28774.828,-14.392578,-28765.24,-28768.809,-3.5683594,-10.824219
21774,gcttcaaacttgtcactt,-28760.436,-28774.832,-14.396484,-28765.24,-28772.117,-6.876953,-7.5195312
22197,tgatgtgatattgtaggc,-28760.436,-28774.836,-14.400391,-28765.24,-28774.102,-8.861328,-5.5390625
22968,ctcattttaatgaccaaa,-28760.436,-28774.836,-14.400391,-28765.24,-28760.176,5.064453,-19.464844
26495,tgcctagcctgagccacc,-28760.436,-28774.84,-14.404297,-28765.24,-28781.754,-16.513672,2.109375
24526,aagccagaagagagacag,-28760.436,-28774.848,-14.412109,-28765.24,-28769.773,-4.533203,-9.878906
23738,ctgtagaatgcaccagta,-28760.436,-28774.852,-14.416016,-28765.24,-28773.691,-8.451172,-5.9648438
25853,gtgcccggcctagtcttg,-28760.436,-28774.861,-14.425781,-28765.24,-28772.252,-7.0117188,-7.4140625
23019,agatcagttatctgactg,-28760.436,-28774.863,-14.427734,-28765.24,-28770.232,-4.9921875,-9.435547
21346,tttttctaaataatgttt,-28760.436,-28774.863,-14.427734,-28765.24,-28761.795,3.4453125,-17.873047
21221,aatacaactgtctgaggc,-28760.436,-28774.87,-14.433594,-28765.24,-28772.127,-6.8867188,-7.546875
22160,atttttaaaagtaagctc,-28760.436,-28774.877,-14.441406,-28765.24,-28770.668,-5.4277344,-9.013672
22879,ccaacagagtgagaattt,-28760.436,-28774.879,-14.443359,-28765.24,-28779.293,-14.052734,-0.390625
21761,cttggggagtatggcttc,-28760.436,-28774.88,-14.4453125,-28765.24,-28772.846,-7.6054688,-6.8398438
25371,aaattaattagtttattt,-28760.436,-28774.887,-14.451172,-28765.24,-28772.074,-6.8339844,-7.6171875
26774,aacaaaatgctttttaac,-28760.436,-28774.89,-14.455078,-28765.24,-28769.621,-4.3808594,-10.074219
27307,cacagaggacatggttta,-28760.436,-28774.896,-14.4609375,-28765.24,-28771.205,-5.9648438,-8.496094
23739,tgtagaatgcaccagtac,-28760.436,-28774.902,-14.466797,-28765.24,-28753.963,11.277344,-25.74414
26620,agttgtgggattgtaggc,-28760.436,-28774.906,-14.470703,-28765.24,-28785.29,-20.048828,5.578125
24659,atgacacaggtagtttaa,-28760.436,-28774.906,-14.470703,-28765.24,-28763.816,1.4238281,-15.894531
27260,tgtacactctgacatatg,-28760.436,-28774.914,-14.478516,-28765.24,-28771.9,-6.6601562,-7.8183594
24217,tggccttaagtgttttta,-28760.436,-28774.918,-14.482422,-28765.24,-28771.795,-6.5546875,-7.9277344
26874,TTAGACAAAATCAAAAAG,-28760.436,-28774.922,-14.486328,-28765.24,-28764.078,1.1621094,-15.6484375
27043,aaaacaatcaatattaaa,-28760.436,-28774.922,-14.486328,-28765.24,-28760.41,4.830078,-19.316406
24313,gcttttaacctctatctt,-28760.436,-28774.926,-14.490234,-28765.24,-28772.402,-7.1621094,-7.328125
26686,ttgggataacttttaaag,-28760.436,-28774.938,-14.501953,-28765.24,-28764.578,0.6621094,-15.1640625
22288,tgtgtgcccccattaata,-28760.436,-28774.941,-14.505859,-28765.24,-28762.172,3.0683594,-17.574219
21746,tgtaccacattgaacctt,-28760.436,-28774.943,-14.5078125,-28765.24,-28763.777,1.4628906,-15.970703
24216,ctggccttaagtgttttt,-28760.436,-28774.943,-14.5078125,-28765.24,-28765.025,0.21484375,-14.722656
24616,tatttagtgaatactggt,-28760.436,-28774.953,-14.517578,-28765.24,-28770.293,-5.0527344,-9.464844
27342,ctctggttctaatttctc,-28760.436,-28774.955,-14.519531,-28765.24,-28767.834,-2.59375,-11.925781
21151,actttgttttgtaaattt,-28760.436,-28774.955,-14.519531,-28765.24,-28765.91,-0.6699219,-13.849609
22240,agaagaaacaactgactt,-28760.436,-28774.96,-14.525391,-28765.24,-28761.316,3.9238281,-18.449219
24610,tttttttatttagtgaat,-28760.436,-28774.965,-14.529297,-28765.24,-28765.61,-0.36914062,-14.160156
24669,tagtttaaggtcatatat,-28760.436,-28774.982,-14.546875,-28765.24,-28759.426,5.814453,-20.361328
24457,tgtagattagtaatgaag,-28760.436,-28774.986,-14.550781,-28765.24,-28773.5,-8.259766,-6.2910156
27304,gtccacagaggacatggt,-28760.436,-28774.988,-14.552734,-28765.24,-28770.355,-5.1152344,-9.4375
23679,tgtggtcttttgtgtctg,-28760.436,-28774.988,-14.552734,-28765.24,-28769.006,-3.765625,-10.787109
22724,ggtgactactccatttct,-28760.436,-28775.0,-14.564453,-28765.24,-28762.91,2.3300781,-16.894531
23803,attttatccattcatcag,-28760.436,-28775.0,-14.564453,-28765.24,-28774.643,-9.402344,-5.1621094
27160,caataaagagctttagga,-28760.436,-28775.008,-14.572266,-28765.24,-28771.361,-6.1210938,-8.451172
23555,ttttcatcaccccaaaaa,-28760.436,-28775.01,-14.574219,-28765.24,-28772.045,-6.8046875,-7.7695312
21141,tagttatgtgactttgtt,-28760.436,-28775.012,-14.576172,-28765.24,-28765.715,-0.47460938,-14.1015625
24471,gaagtgggaagccactgc,-28760.436,-28775.02,-14.583984,-28765.24,-28767.48,-2.2402344,-12.34375
27075,aaactattagataaaagg,-28760.436,-28775.02,-14.583984,-28765.24,-28766.37,-1.1289062,-13.455078
22919,cttcagttgttgtagtat,-28760.436,-28775.023,-14.587891,-28765.24,-28771.799,-6.5585938,-8.029297
23502,aagtcagtggttttggtt,-28760.436,-28775.031,-14.595703,-28765.24,-28775.848,-10.607422,-3.9882812
25355,agaaaaatatttttttaa,-28760.436,-28775.033,-14.597656,-28765.24,-28767.836,-2.5957031,-12.001953
22738,ttctactaaatacacaaa,-28760.436,-28775.035,-14.599609,-28765.24,-28780.803,-15.5625,0.9628906
24992,caaaaaaaaaaaaataag,-28760.436,-28775.04,-14.603516,-28765.24,-28767.98,-2.7402344,-11.863281
24995,aaaaaaaaaaataaggta,-28760.436,-28775.043,-14.607422,-28765.24,-28761.88,3.359375,-17.966797
24695,atgaaaataaggtatagg,-28760.436,-28775.043,-14.607422,-28765.24,-28770.223,-4.982422,-9.625
23873,tatgaacattcgtttgtg,-28760.436,-28775.045,-14.609375,-28765.24,-28761.879,3.3613281,-17.970703
23020,gatcagttatctgactgt,-28760.436,-28775.045,-14.609375,-28765.24,-28765.844,-0.6035156,-14.005859
26816,agctatctatatctatat,-28760.436,-28775.053,-14.6171875,-28765.24,-28775.986,-10.746094,-3.8710938
24639,atggtctcattttaataa,-28760.436,-28775.055,-14.619141,-28765.24,-28762.785,2.4550781,-17.074219
26483,cgtgagccactgtgccta,-28760.436,-28775.068,-14.6328125,-28765.24,-28780.48,-15.240234,0.6074219
23868,gttgctatgaacattcgt,-28760.436,-28775.078,-14.642578,-28765.24,-28760.67,4.5703125,-19.21289
24292,ttgagataggctctgagt,-28760.436,-28775.08,-14.644531,-28765.24,-28767.824,-2.5839844,-12.060547
21157,ttttgtaaatttataaaa,-28760.436,-28775.082,-14.646484,-28765.24,-28767.709,-2.46875,-12.177734
25920,aatccgacctcaggtgat,-28760.436,-28775.09,-14.654297,-28765.24,-28779.424,-14.183594,-0.47070312
21276,gttaattttaaaaagctt,-28760.436,-28775.09,-14.654297,-28765.24,-28769.688,-4.4472656,-10.207031
27130,ggttggttgtgtggaaga,-28760.436,-28775.102,-14.666016,-28765.24,-28772.068,-6.828125,-7.8378906
26932,gccagcattatgaaagtg,-28760.436,-28775.102,-14.666016,-28765.24,-28771.312,-6.0722656,-8.59375
26788,taacatccatataaagct,-28760.436,-28775.105,-14.669922,-28765.24,-28762.111,3.1289062,-17.798828
21423,tgaaaaatgaaattcttt,-28760.436,-28775.105,-14.669922,-28765.24,-28764.836,0.40429688,-15.074219
21383,gattgtagggaatggaaa,-28760.436,-28775.107,-14.671875,-28765.24,-28774.295,-9.0546875,-5.6171875
24638,aatggtctcattttaata,-28760.436,-28775.11,-14.673828,-28765.24,-28773.305,-8.064453,-6.609375
21231,tctgaggcttaaattact,-28760.436,-28775.117,-14.681641,-28765.24,-28762.957,2.2832031,-16.964844
24529,ccagaagagagacagagg,-28760.436,-28775.123,-14.6875,-28765.24,-28771.637,-6.3964844,-8.291016
22918,gcttcagttgttgtagta,-28760.436,-28775.135,-14.699219,-28765.24,-28764.166,1.0742188,-15.7734375
22994,aatcaacagcttgtaatt,-28760.436,-28775.137,-14.701172,-28765.24,-28761.25,3.9902344,-18.691406
26821,tctatatctatatagcta,-28760.436,-28775.139,-14.703125,-28765.24,-28767.879,-2.6386719,-12.064453
24459,tagattagtaatgaagtg,-28760.436,-28775.145,-14.708984,-28765.24,-28761.54,3.7011719,-18.410156
23851,gggctataatgaataatg,-28760.436,-28775.148,-14.712891,-28765.24,-28767.45,-2.2089844,-12.503906
26669,cctaataattgttttctt,-28760.436,-28775.148,-14.712891,-28765.24,-28765.172,0.068359375,-14.78125
22166,aaaagtaagctcttgtgc,-28760.436,-28775.148,-14.712891,-28765.24,-28777.514,-12.2734375,-2.4394531
23906,tggttttttgggtttttt,-28760.436,-28775.154,-14.71875,-28765.24,-28767.82,-2.5800781,-12.138672
26688,gggataacttttaaagta,-28760.436,-28775.156,-14.720703,-28765.24,-28771.676,-6.435547,-8.285156
23517,gttttcagttatgcaacc,-28760.436,-28775.16,-14.724609,-28765.24,-28772.062,-6.8222656,-7.9023438
27055,attaaagaattttgatgc,-28760.436,-28775.168,-14.732422,-28765.24,-28761.398,3.8417969,-18.574219
26662,actgcagcctaataattg,-28760.436,-28775.174,-14.738281,-28765.24,-28774.613,-9.373047,-5.3652344
22332,atggtggcttacaactgt,-28760.436,-28775.18,-14.744141,-28765.24,-28786.33,-21.089844,6.345703
26665,gcagcctaataattgttt,-28760.436,-28775.18,-14.744141,-28765.24,-28764.76,0.48046875,-15.224609
24424,caaatctttcaatacatc,-28760.436,-28775.191,-14.755859,-28765.24,-28765.24,0.0,-14.755859
26920,AGGAgtaagtctgccagc,-28760.436,-28775.195,-14.759766,-28765.24,-28765.105,0.13476562,-14.894531
26994,ttttgaacatttaaaaag,-28760.436,-28775.201,-14.765625,-28765.24,-28764.016,1.2246094,-15.990234
26741,tttgttgaataaaataag,-28760.436,-28775.203,-14.767578,-28765.24,-28769.035,-3.7949219,-10.972656
25861,cctagtcttgtattttta,-28760.436,-28775.205,-14.769531,-28765.24,-28777.645,-12.404297,-2.3652344
27276,tgaagtgctctagtcaag,-28760.436,-28775.217,-14.78125,-28765.24,-28764.025,1.2148438,-15.996094
21772,tggcttcaaacttgtcac,-28760.436,-28775.234,-14.798828,-28765.24,-28767.64,-2.4003906,-12.3984375
22736,atttctactaaatacaca,-28760.436,-28775.242,-14.806641,-28765.24,-28779.758,-14.517578,-0.2890625
24634,gtttaatggtctcatttt,-28760.436,-28775.25,-14.814453,-28765.24,-28763.129,2.1113281,-16.925781
24295,agataggctctgagtcta,-28760.436,-28775.252,-14.816406,-28765.24,-28765.455,-0.21484375,-14.6015625
23155,atggtgtgcagtttacct,-28760.436,-28775.262,-14.826172,-28765.24,-28779.613,-14.373047,-0.453125
23828,acatttaggttgttttta,-28760.436,-28775.266,-14.830078,-28765.24,-28769.004,-3.7636719,-11.066406
26510,accacgccggcctaattt,-28760.436,-28775.273,-14.837891,-28765.24,-28778.215,-12.974609,-1.8632812
21113,tcagcatcttttcctgac,-28760.436,-28775.277,-14.841797,-28765.24,-28771.77,-6.529297,-8.3125
26028,attttattttttagagac,-28760.436,-28775.277,-14.841797,-28765.24,-28778.172,-12.931641,-1.9101562
27224,tttattgtgatatgggat,-28760.436,-28775.28,-14.84375,-28765.24,-28763.223,2.0175781,-16.861328
27115,ttctcatacttaactggt,-28760.436,-28775.281,-14.845703,-28765.24,-28774.332,-9.091797,-5.7539062
22149,ggcctaaaattattttta,-28760.436,-28775.283,-14.847656,-28765.24,-28772.74,-7.5,-7.3476562
23641,ctattttagatattatat,-28760.436,-28775.285,-14.849609,-28765.24,-28759.43,5.810547,-20.660156
21749,accacattgaaccttggg,-28760.436,-28775.29,-14.853516,-28765.24,-28763.152,2.0878906,-16.941406
24450,tgttaggtgtagattagt,-28760.436,-28775.293,-14.857422,-28765.24,-28763.363,1.8769531,-16.734375
22314,taaaagttaaggccagac,-28760.436,-28775.297,-14.861328,-28765.24,-28773.855,-8.615234,-6.2460938
21125,cctgacaatttttttgta,-28760.436,-28775.299,-14.863281,-28765.24,-28766.52,-1.2792969,-13.583984
27141,tggaagaaacatactttc,-28760.436,-28775.3,-14.865234,-28765.24,-28756.135,9.105469,-23.970703
24622,gtgaatactggtgtttaa,-28760.436,-28775.3,-14.865234,-28765.24,-28759.906,5.3339844,-20.199219
21685,acccgcctcggccttcca,-28760.436,-28775.303,-14.8671875,-28765.24,-28784.719,-19.478516,4.611328
23162,gcagtttacctttgaaag,-28760.436,-28775.307,-14.871094,-28765.24,-28762.89,2.3496094,-17.220703
24244,tgccttaagctaacaatt,-28760.436,-28775.307,-14.871094,-28765.24,-28758.906,6.3339844,-21.205078
21175,tactacttgcttctctct,-28760.436,-28775.312,-14.876953,-28765.24,-28769.047,-3.8066406,-11.0703125
21810,ggacatgttctattgtat,-28760.436,-28775.316,-14.880859,-28765.24,-28765.797,-0.5566406,-14.324219
27257,cactgtacactctgacat,-28760.436,-28775.326,-14.890625,-28765.24,-28779.508,-14.267578,-0.6230469
25540,gccagttttgtgttttgt,-28760.436,-28775.328,-14.892578,-28765.24,-28784.152,-18.91211,4.0195312
21851,ttttattttattttattt,-28760.436,-28775.332,-14.896484,-28765.24,-28772.277,-7.0371094,-7.859375
22249,aactgacttaaaggtgta,-28760.436,-28775.348,-14.912109,-28765.24,-28759.08,6.1601562,-21.072266
27180,tgatgccattttatatca,-28760.436,-28775.352,-14.916016,-28765.24,-28765.56,-0.3203125,-14.595703
23685,cttttgtgtctggcttct,-28760.436,-28775.355,-14.919922,-28765.24,-28761.627,3.6132812,-18.533203
21102,taagtaatcactcagcat,-28760.436,-28775.357,-14.921875,-28765.24,-28761.316,3.9238281,-18.845703
24381,gaaataacataaaatagg,-28760.436,-28775.367,-14.931641,-28765.24,-28767.51,-2.2695312,-12.662109
24655,aagtatgacacaggtagt,-28760.436,-28775.379,-14.943359,-28765.24,-28769.91,-4.669922,-10.2734375
25983,atgagccactgtgaccgg,-28760.436,-28775.38,-14.9453125,-28765.24,-28770.96,-5.720703,-9.224609
23099,atataaagtattggtata,-28760.436,-28775.383,-14.947266,-28765.24,-28769.469,-4.2285156,-10.71875
26996,ttgaacatttaaaaagtt,-28760.436,-28775.398,-14.962891,-28765.24,-28771.244,-6.0039062,-8.958984
24332,ttgtcttagaaatctaag,-28760.436,-28775.398,-14.962891,-28765.24,-28769.805,-4.564453,-10.3984375
21351,ctaaataatgttttaatc,-28760.436,-28775.406,-14.970703,-28765.24,-28765.844,-0.6035156,-14.3671875
23047,ggcttttgtgttttttaa,-28760.436,-28775.414,-14.978516,-28765.24,-28774.281,-9.041016,-5.9375
26812,atatagctatctatatct,-28760.436,-28775.414,-14.978516,-28765.24,-28768.367,-3.1269531,-11.8515625
23176,aaagtatacaagttggct,-28760.436,-28775.418,-14.982422,-28765.24,-28768.387,-3.1464844,-11.8359375
26687,tgggataacttttaaagt,-28760.436,-28775.426,-14.990234,-28765.24,-28758.826,6.4140625,-21.404297
27210,ccagcagactttttttta,-28760.436,-28775.426,-14.990234,-28765.24,-28769.225,-3.984375,-11.005859
24534,agagagacagaggacatt,-28760.436,-28775.43,-14.994141,-28765.24,-28770.248,-5.0078125,-9.986328
22284,tctgtgtgtgcccccatt,-28760.436,-28775.432,-14.996094,-28765.24,-28773.625,-8.384766,-6.611328
26820,atctatatctatatagct,-28760.436,-28775.436,-15.0,-28765.24,-28771.684,-6.4433594,-8.556641
24219,gccttaagtgtttttaat,-28760.436,-28775.438,-15.001953,-28765.24,-28775.137,-9.896484,-5.1054688
22199,atgtgatattgtaggcac,-28760.436,-28775.438,-15.001953,-28765.24,-28766.258,-1.0175781,-13.984375
24307,agtctagcttttaacctc,-28760.436,-28775.447,-15.011719,-28765.24,-28768.719,-3.4785156,-11.533203
23600,gccctaggcagtcagtac,-28760.436,-28775.451,-15.015625,-28765.24,-28771.945,-6.705078,-8.310547
24334,gtcttagaaatctaagca,-28760.436,-28775.453,-15.017578,-28765.24,-28770.543,-5.3027344,-9.714844
26511,ccacgccggcctaatttt,-28760.436,-28775.46,-15.025391,-28765.24,-28761.656,3.5839844,-18.609375
21849,tattttattttattttat,-28760.436,-28775.463,-15.027344,-28765.24,-28774.398,-9.158203,-5.8691406
26630,ttgtaggcatgagccact,-28760.436,-28775.467,-15.03125,-28765.24,-28765.48,-0.24023438,-14.791016
24627,tactggtgtttaatggtc,-28760.436,-28775.477,-15.041016,-28765.24,-28760.309,4.9316406,-19.972656
23508,gtggttttggttttcagt,-28760.436,-28775.484,-15.048828,-28765.24,-28770.107,-4.8671875,-10.181641
24438,catcttacggtctgttag,-28760.436,-28775.488,-15.052734,-28765.24,-28770.906,-5.6660156,-9.386719
27337,caagcctctggttctaat,-28760.436,-28775.488,-15.052734,-28765.24,-28769.615,-4.375,-10.677734
26886,AAAAAGAAGGAAGGTGCT,-28760.436,-28775.496,-15.060547,-28765.24,-28775.105,-9.865234,-5.1953125
21827,ttttagtcagaacattta,-28760.436,-28775.508,-15.072266,-28765.24,-28759.135,6.1054688,-21.177734
24468,aatgaagtgggaagccac,-28760.436,-28775.531,-15.095703,-28765.24,-28769.547,-4.3066406,-10.7890625
23026,ttatctgactgtaacact,-28760.436,-28775.535,-15.099609,-28765.24,-28771.27,-6.029297,-9.0703125
26848,acttcctttattttcctt,-28760.436,-28775.541,-15.105469,-28765.24,-28769.465,-4.2246094,-10.880859
23929,ttgtttttgtttttgaga,-28760.436,-28775.543,-15.107422,-28765.24,-28783.77,-18.529297,3.421875
25982,catgagccactgtgaccg,-28760.436,-28775.547,-15.111328,-28765.24,-28777.129,-11.888672,-3.2226562
21611,ttttgtatttttttgtaa,-28760.436,-28775.555,-15.119141,-28765.24,-28775.41,-10.169922,-4.9492188
25912,gttctccaaatccgacct,-28760.436,-28775.557,-15.121094,-28765.24,-28771.078,-5.8378906,-9.283203
24296,gataggctctgagtctag,-28760.436,-28775.559,-15.123047,-28765.24,-28766.387,-1.1464844,-13.9765625
25950,gcctccaaaagtgcaagg,-28760.436,-28775.56,-15.125,-28765.24,-28774.684,-9.443359,-5.6816406
25379,tagtttatttatttttta,-28760.436,-28775.562,-15.126953,-28765.24,-28768.543,-3.3027344,-11.824219
24434,aatacatcttacggtctg,-28760.436,-28775.562,-15.126953,-28765.24,-28770.508,-5.267578,-9.859375
21252,gcattgtccctaagtata,-28760.436,-28775.564,-15.128906,-28765.24,-28762.34,2.9003906,-18.029297
26829,tatatagctatttttttt,-28760.436,-28775.568,-15.1328125,-28765.24,-28777.924,-12.683594,-2.4492188
21841,tttaaaattattttattt,-28760.436,-28775.57,-15.134766,-28765.24,-28775.516,-10.275391,-4.859375
23090,ataatgtatatataaagt,-28760.436,-28775.57,-15.134766,-28765.24,-28763.676,1.5644531,-16.699219
22310,tatttaaaagttaaggcc,-28760.436,-28775.572,-15.136719,-28765.24,-28771.691,-6.451172,-8.685547
23758,gcattccttcttattgct,-28760.436,-28775.574,-15.138672,-28765.24,-28768.646,-3.40625,-11.732422
23827,gacatttaggttgttttt,-28760.436,-28775.576,-15.140625,-28765.24,-28764.707,0.5332031,-15.673828
25338,tctcaaaaaaaaaaggaa,-28760.436,-28775.578,-15.142578,-28765.24,-28779.266,-14.025391,-1.1171875
26505,gagccaccacgccggcct,-28760.436,-28775.58,-15.144531,-28765.24,-28771.625,-6.3847656,-8.759766
26763,atgtcttgtgaaacaaaa,-28760.436,-28775.596,-15.160156,-28765.24,-28778.297,-13.056641,-2.1035156
23798,atcacattttatccattc,-28760.436,-28775.617,-15.181641,-28765.24,-28765.598,-0.35742188,-14.824219
24500,catgtagggaaagataga,-28760.436,-28775.621,-15.185547,-28765.24,-28775.797,-10.556641,-4.6289062
26978,tgtggaaaacaaatgttt,-28760.436,-28775.64,-15.205078,-28765.24,-28764.66,0.5800781,-15.785156
22980,accaaaaagtaataaatc,-28760.436,-28775.652,-15.216797,-28765.24,-28763.613,1.6269531,-16.84375
23816,atcagttcatggacattt,-28760.436,-28775.656,-15.220703,-28765.24,-28782.338,-17.097656,1.8769531
21731,agatctggggtaatgtgt,-28760.436,-28775.66,-15.224609,-28765.24,-28767.742,-2.5019531,-12.722656
26707,attaaaagactatcaact,-28760.436,-28775.666,-15.230469,-28765.24,-28759.8,5.439453,-20.669922
23305,actaaaagtacaaaaaca,-28760.436,-28775.666,-15.230469,-28765.24,-28770.252,-5.0117188,-10.21875
26248,ctggagtgcagtggtgta,-28760.436,-28775.666,-15.230469,-28765.24,-28773.377,-8.136719,-7.09375
23002,gcttgtaatttgttttga,-28760.436,-28775.672,-15.236328,-28765.24,-28767.947,-2.7070312,-12.529297
26593,agtgatccccctacctcc,-28760.436,-28775.684,-15.248047,-28765.24,-28780.473,-15.232422,-0.015625
25357,aaaaatatttttttaaat,-28760.436,-28775.69,-15.253906,-28765.24,-28763.377,1.8632812,-17.117188
26700,aaagtacattaaaagact,-28760.436,-28775.7,-15.263672,-28765.24,-28758.463,6.7773438,-22.041016
22445,aaaataccaaaaaaaatt,-28760.436,-28775.703,-15.267578,-28765.24,-28766.53,-1.2890625,-13.978516
22159,tatttttaaaagtaagct,-28760.436,-28775.705,-15.269531,-28765.24,-28772.03,-6.7890625,-8.480469
24824,tactaaaaaaaatacaaa,-28760.436,-28775.705,-15.269531,-28765.24,-28765.535,-0.29492188,-14.974609
23473,caaaaaataaaataaaaa,-28760.436,-28775.715,-15.279297,-28765.24,-28780.309,-15.068359,-0.2109375
26780,atgctttttaacatccat,-28760.436,-28775.729,-15.292969,-28765.24,-28763.902,1.3378906,-16.63086
24446,ggtctgttaggtgtagat,-28760.436,-28775.734,-15.298828,-28765.24,-28772.314,-7.0742188,-8.224609
21219,aaaatacaactgtctgag,-28760.436,-28775.734,-15.298828,-28765.24,-28775.459,-10.21875,-5.080078
27203,aggcagaccagcagactt,-28760.436,-28775.736,-15.300781,-28765.24,-28775.352,-10.111328,-5.189453
26678,tgttttctttgggataac,-28760.436,-28775.738,-15.302734,-28765.24,-28765.79,-0.5488281,-14.753906
27213,gcagacttttttttattg,-28760.436,-28775.742,-15.306641,-28765.24,-28768.807,-3.5664062,-11.740234
24327,tctttttgtcttagaaat,-28760.436,-28775.746,-15.310547,-28765.24,-28770.473,-5.232422,-10.078125
21207,aataaaaataaaaaaata,-28760.436,-28775.758,-15.322266,-28765.24,-28774.45,-9.208984,-6.1132812
22602,ttccatctcaaaaaaaga,-28760.436,-28775.762,-15.326172,-28765.24,-28776.287,-11.046875,-4.279297
26257,agtggtgtaaatctcagc,-28760.436,-28775.766,-15.330078,-28765.24,-28774.682,-9.441406,-5.888672
21848,ttattttattttatttta,-28760.436,-28775.785,-15.349609,-28765.24,-28767.203,-1.9628906,-13.386719
23101,ataaagtattggtataat,-28760.436,-28775.785,-15.349609,-28765.24,-28772.324,-7.0839844,-8.265625
24462,attagtaatgaagtggga,-28760.436,-28775.79,-15.353516,-28765.24,-28767.244,-2.0039062,-13.349609
24399,ttataactttgatactca,-28760.436,-28775.795,-15.359375,-28765.24,-28759.973,5.267578,-20.626953
27222,tttttattgtgatatggg,-28760.436,-28775.81,-15.375,-28765.24,-28768.273,-3.0332031,-12.341797
23113,tataatttatgttctaaa,-28760.436,-28775.81,-15.375,-28765.24,-28764.854,0.38671875,-15.761719
27283,ctctagtcaagtttaact,-28760.436,-28775.82,-15.384766,-28765.24,-28776.238,-10.998047,-4.3867188
27197,actagtaggcagaccagc,-28760.436,-28775.824,-15.388672,-28765.24,-28763.766,1.4746094,-16.863281
24519,agcattgaagccagaaga,-28760.436,-28775.832,-15.396484,-28765.24,-28776.52,-11.279297,-4.1171875
26258,gtggtgtaaatctcagct,-28760.436,-28775.836,-15.400391,-28765.24,-28775.973,-10.732422,-4.6679688
26570,gtggtgtcaagctccagg,-28760.436,-28775.84,-15.404297,-28765.24,-28790.066,-24.826172,9.421875
23784,tgttgtttggttatatca,-28760.436,-28775.848,-15.412109,-28765.24,-28765.637,-0.39648438,-15.015625
21307,agattattttgattatac,-28760.436,-28775.852,-15.416016,-28765.24,-28765.256,-0.015625,-15.400391
23842,tttatttttgggctataa,-28760.436,-28775.86,-15.423828,-28765.24,-28769.256,-4.015625,-11.408203
25383,ttatttattttttaagat,-28760.436,-28775.86,-15.423828,-28765.24,-28776.215,-10.974609,-4.4492188
25171,gtctctactaaaaataca,-28760.436,-28775.86,-15.423828,-28765.24,-28779.822,-14.582031,-0.8417969
23298,cgtctctactaaaagtac,-28760.436,-28775.883,-15.447266,-28765.24,-28777.36,-12.119141,-3.328125
21380,attgattgtagggaatgg,-28760.436,-28775.883,-15.447266,-28765.24,-28772.996,-7.7558594,-7.6914062
26364,ggctaattttttgtactt,-28760.436,-28775.887,-15.451172,-28765.24,-28781.04,-15.798828,0.34765625
26496,gcctagcctgagccacca,-28760.436,-28775.906,-15.470703,-28765.24,-28783.562,-18.322266,2.8515625
21210,aaaaataaaaaaatacaa,-28760.436,-28775.918,-15.482422,-28765.24,-28763.873,1.3671875,-16.84961
22161,tttttaaaagtaagctct,-28760.436,-28775.922,-15.486328,-28765.24,-28782.268,-17.027344,1.5410156
26873,TTTAGACAAAATCAAAAA,-28760.436,-28775.938,-15.501953,-28765.24,-28763.727,1.5136719,-17.015625
25356,gaaaaatatttttttaaa,-28760.436,-28775.945,-15.509766,-28765.24,-28769.125,-3.8847656,-11.625
26600,cccctacctccgcctccc,-28760.436,-28775.95,-15.513672,-28765.24,-28768.475,-3.234375,-12.279297
24624,gaatactggtgtttaatg,-28760.436,-28775.951,-15.515625,-28765.24,-28770.336,-5.095703,-10.419922
22923,agttgttgtagtataacc,-28760.436,-28775.955,-15.519531,-28765.24,-28771.152,-5.9121094,-9.607422
23883,cgtttgtgttctttttgt,-28760.436,-28775.955,-15.519531,-28765.24,-28768.975,-3.734375,-11.785156
25547,ttgtgttttgttttgttt,-28760.436,-28775.963,-15.527344,-28765.24,-28776.395,-11.154297,-4.373047
22271,tttaaatgtatcatctgt,-28760.436,-28775.969,-15.533203,-28765.24,-28766.924,-1.6835938,-13.849609
24451,gttaggtgtagattagta,-28760.436,-28775.97,-15.535156,-28765.24,-28768.111,-2.8710938,-12.6640625
25859,ggcctagtcttgtatttt,-28760.436,-28775.977,-15.541016,-28765.24,-28778.355,-13.115234,-2.4257812
27164,aaagagctttaggatatg,-28760.436,-28775.998,-15.5625,-28765.24,-28771.312,-6.0722656,-9.490234
21807,tacggacatgttctattg,-28760.436,-28776.0,-15.564453,-28765.24,-28767.809,-2.5683594,-12.996094
24036,cctcagcccgacaagtag,-28760.436,-28776.014,-15.578125,-28765.24,-28771.438,-6.1972656,-9.380859
24070,gtgccaccatgcacggct,-28760.436,-28776.016,-15.580078,-28765.24,-28783.133,-17.892578,2.3125
25980,ggcatgagccactgtgac,-28760.436,-28776.018,-15.582031,-28765.24,-28776.547,-11.306641,-4.2753906
22932,agtataaccttggtatat,-28760.436,-28776.02,-15.583984,-28765.24,-28768.32,-3.0800781,-12.503906
25576,tttttgagagggtgtctt,-28760.436,-28776.027,-15.591797,-28765.24,-28781.752,-16.511719,0.9199219
24398,gttataactttgatactc,-28760.436,-28776.027,-15.591797,-28765.24,-28762.521,2.71875,-18.310547
22192,aattatgatgtgatattg,-28760.436,-28776.03,-15.59375,-28765.24,-28765.967,-0.7265625,-14.8671875
26559,tgttgcccagggtggtgt,-28760.436,-28776.031,-15.595703,-28765.24,-28782.996,-17.75586,2.1601562
23839,gtttttatttttgggcta,-28760.436,-28776.037,-15.6015625,-28765.24,-28770.664,-5.423828,-10.177734
23667,aattatacgatatgtggt,-28760.436,-28776.053,-15.6171875,-28765.24,-28759.598,5.642578,-21.259766
26029,ttttattttttagagacc,-28760.436,-28776.055,-15.619141,-28765.24,-28771.184,-5.9433594,-9.675781
24321,cctctatctttttgtctt,-28760.436,-28776.062,-15.626953,-28765.24,-28772.76,-7.5195312,-8.107422
26497,cctagcctgagccaccac,-28760.436,-28776.066,-15.630859,-28765.24,-28774.23,-8.990234,-6.640625
22991,ataaatcaacagcttgta,-28760.436,-28776.07,-15.634766,-28765.24,-28777.133,-11.892578,-3.7421875
26430,ctgagctcaggtgatcca,-28760.436,-28776.072,-15.636719,-28765.24,-28777.34,-12.099609,-3.5371094
21124,tcctgacaatttttttgt,-28760.436,-28776.078,-15.642578,-28765.24,-28772.928,-7.6875,-7.955078
22890,agaatttgcggagggaaa,-28760.436,-28776.088,-15.652344,-28765.24,-28773.934,-8.693359,-6.9589844
27220,tttttttattgtgatatg,-28760.436,-28776.088,-15.652344,-28765.24,-28765.732,-0.4921875,-15.160156
26020,acatttaaattttatttt,-28760.436,-28776.1,-15.6640625,-28765.24,-28762.982,2.2578125,-17.921875
22990,aataaatcaacagcttgt,-28760.436,-28776.115,-15.6796875,-28765.24,-28759.48,5.7597656,-21.439453
25392,ttttaagatggagttttg,-28760.436,-28776.117,-15.681641,-28765.24,-28789.832,-24.591797,8.910156
26751,aaaataagtaaaatgtct,-28760.436,-28776.121,-15.685547,-28765.24,-28774.242,-9.001953,-6.6835938
24221,cttaagtgtttttaatac,-28760.436,-28776.123,-15.6875,-28765.24,-28770.277,-5.0371094,-10.650391
22997,caacagcttgtaatttgt,-28760.436,-28776.125,-15.689453,-28765.24,-28770.59,-5.3496094,-10.339844
23753,gtactgcattccttctta,-28760.436,-28776.125,-15.689453,-28765.24,-28767.094,-1.8535156,-13.8359375
26726,aatttctgatcatatttt,-28760.436,-28776.133,-15.697266,-28765.24,-28773.8,-8.560547,-7.1367188
22744,taaatacacaaaacttag,-28760.436,-28776.133,-15.697266,-28765.24,-28777.5,-12.259766,-3.4375
21288,aagctttcatgctattgt,-28760.436,-28776.137,-15.701172,-28765.24,-28778.617,-13.376953,-2.3242188
21408,ataatttttcataaatga,-28760.436,-28776.145,-15.708984,-28765.24,-28769.242,-4.001953,-11.707031
24578,atgttttagtattaattt,-28760.436,-28776.15,-15.714844,-28765.24,-28762.71,2.5292969,-18.24414
23820,gttcatggacatttaggt,-28760.436,-28776.152,-15.716797,-28765.24,-28770.4,-5.1601562,-10.556641
27126,aactggttggttgtgtgg,-28760.436,-28776.164,-15.728516,-28765.24,-28769.172,-3.9316406,-11.796875
22730,tactccatttctactaaa,-28760.436,-28776.168,-15.732422,-28765.24,-28765.055,0.18554688,-15.917969
26333,gctgggattagaggtccc,-28760.436,-28776.168,-15.732422,-28765.24,-28764.328,0.9121094,-16.644531
23597,ccagccctaggcagtcag,-28760.436,-28776.176,-15.740234,-28765.24,-28767.727,-2.4863281,-13.253906
24322,ctctatctttttgtctta,-28760.436,-28776.207,-15.771484,-28765.24,-28773.484,-8.244141,-7.5273438
24299,aggctctgagtctagctt,-28760.436,-28776.21,-15.775391,-28765.24,-28768.627,-3.3867188,-12.388672
26835,gctattttttttaacttc,-28760.436,-28776.227,-15.791016,-28765.24,-28764.11,1.1308594,-16.921875
26253,gtgcagtggtgtaaatct,-28760.436,-28776.227,-15.791016,-28765.24,-28773.61,-8.369141,-7.421875
22610,caaaaaaagaaaaaggcc,-28760.436,-28776.23,-15.794922,-28765.24,-28784.008,-18.767578,2.9726562
23880,attcgtttgtgttctttt,-28760.436,-28776.23,-15.794922,-28765.24,-28774.637,-9.396484,-6.3984375
27167,gagctttaggatatgatg,-28760.436,-28776.238,-15.802734,-28765.24,-28763.605,1.6347656,-17.4375
27107,tactagaattctcatact,-28760.436,-28776.238,-15.802734,-28765.24,-28770.04,-4.798828,-11.003906
24363,actaagaataatgttgtt,-28760.436,-28776.248,-15.8125,-28765.24,-28771.082,-5.841797,-9.970703
26668,gcctaataattgttttct,-28760.436,-28776.25,-15.814453,-28765.24,-28764.342,0.8984375,-16.71289
26076,gcaagggcacattcacag,-28760.436,-28776.266,-15.830078,-28765.24,-28775.828,-10.587891,-5.2421875
23495,agtatacaagtcagtggt,-28760.436,-28776.273,-15.837891,-28765.24,-28767.352,-2.1113281,-13.7265625
21269,aattttagttaattttaa,-28760.436,-28776.273,-15.837891,-28765.24,-28771.188,-5.9472656,-9.890625
23043,tgtaggcttttgtgtttt,-28760.436,-28776.28,-15.84375,-28765.24,-28768.023,-2.7832031,-13.060547
22427,gaaaccttgtctctacta,-28760.436,-28776.281,-15.845703,-28765.24,-28781.531,-16.291016,0.4453125
26670,ctaataattgttttcttt,-28760.436,-28776.287,-15.8515625,-28765.24,-28765.54,-0.29882812,-15.552734
23136,ttcttgagaaataattca,-28760.436,-28776.29,-15.853516,-28765.24,-28768.586,-3.3457031,-12.5078125
23108,attggtataatttatgtt,-28760.436,-28776.297,-15.861328,-28765.24,-28759.469,5.7714844,-21.632812
23097,atatataaagtattggta,-28760.436,-28776.297,-15.861328,-28765.24,-28770.637,-5.3964844,-10.464844
27294,tttaactggtgtccacag,-28760.436,-28776.309,-15.873047,-28765.24,-28774.227,-8.986328,-6.8867188
24780,gtcgggagttagagacta,-28760.436,-28776.326,-15.890625,-28765.24,-28785.578,-20.33789,4.4472656
21612,tttgtatttttttgtaaa,-28760.436,-28776.34,-15.904297,-28765.24,-28785.271,-20.03125,4.126953
23895,ttttgtttttttggtttt,-28760.436,-28776.34,-15.904297,-28765.24,-28767.957,-2.7167969,-13.1875
23008,aatttgttttgagatcag,-28760.436,-28776.348,-15.912109,-28765.24,-28778.914,-13.673828,-2.2382812
25047,aagaagaaaaatcagctg,-28760.436,-28776.357,-15.921875,-28765.24,-28775.258,-10.017578,-5.904297
26546,cagggtctcattatgttg,-28760.436,-28776.361,-15.925781,-28765.24,-28784.492,-19.251953,3.3261719
27208,gaccagcagacttttttt,-28760.436,-28776.367,-15.931641,-28765.24,-28769.98,-4.7402344,-11.191406
22442,ctaaaaataccaaaaaaa,-28760.436,-28776.385,-15.949219,-28765.24,-28767.578,-2.3378906,-13.611328
22150,gcctaaaattatttttaa,-28760.436,-28776.389,-15.953125,-28765.24,-28768.164,-2.9238281,-13.029297
21132,atttttttgtagttatgt,-28760.436,-28776.395,-15.958984,-28765.24,-28776.027,-10.787109,-5.171875
24443,tacggtctgttaggtgta,-28760.436,-28776.4,-15.964844,-28765.24,-28769.025,-3.7851562,-12.1796875
26631,tgtaggcatgagccactg,-28760.436,-28776.408,-15.972656,-28765.24,-28781.934,-16.69336,0.7207031
27199,tagtaggcagaccagcag,-28760.436,-28776.41,-15.974609,-28765.24,-28764.203,1.0371094,-17.011719
23468,tgtctcaaaaaataaaat,-28760.436,-28776.412,-15.9765625,-28765.24,-28778.113,-12.873047,-3.1035156
27341,cctctggttctaatttct,-28760.436,-28776.43,-15.994141,-28765.24,-28770.082,-4.841797,-11.152344
27281,tgctctagtcaagtttaa,-28760.436,-28776.434,-15.998047,-28765.24,-28773.129,-7.888672,-8.109375
23478,aataaaataaaaaagaaa,-28760.436,-28776.441,-16.00586,-28765.24,-28778.75,-13.509766,-2.4960938
26875,TAGACAAAATCAAAAAGA,-28760.436,-28776.443,-16.007812,-28765.24,-28775.307,-10.066406,-5.9414062
25032,cattggacatactgaaag,-28760.436,-28776.445,-16.009766,-28765.24,-28763.066,2.1738281,-18.183594
24492,ctagtatacatgtaggga,-28760.436,-28776.451,-16.015625,-28765.24,-28770.63,-5.390625,-10.625
27272,catatgaagtgctctagt,-28760.436,-28776.453,-16.017578,-28765.24,-28765.854,-0.61328125,-15.404297
22340,ttacaactgtaatcccaa,-28760.436,-28776.459,-16.023438,-28765.24,-28775.02,-9.779297,-6.2441406
21263,aagtataattttagttaa,-28760.436,-28776.459,-16.023438,-28765.24,-28762.79,2.4511719,-18.47461
21150,gactttgttttgtaaatt,-28760.436,-28776.473,-16.03711,-28765.24,-28769.578,-4.3378906,-11.699219
25358,aaaatatttttttaaatt,-28760.436,-28776.477,-16.041016,-28765.24,-28765.816,-0.5761719,-15.464844
27062,aattttgatgccaaaact,-28760.436,-28776.482,-16.046875,-28765.24,-28769.496,-4.2558594,-11.791016
21111,actcagcatcttttcctg,-28760.436,-28776.482,-16.046875,-28765.24,-28775.43,-10.189453,-5.857422
24605,aattttttttttatttag,-28760.436,-28776.488,-16.052734,-28765.24,-28780.512,-15.271484,-0.78125
23566,ccaaaaagaaaccctgtt,-28760.436,-28776.498,-16.0625,-28765.24,-28773.695,-8.455078,-7.607422
23793,gttatatcacattttatc,-28760.436,-28776.508,-16.072266,-28765.24,-28765.695,-0.45507812,-15.6171875
27132,ttggttgtgtggaagaaa,-28760.436,-28776.514,-16.078125,-28765.24,-28767.113,-1.8730469,-14.205078
26837,tattttttttaacttcct,-28760.436,-28776.52,-16.083984,-28765.24,-28770.701,-5.4609375,-10.623047
21693,cggccttccaagagaaat,-28760.436,-28776.527,-16.091797,-28765.24,-28768.43,-3.1894531,-12.902344
21430,tgaaattctttttttttt,-28760.436,-28776.531,-16.095703,-28765.24,-28782.08,-16.839844,0.7441406
23733,ccatgctgtagaatgcac,-28760.436,-28776.535,-16.09961,-28765.24,-28761.129,4.111328,-20.210938
23897,ttgtttttttggtttttt,-28760.436,-28776.535,-16.09961,-28765.24,-28777.71,-12.470703,-3.6289062
26609,ccgcctcccaaagttgtg,-28760.436,-28776.537,-16.101562,-28765.24,-28776.283,-11.042969,-5.0585938
21147,tgtgactttgttttgtaa,-28760.436,-28776.549,-16.113281,-28765.24,-28767.156,-1.9160156,-14.197266
21852,tttattttattttatttt,-28760.436,-28776.55,-16.115234,-28765.24,-28775.129,-9.888672,-6.2265625
26070,tggagtgcaagggcacat,-28760.436,-28776.555,-16.11914,-28765.24,-28773.438,-8.197266,-7.921875
22734,ccatttctactaaataca,-28760.436,-28776.555,-16.11914,-28765.24,-28772.86,-7.6191406,-8.5
24573,aacaaatgttttagtatt,-28760.436,-28776.559,-16.123047,-28765.24,-28766.34,-1.0996094,-15.0234375
26725,taatttctgatcatattt,-28760.436,-28776.562,-16.126953,-28765.24,-28763.938,1.3027344,-17.429688
21598,cgcctgtctaattttttg,-28760.436,-28776.566,-16.13086,-28765.24,-28774.29,-9.048828,-7.0820312
21843,taaaattattttatttta,-28760.436,-28776.574,-16.138672,-28765.24,-28767.602,-2.3613281,-13.777344
24561,tctgacaagaaaaacaaa,-28760.436,-28776.578,-16.142578,-28765.24,-28778.55,-13.310547,-2.8320312
25958,aagtgcaaggcaaggcat,-28760.436,-28776.592,-16.15625,-28765.24,-28761.031,4.2089844,-20.365234
21733,atctggggtaatgtgtac,-28760.436,-28776.602,-16.166016,-28765.24,-28763.068,2.171875,-18.33789
25350,aaggaagaaaaatatttt,-28760.436,-28776.602,-16.166016,-28765.24,-28778.34,-13.099609,-3.0664062
24075,accatgcacggctaattt,-28760.436,-28776.617,-16.18164,-28765.24,-28778.496,-13.255859,-2.9257812
27218,cttttttttattgtgata,-28760.436,-28776.617,-16.18164,-28765.24,-28762.115,3.125,-19.30664
24277,actgaagccacgtggttg,-28760.436,-28776.621,-16.185547,-28765.24,-28764.762,0.47851562,-16.664062
26502,cctgagccaccacgccgg,-28760.436,-28776.623,-16.1875,-28765.24,-28773.64,-8.400391,-7.7871094
24351,agaatgcaaatgactaag,-28760.436,-28776.625,-16.189453,-28765.24,-28765.775,-0.53515625,-15.654297
21735,ctggggtaatgtgtacca,-28760.436,-28776.629,-16.19336,-28765.24,-28759.879,5.361328,-21.554688
26189,aatttttatttttattta,-28760.436,-28776.639,-16.203125,-28765.24,-28779.127,-13.886719,-2.3164062
23804,ttttatccattcatcagt,-28760.436,-28776.64,-16.205078,-28765.24,-28766.66,-1.4199219,-14.785156
21202,taaaaaataaaaataaaa,-28760.436,-28776.645,-16.208984,-28765.24,-28764.344,0.8964844,-17.105469
21592,ccaccacgcctgtctaat,-28760.436,-28776.664,-16.228516,-28765.24,-28780.02,-14.779297,-1.4492188
24312,agcttttaacctctatct,-28760.436,-28776.666,-16.230469,-28765.24,-28762.668,2.5722656,-18.802734
27338,aagcctctggttctaatt,-28760.436,-28776.672,-16.236328,-28765.24,-28772.73,-7.4902344,-8.746094
24294,gagataggctctgagtct,-28760.436,-28776.684,-16.248047,-28765.24,-28767.498,-2.2578125,-13.990234
26262,tgtaaatctcagctcact,-28760.436,-28776.691,-16.25586,-28765.24,-28776.143,-10.902344,-5.3535156
26661,aactgcagcctaataatt,-28760.436,-28776.7,-16.263672,-28765.24,-28766.965,-1.7246094,-14.5390625
24603,taaattttttttttattt,-28760.436,-28776.7,-16.263672,-28765.24,-28767.36,-2.1191406,-14.144531
23770,attgctgaatattctgtt,-28760.436,-28776.703,-16.267578,-28765.24,-28767.766,-2.5253906,-13.7421875
21264,agtataattttagttaat,-28760.436,-28776.705,-16.269531,-28765.24,-28772.254,-7.013672,-9.255859
26489,ccactgtgcctagcctga,-28760.436,-28776.709,-16.273438,-28765.24,-28773.195,-7.955078,-8.318359
23682,ggtcttttgtgtctggct,-28760.436,-28776.719,-16.283203,-28765.24,-28765.629,-0.38867188,-15.894531
27174,aggatatgatgccatttt,-28760.436,-28776.727,-16.291016,-28765.24,-28764.736,0.50390625,-16.794922
26982,gaaaacaaatgtttttga,-28760.436,-28776.746,-16.310547,-28765.24,-28770.082,-4.841797,-11.46875
21236,ggcttaaattactcttgc,-28760.436,-28776.756,-16.320312,-28765.24,-28766.125,-0.8847656,-15.435547
22595,agtgagattccatctcaa,-28760.436,-28776.758,-16.322266,-28765.24,-28771.348,-6.107422,-10.214844
22193,attatgatgtgatattgt,-28760.436,-28776.762,-16.326172,-28765.24,-28766.61,-1.3691406,-14.957031
23887,tgtgttctttttgttttt,-28760.436,-28776.768,-16.332031,-28765.24,-28770.713,-5.4726562,-10.859375
25942,ccgccttggcctccaaaa,-28760.436,-28776.773,-16.33789,-28765.24,-28775.695,-10.455078,-5.8828125
23670,tatacgatatgtggtctt,-28760.436,-28776.78,-16.34375,-28765.24,-28773.34,-8.099609,-8.244141
23558,tcatcaccccaaaaagaa,-28760.436,-28776.797,-16.361328,-28765.24,-28771.691,-6.451172,-9.910156
22156,aattatttttaaaagtaa,-28760.436,-28776.805,-16.36914,-28765.24,-28763.344,1.8964844,-18.265625
26433,agctcaggtgatccaact,-28760.436,-28776.828,-16.392578,-28765.24,-28780.363,-15.123047,-1.2695312
24304,ctgagtctagcttttaac,-28760.436,-28776.832,-16.396484,-28765.24,-28767.258,-2.0175781,-14.378906
21222,atacaactgtctgaggct,-28760.436,-28776.832,-16.396484,-28765.24,-28767.957,-2.7167969,-13.6796875
26817,gctatctatatctatata,-28760.436,-28776.836,-16.40039,-28765.24,-28767.285,-2.0449219,-14.355469
26896,AAGGTGCTCACATTCCTT,-28760.436,-28776.84,-16.404297,-28765.24,-28762.572,2.6679688,-19.072266
22142,cgcgcccggcctaaaatt,-28760.436,-28776.848,-16.41211,-28765.24,-28771.438,-6.1972656,-10.214844
22144,cgcccggcctaaaattat,-28760.436,-28776.852,-16.416016,-28765.24,-28766.746,-1.5058594,-14.910156
26598,tccccctacctccgcctc,-28760.436,-28776.867,-16.43164,-28765.24,-28780.02,-14.779297,-1.6523438
22338,gcttacaactgtaatccc,-28760.436,-28776.875,-16.439453,-28765.24,-28781.113,-15.873047,-0.56640625
26758,gtaaaatgtcttgtgaaa,-28760.436,-28776.879,-16.44336,-28765.24,-28767.746,-2.5058594,-13.9375
21242,aattactcttgcattgtc,-28760.436,-28776.885,-16.449219,-28765.24,-28784.373,-19.132812,2.6835938
21591,gccaccacgcctgtctaa,-28760.436,-28776.898,-16.46289,-28765.24,-28772.484,-7.2441406,-9.21875
21812,acatgttctattgtattt,-28760.436,-28776.9,-16.464844,-28765.24,-28762.854,2.3867188,-18.851562
21251,tgcattgtccctaagtat,-28760.436,-28776.904,-16.46875,-28765.24,-28769.531,-4.2910156,-12.177734
21711,gaaatttttttaatgcac,-28760.436,-28776.906,-16.470703,-28765.24,-28764.424,0.81640625,-17.28711
25968,caaggcattacaggcatg,-28760.436,-28776.906,-16.470703,-28765.24,-28778.754,-13.513672,-2.9570312
22733,tccatttctactaaatac,-28760.436,-28776.914,-16.478516,-28765.24,-28777.496,-12.255859,-4.2226562
27311,gaggacatggtttaactg,-28760.436,-28776.916,-16.480469,-28765.24,-28772.896,-7.65625,-8.824219
26664,tgcagcctaataattgtt,-28760.436,-28776.918,-16.482422,-28765.24,-28769.79,-4.548828,-11.933594
27284,tctagtcaagtttaactg,-28760.436,-28776.922,-16.486328,-28765.24,-28761.773,3.4667969,-19.953125
23497,tatacaagtcagtggttt,-28760.436,-28776.938,-16.501953,-28765.24,-28770.32,-5.080078,-11.421875
21595,ccacgcctgtctaatttt,-28760.436,-28776.943,-16.507812,-28765.24,-28777.746,-12.505859,-4.001953
24362,gactaagaataatgttgt,-28760.436,-28776.945,-16.509766,-28765.24,-28779.867,-14.626953,-1.8828125
26604,tacctccgcctcccaaag,-28760.436,-28776.953,-16.517578,-28765.24,-28780.08,-14.839844,-1.6777344
23477,aaataaaataaaaaagaa,-28760.436,-28776.982,-16.546875,-28765.24,-28774.041,-8.800781,-7.7460938
21197,attactaaaaaataaaaa,-28760.436,-28777.0,-16.564453,-28765.24,-28762.676,2.5644531,-19.128906
21200,actaaaaaataaaaataa,-28760.436,-28777.008,-16.572266,-28765.24,-28773.717,-8.4765625,-8.095703
26507,gccaccacgccggcctaa,-28760.436,-28777.012,-16.576172,-28765.24,-28770.57,-5.330078,-11.246094
26024,ttaaattttattttttag,-28760.436,-28777.016,-16.580078,-28765.24,-28772.715,-7.4746094,-9.105469
23805,tttatccattcatcagtt,-28760.436,-28777.027,-16.591797,-28765.24,-28762.89,2.3496094,-18.941406
22018,ccacgcccggctaatttt,-28760.436,-28777.04,-16.603516,-28765.24,-28783.121,-17.88086,1.2773438
23490,aagaaagtatacaagtca,-28760.436,-28777.05,-16.615234,-28765.24,-28770.14,-4.9003906,-11.714844
23673,acgatatgtggtcttttg,-28760.436,-28777.055,-16.61914,-28765.24,-28775.684,-10.443359,-6.1757812
23625,gtctctatgaatttgtct,-28760.436,-28777.055,-16.61914,-28765.24,-28771.035,-5.794922,-10.824219
27022,agaaagttgaaaggttaa,-28760.436,-28777.055,-16.61914,-28765.24,-28771.227,-5.986328,-10.6328125
21328,tttgaattgaaattatac,-28760.436,-28777.07,-16.634766,-28765.24,-28770.834,-5.59375,-11.041016
25918,caaatccgacctcaggtg,-28760.436,-28777.09,-16.654297,-28765.24,-28775.785,-10.544922,-6.109375
22603,tccatctcaaaaaaagaa,-28760.436,-28777.092,-16.65625,-28765.24,-28783.348,-18.107422,1.4511719
21153,tttgttttgtaaatttat,-28760.436,-28777.098,-16.66211,-28765.24,-28763.43,1.8105469,-18.472656
26190,atttttatttttatttat,-28760.436,-28777.105,-16.669922,-28765.24,-28769.258,-4.017578,-12.652344
23896,tttgtttttttggttttt,-28760.436,-28777.11,-16.673828,-28765.24,-28775.793,-10.552734,-6.1210938
23042,ctgtaggcttttgtgttt,-28760.436,-28777.129,-16.69336,-28765.24,-28763.902,1.3378906,-18.03125
23083,aaaatacataatgtatat,-28760.436,-28777.14,-16.705078,-28765.24,-28772.87,-7.6289062,-9.076172
23135,tttcttgagaaataattc,-28760.436,-28777.145,-16.708984,-28765.24,-28768.105,-2.8652344,-13.84375
24990,ctcaaaaaaaaaaaaata,-28760.436,-28777.148,-16.71289,-28765.24,-28762.84,2.4003906,-19.113281
26086,attcacagctcactgcag,-28760.436,-28777.152,-16.716797,-28765.24,-28781.564,-16.324219,-0.39257812
27299,ctggtgtccacagaggac,-28760.436,-28777.16,-16.72461,-28765.24,-28775.598,-10.357422,-6.3671875
23013,gttttgagatcagttatc,-28760.436,-28777.16,-16.72461,-28765.24,-28779.793,-14.552734,-2.171875
23585,ccttcattttccccagcc,-28760.436,-28777.17,-16.734375,-28765.24,-28769.42,-4.1796875,-12.5546875
26581,ctccaggtctcaagtgat,-28760.436,-28777.172,-16.736328,-28765.24,-28770.055,-4.814453,-11.921875
21390,gggaatggaaaagatggg,-28760.436,-28777.176,-16.740234,-28765.24,-28774.61,-9.369141,-7.3710938
25587,gtgtcttgctctgtcccc,-28760.436,-28777.18,-16.74414,-28765.24,-28769.496,-4.2558594,-12.488281
27170,ctttaggatatgatgcca,-28760.436,-28777.18,-16.74414,-28765.24,-28767.25,-2.0097656,-14.734375
26976,tttgtggaaaacaaatgt,-28760.436,-28777.184,-16.748047,-28765.24,-28769.738,-4.498047,-12.25
22443,taaaaataccaaaaaaaa,-28760.436,-28777.19,-16.753906,-28765.24,-28769.193,-3.953125,-12.800781
27049,atcaatattaaagaattt,-28760.436,-28777.193,-16.757812,-28765.24,-28764.701,0.5390625,-17.296875
21381,ttgattgtagggaatgga,-28760.436,-28777.195,-16.759766,-28765.24,-28765.037,0.203125,-16.96289
22999,acagcttgtaatttgttt,-28760.436,-28777.21,-16.77539,-28765.24,-28774.686,-9.4453125,-7.330078
22164,ttaaaagtaagctcttgt,-28760.436,-28777.217,-16.78125,-28765.24,-28762.863,2.3769531,-19.158203
27155,tttcacaataaagagctt,-28760.436,-28777.246,-16.810547,-28765.24,-28769.496,-4.2558594,-12.5546875
22026,ggctaatttttttttatt,-28760.436,-28777.254,-16.81836,-28765.24,-28773.38,-8.140625,-8.677734
24630,tggtgtttaatggtctca,-28760.436,-28777.258,-16.822266,-28765.24,-28774.59,-9.349609,-7.4726562
21729,aaagatctggggtaatgt,-28760.436,-28777.26,-16.824219,-28765.24,-28775.695,-10.455078,-6.3691406
26114,cagggctcaagcagtcct,-28760.436,-28777.275,-16.839844,-28765.24,-28782.95,-17.708984,0.8691406
25370,taaattaattagtttatt,-28760.436,-28777.277,-16.841797,-28765.24,-28771.2,-5.9589844,-10.8828125
21725,gcacaaagatctggggta,-28760.436,-28777.281,-16.845703,-28765.24,-28758.992,6.248047,-23.09375
25900,gttggtcaggctgttctc,-28760.436,-28777.287,-16.851562,-28765.24,-28780.758,-15.517578,-1.3339844
22436,tctctactaaaaatacca,-28760.436,-28777.297,-16.861328,-28765.24,-28776.453,-11.212891,-5.6484375
27159,acaataaagagctttagg,-28760.436,-28777.312,-16.876953,-28765.24,-28765.715,-0.47460938,-16.402344
24491,gctagtatacatgtaggg,-28760.436,-28777.318,-16.882812,-28765.24,-28771.898,-6.658203,-10.224609
27334,cgtcaagcctctggttct,-28760.436,-28777.324,-16.888672,-28765.24,-28770.828,-5.5878906,-11.300781
22346,ctgtaatcccaacagttt,-28760.436,-28777.326,-16.890625,-28765.24,-28779.918,-14.677734,-2.2128906
25385,atttattttttaagatgg,-28760.436,-28777.328,-16.892578,-28765.24,-28777.033,-11.792969,-5.0996094
21756,tgaaccttggggagtatg,-28760.436,-28777.34,-16.904297,-28765.24,-28768.549,-3.3085938,-13.595703
24545,ggacatttgggctagatc,-28760.436,-28777.344,-16.908203,-28765.24,-28774.998,-9.7578125,-7.1503906
23472,tcaaaaaataaaataaaa,-28760.436,-28777.346,-16.910156,-28765.24,-28774.383,-9.142578,-7.767578
26499,tagcctgagccaccacgc,-28760.436,-28777.348,-16.91211,-28765.24,-28771.777,-6.5371094,-10.375
27166,agagctttaggatatgat,-28760.436,-28777.352,-16.916016,-28765.24,-28765.54,-0.29882812,-16.617188
26894,GGAAGGTGCTCACATTCC,-28760.436,-28777.352,-16.916016,-28765.24,-28769.434,-4.1933594,-12.722656
26803,gctatctatatatagcta,-28760.436,-28777.355,-16.919922,-28765.24,-28759.75,5.4902344,-22.410156
25787,tctcctgaccttttgatc,-28760.436,-28777.379,-16.94336,-28765.24,-28779.219,-13.978516,-2.9648438
26374,ttgtactttcagtagaaa,-28760.436,-28777.379,-16.94336,-28765.24,-28784.496,-19.25586,2.3125
21594,accacgcctgtctaattt,-28760.436,-28777.39,-16.955078,-28765.24,-28778.277,-13.037109,-3.9179688
23796,atatcacattttatccat,-28760.436,-28777.395,-16.958984,-28765.24,-28760.355,4.8847656,-21.84375
23076,tttgaaaaaaatacataa,-28760.436,-28777.398,-16.96289,-28765.24,-28762.559,2.6816406,-19.644531
25856,cccggcctagtcttgtat,-28760.436,-28777.41,-16.97461,-28765.24,-28782.078,-16.83789,-0.13671875
21377,gaaattgattgtagggaa,-28760.436,-28777.422,-16.986328,-28765.24,-28768.72,-3.4804688,-13.505859
27331,attcgtcaagcctctggt,-28760.436,-28777.438,-17.001953,-28765.24,-28772.406,-7.1660156,-9.8359375
24074,caccatgcacggctaatt,-28760.436,-28777.45,-17.013672,-28765.24,-28771.963,-6.7226562,-10.291016
25520,gccatatgccaccacgcc,-28760.436,-28777.453,-17.017578,-28765.24,-28784.96,-19.720703,2.703125
23504,gtcagtggttttggtttt,-28760.436,-28777.459,-17.023438,-28765.24,-28768.938,-3.6972656,-13.326172
22606,atctcaaaaaaagaaaaa,-28760.436,-28777.465,-17.029297,-28765.24,-28768.492,-3.2519531,-13.777344
23500,acaagtcagtggttttgg,-28760.436,-28777.467,-17.03125,-28765.24,-28763.215,2.0253906,-19.05664
23489,aaagaaagtatacaagtc,-28760.436,-28777.469,-17.033203,-28765.24,-28775.002,-9.761719,-7.2714844
26575,gtcaagctccaggtctca,-28760.436,-28777.469,-17.033203,-28765.24,-28783.8,-18.560547,1.5273438
23030,ctgactgtaacactgtag,-28760.436,-28777.473,-17.03711,-28765.24,-28778.965,-13.724609,-3.3125
27234,tatgggataacctaggca,-28760.436,-28777.479,-17.042969,-28765.24,-28768.57,-3.3300781,-13.712891
24822,tctactaaaaaaaataca,-28760.436,-28777.484,-17.048828,-28765.24,-28779.05,-13.810547,-3.2382812
24337,ttagaaatctaagcagaa,-28760.436,-28777.498,-17.0625,-28765.24,-28771.523,-6.283203,-10.779297
25336,cgtctcaaaaaaaaaagg,-28760.436,-28777.5,-17.064453,-28765.24,-28769.828,-4.5878906,-12.4765625
25331,aactccgtctcaaaaaaa,-28760.436,-28777.504,-17.06836,-28765.24,-28778.244,-13.003906,-4.064453
25860,gcctagtcttgtattttt,-28760.436,-28777.52,-17.083984,-28765.24,-28773.568,-8.328125,-8.755859
23528,tgcaaccatcactacaat,-28760.436,-28777.527,-17.091797,-28765.24,-28760.48,4.7597656,-21.851562
26343,gaggtccccaccaccatg,-28760.436,-28777.53,-17.09375,-28765.24,-28782.314,-17.074219,-0.01953125
27217,acttttttttattgtgat,-28760.436,-28777.531,-17.095703,-28765.24,-28764.092,1.1484375,-18.24414
24496,tatacatgtagggaaaga,-28760.436,-28777.535,-17.09961,-28765.24,-28764.111,1.1289062,-18.228516
22987,agtaataaatcaacagct,-28760.436,-28777.54,-17.103516,-28765.24,-28768.191,-2.9511719,-14.152344
22209,gtaggcacttgtattttt,-28760.436,-28777.543,-17.107422,-28765.24,-28767.201,-1.9609375,-15.146484
26938,attatgaaagtgaatctt,-28760.436,-28777.543,-17.107422,-28765.24,-28764.033,1.2070312,-18.314453
21171,aaaatactacttgcttct,-28760.436,-28777.55,-17.115234,-28765.24,-28763.762,1.4785156,-18.59375
24783,gggagttagagactagcc,-28760.436,-28777.553,-17.117188,-28765.24,-28772.932,-7.6914062,-9.425781
26311,tcctgcctcaacctccca,-28760.436,-28777.559,-17.123047,-28765.24,-28783.766,-18.52539,1.4023438
21426,aaaatgaaattctttttt,-28760.436,-28777.562,-17.126953,-28765.24,-28773.652,-8.412109,-8.714844
26963,taaaactttatggtttgt,-28760.436,-28777.562,-17.126953,-28765.24,-28771.422,-6.1816406,-10.9453125
26569,ggtggtgtcaagctccag,-28760.436,-28777.572,-17.136719,-28765.24,-28773.24,-8.0,-9.136719
22507,aggctgtggcaggaaaat,-28760.436,-28777.574,-17.138672,-28765.24,-28782.098,-16.857422,-0.28125
22910,aaagtcacgcttcagttg,-28760.436,-28777.59,-17.154297,-28765.24,-28768.191,-2.9511719,-14.203125
21748,taccacattgaaccttgg,-28760.436,-28777.594,-17.158203,-28765.24,-28765.799,-0.55859375,-16.59961
24460,agattagtaatgaagtgg,-28760.436,-28777.633,-17.197266,-28765.24,-28763.418,1.8222656,-19.019531
23806,ttatccattcatcagttc,-28760.436,-28777.64,-17.205078,-28765.24,-28764.354,0.88671875,-18.091797
21759,accttggggagtatggct,-28760.436,-28777.64,-17.205078,-28765.24,-28770.824,-5.5839844,-11.621094
26602,cctacctccgcctcccaa,-28760.436,-28777.645,-17.208984,-28765.24,-28784.547,-19.30664,2.0976562
26157,ggactacagtgataatgc,-28760.436,-28777.656,-17.220703,-28765.24,-28773.184,-7.9433594,-9.277344
24607,ttttttttttatttagtg,-28760.436,-28777.662,-17.226562,-28765.24,-28770.836,-5.595703,-11.630859
27348,ttctaatttctcatttgc,-28760.436,-28777.668,-17.232422,-28765.24,-28772.664,-7.423828,-9.808594
23934,tttgtttttgagacagtc,-28760.436,-28777.684,-17.248047,-28765.24,-28782.957,-17.716797,0.46875
26181,acctggctaatttttatt,-28760.436,-28777.688,-17.251953,-28765.24,-28774.465,-9.224609,-8.027344
24028,ttctcctgcctcagcccg,-28760.436,-28777.695,-17.259766,-28765.24,-28776.807,-11.566406,-5.6933594
25963,caaggcaaggcattacag,-28760.436,-28777.701,-17.265625,-28765.24,-28781.41,-16.169922,-1.0957031
25521,ccatatgccaccacgccc,-28760.436,-28777.723,-17.28711,-28765.24,-28787.367,-22.126953,4.8398438
26908,TTCCTTAAATTAAGGAgt,-28760.436,-28777.742,-17.30664,-28765.24,-28766.412,-1.171875,-16.134766
21740,gtaatgtgtaccacattg,-28760.436,-28777.742,-17.30664,-28765.24,-28767.156,-1.9160156,-15.390625
24319,aacctctatctttttgtc,-28760.436,-28777.744,-17.308594,-28765.24,-28765.059,0.18164062,-17.490234
25001,aaaaataaggtataagcg,-28760.436,-28777.744,-17.308594,-28765.24,-28761.012,4.2285156,-21.53711
23603,ctaggcagtcagtacact,-28760.436,-28777.754,-17.31836,-28765.24,-28771.076,-5.8359375,-11.482422
24483,cactgcaagctagtatac,-28760.436,-28777.762,-17.326172,-28765.24,-28770.258,-5.017578,-12.308594
27021,tagaaagttgaaaggtta,-28760.436,-28777.766,-17.330078,-28765.24,-28764.39,0.8496094,-18.179688
21389,agggaatggaaaagatgg,-28760.436,-28777.766,-17.330078,-28765.24,-28771.2,-5.9589844,-11.371094
26632,gtaggcatgagccactgc,-28760.436,-28777.773,-17.33789,-28765.24,-28774.8,-9.560547,-7.7773438
24608,tttttttttatttagtga,-28760.436,-28777.78,-17.34375,-28765.24,-28768.818,-3.578125,-13.765625
25585,gggtgtcttgctctgtcc,-28760.436,-28777.787,-17.351562,-28765.24,-28779.34,-14.099609,-3.2519531
24298,taggctctgagtctagct,-28760.436,-28777.797,-17.361328,-28765.24,-28770.654,-5.4140625,-11.947266
26595,tgatccccctacctccgc,-28760.436,-28777.8,-17.365234,-28765.24,-28779.035,-13.794922,-3.5703125
26940,tatgaaagtgaatcttac,-28760.436,-28777.805,-17.36914,-28765.24,-28769.367,-4.126953,-13.2421875
27296,taactggtgtccacagag,-28760.436,-28777.812,-17.376953,-28765.24,-28769.812,-4.5722656,-12.8046875
23475,aaaaataaaataaaaaag,-28760.436,-28777.824,-17.388672,-28765.24,-28769.355,-4.1152344,-13.2734375
22195,tatgatgtgatattgtag,-28760.436,-28777.836,-17.40039,-28765.24,-28774.047,-8.806641,-8.59375
23015,tttgagatcagttatctg,-28760.436,-28777.852,-17.416016,-28765.24,-28764.41,0.8300781,-18.246094
23817,tcagttcatggacattta,-28760.436,-28777.855,-17.419922,-28765.24,-28771.648,-6.408203,-11.011719
24436,tacatcttacggtctgtt,-28760.436,-28777.879,-17.44336,-28765.24,-28763.85,1.390625,-18.833984
25337,gtctcaaaaaaaaaagga,-28760.436,-28777.887,-17.451172,-28765.24,-28775.273,-10.033203,-7.4179688
21715,tttttttaatgcacaaag,-28760.436,-28777.89,-17.455078,-28765.24,-28764.02,1.2207031,-18.675781
22341,tacaactgtaatcccaac,-28760.436,-28777.893,-17.457031,-28765.24,-28772.395,-7.154297,-10.302734
26753,aataagtaaaatgtcttg,-28760.436,-28777.895,-17.458984,-28765.24,-28768.77,-3.5292969,-13.9296875
26683,tctttgggataactttta,-28760.436,-28777.898,-17.46289,-28765.24,-28767.516,-2.2753906,-15.1875
27003,tttaaaaagttcagatgt,-28760.436,-28777.906,-17.470703,-28765.24,-28766.688,-1.4472656,-16.023438
22176,tcttgtgccctgctaaaa,-28760.436,-28777.918,-17.482422,-28765.24,-28768.057,-2.8164062,-14.666016
21360,gttttaatctctgatttg,-28760.436,-28777.926,-17.490234,-28765.24,-28772.5,-7.2597656,-10.230469
24073,ccaccatgcacggctaat,-28760.436,-28777.938,-17.501953,-28765.24,-28788.201,-22.960938,5.4589844
26577,caagctccaggtctcaag,-28760.436,-28777.953,-17.517578,-28765.24,-28778.293,-13.052734,-4.4648438
24818,cgtctctactaaaaaaaa,-28760.436,-28777.973,-17.53711,-28765.24,-28771.36,-6.1191406,-11.417969
23486,aaaaaagaaagtatacaa,-28760.436,-28777.975,-17.539062,-28765.24,-28767.035,-1.7949219,-15.744141
24503,gtagggaaagatagaaag,-28760.436,-28777.979,-17.542969,-28765.24,-28767.338,-2.0976562,-15.4453125
26947,gtgaatcttacttttgta,-28760.436,-28777.992,-17.55664,-28765.24,-28755.48,9.759766,-27.316406
26512,cacgccggcctaattttt,-28760.436,-28777.996,-17.560547,-28765.24,-28765.96,-0.7207031,-16.839844
23814,tcatcagttcatggacat,-28760.436,-28777.998,-17.5625,-28765.24,-28766.318,-1.078125,-16.484375
22928,ttgtagtataaccttggt,-28760.436,-28778.004,-17.56836,-28765.24,-28769.252,-4.0117188,-13.556641
22345,actgtaatcccaacagtt,-28760.436,-28778.014,-17.578125,-28765.24,-28779.15,-13.910156,-3.6679688
22891,gaatttgcggagggaaaa,-28760.436,-28778.016,-17.580078,-28765.24,-28784.355,-19.115234,1.5351562
26633,taggcatgagccactgca,-28760.436,-28778.023,-17.58789,-28765.24,-28764.889,0.3515625,-17.939453
25362,tatttttttaaattaatt,-28760.436,-28778.027,-17.591797,-28765.24,-28777.684,-12.443359,-5.1484375
23055,tgttttttaaattatgaa,-28760.436,-28778.043,-17.607422,-28765.24,-28778.979,-13.738281,-3.8691406
23908,gttttttgggtttttttt,-28760.436,-28778.047,-17.611328,-28765.24,-28775.416,-10.175781,-7.435547
21271,ttttagttaattttaaaa,-28760.436,-28778.066,-17.63086,-28765.24,-28771.904,-6.6640625,-10.966797
22207,ttgtaggcacttgtattt,-28760.436,-28778.074,-17.638672,-28765.24,-28765.29,-0.048828125,-17.589844
24029,tctcctgcctcagcccga,-28760.436,-28778.076,-17.640625,-28765.24,-28773.793,-8.552734,-9.087891
23705,cacttagcatgctatttt,-28760.436,-28778.09,-17.654297,-28765.24,-28763.031,2.2089844,-19.863281
21586,tgcctgccaccacgcctg,-28760.436,-28778.094,-17.658203,-28765.24,-28784.855,-19.615234,1.9570312
25941,cccgccttggcctccaaa,-28760.436,-28778.102,-17.666016,-28765.24,-28780.871,-15.630859,-2.0351562
27205,gcagaccagcagactttt,-28760.436,-28778.111,-17.675781,-28765.24,-28763.13,2.109375,-19.785156
23881,ttcgtttgtgttcttttt,-28760.436,-28778.113,-17.677734,-28765.24,-28771.51,-6.2695312,-11.408203
22742,actaaatacacaaaactt,-28760.436,-28778.115,-17.679688,-28765.24,-28764.125,1.1152344,-18.794922
27122,acttaactggttggttgt,-28760.436,-28778.133,-17.697266,-28765.24,-28764.781,0.45898438,-18.15625
25913,ttctccaaatccgacctc,-28760.436,-28778.148,-17.71289,-28765.24,-28770.576,-5.3359375,-12.376953
26159,actacagtgataatgcca,-28760.436,-28778.18,-17.74414,-28765.24,-28782.422,-17.18164,-0.5625
23850,tgggctataatgaataat,-28760.436,-28778.182,-17.746094,-28765.24,-28760.812,4.4277344,-22.173828
26879,CAAAATCAAAAAGAAGGA,-28760.436,-28778.184,-17.748047,-28765.24,-28767.965,-2.7246094,-15.0234375
23911,ttttgggttttttttgtt,-28760.436,-28778.188,-17.751953,-28765.24,-28778.258,-13.017578,-4.734375
24339,agaaatctaagcagaatg,-28760.436,-28778.188,-17.751953,-28765.24,-28774.008,-8.767578,-8.984375
22437,ctctactaaaaataccaa,-28760.436,-28778.188,-17.751953,-28765.24,-28780.895,-15.654297,-2.0976562
22165,taaaagtaagctcttgtg,-28760.436,-28778.191,-17.75586,-28765.24,-28770.623,-5.3828125,-12.373047
22927,gttgtagtataaccttgg,-28760.436,-28778.215,-17.779297,-28765.24,-28759.38,5.859375,-23.638672
21727,acaaagatctggggtaat,-28760.436,-28778.215,-17.779297,-28765.24,-28772.445,-7.205078,-10.574219
23870,tgctatgaacattcgttt,-28760.436,-28778.238,-17.802734,-28765.24,-28759.955,5.2851562,-23.08789
24499,acatgtagggaaagatag,-28760.436,-28778.242,-17.80664,-28765.24,-28769.145,-3.9042969,-13.902344
26564,cccagggtggtgtcaagc,-28760.436,-28778.246,-17.810547,-28765.24,-28766.291,-1.0507812,-16.759766
25947,ttggcctccaaaagtgca,-28760.436,-28778.248,-17.8125,-28765.24,-28767.723,-2.4824219,-15.330078
23915,gggttttttttgttttgt,-28760.436,-28778.258,-17.822266,-28765.24,-28775.008,-9.767578,-8.0546875
24819,gtctctactaaaaaaaat,-28760.436,-28778.268,-17.832031,-28765.24,-28776.455,-11.214844,-6.6171875
26561,ttgcccagggtggtgtca,-28760.436,-28778.268,-17.832031,-28765.24,-28781.314,-16.074219,-1.7578125
23177,aagtatacaagttggctg,-28760.436,-28778.27,-17.833984,-28765.24,-28772.344,-7.1035156,-10.730469
26573,gtgtcaagctccaggtct,-28760.436,-28778.273,-17.83789,-28765.24,-28773.71,-8.470703,-9.3671875
21250,ttgcattgtccctaagta,-28760.436,-28778.273,-17.83789,-28765.24,-28771.02,-5.779297,-12.058594
24542,agaggacatttgggctag,-28760.436,-28778.28,-17.84375,-28765.24,-28762.52,2.7207031,-20.564453
25075,ctcacgccggtaatccca,-28760.436,-28778.287,-17.851562,-28765.24,-28784.66,-19.419922,1.5683594
23339,tggcgggcaccttttgtc,-28760.436,-28778.305,-17.86914,-28765.24,-28777.398,-12.158203,-5.7109375
25345,aaaaaaaggaagaaaaat,-28760.436,-28778.309,-17.873047,-28765.24,-28778.086,-12.845703,-5.0273438
22875,ctggccaacagagtgaga,-28760.436,-28778.332,-17.896484,-28765.24,-28771.973,-6.732422,-11.1640625
24784,ggagttagagactagcct,-28760.436,-28778.336,-17.90039,-28765.24,-28776.293,-11.052734,-6.8476562
22898,cggagggaaaaaaaagtc,-28760.436,-28778.355,-17.919922,-28765.24,-28768.871,-3.6308594,-14.2890625
21241,aaattactcttgcattgt,-28760.436,-28778.385,-17.949219,-28765.24,-28767.941,-2.7011719,-15.248047
21286,aaaagctttcatgctatt,-28760.436,-28778.412,-17.976562,-28765.24,-28770.586,-5.345703,-12.630859
26924,gtaagtctgccagcatta,-28760.436,-28778.412,-17.976562,-28765.24,-28767.395,-2.1542969,-15.822266
23879,cattcgtttgtgttcttt,-28760.436,-28778.414,-17.978516,-28765.24,-28765.871,-0.6308594,-17.347656
23125,tctaaataactttcttga,-28760.436,-28778.426,-17.990234,-28765.24,-28764.562,0.6777344,-18.667969
24504,tagggaaagatagaaagc,-28760.436,-28778.434,-17.998047,-28765.24,-28772.719,-7.4785156,-10.519531
26366,ctaattttttgtactttc,-28760.436,-28778.441,-18.00586,-28765.24,-28784.441,-19.201172,1.1953125
24525,gaagccagaagagagaca,-28760.436,-28778.445,-18.009766,-28765.24,-28774.195,-8.955078,-9.0546875
21206,aaataaaaataaaaaaat,-28760.436,-28778.45,-18.013672,-28765.24,-28772.445,-7.205078,-10.808594
24488,caagctagtatacatgta,-28760.436,-28778.453,-18.017578,-28765.24,-28772.598,-7.357422,-10.660156
22754,aaacttagcccagtggcg,-28760.436,-28778.453,-18.017578,-28765.24,-28782.254,-17.013672,-1.0039062
26163,cagtgataatgccactgc,-28760.436,-28778.457,-18.021484,-28765.24,-28778.006,-12.765625,-5.2558594
22211,aggcacttgtatttttag,-28760.436,-28778.463,-18.027344,-28765.24,-28760.113,5.126953,-23.154297
22441,actaaaaataccaaaaaa,-28760.436,-28778.465,-18.029297,-28765.24,-28780.23,-14.990234,-3.0390625
25052,gaaaaatcagctgggcgc,-28760.436,-28778.469,-18.033203,-28765.24,-28780.082,-14.841797,-3.1914062
27306,ccacagaggacatggttt,-28760.436,-28778.473,-18.03711,-28765.24,-28769.117,-3.8769531,-14.160156
23084,aaatacataatgtatata,-28760.436,-28778.477,-18.041016,-28765.24,-28766.271,-1.03125,-17.009766
22943,ggtatattgtatgtatca,-28760.436,-28778.484,-18.048828,-28765.24,-28767.068,-1.828125,-16.220703
22876,tggccaacagagtgagaa,-28760.436,-28778.492,-18.05664,-28765.24,-28782.572,-17.332031,-0.7246094
24782,cgggagttagagactagc,-28760.436,-28778.492,-18.05664,-28765.24,-28783.115,-17.875,-0.18164062
26492,ctgtgcctagcctgagcc,-28760.436,-28778.5,-18.064453,-28765.24,-28772.164,-6.923828,-11.140625
21974,ctgcctcagcctctccga,-28760.436,-28778.512,-18.076172,-28765.24,-28776.764,-11.5234375,-6.5527344
23303,ctactaaaagtacaaaaa,-28760.436,-28778.514,-18.078125,-28765.24,-28769.047,-3.8066406,-14.271484
23644,ttttagatattatatata,-28760.436,-28778.54,-18.103516,-28765.24,-28772.723,-7.482422,-10.621094
22763,ccagtggcgggcagttgt,-28760.436,-28778.543,-18.107422,-28765.24,-28779.37,-14.128906,-3.9785156
23634,aatttgtctattttagat,-28760.436,-28778.545,-18.109375,-28765.24,-28760.596,4.6445312,-22.753906
24283,gccacgtggttgagatag,-28760.436,-28778.55,-18.115234,-28765.24,-28771.254,-6.013672,-12.1015625
21752,acattgaaccttggggag,-28760.436,-28778.559,-18.123047,-28765.24,-28761.95,3.2910156,-21.414062
24521,cattgaagccagaagaga,-28760.436,-28778.574,-18.138672,-28765.24,-28762.754,2.4863281,-20.625
26259,tggtgtaaatctcagctc,-28760.436,-28778.58,-18.144531,-28765.24,-28777.334,-12.09375,-6.0507812
26199,tttatttatttatttttt,-28760.436,-28778.582,-18.146484,-28765.24,-28775.355,-10.115234,-8.03125
23308,aaaagtacaaaaacaaat,-28760.436,-28778.592,-18.15625,-28765.24,-28771.97,-6.7304688,-11.425781
23036,gtaacactgtaggctttt,-28760.436,-28778.633,-18.197266,-28765.24,-28763.154,2.0859375,-20.283203
22322,aaggccagacatggtggc,-28760.436,-28778.639,-18.203125,-28765.24,-28779.648,-14.408203,-3.7949219
24507,ggaaagatagaaagcatt,-28760.436,-28778.64,-18.205078,-28765.24,-28776.135,-10.894531,-7.310547
26158,gactacagtgataatgcc,-28760.436,-28778.648,-18.21289,-28765.24,-28780.467,-15.2265625,-2.9863281
27032,aaggttaatgtaaaacaa,-28760.436,-28778.656,-18.220703,-28765.24,-28764.172,1.0683594,-19.289062
25961,tgcaaggcaaggcattac,-28760.436,-28778.658,-18.222656,-28765.24,-28776.45,-11.208984,-7.013672
23728,ttcatccatgctgtagaa,-28760.436,-28778.668,-18.232422,-28765.24,-28771.418,-6.1777344,-12.0546875
26912,TTAAATTAAGGAgtaagt,-28760.436,-28778.672,-18.236328,-28765.24,-28769.072,-3.8320312,-14.404297
25858,cggcctagtcttgtattt,-28760.436,-28778.676,-18.240234,-28765.24,-28773.049,-7.8085938,-10.431641
24698,aaaataaggtataggccg,-28760.436,-28778.701,-18.265625,-28765.24,-28775.832,-10.591797,-7.673828
26441,tgatccaactgtctcggc,-28760.436,-28778.703,-18.267578,-28765.24,-28781.287,-16.046875,-2.2207031
23706,acttagcatgctattttc,-28760.436,-28778.703,-18.267578,-28765.24,-28771.441,-6.201172,-12.066406
25883,agtcgggatttctccatg,-28760.436,-28778.73,-18.294922,-28765.24,-28771.31,-6.0703125,-12.224609
25373,attaattagtttatttat,-28760.436,-28778.738,-18.302734,-28765.24,-28770.863,-5.623047,-12.6796875
24263,ttaacctttgttctactg,-28760.436,-28778.742,-18.30664,-28765.24,-28762.613,2.6269531,-20.933594
22316,aaagttaaggccagacat,-28760.436,-28778.748,-18.3125,-28765.24,-28780.781,-15.541016,-2.7714844
22883,cagagtgagaatttgcgg,-28760.436,-28778.758,-18.322266,-28765.24,-28770.701,-5.4609375,-12.861328
27026,agttgaaaggttaatgta,-28760.436,-28778.762,-18.326172,-28765.24,-28769.066,-3.8261719,-14.5
25552,ttttgttttgttttttgt,-28760.436,-28778.762,-18.326172,-28765.24,-28780.957,-15.716797,-2.609375
24078,atgcacggctaatttttt,-28760.436,-28778.77,-18.333984,-28765.24,-28771.297,-6.0566406,-12.277344
23570,aaagaaaccctgttacct,-28760.436,-28778.771,-18.335938,-28765.24,-28764.523,0.7167969,-19.052734
23900,tttttttggttttttggg,-28760.436,-28778.777,-18.341797,-28765.24,-28769.654,-4.4140625,-13.927734
23100,tataaagtattggtataa,-28760.436,-28778.783,-18.347656,-28765.24,-28772.016,-6.7753906,-11.572266
26153,gctgggactacagtgata,-28760.436,-28778.79,-18.353516,-28765.24,-28768.824,-3.5839844,-14.769531
24514,tagaaagcattgaagcca,-28760.436,-28778.791,-18.355469,-28765.24,-28775.922,-10.681641,-7.673828
21839,catttaaaattattttat,-28760.436,-28778.797,-18.361328,-28765.24,-28771.217,-5.9765625,-12.384766
23045,taggcttttgtgtttttt,-28760.436,-28778.8,-18.365234,-28765.24,-28773.68,-8.439453,-9.925781
22145,gcccggcctaaaattatt,-28760.436,-28778.826,-18.390625,-28765.24,-28769.21,-3.9707031,-14.419922
27019,gttagaaagttgaaaggt,-28760.436,-28778.834,-18.398438,-28765.24,-28769.93,-4.689453,-13.708984
25537,ccagccagttttgtgttt,-28760.436,-28778.836,-18.40039,-28765.24,-28776.818,-11.578125,-6.8222656
23576,accctgttaccttcattt,-28760.436,-28778.855,-18.419922,-28765.24,-28764.977,0.26367188,-18.683594
21274,tagttaattttaaaaagc,-28760.436,-28778.86,-18.423828,-28765.24,-28764.14,1.0996094,-19.523438
26892,AAGGAAGGTGCTCACATT,-28760.436,-28778.87,-18.433594,-28765.24,-28773.193,-7.953125,-10.480469
21108,atcactcagcatcttttc,-28760.436,-28778.87,-18.433594,-28765.24,-28764.574,0.6660156,-19.09961
24621,agtgaatactggtgttta,-28760.436,-28778.875,-18.439453,-28765.24,-28767.457,-2.2167969,-16.222656
22241,gaagaaacaactgactta,-28760.436,-28778.877,-18.441406,-28765.24,-28768.498,-3.2578125,-15.183594
24785,gagttagagactagcctc,-28760.436,-28778.89,-18.455078,-28765.24,-28775.516,-10.275391,-8.1796875
21850,attttattttattttatt,-28760.436,-28778.902,-18.466797,-28765.24,-28771.668,-6.4277344,-12.0390625
21607,aattttttgtattttttt,-28760.436,-28778.914,-18.478516,-28765.24,-28782.426,-17.185547,-1.2929688
23892,tctttttgtttttttggt,-28760.436,-28778.916,-18.480469,-28765.24,-28775.145,-9.904297,-8.576172
22709,cagcctggccaacatggt,-28760.436,-28778.922,-18.486328,-28765.24,-28781.715,-16.47461,-2.0117188
21362,tttaatctctgatttgaa,-28760.436,-28778.928,-18.492188,-28765.24,-28772.178,-6.9375,-11.5546875
25542,cagttttgtgttttgttt,-28760.436,-28778.934,-18.498047,-28765.24,-28774.266,-9.025391,-9.472656
26923,Agtaagtctgccagcatt,-28760.436,-28778.957,-18.521484,-28765.24,-28767.568,-2.328125,-16.19336
26165,gtgataatgccactgcac,-28760.436,-28778.957,-18.521484,-28765.24,-28772.021,-6.78125,-11.740234
23110,tggtataatttatgttct,-28760.436,-28778.984,-18.548828,-28765.24,-28773.14,-7.9003906,-10.6484375
24042,cccgacaagtagctggga,-28760.436,-28778.992,-18.55664,-28765.24,-28785.598,-20.357422,1.8007812
26594,gtgatccccctacctccg,-28760.436,-28779.021,-18.585938,-28765.24,-28778.443,-13.203125,-5.3828125
24696,tgaaaataaggtataggc,-28760.436,-28779.027,-18.591797,-28765.24,-28775.89,-10.650391,-7.9414062
26503,ctgagccaccacgccggc,-28760.436,-28779.03,-18.59375,-28765.24,-28767.783,-2.5429688,-16.050781
21972,tcctgcctcagcctctcc,-28760.436,-28779.03,-18.59375,-28765.24,-28767.2,-1.9589844,-16.634766
23088,acataatgtatatataaa,-28760.436,-28779.078,-18.642578,-28765.24,-28769.004,-3.7636719,-14.878906
22349,taatcccaacagtttgtg,-28760.436,-28779.08,-18.644531,-28765.24,-28767.992,-2.7519531,-15.892578
23017,tgagatcagttatctgac,-28760.436,-28779.082,-18.646484,-28765.24,-28770.314,-5.0742188,-13.572266
22878,gccaacagagtgagaatt,-28760.436,-28779.094,-18.658203,-28765.24,-28780.203,-14.962891,-3.6953125
26491,actgtgcctagcctgagc,-28760.436,-28779.137,-18.701172,-28765.24,-28781.668,-16.427734,-2.2734375
26636,gcatgagccactgcaaga,-28760.436,-28779.143,-18.707031,-28765.24,-28766.598,-1.3574219,-17.34961
24641,ggtctcattttaataagt,-28760.436,-28779.148,-18.71289,-28765.24,-28761.05,4.189453,-22.902344
22024,ccggctaattttttttta,-28760.436,-28779.16,-18.72461,-28765.24,-28772.115,-6.875,-11.849609
26860,ttccttacagGGTTTTAG,-28760.436,-28779.166,-18.730469,-28765.24,-28774.184,-8.943359,-9.787109
26515,gccggcctaatttttaaa,-28760.436,-28779.166,-18.730469,-28765.24,-28767.93,-2.6894531,-16.041016
23877,aacattcgtttgtgttct,-28760.436,-28779.184,-18.748047,-28765.24,-28772.184,-6.9433594,-11.8046875
26344,aggtccccaccaccatgc,-28760.436,-28779.186,-18.75,-28765.24,-28780.625,-15.384766,-3.3652344
22880,caacagagtgagaatttg,-28760.436,-28779.21,-18.77539,-28765.24,-28783.877,-18.636719,-0.13867188
21857,tttattttattttttttt,-28760.436,-28779.219,-18.783203,-28765.24,-28775.424,-10.183594,-8.599609
27286,tagtcaagtttaactggt,-28760.436,-28779.223,-18.78711,-28765.24,-28763.973,1.2675781,-20.054688
21354,aataatgttttaatctct,-28760.436,-28779.229,-18.792969,-28765.24,-28762.309,2.9316406,-21.72461
23511,gttttggttttcagttat,-28760.436,-28779.238,-18.802734,-28765.24,-28765.742,-0.5019531,-18.300781
27171,tttaggatatgatgccat,-28760.436,-28779.244,-18.808594,-28765.24,-28772.742,-7.501953,-11.306641
21589,ctgccaccacgcctgtct,-28760.436,-28779.246,-18.810547,-28765.24,-28774.754,-9.513672,-9.296875
25938,ccgcccgccttggcctcc,-28760.436,-28779.246,-18.810547,-28765.24,-28781.691,-16.451172,-2.359375
25797,ttttgatccacccgcctc,-28760.436,-28779.25,-18.814453,-28765.24,-28783.389,-18.148438,-0.6660156
23853,gctataatgaataatgtt,-28760.436,-28779.258,-18.822266,-28765.24,-28767.994,-2.7539062,-16.06836
25967,gcaaggcattacaggcat,-28760.436,-28779.264,-18.828125,-28765.24,-28770.42,-5.1796875,-13.6484375
22888,tgagaatttgcggaggga,-28760.436,-28779.277,-18.841797,-28765.24,-28771.152,-5.9121094,-12.9296875
23813,ttcatcagttcatggaca,-28760.436,-28779.305,-18.86914,-28765.24,-28768.607,-3.3671875,-15.501953
23909,ttttttgggttttttttg,-28760.436,-28779.307,-18.871094,-28765.24,-28777.424,-12.183594,-6.6875
21680,gatccacccgcctcggcc,-28760.436,-28779.312,-18.876953,-28765.24,-28783.82,-18.580078,-0.296875
25386,tttattttttaagatgga,-28760.436,-28779.32,-18.884766,-28765.24,-28776.152,-10.912109,-7.9726562
25347,aaaaaggaagaaaaatat,-28760.436,-28779.324,-18.888672,-28765.24,-28772.723,-7.482422,-11.40625
24465,agtaatgaagtgggaagc,-28760.436,-28779.324,-18.888672,-28765.24,-28767.242,-2.0019531,-16.886719
22506,gaggctgtggcaggaaaa,-28760.436,-28779.326,-18.890625,-28765.24,-28776.441,-11.201172,-7.689453
22715,ggccaacatggtgactac,-28760.436,-28779.328,-18.892578,-28765.24,-28765.914,-0.6738281,-18.21875
25339,ctcaaaaaaaaaaggaag,-28760.436,-28779.336,-18.90039,-28765.24,-28783.766,-18.52539,-0.375
22170,gtaagctcttgtgccctg,-28760.436,-28779.338,-18.902344,-28765.24,-28770.346,-5.1054688,-13.796875
26117,ggctcaagcagtcctctc,-28760.436,-28779.34,-18.904297,-28765.24,-28783.61,-18.36914,-0.53515625
24222,ttaagtgtttttaatacg,-28760.436,-28779.346,-18.910156,-28765.24,-28773.012,-7.7714844,-11.138672
24389,ataaaataggttataact,-28760.436,-28779.355,-18.919922,-28765.24,-28757.977,7.263672,-26.183594
22897,gcggagggaaaaaaaagt,-28760.436,-28779.367,-18.93164,-28765.24,-28766.121,-0.8808594,-18.050781
26572,ggtgtcaagctccaggtc,-28760.436,-28779.385,-18.949219,-28765.24,-28772.297,-7.0566406,-11.892578
25857,ccggcctagtcttgtatt,-28760.436,-28779.387,-18.951172,-28765.24,-28785.479,-20.238281,1.2871094
25528,ccaccacgcccagccagt,-28760.436,-28779.404,-18.96875,-28765.24,-28784.95,-19.708984,0.7402344
26770,gtgaaacaaaatgctttt,-28760.436,-28779.408,-18.972656,-28765.24,-28766.754,-1.5136719,-17.458984
25976,tacaggcatgagccactg,-28760.436,-28779.41,-18.97461,-28765.24,-28787.95,-22.708984,3.734375
22187,gctaaaattatgatgtga,-28760.436,-28779.434,-18.998047,-28765.24,-28766.553,-1.3125,-17.685547
23041,actgtaggcttttgtgtt,-28760.436,-28779.441,-19.00586,-28765.24,-28766.168,-0.9277344,-18.078125
26078,aagggcacattcacagct,-28760.436,-28779.465,-19.029297,-28765.24,-28774.117,-8.876953,-10.152344
26034,ttttttagagaccaggtc,-28760.436,-28779.467,-19.03125,-28765.24,-28779.32,-14.080078,-4.951172
22016,caccacgcccggctaatt,-28760.436,-28779.484,-19.048828,-28765.24,-28785.754,-20.513672,1.4648438
23617,cactttctgtctctatga,-28760.436,-28779.488,-19.052734,-28765.24,-28768.156,-2.9160156,-16.136719
24076,ccatgcacggctaatttt,-28760.436,-28779.5,-19.064453,-28765.24,-28783.156,-17.916016,-1.1484375
23505,tcagtggttttggttttc,-28760.436,-28779.502,-19.066406,-28765.24,-28771.402,-6.1621094,-12.904297
25791,ctgaccttttgatccacc,-28760.436,-28779.51,-19.074219,-28765.24,-28770.943,-5.703125,-13.371094
24586,gtattaatttttgacttt,-28760.436,-28779.514,-19.078125,-28765.24,-28768.162,-2.921875,-16.15625
21429,atgaaattcttttttttt,-28760.436,-28779.523,-19.08789,-28765.24,-28773.697,-8.457031,-10.630859
25389,attttttaagatggagtt,-28760.436,-28779.527,-19.091797,-28765.24,-28780.797,-15.556641,-3.5351562
21101,gtaagtaatcactcagca,-28760.436,-28779.547,-19.111328,-28765.24,-28780.383,-15.142578,-3.96875
22613,aaaaagaaaaaggcctgg,-28760.436,-28779.549,-19.113281,-28765.24,-28790.072,-24.832031,5.71875
27285,ctagtcaagtttaactgg,-28760.436,-28779.559,-19.123047,-28765.24,-28763.23,2.0097656,-21.132812
24943,gatcacctcattgcactc,-28760.436,-28779.566,-19.13086,-28765.24,-28773.23,-7.9902344,-11.140625
21243,attactcttgcattgtcc,-28760.436,-28779.566,-19.13086,-28765.24,-28771.617,-6.376953,-12.753906
25529,caccacgcccagccagtt,-28760.436,-28779.57,-19.134766,-28765.24,-28789.592,-24.351562,5.216797
24700,aataaggtataggccggg,-28760.436,-28779.572,-19.136719,-28765.24,-28778.559,-13.318359,-5.8183594
22732,ctccatttctactaaata,-28760.436,-28779.586,-19.15039,-28765.24,-28775.57,-10.330078,-8.8203125
22311,atttaaaagttaaggcca,-28760.436,-28779.592,-19.15625,-28765.24,-28775.277,-10.037109,-9.119141
23040,cactgtaggcttttgtgt,-28760.436,-28779.596,-19.160156,-28765.24,-28768.13,-2.890625,-16.269531
26030,tttattttttagagacca,-28760.436,-28779.598,-19.16211,-28765.24,-28774.428,-9.1875,-9.974609
26080,gggcacattcacagctca,-28760.436,-28779.605,-19.169922,-28765.24,-28777.578,-12.337891,-6.8320312
26556,ttatgttgcccagggtgg,-28760.436,-28779.605,-19.169922,-28765.24,-28784.035,-18.794922,-0.375
26295,tgggttcaagtgattctc,-28760.436,-28779.611,-19.175781,-28765.24,-28791.984,-26.74414,7.5683594
25952,ctccaaaagtgcaaggca,-28760.436,-28779.613,-19.177734,-28765.24,-28771.238,-5.998047,-13.1796875
23918,ttttttttgttttgtttt,-28760.436,-28779.621,-19.185547,-28765.24,-28778.406,-13.166016,-6.0195312
23884,gtttgtgttctttttgtt,-28760.436,-28779.633,-19.197266,-28765.24,-28773.445,-8.205078,-10.9921875
26677,ttgttttctttgggataa,-28760.436,-28779.637,-19.201172,-28765.24,-28768.584,-3.34375,-15.857422
24978,gcaaaactccatctcaaa,-28760.436,-28779.648,-19.21289,-28765.24,-28786.094,-20.853516,1.640625
25919,aaatccgacctcaggtga,-28760.436,-28779.652,-19.216797,-28765.24,-28767.945,-2.7050781,-16.511719
27249,gcatactgcactgtacac,-28760.436,-28779.66,-19.22461,-28765.24,-28770.05,-4.810547,-14.4140625
21687,ccgcctcggccttccaag,-28760.436,-28779.662,-19.226562,-28765.24,-28766.639,-1.3984375,-17.828125
26338,gattagaggtccccacca,-28760.436,-28779.664,-19.228516,-28765.24,-28772.13,-6.890625,-12.337891
21713,aatttttttaatgcacaa,-28760.436,-28779.672,-19.236328,-28765.24,-28768.3,-3.0605469,-16.175781
26591,caagtgatccccctacct,-28760.436,-28779.674,-19.238281,-28765.24,-28776.96,-11.720703,-7.517578
25568,gttttttttttttgagag,-28760.436,-28779.684,-19.248047,-28765.24,-28785.596,-20.355469,1.1074219
24242,attgccttaagctaacaa,-28760.436,-28779.691,-19.25586,-28765.24,-28774.652,-9.412109,-9.84375
21127,tgacaatttttttgtagt,-28760.436,-28779.705,-19.269531,-28765.24,-28771.074,-5.8339844,-13.435547
26084,acattcacagctcactgc,-28760.436,-28779.709,-19.273438,-28765.24,-28797.387,-32.146484,12.873047
23587,ttcattttccccagccct,-28760.436,-28779.71,-19.27539,-28765.24,-28770.973,-5.732422,-13.542969
21981,agcctctccgagtagctg,-28760.436,-28779.71,-19.27539,-28765.24,-28783.56,-18.320312,-0.9550781
24821,ctctactaaaaaaaatac,-28760.436,-28779.713,-19.277344,-28765.24,-28772.08,-6.8398438,-12.4375
27349,tctaatttctcatttgca,-28760.436,-28779.719,-19.283203,-28765.24,-28776.703,-11.462891,-7.8203125
22054,acggggtttcaccgtggt,-28760.436,-28779.72,-19.285156,-28765.24,-28775.172,-9.931641,-9.353516
26971,tatggtttgtggaaaaca,-28760.436,-28779.734,-19.298828,-28765.24,-28765.73,-0.49023438,-18.808594
24944,atcacctcattgcactcc,-28760.436,-28779.746,-19.310547,-28765.24,-28777.016,-11.775391,-7.5351562
22735,catttctactaaatacac,-28760.436,-28779.748,-19.3125,-28765.24,-28771.857,-6.6171875,-12.6953125
24478,gaagccactgcaagctag,-28760.436,-28779.75,-19.314453,-28765.24,-28765.066,0.17382812,-19.488281
26164,agtgataatgccactgca,-28760.436,-28779.752,-19.316406,-28765.24,-28772.977,-7.736328,-11.580078
26925,taagtctgccagcattat,-28760.436,-28779.766,-19.330078,-28765.24,-28768.611,-3.3710938,-15.958984
25388,tattttttaagatggagt,-28760.436,-28779.766,-19.330078,-28765.24,-28778.094,-12.853516,-6.4765625
26072,gagtgcaagggcacattc,-28760.436,-28779.773,-19.33789,-28765.24,-28778.553,-13.3125,-6.0253906
27303,tgtccacagaggacatgg,-28760.436,-28779.793,-19.357422,-28765.24,-28757.742,7.498047,-26.855469
25501,ccgagtagctgtgattac,-28760.436,-28779.809,-19.373047,-28765.24,-28788.885,-23.644531,4.2714844
21553,tgcctcagcctcagaggt,-28760.436,-28779.842,-19.40625,-28765.24,-28787.8,-22.560547,3.1542969
24455,ggtgtagattagtaatga,-28760.436,-28779.844,-19.408203,-28765.24,-28771.941,-6.701172,-12.707031
22604,ccatctcaaaaaaagaaa,-28760.436,-28779.848,-19.41211,-28765.24,-28783.209,-17.96875,-1.4433594
25340,tcaaaaaaaaaaggaaga,-28760.436,-28779.852,-19.416016,-28765.24,-28773.404,-8.1640625,-11.251953
25901,ttggtcaggctgttctcc,-28760.436,-28779.857,-19.421875,-28765.24,-28770.682,-5.4414062,-13.980469
26539,gtagagacagggtctcat,-28760.436,-28779.86,-19.423828,-28765.24,-28782.89,-17.65039,-1.7734375
26791,catccatataaagctatc,-28760.436,-28779.86,-19.423828,-28765.24,-28771.293,-6.0527344,-13.371094
22065,ccgtggtctcgatctcct,-28760.436,-28779.89,-19.455078,-28765.24,-28784.477,-19.236328,-0.21875
26893,AGGAAGGTGCTCACATTC,-28760.436,-28779.89,-19.455078,-28765.24,-28774.57,-9.330078,-10.125
25570,tttttttttttgagaggg,-28760.436,-28779.902,-19.466797,-28765.24,-28781.035,-15.794922,-3.671875
26764,tgtcttgtgaaacaaaat,-28760.436,-28779.916,-19.480469,-28765.24,-28772.398,-7.158203,-12.322266
26635,ggcatgagccactgcaag,-28760.436,-28779.924,-19.488281,-28765.24,-28777.262,-12.021484,-7.466797
26439,ggtgatccaactgtctcg,-28760.436,-28779.93,-19.49414,-28765.24,-28783.11,-17.86914,-1.625
22060,tttcaccgtggtctcgat,-28760.436,-28779.93,-19.49414,-28765.24,-28771.277,-6.0371094,-13.457031
24988,atctcaaaaaaaaaaaaa,-28760.436,-28779.934,-19.498047,-28765.24,-28782.125,-16.884766,-2.6132812
24245,gccttaagctaacaattc,-28760.436,-28779.955,-19.519531,-28765.24,-28767.342,-2.1015625,-17.417969
26521,ctaatttttaaatttttt,-28760.436,-28779.965,-19.529297,-28765.24,-28765.467,-0.2265625,-19.302734
26590,tcaagtgatccccctacc,-28760.436,-28779.965,-19.529297,-28765.24,-28777.94,-12.699219,-6.830078
26980,tggaaaacaaatgttttt,-28760.436,-28779.977,-19.541016,-28765.24,-28770.303,-5.0625,-14.478516
23653,ttatatataaacggaatt,-28760.436,-28779.982,-19.546875,-28765.24,-28760.61,4.6308594,-24.177734
22609,tcaaaaaaagaaaaaggc,-28760.436,-28779.998,-19.5625,-28765.24,-28776.256,-11.015625,-8.546875
25366,tttttaaattaattagtt,-28760.436,-28780.02,-19.583984,-28765.24,-28772.01,-6.7695312,-12.814453
22163,tttaaaagtaagctcttg,-28760.436,-28780.031,-19.595703,-28765.24,-28762.082,3.1582031,-22.753906
23028,atctgactgtaacactgt,-28760.436,-28780.037,-19.601562,-28765.24,-28773.73,-8.490234,-11.111328
22140,accgcgcccggcctaaaa,-28760.436,-28780.05,-19.615234,-28765.24,-28772.475,-7.234375,-12.380859
23910,tttttgggttttttttgt,-28760.436,-28780.053,-19.617188,-28765.24,-28767.58,-2.3398438,-17.277344
23921,tttttgttttgtttttgt,-28760.436,-28780.059,-19.623047,-28765.24,-28777.854,-12.613281,-7.0097656
22315,aaaagttaaggccagaca,-28760.436,-28780.066,-19.63086,-28765.24,-28778.45,-13.208984,-6.421875
23922,ttttgttttgtttttgtt,-28760.436,-28780.07,-19.634766,-28765.24,-28774.922,-9.681641,-9.953125
26194,ttatttttatttatttat,-28760.436,-28780.074,-19.638672,-28765.24,-28786.334,-21.09375,1.4550781
25497,cttcccgagtagctgtga,-28760.436,-28780.074,-19.638672,-28765.24,-28790.309,-25.06836,5.4296875
26524,atttttaaattttttgta,-28760.436,-28780.074,-19.638672,-28765.24,-28772.098,-6.857422,-12.78125
21502,cgtgatcttggctcacag,-28760.436,-28780.086,-19.65039,-28765.24,-28790.473,-25.232422,5.5820312
21164,aatttataaaatactact,-28760.436,-28780.123,-19.6875,-28765.24,-28760.248,4.9921875,-24.679688
24355,tgcaaatgactaagaata,-28760.436,-28780.125,-19.689453,-28765.24,-28770.295,-5.0546875,-14.634766
26555,attatgttgcccagggtg,-28760.436,-28780.14,-19.705078,-28765.24,-28790.453,-25.21289,5.5078125
26520,cctaatttttaaattttt,-28760.436,-28780.148,-19.71289,-28765.24,-28776.982,-11.7421875,-7.970703
23864,taatgttgctatgaacat,-28760.436,-28780.16,-19.72461,-28765.24,-28763.895,1.3457031,-21.070312
22312,tttaaaagttaaggccag,-28760.436,-28780.166,-19.730469,-28765.24,-28775.105,-9.865234,-9.865234
23710,agcatgctattttcaaga,-28760.436,-28780.203,-19.767578,-28765.24,-28767.812,-2.5722656,-17.195312
24069,tgtgccaccatgcacggc,-28760.436,-28780.23,-19.794922,-28765.24,-28791.0,-25.759766,5.9648438
22611,aaaaaaagaaaaaggcct,-28760.436,-28780.242,-19.80664,-28765.24,-28783.107,-17.867188,-1.9394531
26168,ataatgccactgcacctg,-28760.436,-28780.242,-19.80664,-28765.24,-28789.133,-23.892578,4.0859375
26200,ttatttatttattttttt,-28760.436,-28780.25,-19.814453,-28765.24,-28785.686,-20.445312,0.6308594
23907,ggttttttgggttttttt,-28760.436,-28780.254,-19.81836,-28765.24,-28776.898,-11.658203,-8.160156
21686,cccgcctcggccttccaa,-28760.436,-28780.273,-19.83789,-28765.24,-28775.535,-10.294922,-9.542969
22447,aataccaaaaaaaattta,-28760.436,-28780.273,-19.83789,-28765.24,-28772.346,-7.1054688,-12.732422
26917,TTAAGGAgtaagtctgcc,-28760.436,-28780.277,-19.841797,-28765.24,-28767.316,-2.0761719,-17.765625
23513,tttggttttcagttatgc,-28760.436,-28780.281,-19.845703,-28765.24,-28769.977,-4.736328,-15.109375
23950,tcttgctctgtctcctaa,-28760.436,-28780.29,-19.853516,-28765.24,-28778.242,-13.001953,-6.8515625
23338,ttggcgggcaccttttgt,-28760.436,-28780.291,-19.855469,-28765.24,-28770.543,-5.3027344,-14.552734
24077,catgcacggctaattttt,-28760.436,-28780.316,-19.88086,-28765.24,-28779.7,-14.458984,-5.421875
25517,acagccatatgccaccac,-28760.436,-28780.342,-19.90625,-28765.24,-28782.957,-17.716797,-2.1894531
21605,ctaattttttgtattttt,-28760.436,-28780.357,-19.921875,-28765.24,-28784.145,-18.904297,-1.0175781
26574,tgtcaagctccaggtctc,-28760.436,-28780.367,-19.93164,-28765.24,-28771.145,-5.904297,-14.027344
22774,cagttgtaatcccagcta,-28760.436,-28780.379,-19.94336,-28765.24,-28787.44,-22.199219,2.2558594
26264,taaatctcagctcactgc,-28760.436,-28780.38,-19.945312,-28765.24,-28766.734,-1.4941406,-18.451172
21126,ctgacaatttttttgtag,-28760.436,-28780.383,-19.947266,-28765.24,-28771.02,-5.779297,-14.167969
26494,gtgcctagcctgagccac,-28760.436,-28780.414,-19.978516,-28765.24,-28776.473,-11.232422,-8.746094
26202,atttatttattttttttt,-28760.436,-28780.43,-19.99414,-28765.24,-28780.41,-15.169922,-4.8242188
22313,ttaaaagttaaggccaga,-28760.436,-28780.473,-20.03711,-28765.24,-28771.68,-6.439453,-13.597656
22351,atcccaacagtttgtgag,-28760.436,-28780.48,-20.044922,-28765.24,-28780.838,-15.597656,-4.4472656
24789,tagagactagcctcaaca,-28760.436,-28780.49,-20.054688,-28765.24,-28779.605,-14.365234,-5.689453
21512,gctcacagcaagctctgc,-28760.436,-28780.504,-20.06836,-28765.24,-28779.48,-14.240234,-5.828125
26529,taaattttttgtagagac,-28760.436,-28780.516,-20.080078,-28765.24,-28786.086,-20.845703,0.765625
26877,GACAAAATCAAAAAGAAG,-28760.436,-28780.516,-20.080078,-28765.24,-28769.906,-4.6660156,-15.4140625
24470,tgaagtgggaagccactg,-28760.436,-28780.525,-20.089844,-28765.24,-28775.932,-10.691406,-9.3984375
24697,gaaaataaggtataggcc,-28760.436,-28780.549,-20.113281,-28765.24,-28771.166,-5.9257812,-14.1875
23479,ataaaataaaaaagaaag,-28760.436,-28780.555,-20.11914,-28765.24,-28773.414,-8.173828,-11.9453125
23871,gctatgaacattcgtttg,-28760.436,-28780.559,-20.123047,-28765.24,-28764.676,0.5644531,-20.6875
25390,ttttttaagatggagttt,-28760.436,-28780.566,-20.13086,-28765.24,-28783.52,-18.279297,-1.8515625
26249,tggagtgcagtggtgtaa,-28760.436,-28780.566,-20.13086,-28765.24,-28772.803,-7.5625,-12.568359
27271,acatatgaagtgctctag,-28760.436,-28780.572,-20.136719,-28765.24,-28771.863,-6.623047,-13.513672
25342,aaaaaaaaaaggaagaaa,-28760.436,-28780.598,-20.16211,-28765.24,-28773.137,-7.8964844,-12.265625
21547,ttctcctgcctcagcctc,-28760.436,-28780.602,-20.166016,-28765.24,-28799.736,-34.496094,14.330078
24617,atttagtgaatactggtg,-28760.436,-28780.61,-20.173828,-28765.24,-28766.684,-1.4433594,-18.730469
24940,cgagatcacctcattgca,-28760.436,-28780.611,-20.175781,-28765.24,-28780.31,-15.0703125,-5.1054688
21552,ctgcctcagcctcagagg,-28760.436,-28780.613,-20.177734,-28765.24,-28786.816,-21.576172,1.3984375
24027,attctcctgcctcagccc,-28760.436,-28780.617,-20.18164,-28765.24,-28774.21,-8.970703,-11.2109375
25530,accacgcccagccagttt,-28760.436,-28780.637,-20.201172,-28765.24,-28785.477,-20.236328,0.03515625
25969,aaggcattacaggcatga,-28760.436,-28780.664,-20.228516,-28765.24,-28769.393,-4.1523438,-16.076172
22509,gctgtggcaggaaaattg,-28760.436,-28780.678,-20.242188,-28765.24,-28777.049,-11.808594,-8.433594
26367,taattttttgtactttca,-28760.436,-28780.691,-20.25586,-28765.24,-28779.273,-14.033203,-6.2226562
24937,agccgagatcacctcatt,-28760.436,-28780.7,-20.263672,-28765.24,-28780.643,-15.402344,-4.861328
23901,ttttttggttttttgggt,-28760.436,-28780.707,-20.271484,-28765.24,-28775.275,-10.035156,-10.236328
22331,catggtggcttacaactg,-28760.436,-28780.715,-20.279297,-28765.24,-28778.988,-13.748047,-6.53125
21508,cttggctcacagcaagct,-28760.436,-28780.72,-20.285156,-28765.24,-28785.244,-20.003906,-0.28125
23914,tgggttttttttgttttg,-28760.436,-28780.723,-20.28711,-28765.24,-28770.16,-4.919922,-15.3671875
21134,ttttttgtagttatgtga,-28760.436,-28780.725,-20.289062,-28765.24,-28769.098,-3.8574219,-16.43164
25944,gccttggcctccaaaagt,-28760.436,-28780.75,-20.314453,-28765.24,-28779.48,-14.240234,-6.0742188
24566,caagaaaaacaaatgttt,-28760.436,-28780.766,-20.330078,-28765.24,-28773.492,-8.251953,-12.078125
23012,tgttttgagatcagttat,-28760.436,-28780.777,-20.341797,-28765.24,-28765.287,-0.046875,-20.294922
26079,agggcacattcacagctc,-28760.436,-28780.785,-20.34961,-28765.24,-28781.656,-16.416016,-3.9335938
25655,caggttcacaccattctc,-28760.436,-28780.814,-20.378906,-28765.24,-28779.926,-14.685547,-5.6933594
25956,aaaagtgcaaggcaaggc,-28760.436,-28780.816,-20.38086,-28765.24,-28771.883,-6.642578,-13.738281
26188,taatttttatttttattt,-28760.436,-28780.832,-20.396484,-28765.24,-28782.498,-17.257812,-3.1386719
23467,ctgtctcaaaaaataaaa,-28760.436,-28780.84,-20.404297,-28765.24,-28781.465,-16.22461,-4.1796875
24497,atacatgtagggaaagat,-28760.436,-28780.848,-20.41211,-28765.24,-28771.46,-6.220703,-14.191406
24508,gaaagatagaaagcattg,-28760.436,-28780.871,-20.435547,-28765.24,-28770.088,-4.8476562,-15.587891
27246,taggcatactgcactgta,-28760.436,-28780.883,-20.447266,-28765.24,-28770.559,-5.3183594,-15.128906
25589,gtcttgctctgtccccca,-28760.436,-28780.9,-20.464844,-28765.24,-28779.521,-14.28125,-6.1835938
26523,aatttttaaattttttgt,-28760.436,-28780.918,-20.482422,-28765.24,-28785.695,-20.455078,-0.02734375
24220,ccttaagtgtttttaata,-28760.436,-28780.926,-20.490234,-28765.24,-28770.328,-5.0878906,-15.402344
23029,tctgactgtaacactgta,-28760.436,-28780.95,-20.513672,-28765.24,-28775.568,-10.328125,-10.185547
22708,ccagcctggccaacatgg,-28760.436,-28780.967,-20.53125,-28765.24,-28781.969,-16.728516,-3.8027344
22745,aaatacacaaaacttagc,-28760.436,-28780.979,-20.542969,-28765.24,-28776.146,-10.90625,-9.636719
26851,tcctttattttccttaca,-28760.436,-28780.982,-20.546875,-28765.24,-28764.11,1.1308594,-21.677734
26445,ccaactgtctcggcctcc,-28760.436,-28780.994,-20.558594,-28765.24,-28786.223,-20.982422,0.42382812
26500,agcctgagccaccacgcc,-28760.436,-28781.04,-20.603516,-28765.24,-28765.742,-0.5019531,-20.101562
22141,ccgcgcccggcctaaaat,-28760.436,-28781.04,-20.603516,-28765.24,-28771.777,-6.5371094,-14.066406
26252,agtgcagtggtgtaaatc,-28760.436,-28781.043,-20.607422,-28765.24,-28766.627,-1.3867188,-19.220703
25864,agtcttgtatttttagta,-28760.436,-28781.047,-20.611328,-28765.24,-28789.617,-24.376953,3.765625
26579,agctccaggtctcaagtg,-28760.436,-28781.059,-20.623047,-28765.24,-28780.883,-15.642578,-4.9804688
23337,gttggcgggcaccttttg,-28760.436,-28781.066,-20.63086,-28765.24,-28775.855,-10.615234,-10.015625
25515,ttacagccatatgccacc,-28760.436,-28781.068,-20.632812,-28765.24,-28779.252,-14.011719,-6.6210938
25164,aaaccctgtctctactaa,-28760.436,-28781.076,-20.640625,-28765.24,-28780.752,-15.511719,-5.1289062
26501,gcctgagccaccacgccg,-28760.436,-28781.1,-20.664062,-28765.24,-28781.324,-16.083984,-4.580078
23499,tacaagtcagtggttttg,-28760.436,-28781.102,-20.666016,-28765.24,-28763.053,2.1875,-22.853516
26607,ctccgcctcccaaagttg,-28760.436,-28781.102,-20.666016,-28765.24,-28781.629,-16.388672,-4.2773438
23888,gtgttctttttgtttttt,-28760.436,-28781.105,-20.669922,-28765.24,-28764.574,0.6660156,-21.335938
23835,ggttgtttttatttttgg,-28760.436,-28781.117,-20.68164,-28765.24,-28773.889,-8.6484375,-12.033203
22593,agagtgagattccatctc,-28760.436,-28781.125,-20.689453,-28765.24,-28785.812,-20.572266,-0.1171875
25048,agaagaaaaatcagctgg,-28760.436,-28781.143,-20.707031,-28765.24,-28776.342,-11.1015625,-9.605469
23086,atacataatgtatatata,-28760.436,-28781.145,-20.708984,-28765.24,-28764.824,0.41601562,-21.125
25877,tagtagagtcgggatttc,-28760.436,-28781.148,-20.71289,-28765.24,-28778.723,-13.482422,-7.2304688
24786,agttagagactagcctca,-28760.436,-28781.164,-20.728516,-28765.24,-28775.238,-9.998047,-10.730469
24530,cagaagagagacagagga,-28760.436,-28781.168,-20.732422,-28765.24,-28777.766,-12.525391,-8.207031
26566,cagggtggtgtcaagctc,-28760.436,-28781.172,-20.736328,-28765.24,-28774.174,-8.933594,-11.802734
24515,agaaagcattgaagccag,-28760.436,-28781.184,-20.748047,-28765.24,-28782.041,-16.800781,-3.9472656
24211,tgcacctggccttaagtg,-28760.436,-28781.193,-20.757812,-28765.24,-28777.04,-11.798828,-8.958984
23301,ctctactaaaagtacaaa,-28760.436,-28781.2,-20.763672,-28765.24,-28770.184,-4.9433594,-15.8203125
24401,ataactttgatactcatt,-28760.436,-28781.219,-20.783203,-28765.24,-28767.54,-2.2988281,-18.484375
22428,aaaccttgtctctactaa,-28760.436,-28781.236,-20.800781,-28765.24,-28782.938,-17.697266,-3.1035156
22871,tagcctggccaacagagt,-28760.436,-28781.24,-20.804688,-28765.24,-28776.31,-11.0703125,-9.734375
21691,ctcggccttccaagagaa,-28760.436,-28781.254,-20.81836,-28765.24,-28780.707,-15.466797,-5.3515625
24510,aagatagaaagcattgaa,-28760.436,-28781.293,-20.857422,-28765.24,-28775.266,-10.025391,-10.832031
25886,cgggatttctccatgttg,-28760.436,-28781.318,-20.882812,-28765.24,-28789.938,-24.697266,3.8144531
26425,aactcctgagctcaggtg,-28760.436,-28781.328,-20.892578,-28765.24,-28787.309,-22.06836,1.1757812
26845,ttaacttcctttattttc,-28760.436,-28781.334,-20.898438,-28765.24,-28775.73,-10.490234,-10.408203
24034,tgcctcagcccgacaagt,-28760.436,-28781.361,-20.925781,-28765.24,-28779.8,-14.560547,-6.3652344
26192,ttttatttttatttattt,-28760.436,-28781.404,-20.96875,-28765.24,-28772.223,-6.982422,-13.986328
21593,caccacgcctgtctaatt,-28760.436,-28781.408,-20.972656,-28765.24,-28779.814,-14.574219,-6.3984375
25788,ctcctgaccttttgatcc,-28760.436,-28781.414,-20.978516,-28765.24,-28777.598,-12.357422,-8.621094
26992,gtttttgaacatttaaaa,-28760.436,-28781.418,-20.982422,-28765.24,-28772.73,-7.4902344,-13.4921875
25925,gacctcaggtgatccgcc,-28760.436,-28781.438,-21.001953,-28765.24,-28782.938,-17.697266,-3.3046875
26176,actgcacctggctaattt,-28760.436,-28781.455,-21.019531,-28765.24,-28790.014,-24.773438,3.7539062
23340,ggcgggcaccttttgtcc,-28760.436,-28781.457,-21.021484,-28765.24,-28777.111,-11.871094,-9.150391
26438,aggtgatccaactgtctc,-28760.436,-28781.47,-21.035156,-28765.24,-28775.084,-9.84375,-11.191406
22330,acatggtggcttacaact,-28760.436,-28781.475,-21.039062,-28765.24,-28781.875,-16.634766,-4.404297
25899,tgttggtcaggctgttct,-28760.436,-28781.48,-21.044922,-28765.24,-28774.828,-9.587891,-11.457031
23506,cagtggttttggttttca,-28760.436,-28781.49,-21.054688,-28765.24,-28774.734,-9.494141,-11.560547
24081,cacggctaattttttgta,-28760.436,-28781.51,-21.074219,-28765.24,-28787.836,-22.595703,1.5214844
23299,gtctctactaaaagtaca,-28760.436,-28781.521,-21.085938,-28765.24,-28771.422,-6.1816406,-14.904297
21415,ttcataaatgaaaaatga,-28760.436,-28781.523,-21.08789,-28765.24,-28775.559,-10.318359,-10.769531
22895,ttgcggagggaaaaaaaa,-28760.436,-28781.533,-21.097656,-28765.24,-28777.514,-12.2734375,-8.824219
26526,ttttaaattttttgtaga,-28760.436,-28781.535,-21.09961,-28765.24,-28776.855,-11.615234,-9.484375
26368,aattttttgtactttcag,-28760.436,-28781.54,-21.103516,-28765.24,-28784.785,-19.544922,-1.5585938
25930,caggtgatccgcccgcct,-28760.436,-28781.55,-21.115234,-28765.24,-28789.604,-24.363281,3.2480469
21788,actttatacgttagtctc,-28760.436,-28781.59,-21.154297,-28765.24,-28758.76,6.4804688,-27.634766
25532,cacgcccagccagttttg,-28760.436,-28781.59,-21.154297,-28765.24,-28783.838,-18.597656,-2.5566406
24087,taattttttgtattttta,-28760.436,-28781.59,-21.154297,-28765.24,-28784.172,-18.93164,-2.2226562
23038,aacactgtaggcttttgt,-28760.436,-28781.625,-21.189453,-28765.24,-28767.207,-1.9667969,-19.222656
27131,gttggttgtgtggaagaa,-28760.436,-28781.637,-21.201172,-28765.24,-28775.68,-10.439453,-10.761719
26312,cctgcctcaacctcccaa,-28760.436,-28781.64,-21.205078,-28765.24,-28783.055,-17.814453,-3.390625
26606,cctccgcctcccaaagtt,-28760.436,-28781.646,-21.210938,-28765.24,-28775.64,-10.400391,-10.810547
25382,tttatttattttttaaga,-28760.436,-28781.646,-21.210938,-28765.24,-28781.223,-15.982422,-5.2285156
23891,ttctttttgtttttttgg,-28760.436,-28781.656,-21.220703,-28765.24,-28769.885,-4.6445312,-16.576172
25395,taagatggagttttgccc,-28760.436,-28781.686,-21.25,-28765.24,-28786.29,-21.048828,-0.20117188
24790,agagactagcctcaacat,-28760.436,-28781.688,-21.251953,-28765.24,-28781.234,-15.994141,-5.2578125
26434,gctcaggtgatccaactg,-28760.436,-28781.691,-21.25586,-28765.24,-28773.875,-8.634766,-12.621094
22594,gagtgagattccatctca,-28760.436,-28781.695,-21.259766,-28765.24,-28785.559,-20.31836,-0.94140625
25790,cctgaccttttgatccac,-28760.436,-28781.7,-21.263672,-28765.24,-28768.973,-3.7324219,-17.53125
24984,ctccatctcaaaaaaaaa,-28760.436,-28781.709,-21.273438,-28765.24,-28777.986,-12.746094,-8.527344
21501,gcgtgatcttggctcaca,-28760.436,-28781.713,-21.277344,-28765.24,-28791.555,-26.314453,5.0371094
24079,tgcacggctaattttttg,-28760.436,-28781.727,-21.291016,-28765.24,-28769.496,-4.2558594,-17.035156
21966,ccattctcctgcctcagc,-28760.436,-28781.738,-21.302734,-28765.24,-28775.66,-10.419922,-10.8828125
22208,tgtaggcacttgtatttt,-28760.436,-28781.74,-21.304688,-28765.24,-28768.082,-2.8417969,-18.46289
25051,agaaaaatcagctgggcg,-28760.436,-28781.756,-21.320312,-28765.24,-28779.027,-13.787109,-7.533203
25531,ccacgcccagccagtttt,-28760.436,-28781.764,-21.328125,-28765.24,-28781.879,-16.638672,-4.689453
24699,aaataaggtataggccgg,-28760.436,-28781.766,-21.330078,-28765.24,-28779.662,-14.421875,-6.908203
22324,ggccagacatggtggctt,-28760.436,-28781.777,-21.341797,-28765.24,-28780.62,-15.378906,-5.9628906
23591,ttttccccagccctaggc,-28760.436,-28781.783,-21.347656,-28765.24,-28771.209,-5.96875,-15.378906
26680,ttttctttgggataactt,-28760.436,-28781.79,-21.353516,-28765.24,-28766.648,-1.4082031,-19.945312
23010,tttgttttgagatcagtt,-28760.436,-28781.797,-21.361328,-28765.24,-28776.486,-11.246094,-10.115234
26160,ctacagtgataatgccac,-28760.436,-28781.797,-21.361328,-28765.24,-28778.613,-13.373047,-7.9882812
25246,caggagaattgcttgaac,-28760.436,-28781.8,-21.365234,-28765.24,-28782.361,-17.121094,-4.2441406
26562,tgcccagggtggtgtcaa,-28760.436,-28781.812,-21.376953,-28765.24,-28777.148,-11.908203,-9.46875
24511,agatagaaagcattgaag,-28760.436,-28781.852,-21.416016,-28765.24,-28770.074,-4.8339844,-16.582031
22431,ccttgtctctactaaaaa,-28760.436,-28781.863,-21.427734,-28765.24,-28776.496,-11.255859,-10.171875
23930,tgtttttgtttttgagac,-28760.436,-28781.873,-21.4375,-28765.24,-28779.738,-14.498047,-6.939453
26554,cattatgttgcccagggt,-28760.436,-28781.908,-21.472656,-28765.24,-28785.45,-20.208984,-1.2636719
25138,tccagatcagcctgacca,-28760.436,-28781.908,-21.472656,-28765.24,-28796.365,-31.125,9.652344
23913,ttgggttttttttgtttt,-28760.436,-28781.918,-21.482422,-28765.24,-28777.172,-11.931641,-9.550781
25534,cgcccagccagttttgtg,-28760.436,-28781.922,-21.486328,-28765.24,-28777.564,-12.324219,-9.162109
24560,atctgacaagaaaaacaa,-28760.436,-28781.934,-21.498047,-28765.24,-28770.76,-5.5195312,-15.978516
25897,catgttggtcaggctgtt,-28760.436,-28781.941,-21.50586,-28765.24,-28785.223,-19.982422,-1.5234375
24986,ccatctcaaaaaaaaaaa,-28760.436,-28781.941,-21.50586,-28765.24,-28782.09,-16.84961,-4.65625
22768,ggcgggcagttgtaatcc,-28760.436,-28781.947,-21.511719,-28765.24,-28777.404,-12.1640625,-9.347656
22710,agcctggccaacatggtg,-28760.436,-28781.951,-21.515625,-28765.24,-28774.863,-9.623047,-11.892578
23980,tggcatgatcttggctta,-28760.436,-28781.965,-21.529297,-28765.24,-28790.432,-25.191406,3.6621094
25921,atccgacctcaggtgatc,-28760.436,-28781.967,-21.53125,-28765.24,-28781.695,-16.455078,-5.076172
25924,cgacctcaggtgatccgc,-28760.436,-28781.982,-21.546875,-28765.24,-28784.453,-19.21289,-2.3339844
23332,ggcatgttggcgggcacc,-28760.436,-28781.984,-21.548828,-28765.24,-28784.018,-18.777344,-2.7714844
25551,gttttgttttgttttttg,-28760.436,-28781.992,-21.55664,-28765.24,-28775.986,-10.746094,-10.810547
22893,atttgcggagggaaaaaa,-28760.436,-28781.992,-21.55664,-28765.24,-28772.809,-7.5683594,-13.988281
26126,agtcctctcacctcagtt,-28760.436,-28782.031,-21.595703,-28765.24,-28778.85,-13.609375,-7.986328
25381,gtttatttattttttaag,-28760.436,-28782.062,-21.626953,-28765.24,-28771.11,-5.8691406,-15.7578125
25508,gctgtgattacagccata,-28760.436,-28782.07,-21.634766,-28765.24,-28778.705,-13.464844,-8.169922
21522,agctctgcctcctggatt,-28760.436,-28782.074,-21.638672,-28765.24,-28787.66,-22.419922,0.78125
22646,ctataatcccagtacttt,-28760.436,-28782.08,-21.644531,-28765.24,-28783.57,-18.330078,-3.3144531
26250,ggagtgcagtggtgtaaa,-28760.436,-28782.092,-21.65625,-28765.24,-28776.477,-11.236328,-10.419922
26884,TCAAAAAGAAGGAAGGTG,-28760.436,-28782.098,-21.66211,-28765.24,-28775.812,-10.572266,-11.089844
24284,ccacgtggttgagatagg,-28760.436,-28782.125,-21.689453,-28765.24,-28769.023,-3.7832031,-17.90625
26480,aggcgtgagccactgtgc,-28760.436,-28782.129,-21.69336,-28765.24,-28792.018,-26.777344,5.0839844
21510,tggctcacagcaagctct,-28760.436,-28782.129,-21.69336,-28765.24,-28793.72,-28.480469,6.7871094
22317,aagttaaggccagacatg,-28760.436,-28782.129,-21.69336,-28765.24,-28775.889,-10.6484375,-11.044922
26970,ttatggtttgtggaaaac,-28760.436,-28782.133,-21.697266,-28765.24,-28769.17,-3.9296875,-17.767578
25949,ggcctccaaaagtgcaag,-28760.436,-28782.137,-21.701172,-28765.24,-28774.988,-9.748047,-11.953125
25866,tcttgtatttttagtaga,-28760.436,-28782.156,-21.720703,-28765.24,-28783.729,-18.488281,-3.2324219
26265,aaatctcagctcactgca,-28760.436,-28782.16,-21.72461,-28765.24,-28780.137,-14.896484,-6.828125
22746,aatacacaaaacttagcc,-28760.436,-28782.17,-21.734375,-28765.24,-28782.168,-16.927734,-4.8066406
22055,cggggtttcaccgtggtc,-28760.436,-28782.178,-21.742188,-28765.24,-28783.152,-17.91211,-3.8300781
26342,agaggtccccaccaccat,-28760.436,-28782.182,-21.746094,-28765.24,-28782.23,-16.990234,-4.7558594
21561,cctcagaggtagctggga,-28760.436,-28782.184,-21.748047,-28765.24,-28792.299,-27.058594,5.310547
23178,agtatacaagttggctgg,-28760.436,-28782.191,-21.75586,-28765.24,-28775.105,-9.865234,-11.890625
25078,acgccggtaatcccaaca,-28760.436,-28782.203,-21.767578,-28765.24,-28780.357,-15.1171875,-6.6503906
23935,ttgtttttgagacagtct,-28760.436,-28782.223,-21.78711,-28765.24,-28779.477,-14.236328,-7.5507812
26369,attttttgtactttcagt,-28760.436,-28782.23,-21.794922,-28765.24,-28788.348,-23.107422,1.3125
22605,catctcaaaaaaagaaaa,-28760.436,-28782.23,-21.794922,-28765.24,-28776.021,-10.78125,-11.013672
21557,tcagcctcagaggtagct,-28760.436,-28782.234,-21.798828,-28765.24,-28784.094,-18.853516,-2.9453125
25334,tccgtctcaaaaaaaaaa,-28760.436,-28782.246,-21.810547,-28765.24,-28776.656,-11.416016,-10.394531
24991,tcaaaaaaaaaaaaataa,-28760.436,-28782.246,-21.810547,-28765.24,-28773.486,-8.246094,-13.564453
21967,cattctcctgcctcagcc,-28760.436,-28782.248,-21.8125,-28765.24,-28782.23,-16.990234,-4.8222656
21980,cagcctctccgagtagct,-28760.436,-28782.25,-21.814453,-28765.24,-28787.188,-21.947266,0.1328125
26571,tggtgtcaagctccaggt,-28760.436,-28782.25,-21.814453,-28765.24,-28780.926,-15.685547,-6.1289062
23463,gactctgtctcaaaaaat,-28760.436,-28782.254,-21.81836,-28765.24,-28776.582,-11.341797,-10.4765625
23899,gtttttttggttttttgg,-28760.436,-28782.264,-21.828125,-28765.24,-28777.033,-11.792969,-10.035156
23951,cttgctctgtctcctaag,-28760.436,-28782.271,-21.835938,-28765.24,-28784.387,-19.146484,-2.6894531
24206,gccactgcacctggcctt,-28760.436,-28782.299,-21.863281,-28765.24,-28783.11,-17.86914,-3.9941406
25722,ccggctaatttttttgtg,-28760.436,-28782.312,-21.876953,-28765.24,-28783.426,-18.185547,-3.6914062
22899,ggagggaaaaaaaagtca,-28760.436,-28782.316,-21.88086,-28765.24,-28776.992,-11.751953,-10.128906
26583,ccaggtctcaagtgatcc,-28760.436,-28782.32,-21.884766,-28765.24,-28776.16,-10.919922,-10.964844
26599,ccccctacctccgcctcc,-28760.436,-28782.326,-21.890625,-28765.24,-28779.516,-14.275391,-7.6152344
25573,ttttttttgagagggtgt,-28760.436,-28782.348,-21.91211,-28765.24,-28783.664,-18.423828,-3.4882812
26033,attttttagagaccaggt,-28760.436,-28782.375,-21.939453,-28765.24,-28779.332,-14.091797,-7.8476562
25580,tgagagggtgtcttgctc,-28760.436,-28782.379,-21.94336,-28765.24,-28789.055,-23.814453,1.8710938
21808,acggacatgttctattgt,-28760.436,-28782.379,-21.94336,-28765.24,-28763.848,1.3925781,-23.335938
22031,atttttttttatttttag,-28760.436,-28782.387,-21.951172,-28765.24,-28787.648,-22.408203,0.45703125
22607,tctcaaaaaaagaaaaag,-28760.436,-28782.398,-21.96289,-28765.24,-28776.428,-11.1875,-10.775391
26557,tatgttgcccagggtggt,-28760.436,-28782.414,-21.978516,-28765.24,-28787.729,-22.488281,0.5097656
22731,actccatttctactaaat,-28760.436,-28782.414,-21.978516,-28765.24,-28777.09,-11.849609,-10.128906
21293,ttcatgctattgttagat,-28760.436,-28782.422,-21.986328,-28765.24,-28771.86,-6.6191406,-15.3671875
26624,gtgggattgtaggcatga,-28760.436,-28782.457,-22.021484,-28765.24,-28775.625,-10.384766,-11.636719
24289,tggttgagataggctctg,-28760.436,-28782.459,-22.023438,-28765.24,-28769.55,-4.310547,-17.71289
23341,gcgggcaccttttgtccc,-28760.436,-28782.496,-22.060547,-28765.24,-28780.412,-15.171875,-6.888672
21853,ttattttattttattttt,-28760.436,-28782.504,-22.06836,-28765.24,-28774.137,-8.896484,-13.171875
23949,gtcttgctctgtctccta,-28760.436,-28782.516,-22.080078,-28765.24,-28773.3,-8.060547,-14.019531
22870,ctagcctggccaacagag,-28760.436,-28782.523,-22.08789,-28765.24,-28781.645,-16.404297,-5.6835938
26035,tttttagagaccaggtct,-28760.436,-28782.53,-22.09375,-28765.24,-28783.04,-17.798828,-4.294922
25653,cccaggttcacaccattc,-28760.436,-28782.531,-22.095703,-28765.24,-28784.201,-18.960938,-3.1347656
26861,tccttacagGGTTTTAGA,-28760.436,-28782.543,-22.107422,-28765.24,-28766.555,-1.3144531,-20.792969
22874,cctggccaacagagtgag,-28760.436,-28782.549,-22.113281,-28765.24,-28777.36,-12.119141,-9.994141
25173,ctctactaaaaatacaaa,-28760.436,-28782.57,-22.134766,-28765.24,-28774.252,-9.011719,-13.123047
25937,tccgcccgccttggcctc,-28760.436,-28782.59,-22.154297,-28765.24,-28794.428,-29.1875,7.033203
21681,atccacccgcctcggcct,-28760.436,-28782.592,-22.15625,-28765.24,-28790.883,-25.642578,3.4863281
22167,aaagtaagctcttgtgcc,-28760.436,-28782.592,-22.15625,-28765.24,-28774.23,-8.990234,-13.166016
25783,tcgatctcctgacctttt,-28760.436,-28782.605,-22.169922,-28765.24,-28783.988,-18.748047,-3.421875
26382,tcagtagaaacggggttt,-28760.436,-28782.605,-22.169922,-28765.24,-28791.062,-25.822266,3.6523438
22344,aactgtaatcccaacagt,-28760.436,-28782.61,-22.173828,-28765.24,-28782.494,-17.253906,-4.919922
24693,tgatgaaaataaggtata,-28760.436,-28782.613,-22.177734,-28765.24,-28775.16,-9.919922,-12.2578125
23293,aaccccgtctctactaaa,-28760.436,-28782.617,-22.18164,-28765.24,-28783.818,-18.578125,-3.6035156
23185,aagttggctgggcacaat,-28760.436,-28782.625,-22.189453,-28765.24,-28788.602,-23.361328,1.171875
22361,tttgtgaggccgaggcag,-28760.436,-28782.656,-22.220703,-28765.24,-28791.062,-25.822266,3.6015625
25896,ccatgttggtcaggctgt,-28760.436,-28782.656,-22.220703,-28765.24,-28771.506,-6.265625,-15.955078
25582,agagggtgtcttgctctg,-28760.436,-28782.656,-22.220703,-28765.24,-28779.52,-14.279297,-7.9414062
25516,tacagccatatgccacca,-28760.436,-28782.658,-22.222656,-28765.24,-28772.133,-6.892578,-15.330078
21601,ctgtctaattttttgtat,-28760.436,-28782.664,-22.228516,-28765.24,-28767.71,-2.4707031,-19.757812
25966,ggcaaggcattacaggca,-28760.436,-28782.668,-22.232422,-28765.24,-28778.223,-12.982422,-9.25
24215,cctggccttaagtgtttt,-28760.436,-28782.68,-22.24414,-28765.24,-28773.81,-8.5703125,-13.673828
21626,taaagacagggtttcact,-28760.436,-28782.69,-22.253906,-28765.24,-28782.223,-16.982422,-5.2714844
25784,cgatctcctgaccttttg,-28760.436,-28782.691,-22.25586,-28765.24,-28778.637,-13.396484,-8.859375
21513,ctcacagcaagctctgcc,-28760.436,-28782.703,-22.267578,-28765.24,-28785.875,-20.634766,-1.6328125
22235,aatatagaagaaacaact,-28760.436,-28782.707,-22.271484,-28765.24,-28765.879,-0.6386719,-21.632812
22596,gtgagattccatctcaaa,-28760.436,-28782.719,-22.283203,-28765.24,-28782.207,-16.966797,-5.3164062
22328,agacatggtggcttacaa,-28760.436,-28782.72,-22.285156,-28765.24,-28776.0,-10.759766,-11.525391
25507,agctgtgattacagccat,-28760.436,-28782.725,-22.289062,-28765.24,-28779.691,-14.451172,-7.8378906
25055,aaatcagctgggcgcagt,-28760.436,-28782.766,-22.330078,-28765.24,-28786.387,-21.146484,-1.1835938
27318,tggtttaactggaattcg,-28760.436,-28782.766,-22.330078,-28765.24,-28763.557,1.6835938,-24.013672
24815,ccccgtctctactaaaaa,-28760.436,-28782.78,-22.34375,-28765.24,-28786.992,-21.751953,-0.5917969
26508,ccaccacgccggcctaat,-28760.436,-28782.791,-22.355469,-28765.24,-28772.852,-7.611328,-14.744141
24816,cccgtctctactaaaaaa,-28760.436,-28782.797,-22.361328,-28765.24,-28772.879,-7.638672,-14.722656
25556,gttttgttttttgttttt,-28760.436,-28782.799,-22.363281,-28765.24,-28783.77,-18.529297,-3.8339844
26857,attttccttacagGGTTT,-28760.436,-28782.807,-22.371094,-28765.24,-28770.766,-5.5253906,-16.845703
24989,tctcaaaaaaaaaaaaat,-28760.436,-28782.812,-22.376953,-28765.24,-28776.49,-11.25,-11.126953
25511,gtgattacagccatatgc,-28760.436,-28782.816,-22.38086,-28765.24,-28776.24,-11.0,-11.380859
24938,gccgagatcacctcattg,-28760.436,-28782.836,-22.40039,-28765.24,-28775.344,-10.103516,-12.296875
21536,gattcacgccattctcct,-28760.436,-28782.838,-22.402344,-28765.24,-28787.404,-22.164062,-0.23828125
26091,cagctcactgcagccttg,-28760.436,-28782.84,-22.404297,-28765.24,-28784.918,-19.677734,-2.7265625
22616,aagaaaaaggcctggcac,-28760.436,-28782.86,-22.423828,-28765.24,-28776.459,-11.21875,-11.205078
26251,gagtgcagtggtgtaaat,-28760.436,-28782.86,-22.423828,-28765.24,-28775.133,-9.892578,-12.53125
24987,catctcaaaaaaaaaaaa,-28760.436,-28782.86,-22.423828,-28765.24,-28775.527,-10.287109,-12.136719
26260,ggtgtaaatctcagctca,-28760.436,-28782.877,-22.441406,-28765.24,-28765.164,0.076171875,-22.517578
26527,tttaaattttttgtagag,-28760.436,-28782.879,-22.44336,-28765.24,-28783.512,-18.271484,-4.171875
22512,gtggcaggaaaattgctt,-28760.436,-28782.887,-22.451172,-28765.24,-28790.432,-25.191406,2.7402344
26435,ctcaggtgatccaactgt,-28760.436,-28782.889,-22.453125,-28765.24,-28781.64,-16.40039,-6.0527344
24213,cacctggccttaagtgtt,-28760.436,-28782.904,-22.46875,-28765.24,-28777.795,-12.5546875,-9.9140625
21554,gcctcagcctcagaggta,-28760.436,-28782.924,-22.488281,-28765.24,-28773.969,-8.728516,-13.759766
21979,tcagcctctccgagtagc,-28760.436,-28782.934,-22.498047,-28765.24,-28789.055,-23.814453,1.3164062
27295,ttaactggtgtccacaga,-28760.436,-28782.938,-22.501953,-28765.24,-28775.703,-10.462891,-12.0390625
21856,ttttattttatttttttt,-28760.436,-28782.965,-22.529297,-28765.24,-28779.273,-14.033203,-8.496094
25391,tttttaagatggagtttt,-28760.436,-28782.977,-22.541016,-28765.24,-28781.367,-16.126953,-6.4140625
25795,ccttttgatccacccgcc,-28760.436,-28782.984,-22.548828,-28765.24,-28791.09,-25.84961,3.3007812
22449,taccaaaaaaaatttagc,-28760.436,-28782.986,-22.550781,-28765.24,-28768.773,-3.5332031,-19.017578
26596,gatccccctacctccgcc,-28760.436,-28782.99,-22.554688,-28765.24,-28773.672,-8.431641,-14.123047
25871,tatttttagtagagtcgg,-28760.436,-28783.008,-22.572266,-28765.24,-28785.264,-20.023438,-2.5488281
22511,tgtggcaggaaaattgct,-28760.436,-28783.027,-22.591797,-28765.24,-28776.488,-11.248047,-11.34375
23292,aaaccccgtctctactaa,-28760.436,-28783.047,-22.611328,-28765.24,-28789.504,-24.263672,1.6523438
24072,gccaccatgcacggctaa,-28760.436,-28783.068,-22.632812,-28765.24,-28775.207,-9.966797,-12.666016
23936,tgtttttgagacagtctt,-28760.436,-28783.074,-22.638672,-28765.24,-28787.137,-21.896484,-0.7421875
26118,gctcaagcagtcctctca,-28760.436,-28783.074,-22.638672,-28765.24,-28777.791,-12.550781,-10.087891
23491,agaaagtatacaagtcag,-28760.436,-28783.133,-22.697266,-28765.24,-28777.994,-12.753906,-9.943359
22056,ggggtttcaccgtggtct,-28760.436,-28783.14,-22.705078,-28765.24,-28778.865,-13.625,-9.080078
26422,tcgaactcctgagctcag,-28760.436,-28783.145,-22.708984,-28765.24,-28783.508,-18.267578,-4.4414062
25657,ggttcacaccattctctt,-28760.436,-28783.156,-22.720703,-28765.24,-28779.281,-14.041016,-8.6796875
24602,ttaaattttttttttatt,-28760.436,-28783.16,-22.72461,-28765.24,-28770.367,-5.126953,-17.597656
25879,gtagagtcgggatttctc,-28760.436,-28783.178,-22.742188,-28765.24,-28780.383,-15.142578,-7.5996094
25506,tagctgtgattacagcca,-28760.436,-28783.207,-22.771484,-28765.24,-28772.844,-7.6035156,-15.167969
23336,tgttggcgggcacctttt,-28760.436,-28783.209,-22.773438,-28765.24,-28781.766,-16.52539,-6.248047
23312,gtacaaaaacaaattagc,-28760.436,-28783.22,-22.785156,-28765.24,-28775.758,-10.517578,-12.267578
25513,gattacagccatatgcca,-28760.436,-28783.232,-22.796875,-28765.24,-28779.336,-14.095703,-8.701172
23461,gagactctgtctcaaaaa,-28760.436,-28783.232,-22.796875,-28765.24,-28778.271,-13.03125,-9.765625
26567,agggtggtgtcaagctcc,-28760.436,-28783.252,-22.816406,-28765.24,-28774.264,-9.0234375,-13.792969
26436,tcaggtgatccaactgtc,-28760.436,-28783.29,-22.853516,-28765.24,-28772.96,-7.720703,-15.1328125
23788,gtttggttatatcacatt,-28760.436,-28783.291,-22.855469,-28765.24,-28774.59,-9.349609,-13.505859
26042,agaccaggtctcactcta,-28760.436,-28783.324,-22.888672,-28765.24,-28780.637,-15.396484,-7.4921875
23904,tttggttttttgggtttt,-28760.436,-28783.328,-22.892578,-28765.24,-28764.895,0.34570312,-23.238281
22516,caggaaaattgctttaat,-28760.436,-28783.34,-22.904297,-28765.24,-28794.424,-29.183594,6.279297
26082,gcacattcacagctcact,-28760.436,-28783.357,-22.921875,-28765.24,-28779.93,-14.689453,-8.232422
21860,attttatttttttttttt,-28760.436,-28783.375,-22.939453,-28765.24,-28774.803,-9.5625,-13.376953
22621,aaaggcctggcacggtgg,-28760.436,-28783.383,-22.947266,-28765.24,-28780.398,-15.158203,-7.7890625
23923,tttgttttgtttttgttt,-28760.436,-28783.398,-22.96289,-28765.24,-28785.197,-19.957031,-3.0058594
23933,ttttgtttttgagacagt,-28760.436,-28783.402,-22.966797,-28765.24,-28781.307,-16.066406,-6.9003906
22510,ctgtggcaggaaaattgc,-28760.436,-28783.426,-22.990234,-28765.24,-28785.996,-20.75586,-2.234375
22173,agctcttgtgccctgcta,-28760.436,-28783.445,-23.009766,-28765.24,-28771.387,-6.1464844,-16.863281
22353,cccaacagtttgtgaggc,-28760.436,-28783.45,-23.013672,-28765.24,-28789.863,-24.623047,1.609375
25845,gagccactgtgcccggcc,-28760.436,-28783.459,-23.023438,-28765.24,-28772.738,-7.498047,-15.525391
23875,tgaacattcgtttgtgtt,-28760.436,-28783.47,-23.035156,-28765.24,-28770.428,-5.1875,-17.847656
22352,tcccaacagtttgtgagg,-28760.436,-28783.482,-23.046875,-28765.24,-28776.898,-11.658203,-11.388672
22773,gcagttgtaatcccagct,-28760.436,-28783.484,-23.048828,-28765.24,-28788.07,-22.830078,-0.21875
25975,ttacaggcatgagccact,-28760.436,-28783.5,-23.064453,-28765.24,-28776.219,-10.978516,-12.0859375
21613,ttgtatttttttgtaaag,-28760.436,-28783.52,-23.083984,-28765.24,-28784.996,-19.75586,-3.328125
26373,tttgtactttcagtagaa,-28760.436,-28783.531,-23.095703,-28765.24,-28781.084,-15.84375,-7.251953
22022,gcccggctaatttttttt,-28760.436,-28783.555,-23.11914,-28765.24,-28780.104,-14.863281,-8.255859
25169,ctgtctctactaaaaata,-28760.436,-28783.559,-23.123047,-28765.24,-28789.053,-23.8125,0.6894531
25399,atggagttttgccctgtc,-28760.436,-28783.562,-23.126953,-28765.24,-28787.555,-22.314453,-0.8125
24827,taaaaaaaatacaaaatt,-28760.436,-28783.566,-23.13086,-28765.24,-28778.848,-13.607422,-9.5234375
22881,aacagagtgagaatttgc,-28760.436,-28783.566,-23.13086,-28765.24,-28775.104,-9.863281,-13.267578
24811,gaaaccccgtctctacta,-28760.436,-28783.566,-23.13086,-28765.24,-28791.465,-26.22461,3.09375
26543,agacagggtctcattatg,-28760.436,-28783.57,-23.134766,-28765.24,-28774.072,-8.832031,-14.302734
25396,aagatggagttttgccct,-28760.436,-28783.578,-23.142578,-28765.24,-28778.86,-13.619141,-9.5234375
22776,gttgtaatcccagctact,-28760.436,-28783.592,-23.15625,-28765.24,-28784.215,-18.97461,-4.1816406
21958,ggttcacgccattctcct,-28760.436,-28783.6,-23.164062,-28765.24,-28786.152,-20.91211,-2.2519531
26201,tatttatttatttttttt,-28760.436,-28783.602,-23.166016,-28765.24,-28783.219,-17.978516,-5.1875
22886,agtgagaatttgcggagg,-28760.436,-28783.61,-23.173828,-28765.24,-28771.133,-5.892578,-17.28125
26184,tggctaatttttattttt,-28760.436,-28783.629,-23.19336,-28765.24,-28784.53,-19.289062,-3.9042969
21560,gcctcagaggtagctggg,-28760.436,-28783.64,-23.205078,-28765.24,-28789.023,-23.783203,0.578125
25179,taaaaatacaaaactagc,-28760.436,-28783.645,-23.208984,-28765.24,-28782.873,-17.632812,-5.576172
21518,agcaagctctgcctcctg,-28760.436,-28783.66,-23.22461,-28765.24,-28785.61,-20.36914,-2.8554688
25651,ctcccaggttcacaccat,-28760.436,-28783.66,-23.22461,-28765.24,-28772.953,-7.7128906,-15.511719
26634,aggcatgagccactgcaa,-28760.436,-28783.664,-23.228516,-28765.24,-28765.973,-0.7324219,-22.496094
22136,agccaccgcgcccggcct,-28760.436,-28783.7,-23.263672,-28765.24,-28789.688,-24.447266,1.1835938
25923,ccgacctcaggtgatccg,-28760.436,-28783.73,-23.294922,-28765.24,-28777.586,-12.345703,-10.949219
25586,ggtgtcttgctctgtccc,-28760.436,-28783.738,-23.302734,-28765.24,-28778.082,-12.841797,-10.4609375
26619,aagttgtgggattgtagg,-28760.436,-28783.75,-23.314453,-28765.24,-28779.39,-14.150391,-9.1640625
25536,cccagccagttttgtgtt,-28760.436,-28783.754,-23.31836,-28765.24,-28783.717,-18.476562,-4.841797
25948,tggcctccaaaagtgcaa,-28760.436,-28783.76,-23.324219,-28765.24,-28765.207,0.033203125,-23.357422
26592,aagtgatccccctacctc,-28760.436,-28783.766,-23.330078,-28765.24,-28781.223,-15.982422,-7.3476562
26032,tattttttagagaccagg,-28760.436,-28783.775,-23.339844,-28765.24,-28781.758,-16.517578,-6.8222656
25341,caaaaaaaaaaggaagaa,-28760.436,-28783.78,-23.34375,-28765.24,-28773.977,-8.736328,-14.607422
25545,ttttgtgttttgttttgt,-28760.436,-28783.785,-23.34961,-28765.24,-28776.383,-11.142578,-12.207031
21621,ttttgtaaagacagggtt,-28760.436,-28783.787,-23.351562,-28765.24,-28781.375,-16.134766,-7.216797
26389,aaacggggttttgccatg,-28760.436,-28783.8,-23.365234,-28765.24,-28787.66,-22.419922,-0.9453125
25800,tgatccacccgcctcagc,-28760.436,-28783.807,-23.371094,-28765.24,-28788.191,-22.951172,-0.41992188
22063,caccgtggtctcgatctc,-28760.436,-28783.832,-23.396484,-28765.24,-28777.867,-12.626953,-10.769531
26314,tgcctcaacctcccaagt,-28760.436,-28783.914,-23.478516,-28765.24,-28792.117,-26.876953,3.3984375
21968,attctcctgcctcagcct,-28760.436,-28783.924,-23.488281,-28765.24,-28767.98,-2.7402344,-20.748047
26440,gtgatccaactgtctcgg,-28760.436,-28783.926,-23.490234,-28765.24,-28781.414,-16.173828,-7.3164062
25565,tttgttttttttttttga,-28760.436,-28783.934,-23.498047,-28765.24,-28782.17,-16.929688,-6.5683594
26048,ggtctcactctattgctc,-28760.436,-28783.957,-23.521484,-28765.24,-28789.12,-23.878906,0.35742188
22739,tctactaaatacacaaaa,-28760.436,-28783.959,-23.523438,-28765.24,-28771.33,-6.0898438,-17.433594
26547,agggtctcattatgttgc,-28760.436,-28783.959,-23.523438,-28765.24,-28783.188,-17.947266,-5.576172
25504,agtagctgtgattacagc,-28760.436,-28783.965,-23.529297,-28765.24,-28776.031,-10.791016,-12.738281
22064,accgtggtctcgatctcc,-28760.436,-28783.969,-23.533203,-28765.24,-28778.006,-12.765625,-10.767578
22333,tggtggcttacaactgta,-28760.436,-28783.977,-23.541016,-28765.24,-28788.08,-22.839844,-0.7011719
21588,cctgccaccacgcctgtc,-28760.436,-28783.994,-23.558594,-28765.24,-28776.965,-11.724609,-11.833984
23348,ccttttgtcccagctgct,-28760.436,-28783.996,-23.560547,-28765.24,-28785.986,-20.746094,-2.8144531
25849,cactgtgcccggcctagt,-28760.436,-28784.025,-23.589844,-28765.24,-28782.754,-17.513672,-6.076172
26479,caggcgtgagccactgtg,-28760.436,-28784.03,-23.59375,-28765.24,-28788.727,-23.486328,-0.107421875
25881,agagtcgggatttctcca,-28760.436,-28784.04,-23.603516,-28765.24,-28781.13,-15.890625,-7.7128906
25922,tccgacctcaggtgatcc,-28760.436,-28784.05,-23.615234,-28765.24,-28779.586,-14.345703,-9.269531
25873,tttttagtagagtcggga,-28760.436,-28784.05,-23.615234,-28765.24,-28782.758,-17.517578,-6.0976562
25080,gccggtaatcccaacact,-28760.436,-28784.07,-23.634766,-28765.24,-28787.299,-22.058594,-1.5761719
22856,cacaccgctgcactctag,-28760.436,-28784.078,-23.642578,-28765.24,-28786.145,-20.904297,-2.7382812
26530,aaattttttgtagagaca,-28760.436,-28784.096,-23.660156,-28765.24,-28784.566,-19.326172,-4.3339844
24209,actgcacctggccttaag,-28760.436,-28784.102,-23.666016,-28765.24,-28785.543,-20.302734,-3.3632812
26261,gtgtaaatctcagctcac,-28760.436,-28784.102,-23.666016,-28765.24,-28782.488,-17.248047,-6.4179688
21597,acgcctgtctaatttttt,-28760.436,-28784.104,-23.667969,-28765.24,-28779.86,-14.619141,-9.048828
26336,gggattagaggtccccac,-28760.436,-28784.111,-23.675781,-28765.24,-28776.824,-11.583984,-12.091797
26584,caggtctcaagtgatccc,-28760.436,-28784.139,-23.703125,-28765.24,-28781.3,-16.060547,-7.642578
25945,ccttggcctccaaaagtg,-28760.436,-28784.145,-23.708984,-28765.24,-28779.965,-14.724609,-8.984375
25393,tttaagatggagttttgc,-28760.436,-28784.145,-23.708984,-28765.24,-28782.854,-17.613281,-6.095703
26151,tagctgggactacagtga,-28760.436,-28784.162,-23.726562,-28765.24,-28774.553,-9.3125,-14.4140625
21724,tgcacaaagatctggggt,-28760.436,-28784.168,-23.732422,-28765.24,-28771.445,-6.205078,-17.527344
26279,tgcagcctccgcctcctg,-28760.436,-28784.172,-23.736328,-28765.24,-28789.562,-24.322266,0.5859375
24013,cccgggttcacaccattc,-28760.436,-28784.197,-23.761719,-28765.24,-28791.354,-26.113281,2.3515625
26878,ACAAAATCAAAAAGAAGG,-28760.436,-28784.205,-23.769531,-28765.24,-28776.402,-11.162109,-12.607422
26390,aacggggttttgccatgt,-28760.436,-28784.207,-23.771484,-28765.24,-28786.023,-20.783203,-2.9882812
24702,taaggtataggccgggca,-28760.436,-28784.223,-23.78711,-28765.24,-28777.834,-12.59375,-11.193359
25076,tcacgccggtaatcccaa,-28760.436,-28784.227,-23.791016,-28765.24,-28780.324,-15.083984,-8.707031
25509,ctgtgattacagccatat,-28760.436,-28784.238,-23.802734,-28765.24,-28770.324,-5.0839844,-18.71875
21977,cctcagcctctccgagta,-28760.436,-28784.248,-23.8125,-28765.24,-28775.07,-9.830078,-13.982422
25654,ccaggttcacaccattct,-28760.436,-28784.252,-23.816406,-28765.24,-28784.93,-19.689453,-4.126953
22433,ttgtctctactaaaaata,-28760.436,-28784.336,-23.90039,-28765.24,-28779.77,-14.529297,-9.371094
22573,tgcactccacccttggtg,-28760.436,-28784.34,-23.904297,-28765.24,-28786.998,-21.757812,-2.1464844
25972,gcattacaggcatgagcc,-28760.436,-28784.348,-23.91211,-28765.24,-28773.29,-8.048828,-15.863281
23940,tttgagacagtcttgctc,-28760.436,-28784.383,-23.947266,-28765.24,-28793.07,-27.830078,3.8828125
25854,tgcccggcctagtcttgt,-28760.436,-28784.383,-23.947266,-28765.24,-28772.467,-7.2265625,-16.720703
22645,cctataatcccagtactt,-28760.436,-28784.395,-23.958984,-28765.24,-28786.766,-21.52539,-2.4335938
25559,ttgttttttgtttttttt,-28760.436,-28784.398,-23.96289,-28765.24,-28782.52,-17.279297,-6.6835938
22052,agacggggtttcaccgtg,-28760.436,-28784.402,-23.966797,-28765.24,-28777.488,-12.248047,-11.71875
22577,ctccacccttggtgacag,-28760.436,-28784.404,-23.96875,-28765.24,-28787.87,-22.628906,-1.3398438
26613,ctcccaaagttgtgggat,-28760.436,-28784.406,-23.970703,-28765.24,-28785.055,-19.814453,-4.15625
26477,tacaggcgtgagccactg,-28760.436,-28784.422,-23.986328,-28765.24,-28790.736,-25.496094,1.5097656
25329,gaaactccgtctcaaaaa,-28760.436,-28784.424,-23.988281,-28765.24,-28780.52,-15.279297,-8.708984
22600,gattccatctcaaaaaaa,-28760.436,-28784.426,-23.990234,-28765.24,-28773.99,-8.75,-15.240234
26865,tacagGGTTTTAGACAAA,-28760.436,-28784.438,-24.001953,-28765.24,-28760.41,4.830078,-28.832031
24863,atgcctgtaatcccagct,-28760.436,-28784.45,-24.013672,-28765.24,-28796.223,-30.982422,6.96875
22753,aaaacttagcccagtggc,-28760.436,-28784.467,-24.03125,-28765.24,-28780.355,-15.115234,-8.916016
26119,ctcaagcagtcctctcac,-28760.436,-28784.477,-24.041016,-28765.24,-28781.627,-16.386719,-7.654297
26391,acggggttttgccatgtt,-28760.436,-28784.48,-24.044922,-28765.24,-28787.533,-22.292969,-1.7519531
25933,gtgatccgcccgccttgg,-28760.436,-28784.482,-24.046875,-28765.24,-28785.656,-20.416016,-3.6308594
22023,cccggctaattttttttt,-28760.436,-28784.492,-24.05664,-28765.24,-28778.516,-13.275391,-10.78125
26031,ttattttttagagaccag,-28760.436,-28784.516,-24.080078,-28765.24,-28775.715,-10.474609,-13.605469
25862,ctagtcttgtatttttag,-28760.436,-28784.52,-24.083984,-28765.24,-28778.617,-13.376953,-10.707031
25512,tgattacagccatatgcc,-28760.436,-28784.531,-24.095703,-28765.24,-28780.027,-14.787109,-9.308594
23310,aagtacaaaaacaaatta,-28760.436,-28784.533,-24.097656,-28765.24,-28780.988,-15.748047,-8.349609
26123,agcagtcctctcacctca,-28760.436,-28784.543,-24.107422,-28765.24,-28785.426,-20.185547,-3.921875
25802,atccacccgcctcagcct,-28760.436,-28784.559,-24.123047,-28765.24,-28789.246,-24.00586,-0.1171875
23926,gttttgtttttgtttttg,-28760.436,-28784.559,-24.123047,-28765.24,-28784.523,-19.283203,-4.8398438
24831,aaaaatacaaaattaggc,-28760.436,-28784.559,-24.123047,-28765.24,-28785.684,-20.44336,-3.6796875
21531,tcctggattcacgccatt,-28760.436,-28784.562,-24.126953,-28765.24,-28786.883,-21.642578,-2.484375
26127,gtcctctcacctcagttt,-28760.436,-28784.568,-24.132812,-28765.24,-28777.559,-12.318359,-11.814453
26180,cacctggctaatttttat,-28760.436,-28784.572,-24.136719,-28765.24,-28785.508,-20.267578,-3.8691406
22592,cagagtgagattccatct,-28760.436,-28784.574,-24.138672,-28765.24,-28782.578,-17.33789,-6.8007812
24328,ctttttgtcttagaaatc,-28760.436,-28784.574,-24.138672,-28765.24,-28764.676,0.5644531,-24.703125
24936,gagccgagatcacctcat,-28760.436,-28784.58,-24.144531,-28765.24,-28780.104,-14.863281,-9.28125
26549,ggtctcattatgttgccc,-28760.436,-28784.598,-24.16211,-28765.24,-28785.867,-20.626953,-3.5351562
22012,ccgccaccacgcccggct,-28760.436,-28784.602,-24.166016,-28765.24,-28786.336,-21.095703,-3.0703125
26120,tcaagcagtcctctcacc,-28760.436,-28784.605,-24.169922,-28765.24,-28780.012,-14.771484,-9.3984375
25876,ttagtagagtcgggattt,-28760.436,-28784.613,-24.177734,-28765.24,-28786.062,-20.822266,-3.3554688
25865,gtcttgtatttttagtag,-28760.436,-28784.63,-24.195312,-28765.24,-28781.79,-16.548828,-7.6464844
21862,tttatttttttttttttt,-28760.436,-28784.633,-24.197266,-28765.24,-28785.273,-20.033203,-4.1640625
22868,ctctagcctggccaacag,-28760.436,-28784.64,-24.205078,-28765.24,-28785.21,-19.970703,-4.234375
26371,tttttgtactttcagtag,-28760.436,-28784.64,-24.205078,-28765.24,-28782.988,-17.748047,-6.4570312
26429,cctgagctcaggtgatcc,-28760.436,-28784.652,-24.216797,-28765.24,-28789.16,-23.919922,-0.296875
25251,gaattgcttgaaccgaga,-28760.436,-28784.656,-24.220703,-28765.24,-28783.912,-18.671875,-5.548828
22486,ctgtaatccgagctactt,-28760.436,-28784.676,-24.240234,-28765.24,-28785.006,-19.765625,-4.4746094
23180,tatacaagttggctgggc,-28760.436,-28784.682,-24.246094,-28765.24,-28776.41,-11.169922,-13.076172
26618,aaagttgtgggattgtag,-28760.436,-28784.684,-24.248047,-28765.24,-28781.963,-16.722656,-7.5253906
23898,tgtttttttggttttttg,-28760.436,-28784.709,-24.273438,-28765.24,-28778.562,-13.322266,-10.951172
24813,aaccccgtctctactaaa,-28760.436,-28784.736,-24.300781,-28765.24,-28772.805,-7.564453,-16.736328
21688,cgcctcggccttccaaga,-28760.436,-28784.74,-24.304688,-28765.24,-28771.062,-5.8222656,-18.482422
25326,agcgaaactccgtctcaa,-28760.436,-28784.746,-24.310547,-28765.24,-28795.771,-30.53125,6.220703
25384,tatttattttttaagatg,-28760.436,-28784.746,-24.310547,-28765.24,-28769.266,-4.0253906,-20.285156
26868,agGGTTTTAGACAAAATC,-28760.436,-28784.76,-24.324219,-28765.24,-28763.82,1.4199219,-25.74414
21854,tattttattttatttttt,-28760.436,-28784.766,-24.330078,-28765.24,-28771.191,-5.951172,-18.378906
25659,ttcacaccattctcttgc,-28760.436,-28784.77,-24.333984,-28765.24,-28786.23,-20.990234,-3.34375
23886,ttgtgttctttttgtttt,-28760.436,-28784.773,-24.33789,-28765.24,-28775.113,-9.873047,-14.464844
23183,acaagttggctgggcaca,-28760.436,-28784.781,-24.345703,-28765.24,-28782.527,-17.28711,-7.0585938
25054,aaaatcagctgggcgcag,-28760.436,-28784.791,-24.355469,-28765.24,-28780.273,-15.033203,-9.322266
23927,ttttgtttttgtttttga,-28760.436,-28784.795,-24.359375,-28765.24,-28779.723,-14.482422,-9.876953
25079,cgccggtaatcccaacac,-28760.436,-28784.799,-24.363281,-28765.24,-28785.832,-20.591797,-3.7714844
25550,tgttttgttttgtttttt,-28760.436,-28784.8,-24.365234,-28765.24,-28781.95,-16.708984,-7.65625
26586,ggtctcaagtgatccccc,-28760.436,-28784.809,-24.373047,-28765.24,-28774.709,-9.46875,-14.904297
25554,ttgttttgttttttgttt,-28760.436,-28784.81,-24.375,-28765.24,-28784.592,-19.351562,-5.0234375
26370,ttttttgtactttcagta,-28760.436,-28784.82,-24.384766,-28765.24,-28774.41,-9.169922,-15.214844
24932,cggtgagccgagatcacc,-28760.436,-28784.828,-24.392578,-28765.24,-28789.459,-24.21875,-0.17382812
25978,caggcatgagccactgtg,-28760.436,-28784.83,-24.394531,-28765.24,-28781.3,-16.060547,-8.333984
21436,tctttttttttttttttt,-28760.436,-28784.848,-24.41211,-28765.24,-28787.043,-21.802734,-2.609375
21962,cacgccattctcctgcct,-28760.436,-28784.863,-24.427734,-28765.24,-28782.113,-16.873047,-7.5546875
21599,gcctgtctaattttttgt,-28760.436,-28784.885,-24.449219,-28765.24,-28778.914,-13.673828,-10.775391
26522,taatttttaaattttttg,-28760.436,-28784.896,-24.460938,-28765.24,-28779.113,-13.873047,-10.587891
26196,atttttatttatttattt,-28760.436,-28784.924,-24.488281,-28765.24,-28775.877,-10.636719,-13.8515625
21432,aaattctttttttttttt,-28760.436,-28784.926,-24.490234,-28765.24,-28786.336,-21.095703,-3.3945312
26484,gtgagccactgtgcctag,-28760.436,-28784.926,-24.490234,-28765.24,-28781.488,-16.248047,-8.2421875
21975,tgcctcagcctctccgag,-28760.436,-28784.928,-24.492188,-28765.24,-28778.59,-13.349609,-11.142578
25718,acacccggctaatttttt,-28760.436,-28784.967,-24.53125,-28765.24,-28789.18,-23.939453,-0.5917969
25539,agccagttttgtgttttg,-28760.436,-28784.969,-24.533203,-28765.24,-28778.715,-13.474609,-11.058594
22425,atgaaaccttgtctctac,-28760.436,-28784.973,-24.53711,-28765.24,-28784.71,-19.470703,-5.0664062
26174,ccactgcacctggctaat,-28760.436,-28784.982,-24.546875,-28765.24,-28786.236,-20.996094,-3.5507812
26488,gccactgtgcctagcctg,-28760.436,-28784.996,-24.560547,-28765.24,-28778.742,-13.501953,-11.058594
21534,tggattcacgccattctc,-28760.436,-28784.996,-24.560547,-28765.24,-28788.049,-22.808594,-1.7519531
26305,tgattctcctgcctcaac,-28760.436,-28785.0,-24.564453,-28765.24,-28789.125,-23.884766,-0.6796875
26487,agccactgtgcctagcct,-28760.436,-28785.043,-24.607422,-28765.24,-28778.895,-13.654297,-10.953125
22707,accagcctggccaacatg,-28760.436,-28785.06,-24.625,-28765.24,-28784.89,-19.65039,-4.9746094
22760,agcccagtggcgggcagt,-28760.436,-28785.062,-24.626953,-28765.24,-28790.475,-25.234375,0.6074219
26041,gagaccaggtctcactct,-28760.436,-28785.062,-24.626953,-28765.24,-28780.375,-15.134766,-9.4921875
26328,aagtagctgggattagag,-28760.436,-28785.078,-24.642578,-28765.24,-28774.438,-9.197266,-15.4453125
26152,agctgggactacagtgat,-28760.436,-28785.121,-24.685547,-28765.24,-28779.273,-14.033203,-10.652344
26129,cctctcacctcagtttcc,-28760.436,-28785.125,-24.689453,-28765.24,-28781.426,-16.185547,-8.503906
23182,tacaagttggctgggcac,-28760.436,-28785.129,-24.69336,-28765.24,-28776.059,-10.818359,-13.875
23470,tctcaaaaaataaaataa,-28760.436,-28785.13,-24.695312,-28765.24,-28776.293,-11.052734,-13.642578
23302,tctactaaaagtacaaaa,-28760.436,-28785.133,-24.697266,-28765.24,-28768.898,-3.6582031,-21.039062
26345,ggtccccaccaccatgcc,-28760.436,-28785.148,-24.71289,-28765.24,-28783.275,-18.035156,-6.6777344
21855,attttattttattttttt,-28760.436,-28785.152,-24.716797,-28765.24,-28780.883,-15.642578,-9.074219
21505,gatcttggctcacagcaa,-28760.436,-28785.162,-24.726562,-28765.24,-28787.27,-22.029297,-2.6972656
25170,tgtctctactaaaaatac,-28760.436,-28785.164,-24.728516,-28765.24,-28786.43,-21.189453,-3.5390625
26485,tgagccactgtgcctagc,-28760.436,-28785.184,-24.748047,-28765.24,-28774.7,-9.458984,-15.2890625
23469,gtctcaaaaaataaaata,-28760.436,-28785.191,-24.75586,-28765.24,-28771.336,-6.095703,-18.660156
23342,cgggcaccttttgtccca,-28760.436,-28785.193,-24.757812,-28765.24,-28778.512,-13.271484,-11.486328
26316,cctcaacctcccaagtag,-28760.436,-28785.21,-24.77539,-28765.24,-28788.08,-22.839844,-1.9355469
21583,aggtgcctgccaccacgc,-28760.436,-28785.238,-24.802734,-28765.24,-28792.828,-27.58789,2.7851562
21615,gtatttttttgtaaagac,-28760.436,-28785.244,-24.808594,-28765.24,-28782.81,-17.570312,-7.2382812
25839,aggcgtgagccactgtgc,-28760.436,-28785.246,-24.810547,-28765.24,-28790.336,-25.095703,0.28515625
21960,ttcacgccattctcctgc,-28760.436,-28785.256,-24.820312,-28765.24,-28789.549,-24.308594,-0.51171875
25785,gatctcctgaccttttga,-28760.436,-28785.262,-24.826172,-28765.24,-28778.705,-13.464844,-11.361328
24040,agcccgacaagtagctgg,-28760.436,-28785.266,-24.830078,-28765.24,-28783.156,-17.916016,-6.9140625
25495,agcttcccgagtagctgt,-28760.436,-28785.27,-24.833984,-28765.24,-28797.094,-31.853516,7.0195312
21606,taattttttgtatttttt,-28760.436,-28785.273,-24.83789,-28765.24,-28787.953,-22.71289,-2.125
26550,gtctcattatgttgccca,-28760.436,-28785.275,-24.839844,-28765.24,-28784.217,-18.976562,-5.8632812
21587,gcctgccaccacgcctgt,-28760.436,-28785.285,-24.84961,-28765.24,-28783.219,-17.978516,-6.8710938
22590,gacagagtgagattccat,-28760.436,-28785.287,-24.851562,-28765.24,-28779.748,-14.5078125,-10.34375
22631,cacggtggctcacaccta,-28760.436,-28785.299,-24.863281,-28765.24,-28795.42,-30.179688,5.3164062
25073,ggctcacgccggtaatcc,-28760.436,-28785.322,-24.886719,-28765.24,-28788.258,-23.017578,-1.8691406
21511,ggctcacagcaagctctg,-28760.436,-28785.328,-24.892578,-28765.24,-28775.66,-10.419922,-14.472656
21537,attcacgccattctcctg,-28760.436,-28785.328,-24.892578,-28765.24,-28786.203,-20.96289,-3.9296875
23826,ggacatttaggttgtttt,-28760.436,-28785.332,-24.896484,-28765.24,-28773.262,-8.021484,-16.875
21978,ctcagcctctccgagtag,-28760.436,-28785.34,-24.904297,-28765.24,-28774.21,-8.970703,-15.933594
26866,acagGGTTTTAGACAAAA,-28760.436,-28785.348,-24.91211,-28765.24,-28766.277,-1.0371094,-23.875
24779,ggtcgggagttagagact,-28760.436,-28785.379,-24.94336,-28765.24,-28782.758,-17.517578,-7.4257812
24210,ctgcacctggccttaagt,-28760.436,-28785.389,-24.953125,-28765.24,-28786.125,-20.884766,-4.0683594
21633,agggtttcactgtgttag,-28760.436,-28785.406,-24.970703,-28765.24,-28796.617,-31.376953,6.40625
25533,acgcccagccagttttgt,-28760.436,-28785.441,-25.00586,-28765.24,-28777.373,-12.1328125,-12.873047
25584,agggtgtcttgctctgtc,-28760.436,-28785.451,-25.015625,-28765.24,-28778.201,-12.9609375,-12.0546875
25574,tttttttgagagggtgtc,-28760.436,-28785.46,-25.02539,-28765.24,-28773.928,-8.6875,-16.33789
26115,agggctcaagcagtcctc,-28760.436,-28785.46,-25.02539,-28765.24,-28779.012,-13.771484,-11.253906
24796,tagcctcaacatggagaa,-28760.436,-28785.465,-25.029297,-28765.24,-28787.281,-22.041016,-2.9882812
22325,gccagacatggtggctta,-28760.436,-28785.479,-25.042969,-28765.24,-28776.863,-11.623047,-13.419922
26412,caggctgttctcgaactc,-28760.436,-28785.49,-25.054688,-28765.24,-28790.16,-24.919922,-0.13476562
22319,gttaaggccagacatggt,-28760.436,-28785.492,-25.05664,-28765.24,-28780.082,-14.841797,-10.214844
23315,caaaaacaaattagccgg,-28760.436,-28785.52,-25.083984,-28765.24,-28786.184,-20.94336,-4.140625
21868,ttttttttttttttgaga,-28760.436,-28785.525,-25.089844,-28765.24,-28785.855,-20.615234,-4.4746094
26147,cgagtagctgggactaca,-28760.436,-28785.537,-25.101562,-28765.24,-28789.01,-23.769531,-1.3320312
25888,ggatttctccatgttggt,-28760.436,-28785.543,-25.107422,-28765.24,-28785.018,-19.777344,-5.330078
23296,cccgtctctactaaaagt,-28760.436,-28785.547,-25.111328,-28765.24,-28783.29,-18.048828,-7.0625
22625,gcctggcacggtggctca,-28760.436,-28785.547,-25.111328,-28765.24,-28796.635,-31.394531,6.283203
26427,ctcctgagctcaggtgat,-28760.436,-28785.559,-25.123047,-28765.24,-28779.13,-13.890625,-11.232422
24941,gagatcacctcattgcac,-28760.436,-28785.562,-25.126953,-28765.24,-28778.898,-13.658203,-11.46875
26245,aggctggagtgcagtggt,-28760.436,-28785.576,-25.140625,-28765.24,-28778.18,-12.939453,-12.201172
26578,aagctccaggtctcaagt,-28760.436,-28785.586,-25.15039,-28765.24,-28783.68,-18.439453,-6.7109375
26045,ccaggtctcactctattg,-28760.436,-28785.588,-25.152344,-28765.24,-28786.465,-21.22461,-3.9277344
25916,tccaaatccgacctcagg,-28760.436,-28785.594,-25.158203,-28765.24,-28777.314,-12.074219,-13.083984
26047,aggtctcactctattgct,-28760.436,-28785.607,-25.171875,-28765.24,-28789.021,-23.78125,-1.390625
26616,ccaaagttgtgggattgt,-28760.436,-28785.621,-25.185547,-28765.24,-28792.787,-27.546875,2.3613281
25070,agtggctcacgccggtaa,-28760.436,-28785.637,-25.201172,-28765.24,-28788.637,-23.396484,-1.8046875
26331,tagctgggattagaggtc,-28760.436,-28785.639,-25.203125,-28765.24,-28782.812,-17.572266,-7.6308594
26198,ttttatttatttattttt,-28760.436,-28785.65,-25.214844,-28765.24,-28776.68,-11.439453,-13.775391
24791,gagactagcctcaacatg,-28760.436,-28785.66,-25.22461,-28765.24,-28779.773,-14.533203,-10.691406
25658,gttcacaccattctcttg,-28760.436,-28785.672,-25.236328,-28765.24,-28784.828,-19.58789,-5.6484375
25588,tgtcttgctctgtccccc,-28760.436,-28785.686,-25.25,-28765.24,-28774.238,-8.998047,-16.251953
26605,acctccgcctcccaaagt,-28760.436,-28785.686,-25.25,-28765.24,-28776.027,-10.787109,-14.462891
21973,cctgcctcagcctctccg,-28760.436,-28785.703,-25.267578,-28765.24,-28779.215,-13.974609,-11.292969
26819,tatctatatctatatagc,-28760.436,-28785.703,-25.267578,-28765.24,-28768.133,-2.8925781,-22.375
22343,caactgtaatcccaacag,-28760.436,-28785.71,-25.27539,-28765.24,-28774.328,-9.087891,-16.1875
25526,tgccaccacgcccagcca,-28760.436,-28785.732,-25.296875,-28765.24,-28789.639,-24.398438,-0.8984375
22749,acacaaaacttagcccag,-28760.436,-28785.74,-25.304688,-28765.24,-28783.854,-18.613281,-6.6914062
24828,aaaaaaaatacaaaatta,-28760.436,-28785.74,-25.304688,-28765.24,-28780.885,-15.644531,-9.660156
25577,ttttgagagggtgtcttg,-28760.436,-28785.746,-25.310547,-28765.24,-28777.266,-12.025391,-13.285156
26083,cacattcacagctcactg,-28760.436,-28785.766,-25.330078,-28765.24,-28775.797,-10.556641,-14.7734375
22350,aatcccaacagtttgtga,-28760.436,-28785.777,-25.341797,-28765.24,-28772.309,-7.0683594,-18.273438
25074,gctcacgccggtaatccc,-28760.436,-28785.79,-25.353516,-28765.24,-28781.637,-16.396484,-8.957031
24207,ccactgcacctggcctta,-28760.436,-28785.79,-25.353516,-28765.24,-28782.969,-17.728516,-7.625
26205,tatttatttttttttgag,-28760.436,-28785.793,-25.357422,-28765.24,-28781.418,-16.177734,-9.1796875
22614,aaaagaaaaaggcctggc,-28760.436,-28785.797,-25.361328,-28765.24,-28784.566,-19.326172,-6.0351562
26628,gattgtaggcatgagcca,-28760.436,-28785.799,-25.363281,-28765.24,-28779.16,-13.919922,-11.443359
26308,ttctcctgcctcaacctc,-28760.436,-28785.799,-25.363281,-28765.24,-28790.656,-25.416016,0.052734375
21676,ccgtgatccacccgcctc,-28760.436,-28785.799,-25.363281,-28765.24,-28788.08,-22.839844,-2.5234375
22019,cacgcccggctaattttt,-28760.436,-28785.818,-25.382812,-28765.24,-28786.32,-21.080078,-4.3027344
26843,ttttaacttcctttattt,-28760.436,-28785.836,-25.40039,-28765.24,-28769.816,-4.576172,-20.824219
24787,gttagagactagcctcaa,-28760.436,-28785.844,-25.408203,-28765.24,-28786.105,-20.865234,-4.5429688
24083,cggctaattttttgtatt,-28760.436,-28785.86,-25.423828,-28765.24,-28782.305,-17.064453,-8.359375
26532,attttttgtagagacagg,-28760.436,-28785.887,-25.451172,-28765.24,-28780.688,-15.447266,-10.003906
26431,tgagctcaggtgatccaa,-28760.436,-28785.895,-25.458984,-28765.24,-28773.379,-8.138672,-17.320312
23920,ttttttgttttgtttttg,-28760.436,-28785.93,-25.49414,-28765.24,-28785.938,-20.697266,-4.796875
25929,tcaggtgatccgcccgcc,-28760.436,-28785.932,-25.496094,-28765.24,-28785.953,-20.71289,-4.783203
22434,tgtctctactaaaaatac,-28760.436,-28785.951,-25.515625,-28765.24,-28779.547,-14.306641,-11.208984
21433,aattcttttttttttttt,-28760.436,-28785.957,-25.521484,-28765.24,-28781.676,-16.435547,-9.0859375
26267,atctcagctcactgcagc,-28760.436,-28785.957,-25.521484,-28765.24,-28777.316,-12.076172,-13.4453125
26326,ccaagtagctgggattag,-28760.436,-28785.98,-25.544922,-28765.24,-28794.5,-29.259766,3.7148438
22873,gcctggccaacagagtga,-28760.436,-28785.982,-25.546875,-28765.24,-28781.379,-16.138672,-9.408203
26167,gataatgccactgcacct,-28760.436,-28785.984,-25.548828,-28765.24,-28786.879,-21.638672,-3.9101562
22347,tgtaatcccaacagtttg,-28760.436,-28785.996,-25.560547,-28765.24,-28776.37,-11.128906,-14.431641
22318,agttaaggccagacatgg,-28760.436,-28785.998,-25.5625,-28765.24,-28781.656,-16.416016,-9.146484
26617,caaagttgtgggattgta,-28760.436,-28786.016,-25.580078,-28765.24,-28783.578,-18.33789,-7.2421875
26610,cgcctcccaaagttgtgg,-28760.436,-28786.016,-25.580078,-28765.24,-28779.566,-14.326172,-11.253906
22050,agagacggggtttcaccg,-28760.436,-28786.025,-25.589844,-28765.24,-28782.0,-16.759766,-8.830078
22711,gcctggccaacatggtga,-28760.436,-28786.031,-25.595703,-28765.24,-28775.59,-10.349609,-15.246094
26087,ttcacagctcactgcagc,-28760.436,-28786.037,-25.601562,-28765.24,-28786.238,-20.998047,-4.6035156
25780,gtctcgatctcctgacct,-28760.436,-28786.04,-25.603516,-28765.24,-28783.82,-18.580078,-7.0234375
22485,cctgtaatccgagctact,-28760.436,-28786.041,-25.605469,-28765.24,-28782.848,-17.607422,-7.998047
25789,tcctgaccttttgatcca,-28760.436,-28786.049,-25.613281,-28765.24,-28784.498,-19.257812,-6.3554688
26073,agtgcaagggcacattca,-28760.436,-28786.055,-25.61914,-28765.24,-28777.396,-12.15625,-13.462891
26478,acaggcgtgagccactgt,-28760.436,-28786.059,-25.623047,-28765.24,-28782.031,-16.791016,-8.832031
25535,gcccagccagttttgtgt,-28760.436,-28786.066,-25.63086,-28765.24,-28778.125,-12.884766,-12.746094
24806,atggagaaaccccgtctc,-28760.436,-28786.066,-25.63086,-28765.24,-28789.617,-24.376953,-1.2539062
26603,ctacctccgcctcccaaa,-28760.436,-28786.068,-25.632812,-28765.24,-28790.375,-25.134766,-0.49804688
23330,cgggcatgttggcgggca,-28760.436,-28786.098,-25.66211,-28765.24,-28788.676,-23.435547,-2.2265625
26195,tatttttatttatttatt,-28760.436,-28786.113,-25.677734,-28765.24,-28786.162,-20.921875,-4.7558594
21610,tttttgtatttttttgta,-28760.436,-28786.113,-25.677734,-28765.24,-28778.02,-12.779297,-12.8984375
23939,ttttgagacagtcttgct,-28760.436,-28786.129,-25.69336,-28765.24,-28786.16,-20.919922,-4.7734375
21608,attttttgtatttttttg,-28760.436,-28786.143,-25.707031,-28765.24,-28783.994,-18.753906,-6.953125
26068,gctggagtgcaagggcac,-28760.436,-28786.146,-25.710938,-28765.24,-28768.016,-2.7753906,-22.935547
24043,ccgacaagtagctgggac,-28760.436,-28786.156,-25.720703,-28765.24,-28779.684,-14.443359,-11.277344
26432,gagctcaggtgatccaac,-28760.436,-28786.156,-25.720703,-28765.24,-28773.078,-7.8378906,-17.882812
21675,cccgtgatccacccgcct,-28760.436,-28786.166,-25.730469,-28765.24,-28794.344,-29.103516,3.3730469
21548,tctcctgcctcagcctca,-28760.436,-28786.172,-25.736328,-28765.24,-28794.465,-29.22461,3.4882812
25581,gagagggtgtcttgctct,-28760.436,-28786.172,-25.736328,-28765.24,-28783.477,-18.236328,-7.5
22323,aggccagacatggtggct,-28760.436,-28786.172,-25.736328,-28765.24,-28776.395,-11.154297,-14.582031
21602,tgtctaattttttgtatt,-28760.436,-28786.182,-25.746094,-28765.24,-28776.842,-11.6015625,-14.144531
24830,aaaaaatacaaaattagg,-28760.436,-28786.193,-25.757812,-28765.24,-28781.54,-16.298828,-9.458984
26049,gtctcactctattgctca,-28760.436,-28786.203,-25.767578,-28765.24,-28792.393,-27.152344,1.3847656
26037,tttagagaccaggtctca,-28760.436,-28786.203,-25.767578,-28765.24,-28783.332,-18.091797,-7.6757812
25650,cctcccaggttcacacca,-28760.436,-28786.207,-25.771484,-28765.24,-28781.953,-16.71289,-9.058594
25880,tagagtcgggatttctcc,-28760.436,-28786.21,-25.77539,-28765.24,-28782.402,-17.16211,-8.613281
25579,ttgagagggtgtcttgct,-28760.436,-28786.213,-25.777344,-28765.24,-28789.984,-24.74414,-1.0332031
26376,gtactttcagtagaaacg,-28760.436,-28786.217,-25.78125,-28765.24,-28783.2,-17.958984,-7.8222656
25563,tttttgtttttttttttt,-28760.436,-28786.219,-25.783203,-28765.24,-28779.73,-14.490234,-11.292969
25796,cttttgatccacccgcct,-28760.436,-28786.219,-25.783203,-28765.24,-28784.148,-18.908203,-6.875
25168,cctgtctctactaaaaat,-28760.436,-28786.227,-25.791016,-28765.24,-28787.195,-21.955078,-3.8359375
26482,gcgtgagccactgtgcct,-28760.436,-28786.229,-25.792969,-28765.24,-28783.322,-18.082031,-7.7109375
22335,gtggcttacaactgtaat,-28760.436,-28786.229,-25.792969,-28765.24,-28786.553,-21.3125,-4.4804688
22339,cttacaactgtaatccca,-28760.436,-28786.232,-25.796875,-28765.24,-28781.152,-15.912109,-9.884766
24203,tgagccactgcacctggc,-28760.436,-28786.238,-25.802734,-28765.24,-28790.031,-24.791016,-1.0117188
26426,actcctgagctcaggtga,-28760.436,-28786.242,-25.80664,-28765.24,-28778.473,-13.232422,-12.574219
24942,agatcacctcattgcact,-28760.436,-28786.25,-25.814453,-28765.24,-28770.879,-5.638672,-20.175781
21532,cctggattcacgccattc,-28760.436,-28786.266,-25.830078,-28765.24,-28784.701,-19.460938,-6.3691406
21906,caggctggagtacagtgg,-28760.436,-28786.285,-25.84961,-28765.24,-28792.95,-27.708984,1.859375
22598,gagattccatctcaaaaa,-28760.436,-28786.291,-25.855469,-28765.24,-28783.678,-18.4375,-7.4179688
22597,tgagattccatctcaaaa,-28760.436,-28786.309,-25.873047,-28765.24,-28780.477,-15.236328,-10.636719
21559,agcctcagaggtagctgg,-28760.436,-28786.31,-25.875,-28765.24,-28788.098,-22.857422,-3.0175781
21858,ttattttatttttttttt,-28760.436,-28786.322,-25.886719,-28765.24,-28777.293,-12.052734,-13.833984
23931,gtttttgtttttgagaca,-28760.436,-28786.322,-25.886719,-28765.24,-28783.016,-17.77539,-8.111328
24809,gagaaaccccgtctctac,-28760.436,-28786.328,-25.892578,-28765.24,-28777.8,-12.560547,-13.332031
25869,tgtatttttagtagagtc,-28760.436,-28786.34,-25.904297,-28765.24,-28795.395,-30.154297,4.25
24044,cgacaagtagctgggact,-28760.436,-28786.357,-25.921875,-28765.24,-28790.95,-25.708984,-0.21289062
26424,gaactcctgagctcaggt,-28760.436,-28786.361,-25.925781,-28765.24,-28783.482,-18.242188,-7.6835938
22053,gacggggtttcaccgtgg,-28760.436,-28786.363,-25.927734,-28765.24,-28782.07,-16.830078,-9.097656
26531,aattttttgtagagacag,-28760.436,-28786.37,-25.933594,-28765.24,-28791.326,-26.085938,0.15234375
22508,ggctgtggcaggaaaatt,-28760.436,-28786.379,-25.94336,-28765.24,-28783.309,-18.06836,-7.875
25072,tggctcacgccggtaatc,-28760.436,-28786.395,-25.958984,-28765.24,-28788.867,-23.626953,-2.3320312
23343,gggcaccttttgtcccag,-28760.436,-28786.396,-25.960938,-28765.24,-28786.383,-21.142578,-4.8183594
26448,actgtctcggcctcccaa,-28760.436,-28786.398,-25.96289,-28765.24,-28786.809,-21.56836,-4.3945312
22423,tgatgaaaccttgtctct,-28760.436,-28786.41,-25.97461,-28765.24,-28787.727,-22.486328,-3.4882812
21506,atcttggctcacagcaag,-28760.436,-28786.43,-25.99414,-28765.24,-28777.457,-12.216797,-13.777344
22320,ttaaggccagacatggtg,-28760.436,-28786.438,-26.001953,-28765.24,-28780.215,-14.974609,-11.027344
26166,tgataatgccactgcacc,-28760.436,-28786.45,-26.013672,-28765.24,-28775.695,-10.455078,-15.558594
26375,tgtactttcagtagaaac,-28760.436,-28786.455,-26.019531,-28765.24,-28778.703,-13.462891,-12.556641
25127,aagtcgggagttccagat,-28760.436,-28786.457,-26.021484,-28765.24,-28791.387,-26.146484,0.125
21867,tttttttttttttttgag,-28760.436,-28786.46,-26.02539,-28765.24,-28792.207,-26.966797,0.94140625
25541,ccagttttgtgttttgtt,-28760.436,-28786.473,-26.03711,-28765.24,-28783.543,-18.302734,-7.734375
26444,tccaactgtctcggcctc,-28760.436,-28786.473,-26.03711,-28765.24,-28783.424,-18.183594,-7.8535156
25548,tgtgttttgttttgtttt,-28760.436,-28786.484,-26.048828,-28765.24,-28783.838,-18.597656,-7.451172
26095,tcactgcagccttgacct,-28760.436,-28786.484,-26.048828,-28765.24,-28780.004,-14.763672,-11.285156
24149,cctgacctcgtgatctgc,-28760.436,-28786.496,-26.060547,-28765.24,-28791.521,-26.28125,0.22070312
26146,ccgagtagctgggactac,-28760.436,-28786.516,-26.080078,-28765.24,-28795.697,-30.457031,4.376953
26854,tttattttccttacagGG,-28760.436,-28786.52,-26.083984,-28765.24,-28773.762,-8.521484,-17.5625
25979,aggcatgagccactgtga,-28760.436,-28786.521,-26.085938,-28765.24,-28778.36,-13.119141,-12.966797
25868,ttgtatttttagtagagt,-28760.436,-28786.527,-26.091797,-28765.24,-28788.094,-22.853516,-3.2382812
22867,actctagcctggccaaca,-28760.436,-28786.531,-26.095703,-28765.24,-28778.148,-12.908203,-13.1875
23460,cgagactctgtctcaaaa,-28760.436,-28786.541,-26.105469,-28765.24,-28782.977,-17.736328,-8.369141
21555,cctcagcctcagaggtag,-28760.436,-28786.549,-26.113281,-28765.24,-28784.434,-19.19336,-6.919922
26303,agtgattctcctgcctca,-28760.436,-28786.549,-26.113281,-28765.24,-28786.047,-20.80664,-5.3066406
22440,tactaaaaataccaaaaa,-28760.436,-28786.562,-26.126953,-28765.24,-28775.773,-10.533203,-15.59375
25538,cagccagttttgtgtttt,-28760.436,-28786.564,-26.128906,-28765.24,-28780.8,-15.560547,-10.568359
22748,tacacaaaacttagccca,-28760.436,-28786.566,-26.13086,-28765.24,-28779.643,-14.402344,-11.728516
26612,cctcccaaagttgtggga,-28760.436,-28786.602,-26.166016,-28765.24,-28791.227,-25.986328,-0.1796875
26131,tctcacctcagtttcccg,-28760.436,-28786.615,-26.179688,-28765.24,-28779.383,-14.142578,-12.037109
23919,tttttttgttttgttttt,-28760.436,-28786.639,-26.203125,-28765.24,-28779.22,-13.980469,-12.222656
22505,ggaggctgtggcaggaaa,-28760.436,-28786.64,-26.205078,-28765.24,-28784.59,-19.34961,-6.8554688
25981,gcatgagccactgtgacc,-28760.436,-28786.648,-26.21289,-28765.24,-28773.875,-8.634766,-17.578125
22030,aatttttttttattttta,-28760.436,-28786.648,-26.21289,-28765.24,-28777.43,-12.189453,-14.0234375
21603,gtctaattttttgtattt,-28760.436,-28786.652,-26.216797,-28765.24,-28778.64,-13.400391,-12.816406
22415,ggccaacatgatgaaacc,-28760.436,-28786.66,-26.22461,-28765.24,-28788.027,-22.78711,-3.4375
26122,aagcagtcctctcacctc,-28760.436,-28786.668,-26.232422,-28765.24,-28786.053,-20.8125,-5.419922
26576,tcaagctccaggtctcaa,-28760.436,-28786.676,-26.240234,-28765.24,-28779.143,-13.902344,-12.337891
26081,ggcacattcacagctcac,-28760.436,-28786.695,-26.259766,-28765.24,-28786.488,-21.248047,-5.0117188
26113,ccagggctcaagcagtcc,-28760.436,-28786.705,-26.269531,-28765.24,-28778.598,-13.357422,-12.912109
24967,gggcaacaagagcaaaac,-28760.436,-28786.717,-26.28125,-28765.24,-28795.504,-30.263672,3.9824219
22067,gtggtctcgatctcctga,-28760.436,-28786.734,-26.298828,-28765.24,-28787.342,-22.101562,-4.1972656
26183,ctggctaatttttatttt,-28760.436,-28786.734,-26.298828,-28765.24,-28774.732,-9.4921875,-16.80664
21524,ctctgcctcctggattca,-28760.436,-28786.75,-26.314453,-28765.24,-28790.775,-25.535156,-0.7792969
24167,ctgcctaggcctcccaaa,-28760.436,-28786.752,-26.316406,-28765.24,-28792.033,-26.792969,0.4765625
26437,caggtgatccaactgtct,-28760.436,-28786.771,-26.335938,-28765.24,-28773.432,-8.191406,-18.144531
26130,ctctcacctcagtttccc,-28760.436,-28786.783,-26.347656,-28765.24,-28774.668,-9.427734,-16.919922
25438,tgcaatctcggctcactg,-28760.436,-28786.79,-26.353516,-28765.24,-28790.08,-24.839844,-1.5136719
24781,tcgggagttagagactag,-28760.436,-28786.805,-26.36914,-28765.24,-28781.12,-15.878906,-10.490234
25872,atttttagtagagtcggg,-28760.436,-28786.805,-26.36914,-28765.24,-28776.898,-11.658203,-14.7109375
24792,agactagcctcaacatgg,-28760.436,-28786.809,-26.373047,-28765.24,-28790.428,-25.1875,-1.1855469
22591,acagagtgagattccatc,-28760.436,-28786.81,-26.375,-28765.24,-28781.914,-16.673828,-9.701172
24705,ggtataggccgggcacgg,-28760.436,-28786.836,-26.40039,-28765.24,-28789.043,-23.802734,-2.5976562
22033,ttttttttatttttagta,-28760.436,-28786.836,-26.40039,-28765.24,-28795.676,-30.435547,4.0351562
21672,gaccccgtgatccacccg,-28760.436,-28786.84,-26.404297,-28765.24,-28781.512,-16.271484,-10.1328125
22666,gaggtagaggcaggtgga,-28760.436,-28786.848,-26.41211,-28765.24,-28801.21,-35.970703,9.558594
22861,cgctgcactctagcctgg,-28760.436,-28786.86,-26.423828,-28765.24,-28787.742,-22.501953,-3.921875
26361,cctggctaattttttgta,-28760.436,-28786.867,-26.43164,-28765.24,-28775.3,-10.060547,-16.371094
26420,tctcgaactcctgagctc,-28760.436,-28786.871,-26.435547,-28765.24,-28794.572,-29.332031,2.8964844
22689,tgaggttaggagttcagg,-28760.436,-28786.875,-26.439453,-28765.24,-28788.809,-23.56836,-2.8710938
22504,gggaggctgtggcaggaa,-28760.436,-28786.89,-26.455078,-28765.24,-28789.34,-24.09961,-2.3554688
23425,gattgtgccagtgcactc,-28760.436,-28786.89,-26.455078,-28765.24,-28786.812,-21.572266,-4.8828125
23314,acaaaaacaaattagccg,-28760.436,-28786.896,-26.460938,-28765.24,-28784.05,-18.810547,-7.6503906
26862,ccttacagGGTTTTAGAC,-28760.436,-28786.902,-26.466797,-28765.24,-28776.586,-11.345703,-15.121094
26346,gtccccaccaccatgcct,-28760.436,-28786.906,-26.470703,-28765.24,-28783.863,-18.623047,-7.8476562
26310,ctcctgcctcaacctccc,-28760.436,-28786.912,-26.476562,-28765.24,-28790.914,-25.673828,-0.8027344
21463,acggagtcttgctctgtt,-28760.436,-28786.928,-26.492188,-28765.24,-28789.94,-24.699219,-1.7929688
26069,ctggagtgcaagggcaca,-28760.436,-28786.934,-26.498047,-28765.24,-28781.682,-16.441406,-10.056641
22752,caaaacttagcccagtgg,-28760.436,-28786.934,-26.498047,-28765.24,-28779.887,-14.646484,-11.8515625
21525,tctgcctcctggattcac,-28760.436,-28786.943,-26.507812,-28765.24,-28784.926,-19.685547,-6.8222656
26171,atgccactgcacctggct,-28760.436,-28786.957,-26.521484,-28765.24,-28793.086,-27.845703,1.3242188
26247,gctggagtgcagtggtgt,-28760.436,-28786.957,-26.521484,-28765.24,-28780.562,-15.322266,-11.199219
24080,gcacggctaattttttgt,-28760.436,-28786.965,-26.529297,-28765.24,-28777.535,-12.294922,-14.234375
21443,tttttttttttttttttg,-28760.436,-28786.967,-26.53125,-28765.24,-28792.074,-26.833984,0.30273438
23184,caagttggctgggcacaa,-28760.436,-28786.982,-26.546875,-28765.24,-28776.068,-10.828125,-15.71875
23334,catgttggcgggcacctt,-28760.436,-28786.99,-26.554688,-28765.24,-28790.879,-25.638672,-0.9160156
23932,tttttgtttttgagacag,-28760.436,-28787.004,-26.56836,-28765.24,-28786.504,-21.263672,-5.3046875
22575,cactccacccttggtgac,-28760.436,-28787.008,-26.572266,-28765.24,-28783.832,-18.591797,-7.9804688
25472,ggttcaagtgattctcct,-28760.436,-28787.016,-26.580078,-28765.24,-28792.887,-27.646484,1.0664062
22357,acagtttgtgaggccgag,-28760.436,-28787.043,-26.607422,-28765.24,-28786.33,-21.089844,-5.517578
25943,cgccttggcctccaaaag,-28760.436,-28787.043,-26.607422,-28765.24,-28779.006,-13.765625,-12.841797
24980,aaaactccatctcaaaaa,-28760.436,-28787.057,-26.621094,-28765.24,-28778.438,-13.197266,-13.423828
26411,ccaggctgttctcgaact,-28760.436,-28787.06,-26.625,-28765.24,-28789.102,-23.861328,-2.7636719
22071,tctcgatctcctgacctc,-28760.436,-28787.066,-26.63086,-28765.24,-28800.262,-35.021484,8.390625
26044,accaggtctcactctatt,-28760.436,-28787.068,-26.632812,-28765.24,-28784.07,-18.830078,-7.8027344
25558,tttgttttttgttttttt,-28760.436,-28787.11,-26.673828,-28765.24,-28782.172,-16.93164,-9.7421875
22869,tctagcctggccaacaga,-28760.436,-28787.11,-26.673828,-28765.24,-28782.873,-17.632812,-9.041016
24788,ttagagactagcctcaac,-28760.436,-28787.123,-26.6875,-28765.24,-28781.535,-16.294922,-10.392578
23889,tgttctttttgttttttt,-28760.436,-28787.123,-26.6875,-28765.24,-28770.09,-4.8496094,-21.83789
22656,agtactttgggaggtaga,-28760.436,-28787.125,-26.689453,-28765.24,-28786.033,-20.792969,-5.8964844
26536,tttgtagagacagggtct,-28760.436,-28787.145,-26.708984,-28765.24,-28796.234,-30.99414,4.2851562
23290,tgaaaccccgtctctact,-28760.436,-28787.148,-26.71289,-28765.24,-28785.45,-20.208984,-6.5039062
23925,tgttttgtttttgttttt,-28760.436,-28787.168,-26.732422,-28765.24,-28776.945,-11.705078,-15.027344
24703,aaggtataggccgggcac,-28760.436,-28787.195,-26.759766,-28765.24,-28780.918,-15.677734,-11.082031
25561,gttttttgtttttttttt,-28760.436,-28787.2,-26.763672,-28765.24,-28783.623,-18.382812,-8.380859
25737,gtgtttttagtagagatg,-28760.436,-28787.205,-26.769531,-28765.24,-28794.79,-29.548828,2.7792969
22137,gccaccgcgcccggccta,-28760.436,-28787.215,-26.779297,-28765.24,-28787.61,-22.36914,-4.4101562
26132,ctcacctcagtttcccga,-28760.436,-28787.223,-26.78711,-28765.24,-28781.725,-16.484375,-10.302734
24974,aagagcaaaactccatct,-28760.436,-28787.23,-26.794922,-28765.24,-28791.545,-26.304688,-0.49023438
22641,cacacctataatcccagt,-28760.436,-28787.23,-26.794922,-28765.24,-28790.525,-25.285156,-1.5097656
25165,aaccctgtctctactaaa,-28760.436,-28787.238,-26.802734,-28765.24,-28784.533,-19.292969,-7.5097656
26353,ccaccatgcctggctaat,-28760.436,-28787.242,-26.80664,-28765.24,-28785.572,-20.332031,-6.4746094
26039,tagagaccaggtctcact,-28760.436,-28787.242,-26.80664,-28765.24,-28779.07,-13.830078,-12.9765625
25066,gcgcagtggctcacgccg,-28760.436,-28787.25,-26.814453,-28765.24,-28780.998,-15.7578125,-11.056641
25081,ccggtaatcccaacactt,-28760.436,-28787.25,-26.814453,-28765.24,-28784.973,-19.732422,-7.0820312
24982,aactccatctcaaaaaaa,-28760.436,-28787.254,-26.81836,-28765.24,-28780.39,-15.150391,-11.667969
23947,cagtcttgctctgtctcc,-28760.436,-28787.262,-26.826172,-28765.24,-28782.873,-17.632812,-9.193359
25647,ctgcctcccaggttcaca,-28760.436,-28787.266,-26.830078,-28765.24,-28782.611,-17.371094,-9.458984
22630,gcacggtggctcacacct,-28760.436,-28787.266,-26.830078,-28765.24,-28787.316,-22.076172,-4.7539062
26043,gaccaggtctcactctat,-28760.436,-28787.277,-26.841797,-28765.24,-28786.027,-20.78711,-6.0546875
25935,gatccgcccgccttggcc,-28760.436,-28787.29,-26.853516,-28765.24,-28788.688,-23.447266,-3.40625
25575,ttttttgagagggtgtct,-28760.436,-28787.3,-26.865234,-28765.24,-28777.564,-12.324219,-14.541016
22337,ggcttacaactgtaatcc,-28760.436,-28787.309,-26.873047,-28765.24,-28784.809,-19.56836,-7.3046875
26418,gttctcgaactcctgagc,-28760.436,-28787.31,-26.875,-28765.24,-28787.143,-21.902344,-4.9726562
22767,tggcgggcagttgtaatc,-28760.436,-28787.328,-26.892578,-28765.24,-28781.887,-16.646484,-10.246094
21439,tttttttttttttttttt,-28760.436,-28787.332,-26.896484,-28765.24,-28783.344,-18.103516,-8.792969
21530,ctcctggattcacgccat,-28760.436,-28787.334,-26.898438,-28765.24,-28794.008,-28.767578,1.8691406
21284,taaaaagctttcatgcta,-28760.436,-28787.34,-26.904297,-28765.24,-28765.033,0.20703125,-27.111328
23948,agtcttgctctgtctcct,-28760.436,-28787.354,-26.917969,-28765.24,-28783.77,-18.529297,-8.388672
25330,aaactccgtctcaaaaaa,-28760.436,-28787.363,-26.927734,-28765.24,-28781.254,-16.013672,-10.9140625
24022,acaccattctcctgcctc,-28760.436,-28787.395,-26.958984,-28765.24,-28792.4,-27.160156,0.20117188
25566,ttgttttttttttttgag,-28760.436,-28787.4,-26.964844,-28765.24,-28783.016,-17.77539,-9.189453
26329,agtagctgggattagagg,-28760.436,-28787.4,-26.964844,-28765.24,-28789.21,-23.970703,-2.9941406
22479,cacatgcctgtaatccga,-28760.436,-28787.41,-26.97461,-28765.24,-28782.045,-16.804688,-10.169922
23189,tggctgggcacaatggct,-28760.436,-28787.41,-26.97461,-28765.24,-28784.297,-19.05664,-7.9179688
23381,ggagagtggcgtgaaccc,-28760.436,-28787.438,-27.001953,-28765.24,-28792.664,-27.423828,0.421875
26108,gacctccagggctcaagc,-28760.436,-28787.457,-27.021484,-28765.24,-28790.941,-25.701172,-1.3203125
26580,gctccaggtctcaagtga,-28760.436,-28787.457,-27.021484,-28765.24,-28778.922,-13.681641,-13.339844
23181,atacaagttggctgggca,-28760.436,-28787.459,-27.023438,-28765.24,-28773.441,-8.201172,-18.822266
22737,tttctactaaatacacaa,-28760.436,-28787.473,-27.03711,-28765.24,-28782.846,-17.605469,-9.431641
26858,ttttccttacagGGTTTT,-28760.436,-28787.475,-27.039062,-28765.24,-28767.586,-2.3457031,-24.69336
24166,cctgcctaggcctcccaa,-28760.436,-28787.488,-27.052734,-28765.24,-28779.594,-14.353516,-12.699219
26864,ttacagGGTTTTAGACAA,-28760.436,-28787.49,-27.054688,-28765.24,-28759.45,5.7910156,-32.845703
25514,attacagccatatgccac,-28760.436,-28787.512,-27.076172,-28765.24,-28777.174,-11.933594,-15.142578
25977,acaggcatgagccactgt,-28760.436,-28787.523,-27.08789,-28765.24,-28791.828,-26.58789,-0.5
22571,actgcactccacccttgg,-28760.436,-28787.523,-27.08789,-28765.24,-28782.227,-16.986328,-10.1015625
21533,ctggattcacgccattct,-28760.436,-28787.541,-27.105469,-28765.24,-28784.742,-19.501953,-7.6035156
24030,ctcctgcctcagcccgac,-28760.436,-28787.559,-27.123047,-28765.24,-28772.285,-7.044922,-20.078125
21562,ctcagaggtagctgggac,-28760.436,-28787.566,-27.13086,-28765.24,-28778.648,-13.408203,-13.722656
24205,agccactgcacctggcct,-28760.436,-28787.578,-27.142578,-28765.24,-28789.023,-23.783203,-3.359375
22513,tggcaggaaaattgcttt,-28760.436,-28787.602,-27.166016,-28765.24,-28784.098,-18.857422,-8.308594
22321,taaggccagacatggtgg,-28760.436,-28787.604,-27.167969,-28765.24,-28786.041,-20.800781,-6.3671875
26621,gttgtgggattgtaggca,-28760.436,-28787.61,-27.173828,-28765.24,-28778.367,-13.126953,-14.046875
24025,ccattctcctgcctcagc,-28760.436,-28787.613,-27.177734,-28765.24,-28789.717,-24.476562,-2.7011719
21859,tattttattttttttttt,-28760.436,-28787.613,-27.177734,-28765.24,-28780.535,-15.294922,-11.8828125
26116,gggctcaagcagtcctct,-28760.436,-28787.621,-27.185547,-28765.24,-28782.09,-16.84961,-10.3359375
22032,tttttttttatttttagt,-28760.436,-28787.625,-27.189453,-28765.24,-28788.238,-22.998047,-4.1914062
25243,aggcaggagaattgcttg,-28760.436,-28787.658,-27.222656,-28765.24,-28790.271,-25.03125,-2.1914062
26498,ctagcctgagccaccacg,-28760.436,-28787.66,-27.22461,-28765.24,-28776.613,-11.373047,-15.8515625
22588,gtgacagagtgagattcc,-28760.436,-28787.66,-27.22461,-28765.24,-28785.68,-20.439453,-6.7851562
24934,gtgagccgagatcacctc,-28760.436,-28787.686,-27.25,-28765.24,-28792.645,-27.404297,0.15429688
25878,agtagagtcgggatttct,-28760.436,-28787.695,-27.259766,-28765.24,-28782.79,-17.548828,-9.7109375
22514,ggcaggaaaattgcttta,-28760.436,-28787.707,-27.271484,-28765.24,-28780.5,-15.259766,-12.011719
23938,tttttgagacagtcttgc,-28760.436,-28787.727,-27.291016,-28765.24,-28776.37,-11.128906,-16.16211
26054,actctattgctcaggctg,-28760.436,-28787.742,-27.30664,-28765.24,-28793.19,-27.949219,0.6425781
25527,gccaccacgcccagccag,-28760.436,-28787.746,-27.310547,-28765.24,-28779.906,-14.666016,-12.644531
25175,ctactaaaaatacaaaac,-28760.436,-28787.775,-27.339844,-28765.24,-28777.035,-11.794922,-15.544922
24214,acctggccttaagtgttt,-28760.436,-28787.777,-27.341797,-28765.24,-28779.703,-14.462891,-12.878906
26307,attctcctgcctcaacct,-28760.436,-28787.777,-27.341797,-28765.24,-28793.752,-28.511719,1.1699219
25491,cctcagcttcccgagtag,-28760.436,-28787.783,-27.347656,-28765.24,-28789.326,-24.085938,-3.2617188
25714,caccacacccggctaatt,-28760.436,-28787.799,-27.363281,-28765.24,-28773.836,-8.595703,-18.767578
25591,cttgctctgtcccccaag,-28760.436,-28787.81,-27.375,-28765.24,-28789.117,-23.876953,-3.4980469
22649,taatcccagtactttggg,-28760.436,-28787.812,-27.376953,-28765.24,-28790.168,-24.927734,-2.4492188
22747,atacacaaaacttagccc,-28760.436,-28787.818,-27.382812,-28765.24,-28777.031,-11.791016,-15.591797
26268,tctcagctcactgcagcc,-28760.436,-28787.82,-27.384766,-28765.24,-28785.748,-20.507812,-6.876953
21969,ttctcctgcctcagcctc,-28760.436,-28787.82,-27.384766,-28765.24,-28779.46,-14.220703,-13.1640625
26332,agctgggattagaggtcc,-28760.436,-28787.824,-27.388672,-28765.24,-28783.5,-18.259766,-9.128906
26085,cattcacagctcactgca,-28760.436,-28787.836,-27.40039,-28765.24,-28786.451,-21.210938,-6.189453
25172,tctctactaaaaatacaa,-28760.436,-28787.838,-27.402344,-28765.24,-28787.182,-21.941406,-5.4609375
26856,tattttccttacagGGTT,-28760.436,-28787.84,-27.404297,-28765.24,-28771.889,-6.6484375,-20.75586
22703,caggaccagcctggccaa,-28760.436,-28787.844,-27.408203,-28765.24,-28781.162,-15.921875,-11.486328
25973,cattacaggcatgagcca,-28760.436,-28787.844,-27.408203,-28765.24,-28780.61,-15.369141,-12.0390625
25487,cctgcctcagcttcccga,-28760.436,-28787.844,-27.408203,-28765.24,-28790.174,-24.933594,-2.4746094
26276,cactgcagcctccgcctc,-28760.436,-28787.865,-27.429688,-28765.24,-28784.908,-19.667969,-7.7617188
25543,agttttgtgttttgtttt,-28760.436,-28787.871,-27.435547,-28765.24,-28781.88,-16.640625,-10.794922
22432,cttgtctctactaaaaat,-28760.436,-28787.883,-27.447266,-28765.24,-28779.352,-14.111328,-13.3359375
23350,ttttgtcccagctgctcg,-28760.436,-28787.889,-27.453125,-28765.24,-28794.354,-29.113281,1.6601562
26177,ctgcacctggctaatttt,-28760.436,-28787.895,-27.458984,-28765.24,-28787.344,-22.103516,-5.3554688
21670,ctgaccccgtgatccacc,-28760.436,-28787.924,-27.488281,-28765.24,-28790.885,-25.644531,-1.84375
22756,acttagcccagtggcggg,-28760.436,-28787.936,-27.5,-28765.24,-28784.18,-18.939453,-8.560547
24039,cagcccgacaagtagctg,-28760.436,-28787.95,-27.513672,-28765.24,-28775.695,-10.455078,-17.058594
26552,ctcattatgttgcccagg,-28760.436,-28787.95,-27.513672,-28765.24,-28777.496,-12.255859,-15.2578125
23190,ggctgggcacaatggctc,-28760.436,-28787.957,-27.521484,-28765.24,-28792.68,-27.439453,-0.08203125
25492,ctcagcttcccgagtagc,-28760.436,-28787.963,-27.527344,-28765.24,-28790.973,-25.732422,-1.7949219
26601,ccctacctccgcctccca,-28760.436,-28787.969,-27.533203,-28765.24,-28782.05,-16.810547,-10.722656
22062,tcaccgtggtctcgatct,-28760.436,-28787.99,-27.554688,-28765.24,-28781.314,-16.074219,-11.480469
24063,caggcgtgtgccaccatg,-28760.436,-28788.002,-27.566406,-28765.24,-28788.469,-23.228516,-4.3378906
22772,ggcagttgtaatcccagc,-28760.436,-28788.023,-27.58789,-28765.24,-28790.023,-24.783203,-2.8046875
26244,caggctggagtgcagtgg,-28760.436,-28788.025,-27.589844,-28765.24,-28782.707,-17.466797,-10.123047
26187,ctaatttttatttttatt,-28760.436,-28788.04,-27.603516,-28765.24,-28781.848,-16.607422,-10.996094
24930,tgcggtgagccgagatca,-28760.436,-28788.055,-27.61914,-28765.24,-28784.803,-19.5625,-8.056641
26545,acagggtctcattatgtt,-28760.436,-28788.059,-27.623047,-28765.24,-28783.477,-18.236328,-9.386719
22518,ggaaaattgctttaatct,-28760.436,-28788.066,-27.63086,-28765.24,-28787.002,-21.761719,-5.8691406
26271,cagctcactgcagcctcc,-28760.436,-28788.07,-27.634766,-28765.24,-28786.51,-21.269531,-6.3652344
22706,gaccagcctggccaacat,-28760.436,-28788.088,-27.652344,-28765.24,-28785.059,-19.81836,-7.8339844
24212,gcacctggccttaagtgt,-28760.436,-28788.09,-27.654297,-28765.24,-28778.857,-13.6171875,-14.037109
22329,gacatggtggcttacaac,-28760.436,-28788.098,-27.66211,-28765.24,-28783.918,-18.677734,-8.984375
23179,gtatacaagttggctggg,-28760.436,-28788.145,-27.708984,-28765.24,-28775.783,-10.542969,-17.166016
22138,ccaccgcgcccggcctaa,-28760.436,-28788.148,-27.71289,-28765.24,-28779.637,-14.396484,-13.316406
21609,ttttttgtatttttttgt,-28760.436,-28788.15,-27.714844,-28765.24,-28780.15,-14.910156,-12.8046875
25128,agtcgggagttccagatc,-28760.436,-28788.15,-27.714844,-28765.24,-28788.307,-23.066406,-4.6484375
26588,tctcaagtgatcccccta,-28760.436,-28788.152,-27.716797,-28765.24,-28778.004,-12.763672,-14.953125
26209,tatttttttttgagacag,-28760.436,-28788.16,-27.72461,-28765.24,-28794.332,-29.091797,1.3671875
26486,gagccactgtgcctagcc,-28760.436,-28788.166,-27.730469,-28765.24,-28784.836,-19.595703,-8.134766
24969,gcaacaagagcaaaactc,-28760.436,-28788.168,-27.732422,-28765.24,-28789.957,-24.716797,-3.015625
24939,ccgagatcacctcattgc,-28760.436,-28788.182,-27.746094,-28765.24,-28788.324,-23.083984,-4.6621094
22413,ctggccaacatgatgaaa,-28760.436,-28788.21,-27.77539,-28765.24,-28788.535,-23.294922,-4.4804688
25928,ctcaggtgatccgcccgc,-28760.436,-28788.213,-27.777344,-28765.24,-28792.217,-26.976562,-0.80078125
25846,agccactgtgcccggcct,-28760.436,-28788.219,-27.783203,-28765.24,-28783.627,-18.386719,-9.396484
26614,tcccaaagttgtgggatt,-28760.436,-28788.23,-27.794922,-28765.24,-28784.102,-18.861328,-8.933594
23457,gagcgagactctgtctca,-28760.436,-28788.232,-27.796875,-28765.24,-28790.186,-24.945312,-2.8515625
22855,tcacaccgctgcactcta,-28760.436,-28788.234,-27.798828,-28765.24,-28790.705,-25.464844,-2.3339844
26302,aagtgattctcctgcctc,-28760.436,-28788.246,-27.810547,-28765.24,-28795.375,-30.134766,2.3242188
26170,aatgccactgcacctggc,-28760.436,-28788.262,-27.826172,-28765.24,-28786.969,-21.728516,-6.0976562
21959,gttcacgccattctcctg,-28760.436,-28788.266,-27.830078,-28765.24,-28791.932,-26.691406,-1.1386719
25544,gttttgtgttttgttttg,-28760.436,-28788.271,-27.835938,-28765.24,-28778.625,-13.384766,-14.451172
24829,aaaaaaatacaaaattag,-28760.436,-28788.273,-27.83789,-28765.24,-28780.42,-15.1796875,-12.658203
25894,ctccatgttggtcaggct,-28760.436,-28788.281,-27.845703,-28765.24,-28789.559,-24.31836,-3.5273438
21558,cagcctcagaggtagctg,-28760.436,-28788.283,-27.847656,-28765.24,-28785.062,-19.822266,-8.025391
24945,tcacctcattgcactcca,-28760.436,-28788.285,-27.84961,-28765.24,-28787.441,-22.201172,-5.6484375
25572,tttttttttgagagggtg,-28760.436,-28788.293,-27.857422,-28765.24,-28787.62,-22.378906,-5.4785156
25716,ccacacccggctaatttt,-28760.436,-28788.307,-27.871094,-28765.24,-28787.344,-22.103516,-5.767578
26525,tttttaaattttttgtag,-28760.436,-28788.314,-27.878906,-28765.24,-28772.021,-6.78125,-21.097656
22570,cactgcactccacccttg,-28760.436,-28788.316,-27.88086,-28765.24,-28780.512,-15.271484,-12.609375
25870,gtatttttagtagagtcg,-28760.436,-28788.316,-27.88086,-28765.24,-28792.58,-27.339844,-0.5410156
21521,aagctctgcctcctggat,-28760.436,-28788.326,-27.890625,-28765.24,-28784.098,-18.857422,-9.033203
26327,caagtagctgggattaga,-28760.436,-28788.334,-27.898438,-28765.24,-28787.754,-22.513672,-5.3847656
22648,ataatcccagtactttgg,-28760.436,-28788.342,-27.90625,-28765.24,-28788.895,-23.654297,-4.251953
23347,accttttgtcccagctgc,-28760.436,-28788.354,-27.917969,-28765.24,-28794.238,-28.998047,1.0800781
26528,ttaaattttttgtagaga,-28760.436,-28788.36,-27.923828,-28765.24,-28782.836,-17.595703,-10.328125
22765,agtggcgggcagttgtaa,-28760.436,-28788.36,-27.923828,-28765.24,-28781.484,-16.24414,-11.6796875
25934,tgatccgcccgccttggc,-28760.436,-28788.367,-27.93164,-28765.24,-28791.582,-26.341797,-1.5898438
22860,ccgctgcactctagcctg,-28760.436,-28788.37,-27.933594,-28765.24,-28791.176,-25.935547,-1.9980469
22430,accttgtctctactaaaa,-28760.436,-28788.37,-27.933594,-28765.24,-28782.393,-17.152344,-10.78125
23928,tttgtttttgtttttgag,-28760.436,-28788.371,-27.935547,-28765.24,-28775.895,-10.654297,-17.28125
21516,acagcaagctctgcctcc,-28760.436,-28788.379,-27.94336,-28765.24,-28786.678,-21.4375,-6.5058594
21861,ttttattttttttttttt,-28760.436,-28788.395,-27.958984,-28765.24,-28775.352,-10.111328,-17.847656
25549,gtgttttgttttgttttt,-28760.436,-28788.422,-27.986328,-28765.24,-28784.773,-19.533203,-8.453125
25518,cagccatatgccaccacg,-28760.436,-28788.424,-27.988281,-28765.24,-28776.457,-11.216797,-16.771484
25583,gagggtgtcttgctctgt,-28760.436,-28788.43,-27.99414,-28765.24,-28772.613,-7.373047,-20.621094
26207,tttatttttttttgagac,-28760.436,-28788.447,-28.011719,-28765.24,-28784.428,-19.1875,-8.824219
22011,cccgccaccacgcccggc,-28760.436,-28788.453,-28.017578,-28765.24,-28800.604,-35.36328,7.345703
26133,tcacctcagtttcccgag,-28760.436,-28788.465,-28.029297,-28765.24,-28779.885,-14.644531,-13.384766
22702,tcaggaccagcctggcca,-28760.436,-28788.48,-28.044922,-28765.24,-28777.473,-12.232422,-15.8125
25248,ggagaattgcttgaaccg,-28760.436,-28788.488,-28.052734,-28765.24,-28788.742,-23.501953,-4.5507812
26611,gcctcccaaagttgtggg,-28760.436,-28788.492,-28.05664,-28765.24,-28791.31,-26.070312,-1.9863281
21550,tcctgcctcagcctcaga,-28760.436,-28788.512,-28.076172,-28765.24,-28784.398,-19.158203,-8.917969
25863,tagtcttgtatttttagt,-28760.436,-28788.516,-28.080078,-28765.24,-28782.828,-17.58789,-10.4921875
22612,aaaaaagaaaaaggcctg,-28760.436,-28788.521,-28.085938,-28765.24,-28785.562,-20.322266,-7.763672
22770,cgggcagttgtaatccca,-28760.436,-28788.525,-28.089844,-28765.24,-28771.672,-6.4316406,-21.658203
21585,gtgcctgccaccacgcct,-28760.436,-28788.535,-28.09961,-28765.24,-28779.36,-14.119141,-13.980469
25387,ttattttttaagatggag,-28760.436,-28788.543,-28.107422,-28765.24,-28782.334,-17.09375,-11.013672
21993,tagctgggactacaggcg,-28760.436,-28788.547,-28.111328,-28765.24,-28795.484,-30.24414,2.1328125
21435,ttcttttttttttttttt,-28760.436,-28788.549,-28.113281,-28765.24,-28787.521,-22.28125,-5.8320312
26481,ggcgtgagccactgtgcc,-28760.436,-28788.578,-28.142578,-28765.24,-28787.395,-22.154297,-5.9882812
22354,ccaacagtttgtgaggcc,-28760.436,-28788.578,-28.142578,-28765.24,-28786.494,-21.253906,-6.888672
24976,gagcaaaactccatctca,-28760.436,-28788.586,-28.15039,-28765.24,-28788.74,-23.5,-4.6503906
22849,ccgagatcacaccgctgc,-28760.436,-28788.594,-28.158203,-28765.24,-28794.29,-29.048828,0.890625
21528,gcctcctggattcacgcc,-28760.436,-28788.602,-28.166016,-28765.24,-28791.219,-25.978516,-2.1875
25476,caagtgattctcctgcct,-28760.436,-28788.61,-28.173828,-28765.24,-28785.256,-20.015625,-8.158203
23313,tacaaaaacaaattagcc,-28760.436,-28788.613,-28.177734,-28765.24,-28778.852,-13.611328,-14.566406
21503,gtgatcttggctcacagc,-28760.436,-28788.629,-28.19336,-28765.24,-28784.578,-19.33789,-8.855469
26582,tccaggtctcaagtgatc,-28760.436,-28788.629,-28.19336,-28765.24,-28778.818,-13.578125,-14.615234
25522,catatgccaccacgccca,-28760.436,-28788.63,-28.195312,-28765.24,-28782.873,-17.632812,-10.5625
26173,gccactgcacctggctaa,-28760.436,-28788.645,-28.208984,-28765.24,-28784.148,-18.908203,-9.300781
23942,tgagacagtcttgctctg,-28760.436,-28788.652,-28.216797,-28765.24,-28789.766,-24.52539,-3.6914062
21986,ctccgagtagctgggact,-28760.436,-28788.668,-28.232422,-28765.24,-28791.883,-26.642578,-1.5898438
25560,tgttttttgttttttttt,-28760.436,-28788.688,-28.251953,-28765.24,-28778.95,-13.708984,-14.542969
26560,gttgcccagggtggtgtc,-28760.436,-28788.69,-28.253906,-28765.24,-28780.996,-15.755859,-12.498047
23335,atgttggcgggcaccttt,-28760.436,-28788.695,-28.259766,-28765.24,-28788.262,-23.021484,-5.2382812
24981,aaactccatctcaaaaaa,-28760.436,-28788.701,-28.265625,-28765.24,-28781.434,-16.19336,-12.072266
21915,gtacagtggcgcagtctc,-28760.436,-28788.701,-28.265625,-28765.24,-28791.762,-26.521484,-1.7441406
26280,gcagcctccgcctcctgg,-28760.436,-28788.701,-28.265625,-28765.24,-28786.455,-21.214844,-7.0507812
22620,aaaaggcctggcacggtg,-28760.436,-28788.703,-28.267578,-28765.24,-28786.822,-21.582031,-6.685547
22858,caccgctgcactctagcc,-28760.436,-28788.709,-28.273438,-28765.24,-28782.09,-16.84961,-11.423828
22484,gcctgtaatccgagctac,-28760.436,-28788.709,-28.273438,-28765.24,-28794.133,-28.892578,0.6191406
26208,ttatttttttttgagaca,-28760.436,-28788.71,-28.27539,-28765.24,-28779.92,-14.6796875,-13.595703
21504,tgatcttggctcacagca,-28760.436,-28788.717,-28.28125,-28765.24,-28782.367,-17.126953,-11.154297
22651,atcccagtactttgggag,-28760.436,-28788.719,-28.283203,-28765.24,-28788.863,-23.623047,-4.6601562
22021,cgcccggctaattttttt,-28760.436,-28788.752,-28.316406,-28765.24,-28788.031,-22.791016,-5.5253906
22084,acctcgtgatccacccgc,-28760.436,-28788.76,-28.324219,-28765.24,-28796.734,-31.49414,3.1699219
25792,tgaccttttgatccaccc,-28760.436,-28788.762,-28.326172,-28765.24,-28777.012,-11.771484,-16.554688
27301,ggtgtccacagaggacat,-28760.436,-28788.764,-28.328125,-28765.24,-28774.578,-9.337891,-18.990234
24793,gactagcctcaacatgga,-28760.436,-28788.78,-28.34375,-28765.24,-28781.582,-16.341797,-12.001953
25781,tctcgatctcctgacctt,-28760.436,-28788.787,-28.351562,-28765.24,-28781.873,-16.632812,-11.71875
26109,acctccagggctcaagca,-28760.436,-28788.791,-28.355469,-28765.24,-28782.902,-17.66211,-10.693359
25503,gagtagctgtgattacag,-28760.436,-28788.795,-28.359375,-28765.24,-28786.195,-20.955078,-7.404297
23464,actctgtctcaaaaaata,-28760.436,-28788.805,-28.36914,-28765.24,-28783.816,-18.576172,-9.792969
26182,cctggctaatttttattt,-28760.436,-28788.809,-28.373047,-28765.24,-28771.652,-6.4121094,-21.960938
26351,caccaccatgcctggcta,-28760.436,-28788.814,-28.378906,-28765.24,-28786.422,-21.18164,-7.1972656
26102,agccttgacctccagggc,-28760.436,-28788.816,-28.38086,-28765.24,-28793.945,-28.705078,0.32421875
25493,tcagcttcccgagtagct,-28760.436,-28788.824,-28.388672,-28765.24,-28798.812,-33.572266,5.1835938
25482,attctcctgcctcagctt,-28760.436,-28788.824,-28.388672,-28765.24,-28784.91,-19.669922,-8.71875
21928,gtctcggctcactgcaag,-28760.436,-28788.842,-28.40625,-28765.24,-28797.562,-32.322266,3.9160156
25932,ggtgatccgcccgccttg,-28760.436,-28788.844,-28.408203,-28765.24,-28785.352,-20.111328,-8.296875
26423,cgaactcctgagctcagg,-28760.436,-28788.85,-28.414062,-28765.24,-28784.826,-19.585938,-8.828125
24985,tccatctcaaaaaaaaaa,-28760.436,-28788.863,-28.427734,-28765.24,-28781.11,-15.869141,-12.558594
26372,ttttgtactttcagtaga,-28760.436,-28788.883,-28.447266,-28765.24,-28789.297,-24.05664,-4.390625
21509,ttggctcacagcaagctc,-28760.436,-28788.902,-28.466797,-28765.24,-28782.168,-16.927734,-11.5390625
22028,ctaatttttttttatttt,-28760.436,-28788.902,-28.466797,-28765.24,-28789.555,-24.314453,-4.1523438
25546,tttgtgttttgttttgtt,-28760.436,-28788.914,-28.478516,-28765.24,-28786.902,-21.66211,-6.8164062
25247,aggagaattgcttgaacc,-28760.436,-28788.918,-28.482422,-28765.24,-28789.438,-24.197266,-4.2851562
21866,ttttttttttttttttga,-28760.436,-28788.926,-28.490234,-28765.24,-28779.293,-14.052734,-14.4375
22872,agcctggccaacagagtg,-28760.436,-28788.93,-28.49414,-28765.24,-28780.84,-15.599609,-12.894531
24037,ctcagcccgacaagtagc,-28760.436,-28788.93,-28.49414,-28765.24,-28778.16,-12.919922,-15.574219
26038,ttagagaccaggtctcac,-28760.436,-28788.934,-28.498047,-28765.24,-28782.371,-17.13086,-11.3671875
25181,aaaatacaaaactagccg,-28760.436,-28788.957,-28.521484,-28765.24,-28786.736,-21.496094,-7.0253906
25700,ctacaggtgcccgccacc,-28760.436,-28788.965,-28.529297,-28765.24,-28792.531,-27.291016,-1.2382812
26179,gcacctggctaattttta,-28760.436,-28788.973,-28.53711,-28765.24,-28784.67,-19.429688,-9.107422
25813,tcagcctccccaagtgct,-28760.436,-28788.973,-28.53711,-28765.24,-28801.19,-35.94922,7.4121094
24065,ggcgtgtgccaccatgca,-28760.436,-28789.008,-28.572266,-28765.24,-28787.559,-22.31836,-6.2539062
26099,tgcagccttgacctccag,-28760.436,-28789.012,-28.576172,-28765.24,-28787.12,-21.878906,-6.6972656
26186,gctaatttttatttttat,-28760.436,-28789.074,-28.638672,-28765.24,-28779.016,-13.775391,-14.863281
22750,cacaaaacttagcccagt,-28760.436,-28789.09,-28.654297,-28765.24,-28776.348,-11.107422,-17.546875
26563,gcccagggtggtgtcaag,-28760.436,-28789.094,-28.658203,-28765.24,-28774.91,-9.669922,-18.988281
24038,tcagcccgacaagtagct,-28760.436,-28789.098,-28.66211,-28765.24,-28770.521,-5.28125,-23.38086
26111,ctccagggctcaagcagt,-28760.436,-28789.11,-28.673828,-28765.24,-28779.629,-14.388672,-14.285156
22589,tgacagagtgagattcca,-28760.436,-28789.12,-28.683594,-28765.24,-28779.455,-14.214844,-14.46875
24859,gtgcatgcctgtaatccc,-28760.436,-28789.12,-28.683594,-28765.24,-28801.154,-35.914062,7.2304688
22049,tagagacggggtttcacc,-28760.436,-28789.121,-28.685547,-28765.24,-28794.523,-29.283203,0.59765625
22644,acctataatcccagtact,-28760.436,-28789.127,-28.691406,-28765.24,-28778.293,-13.052734,-15.638672
25926,acctcaggtgatccgccc,-28760.436,-28789.137,-28.701172,-28765.24,-28786.148,-20.908203,-7.7929688
26410,gccaggctgttctcgaac,-28760.436,-28789.168,-28.732422,-28765.24,-28788.625,-23.384766,-5.3476562
21526,ctgcctcctggattcacg,-28760.436,-28789.168,-28.732422,-28765.24,-28789.805,-24.564453,-4.1679688
26384,agtagaaacggggttttg,-28760.436,-28789.19,-28.753906,-28765.24,-28789.47,-24.230469,-4.5234375
22419,aacatgatgaaaccttgt,-28760.436,-28789.193,-28.757812,-28765.24,-28782.104,-16.863281,-11.894531
21614,tgtatttttttgtaaaga,-28760.436,-28789.213,-28.777344,-28765.24,-28786.23,-20.990234,-7.7871094
25523,atatgccaccacgcccag,-28760.436,-28789.219,-28.783203,-28765.24,-28783.295,-18.054688,-10.728516
26553,tcattatgttgcccaggg,-28760.436,-28789.219,-28.783203,-28765.24,-28782.855,-17.615234,-11.167969
21961,tcacgccattctcctgcc,-28760.436,-28789.219,-28.783203,-28765.24,-28780.867,-15.626953,-13.15625
24150,ctgacctcgtgatctgcc,-28760.436,-28789.219,-28.783203,-28765.24,-28789.064,-23.824219,-4.9589844
21971,ctcctgcctcagcctctc,-28760.436,-28789.234,-28.798828,-28765.24,-28788.805,-23.564453,-5.234375
23912,tttgggttttttttgttt,-28760.436,-28789.266,-28.830078,-28765.24,-28778.086,-12.845703,-15.984375
24208,cactgcacctggccttaa,-28760.436,-28789.27,-28.833984,-28765.24,-28787.674,-22.433594,-6.4003906
26540,tagagacagggtctcatt,-28760.436,-28789.271,-28.835938,-28765.24,-28791.441,-26.201172,-2.6347656
26357,catgcctggctaattttt,-28760.436,-28789.283,-28.847656,-28765.24,-28784.645,-19.404297,-9.443359
25176,tactaaaaatacaaaact,-28760.436,-28789.285,-28.84961,-28765.24,-28779.535,-14.294922,-14.5546875
26558,atgttgcccagggtggtg,-28760.436,-28789.297,-28.861328,-28765.24,-28784.164,-18.923828,-9.9375
25874,ttttagtagagtcgggat,-28760.436,-28789.297,-28.861328,-28765.24,-28780.947,-15.707031,-13.154297
22348,gtaatcccaacagtttgt,-28760.436,-28789.307,-28.871094,-28765.24,-28766.328,-1.0878906,-27.783203
25467,tcctgggttcaagtgatt,-28760.436,-28789.34,-28.904297,-28765.24,-28800.477,-35.23633,6.3320312
26128,tcctctcacctcagtttc,-28760.436,-28789.348,-28.91211,-28765.24,-28789.768,-24.527344,-4.3847656
23953,tgctctgtctcctaagct,-28760.436,-28789.352,-28.916016,-28765.24,-28780.553,-15.3125,-13.603516
26473,ggattacaggcgtgagcc,-28760.436,-28789.355,-28.919922,-28765.24,-28787.752,-22.511719,-6.408203
26040,agagaccaggtctcactc,-28760.436,-28789.367,-28.93164,-28765.24,-28785.3,-20.060547,-8.871094
22618,gaaaaaggcctggcacgg,-28760.436,-28789.37,-28.933594,-28765.24,-28786.863,-21.623047,-7.310547
21887,ggagtctcgctctgtcac,-28760.436,-28789.375,-28.939453,-28765.24,-28798.406,-33.166016,4.2265625
26050,tctcactctattgctcag,-28760.436,-28789.383,-28.947266,-28765.24,-28786.15,-20.910156,-8.037109
26419,ttctcgaactcctgagct,-28760.436,-28789.395,-28.958984,-28765.24,-28780.572,-15.332031,-13.626953
26447,aactgtctcggcctccca,-28760.436,-28789.414,-28.978516,-28765.24,-28784.12,-18.878906,-10.099609
22017,accacgcccggctaattt,-28760.436,-28789.424,-28.988281,-28765.24,-28789.514,-24.273438,-4.7148438
21682,tccacccgcctcggcctt,-28760.436,-28789.45,-29.013672,-28765.24,-28784.719,-19.478516,-9.535156
26206,atttatttttttttgaga,-28760.436,-28789.479,-29.042969,-28765.24,-28783.348,-18.107422,-10.935547
22762,cccagtggcgggcagttg,-28760.436,-28789.484,-29.048828,-28765.24,-28778.54,-13.298828,-15.75
21467,agtcttgctctgttgccc,-28760.436,-28789.49,-29.054688,-28765.24,-28805.945,-40.70508,11.650391
22520,aaaattgctttaatctgg,-28760.436,-28789.5,-29.064453,-28765.24,-28791.768,-26.527344,-2.5371094
25656,aggttcacaccattctct,-28760.436,-28789.521,-29.085938,-28765.24,-28783.87,-18.628906,-10.457031
22020,acgcccggctaatttttt,-28760.436,-28789.523,-29.08789,-28765.24,-28780.55,-15.310547,-13.777344
26124,gcagtcctctcacctcag,-28760.436,-28789.549,-29.113281,-28765.24,-28786.549,-21.308594,-7.8046875
25505,gtagctgtgattacagcc,-28760.436,-28789.57,-29.134766,-28765.24,-28782.463,-17.222656,-11.912109
25502,cgagtagctgtgattaca,-28760.436,-28789.574,-29.138672,-28765.24,-28792.643,-27.402344,-1.7363281
24164,tgcctgcctaggcctccc,-28760.436,-28789.574,-29.138672,-28765.24,-28787.422,-22.18164,-6.9570312
24088,aattttttgtatttttag,-28760.436,-28789.586,-29.15039,-28765.24,-28786.906,-21.666016,-7.484375
24795,ctagcctcaacatggaga,-28760.436,-28789.588,-29.152344,-28765.24,-28785.016,-19.77539,-9.376953
26867,cagGGTTTTAGACAAAAT,-28760.436,-28789.588,-29.152344,-28765.24,-28769.625,-4.3847656,-24.767578
22647,tataatcccagtactttg,-28760.436,-28789.594,-29.158203,-28765.24,-28790.895,-25.654297,-3.5039062
26330,gtagctgggattagaggt,-28760.436,-28789.605,-29.169922,-28765.24,-28789.242,-24.001953,-5.1679688
21620,tttttgtaaagacagggt,-28760.436,-28789.654,-29.21875,-28765.24,-28788.027,-22.78711,-6.4316406
21629,agacagggtttcactgtg,-28760.436,-28789.672,-29.236328,-28765.24,-28798.182,-32.941406,3.7050781
25053,aaaaatcagctgggcgca,-28760.436,-28789.676,-29.240234,-28765.24,-28778.926,-13.685547,-15.5546875
26385,gtagaaacggggttttgc,-28760.436,-28789.686,-29.25,-28765.24,-28782.508,-17.267578,-11.982422
24202,gtgagccactgcacctgg,-28760.436,-28789.7,-29.263672,-28765.24,-28781.332,-16.091797,-13.171875
23893,ctttttgtttttttggtt,-28760.436,-28789.713,-29.277344,-28765.24,-28777.691,-12.451172,-16.826172
25498,ttcccgagtagctgtgat,-28760.436,-28789.719,-29.283203,-28765.24,-28786.703,-21.46289,-7.8203125
21574,tgggactacaggtgcctg,-28760.436,-28789.725,-29.289062,-28765.24,-28784.17,-18.929688,-10.359375
25723,cggctaatttttttgtgt,-28760.436,-28789.727,-29.291016,-28765.24,-28785.027,-19.78711,-9.503906
26413,aggctgttctcgaactcc,-28760.436,-28789.756,-29.320312,-28765.24,-28782.559,-17.31836,-12.001953
23331,gggcatgttggcgggcac,-28760.436,-28789.756,-29.320312,-28765.24,-28784.324,-19.083984,-10.236328
26359,tgcctggctaattttttg,-28760.436,-28789.758,-29.322266,-28765.24,-28785.826,-20.585938,-8.736328
26112,tccagggctcaagcagtc,-28760.436,-28789.773,-29.33789,-28765.24,-28786.586,-21.345703,-7.9921875
22847,agccgagatcacaccgct,-28760.436,-28789.775,-29.339844,-28765.24,-28799.395,-34.154297,4.814453
26278,ctgcagcctccgcctcct,-28760.436,-28789.805,-29.36914,-28765.24,-28784.016,-18.77539,-10.59375
26533,ttttttgtagagacaggg,-28760.436,-28789.807,-29.371094,-28765.24,-28781.504,-16.263672,-13.107422
22578,tccacccttggtgacaga,-28760.436,-28789.824,-29.388672,-28765.24,-28784.111,-18.871094,-10.517578
22494,cgagctacttgggaggct,-28760.436,-28789.842,-29.40625,-28765.24,-28788.877,-23.636719,-5.7695312
25324,agagcgaaactccgtctc,-28760.436,-28789.871,-29.435547,-28765.24,-28796.3,-31.060547,1.625
25473,gttcaagtgattctcctg,-28760.436,-28789.877,-29.441406,-28765.24,-28788.406,-23.166016,-6.2753906
25486,tcctgcctcagcttcccg,-28760.436,-28789.89,-29.455078,-28765.24,-28786.504,-21.263672,-8.191406
25430,tgcaatggtgcaatctcg,-28760.436,-28789.902,-29.466797,-28765.24,-28795.352,-30.111328,0.64453125
24797,agcctcaacatggagaaa,-28760.436,-28789.902,-29.466797,-28765.24,-28787.584,-22.34375,-7.123047
26537,ttgtagagacagggtctc,-28760.436,-28789.902,-29.466797,-28765.24,-28791.408,-26.167969,-3.2988281
23991,tggcttactgcaagctct,-28760.436,-28789.906,-29.470703,-28765.24,-28790.035,-24.794922,-4.6757812
25397,agatggagttttgccctg,-28760.436,-28789.914,-29.478516,-28765.24,-28781.848,-16.607422,-12.871094
22857,acaccgctgcactctagc,-28760.436,-28789.92,-29.484375,-28765.24,-28789.016,-23.77539,-5.7089844
26227,agtcttgctctgtcaccc,-28760.436,-28789.945,-29.509766,-28765.24,-28790.896,-25.65625,-3.8535156
24933,ggtgagccgagatcacct,-28760.436,-28789.953,-29.517578,-28765.24,-28791.416,-26.175781,-3.3417969
23352,ttgtcccagctgctcggg,-28760.436,-28789.963,-29.527344,-28765.24,-28790.713,-25.472656,-4.0546875
25709,cccgccaccacacccggc,-28760.436,-28789.967,-29.53125,-28765.24,-28787.336,-22.095703,-7.435547
23455,cagagcgagactctgtct,-28760.436,-28789.977,-29.541016,-28765.24,-28793.396,-28.15625,-1.3847656
26309,tctcctgcctcaacctcc,-28760.436,-28789.98,-29.544922,-28765.24,-28782.71,-17.470703,-12.074219
21673,accccgtgatccacccgc,-28760.436,-28789.988,-29.552734,-28765.24,-28785.438,-20.197266,-9.355469
25819,tccccaagtgctgggatt,-28760.436,-28790.002,-29.566406,-28765.24,-28782.373,-17.132812,-12.433594
24160,gatctgcctgcctaggcc,-28760.436,-28790.012,-29.576172,-28765.24,-28790.719,-25.478516,-4.0976562
26090,acagctcactgcagcctt,-28760.436,-28790.016,-29.580078,-28765.24,-28791.4,-26.160156,-3.4199219
22025,cggctaatttttttttat,-28760.436,-28790.031,-29.595703,-28765.24,-28780.01,-14.769531,-14.826172
24977,agcaaaactccatctcaa,-28760.436,-28790.035,-29.59961,-28765.24,-28788.766,-23.52539,-6.0742188
22700,gttcaggaccagcctggc,-28760.436,-28790.098,-29.66211,-28765.24,-28788.938,-23.697266,-5.9648438
22877,ggccaacagagtgagaat,-28760.436,-28790.123,-29.6875,-28765.24,-28776.371,-11.130859,-18.55664
23346,caccttttgtcccagctg,-28760.436,-28790.148,-29.71289,-28765.24,-28787.668,-22.427734,-7.2851562
25519,agccatatgccaccacgc,-28760.436,-28790.152,-29.716797,-28765.24,-28780.006,-14.765625,-14.951172
25842,cgtgagccactgtgcccg,-28760.436,-28790.154,-29.71875,-28765.24,-28789.35,-24.109375,-5.609375
26293,cctgggttcaagtgattc,-28760.436,-28790.158,-29.722656,-28765.24,-28793.28,-28.039062,-1.6835938
26246,ggctggagtgcagtggtg,-28760.436,-28790.158,-29.722656,-28765.24,-28788.758,-23.517578,-6.205078
24148,tcctgacctcgtgatctg,-28760.436,-28790.172,-29.736328,-28765.24,-28792.355,-27.115234,-2.6210938
25837,ataggcgtgagccactgt,-28760.436,-28790.174,-29.738281,-28765.24,-28797.812,-32.572266,2.8339844
24068,gtgtgccaccatgcacgg,-28760.436,-28790.176,-29.740234,-28765.24,-28783.926,-18.685547,-11.0546875
22854,atcacaccgctgcactct,-28760.436,-28790.203,-29.767578,-28765.24,-28787.246,-22.00586,-7.7617188
22695,taggagttcaggaccagc,-28760.436,-28790.207,-29.771484,-28765.24,-28790.686,-25.445312,-4.326172
25126,gaagtcgggagttccaga,-28760.436,-28790.215,-29.779297,-28765.24,-28788.898,-23.658203,-6.1210938
22761,gcccagtggcgggcagtt,-28760.436,-28790.223,-29.78711,-28765.24,-28789.0,-23.759766,-6.0273438
26383,cagtagaaacggggtttt,-28760.436,-28790.227,-29.791016,-28765.24,-28795.68,-30.439453,0.6484375
24067,cgtgtgccaccatgcacg,-28760.436,-28790.23,-29.794922,-28765.24,-28788.393,-23.152344,-6.642578
21539,tcacgccattctcctgcc,-28760.436,-28790.236,-29.800781,-28765.24,-28784.412,-19.171875,-10.628906
24704,aggtataggccgggcacg,-28760.436,-28790.248,-29.8125,-28765.24,-28775.107,-9.8671875,-19.945312
22480,acatgcctgtaatccgag,-28760.436,-28790.25,-29.814453,-28765.24,-28784.531,-19.291016,-10.5234375
25255,tgcttgaaccgagaaggc,-28760.436,-28790.252,-29.816406,-28765.24,-28787.713,-22.472656,-7.34375
22643,cacctataatcccagtac,-28760.436,-28790.258,-29.822266,-28765.24,-28789.475,-24.234375,-5.5878906
23295,ccccgtctctactaaaag,-28760.436,-28790.27,-29.833984,-28765.24,-28773.578,-8.337891,-21.496094
26097,actgcagccttgacctcc,-28760.436,-28790.27,-29.833984,-28765.24,-28786.682,-21.441406,-8.392578
22014,gccaccacgcccggctaa,-28760.436,-28790.283,-29.847656,-28765.24,-28787.738,-22.498047,-7.3496094
25485,ctcctgcctcagcttccc,-28760.436,-28790.297,-29.861328,-28765.24,-28790.836,-25.595703,-4.265625
21507,tcttggctcacagcaagc,-28760.436,-28790.307,-29.871094,-28765.24,-28784.258,-19.017578,-10.853516
21865,attttttttttttttttg,-28760.436,-28790.318,-29.882812,-28765.24,-28787.887,-22.646484,-7.236328
25145,cagcctgaccaacatgga,-28760.436,-28790.336,-29.90039,-28765.24,-28796.434,-31.19336,1.2929688
23311,agtacaaaaacaaattag,-28760.436,-28790.342,-29.90625,-28765.24,-28773.078,-7.8378906,-22.06836
24778,aggtcgggagttagagac,-28760.436,-28790.35,-29.914062,-28765.24,-28782.121,-16.88086,-13.033203
26240,cacccaggctggagtgca,-28760.436,-28790.352,-29.916016,-28765.24,-28792.154,-26.914062,-3.0019531
25400,tggagttttgccctgtca,-28760.436,-28790.352,-29.916016,-28765.24,-28789.32,-24.080078,-5.8359375
22755,aacttagcccagtggcgg,-28760.436,-28790.367,-29.93164,-28765.24,-28788.13,-22.890625,-7.0410156
21964,cgccattctcctgcctca,-28760.436,-28790.373,-29.9375,-28765.24,-28790.514,-25.273438,-4.6640625
25578,tttgagagggtgtcttgc,-28760.436,-28790.387,-29.951172,-28765.24,-28786.535,-21.294922,-8.65625
22779,gtaatcccagctacttga,-28760.436,-28790.396,-29.960938,-28765.24,-28790.953,-25.71289,-4.248047
26358,atgcctggctaatttttt,-28760.436,-28790.414,-29.978516,-28765.24,-28780.602,-15.361328,-14.6171875
21649,agccaggatggtctcaat,-28760.436,-28790.422,-29.986328,-28765.24,-28790.113,-24.873047,-5.1132812
21579,ctacaggtgcctgccacc,-28760.436,-28790.422,-29.986328,-28765.24,-28795.102,-29.861328,-0.125
26428,tcctgagctcaggtgatc,-28760.436,-28790.426,-29.990234,-28765.24,-28785.902,-20.66211,-9.328125
25261,aaccgagaaggcggaggt,-28760.436,-28790.428,-29.992188,-28765.24,-28797.47,-32.23047,2.2382812
26623,tgtgggattgtaggcatg,-28760.436,-28790.438,-30.001953,-28765.24,-28785.2,-19.958984,-10.042969
22061,ttcaccgtggtctcgatc,-28760.436,-28790.457,-30.021484,-28765.24,-28773.97,-8.730469,-21.291016
26615,cccaaagttgtgggattg,-28760.436,-28790.477,-30.041016,-28765.24,-28780.668,-15.427734,-14.613281
21963,acgccattctcctgcctc,-28760.436,-28790.49,-30.054688,-28765.24,-28789.238,-23.998047,-6.0566406
21434,attctttttttttttttt,-28760.436,-28790.492,-30.05664,-28765.24,-28789.04,-23.798828,-6.2578125
25134,gagttccagatcagcctg,-28760.436,-28790.504,-30.06836,-28765.24,-28787.812,-22.572266,-7.4960938
21514,tcacagcaagctctgcct,-28760.436,-28790.508,-30.072266,-28765.24,-28780.766,-15.525391,-14.546875
23349,cttttgtcccagctgctc,-28760.436,-28790.52,-30.083984,-28765.24,-28779.703,-14.462891,-15.621094
25936,atccgcccgccttggcct,-28760.436,-28790.535,-30.09961,-28765.24,-28780.693,-15.453125,-14.646484
21556,ctcagcctcagaggtagc,-28760.436,-28790.537,-30.101562,-28765.24,-28786.732,-21.492188,-8.609375
26149,agtagctgggactacagt,-28760.436,-28790.541,-30.105469,-28765.24,-28788.96,-23.720703,-6.3847656
22579,ccacccttggtgacagag,-28760.436,-28790.541,-30.105469,-28765.24,-28777.041,-11.800781,-18.304688
25333,ctccgtctcaaaaaaaaa,-28760.436,-28790.572,-30.136719,-28765.24,-28778.115,-12.875,-17.261719
24165,gcctgcctaggcctccca,-28760.436,-28790.582,-30.146484,-28765.24,-28790.611,-25.371094,-4.7753906
21520,caagctctgcctcctgga,-28760.436,-28790.582,-30.146484,-28765.24,-28792.162,-26.921875,-3.2246094
26135,acctcagtttcccgagta,-28760.436,-28790.586,-30.15039,-28765.24,-28780.732,-15.4921875,-14.658203
26406,gttggccaggctgttctc,-28760.436,-28790.59,-30.154297,-28765.24,-28792.953,-27.71289,-2.4414062
24835,atacaaaattaggcgggc,-28760.436,-28790.598,-30.16211,-28765.24,-28790.865,-25.625,-4.5371094
21604,tctaattttttgtatttt,-28760.436,-28790.598,-30.16211,-28765.24,-28789.68,-24.439453,-5.7226562
25174,tctactaaaaatacaaaa,-28760.436,-28790.598,-30.16211,-28765.24,-28769.574,-4.3339844,-25.828125
22751,acaaaacttagcccagtg,-28760.436,-28790.617,-30.18164,-28765.24,-28786.652,-21.41211,-8.769531
21684,cacccgcctcggccttcc,-28760.436,-28790.623,-30.1875,-28765.24,-28779.68,-14.439453,-15.748047
21437,cttttttttttttttttt,-28760.436,-28790.633,-30.197266,-28765.24,-28795.16,-29.919922,-0.27734375
22057,gggtttcaccgtggtctc,-28760.436,-28790.633,-30.197266,-28765.24,-28779.457,-14.216797,-15.980469
21496,caatggcgtgatcttggc,-28760.436,-28790.646,-30.210938,-28765.24,-28787.02,-21.779297,-8.431641
21519,gcaagctctgcctcctgg,-28760.436,-28790.652,-30.216797,-28765.24,-28794.9,-29.660156,-0.5566406
24946,cacctcattgcactccag,-28760.436,-28790.66,-30.22461,-28765.24,-28790.09,-24.84961,-5.375
22007,ggcgcccgccaccacgcc,-28760.436,-28790.664,-30.228516,-28765.24,-28793.807,-28.566406,-1.6621094
22103,tcggcctcccaaagtgct,-28760.436,-28790.672,-30.236328,-28765.24,-28795.738,-30.498047,0.26171875
24158,gtgatctgcctgcctagg,-28760.436,-28790.688,-30.251953,-28765.24,-28784.207,-18.966797,-11.285156
26287,ccgcctcctgggttcaag,-28760.436,-28790.697,-30.261719,-28765.24,-28796.758,-31.517578,1.2558594
24706,gtataggccgggcacggt,-28760.436,-28790.701,-30.265625,-28765.24,-28791.504,-26.263672,-4.001953
26853,ctttattttccttacagG,-28760.436,-28790.707,-30.271484,-28765.24,-28774.016,-8.775391,-21.496094
26143,ttcccgagtagctgggac,-28760.436,-28790.732,-30.296875,-28765.24,-28788.1,-22.859375,-7.4375
21660,tctcaatctcctgacccc,-28760.436,-28790.738,-30.302734,-28765.24,-28796.357,-31.117188,0.8144531
23291,gaaaccccgtctctacta,-28760.436,-28790.738,-30.302734,-28765.24,-28781.08,-15.839844,-14.462891
24066,gcgtgtgccaccatgcac,-28760.436,-28790.746,-30.310547,-28765.24,-28785.254,-20.013672,-10.296875
25836,tataggcgtgagccactg,-28760.436,-28790.754,-30.31836,-28765.24,-28792.254,-27.013672,-3.3046875
25398,gatggagttttgccctgt,-28760.436,-28790.762,-30.326172,-28765.24,-28786.57,-21.330078,-8.996094
23380,aggagagtggcgtgaacc,-28760.436,-28790.77,-30.333984,-28765.24,-28794.695,-29.455078,-0.87890625
24794,actagcctcaacatggag,-28760.436,-28790.775,-30.339844,-28765.24,-28791.0,-25.759766,-4.580078
24798,gcctcaacatggagaaac,-28760.436,-28790.785,-30.34961,-28765.24,-28790.723,-25.482422,-4.8671875
26627,ggattgtaggcatgagcc,-28760.436,-28790.79,-30.353516,-28765.24,-28781.488,-16.248047,-14.105469
22326,ccagacatggtggcttac,-28760.436,-28790.793,-30.357422,-28765.24,-28782.34,-17.09961,-13.2578125
26046,caggtctcactctattgc,-28760.436,-28790.803,-30.367188,-28765.24,-28777.457,-12.216797,-18.15039
22637,ggctcacacctataatcc,-28760.436,-28790.822,-30.386719,-28765.24,-28790.61,-25.36914,-5.017578
25083,ggtaatcccaacactttg,-28760.436,-28790.822,-30.386719,-28765.24,-28796.887,-31.646484,1.2597656
22701,ttcaggaccagcctggcc,-28760.436,-28790.838,-30.402344,-28765.24,-28788.148,-22.908203,-7.4941406
25401,ggagttttgccctgtcac,-28760.436,-28790.848,-30.41211,-28765.24,-28785.322,-20.082031,-10.330078
25898,atgttggtcaggctgttc,-28760.436,-28790.854,-30.417969,-28765.24,-28779.18,-13.939453,-16.478516
26852,cctttattttccttacag,-28760.436,-28790.857,-30.421875,-28765.24,-28762.098,3.1425781,-33.564453
22587,ggtgacagagtgagattc,-28760.436,-28790.86,-30.423828,-28765.24,-28784.023,-18.783203,-11.640625
24026,cattctcctgcctcagcc,-28760.436,-28790.863,-30.427734,-28765.24,-28781.166,-15.925781,-14.501953
25711,cgccaccacacccggcta,-28760.436,-28790.879,-30.44336,-28765.24,-28799.19,-33.94922,3.5058594
25660,tcacaccattctcttgcc,-28760.436,-28790.887,-30.451172,-28765.24,-28783.68,-18.439453,-12.011719
26324,tcccaagtagctgggatt,-28760.436,-28790.9,-30.464844,-28765.24,-28794.266,-29.02539,-1.4394531
21982,gcctctccgagtagctgg,-28760.436,-28790.91,-30.47461,-28765.24,-28787.547,-22.30664,-8.167969
25564,ttttgttttttttttttg,-28760.436,-28790.92,-30.484375,-28765.24,-28782.871,-17.63086,-12.853516
23941,ttgagacagtcttgctct,-28760.436,-28790.926,-30.490234,-28765.24,-28792.361,-27.121094,-3.3691406
22863,ctgcactctagcctggcc,-28760.436,-28790.94,-30.503906,-28765.24,-28787.363,-22.123047,-8.380859
25108,aaggcaggcgaatcacct,-28760.436,-28790.945,-30.509766,-28765.24,-28789.715,-24.47461,-6.0351562
24090,ttttttgtatttttagta,-28760.436,-28790.947,-30.511719,-28765.24,-28783.39,-18.15039,-12.361328
21572,gctgggactacaggtgcc,-28760.436,-28790.953,-30.517578,-28765.24,-28796.129,-30.888672,0.37109375
21564,cagaggtagctgggacta,-28760.436,-28790.955,-30.519531,-28765.24,-28795.842,-30.601562,0.08203125
25133,ggagttccagatcagcct,-28760.436,-28790.957,-30.521484,-28765.24,-28793.89,-28.65039,-1.8710938
26139,cagtttcccgagtagctg,-28760.436,-28790.96,-30.52539,-28765.24,-28794.414,-29.173828,-1.3515625
25069,cagtggctcacgccggta,-28760.436,-28790.965,-30.529297,-28765.24,-28789.404,-24.164062,-6.3652344
22119,ctgggattacaagcgtga,-28760.436,-28790.969,-30.533203,-28765.24,-28794.617,-29.376953,-1.15625
21544,ccattctcctgcctcagc,-28760.436,-28790.973,-30.53711,-28765.24,-28788.102,-22.861328,-7.6757812
26306,gattctcctgcctcaacc,-28760.436,-28790.994,-30.558594,-28765.24,-28787.207,-21.966797,-8.591797
25751,gatggggtttcactgtgt,-28760.436,-28791.012,-30.576172,-28765.24,-28798.332,-33.091797,2.515625
22416,gccaacatgatgaaacct,-28760.436,-28791.012,-30.576172,-28765.24,-28785.912,-20.671875,-9.904297
26449,ctgtctcggcctcccaaa,-28760.436,-28791.023,-30.58789,-28765.24,-28793.492,-28.251953,-2.3359375
25890,atttctccatgttggtca,-28760.436,-28791.045,-30.609375,-28765.24,-28795.84,-30.59961,-0.009765625
24056,gggactacaggcgtgtgc,-28760.436,-28791.045,-30.609375,-28765.24,-28784.39,-19.15039,-11.458984
25940,gcccgccttggcctccaa,-28760.436,-28791.06,-30.625,-28765.24,-28788.252,-23.011719,-7.6132812
23946,acagtcttgctctgtctc,-28760.436,-28791.068,-30.632812,-28765.24,-28787.945,-22.705078,-7.9277344
25149,ctgaccaacatggagaaa,-28760.436,-28791.072,-30.636719,-28765.24,-28794.72,-29.480469,-1.15625
21955,ccgggttcacgccattct,-28760.436,-28791.082,-30.646484,-28765.24,-28785.578,-20.33789,-10.308594
25804,ccacccgcctcagcctcc,-28760.436,-28791.086,-30.65039,-28765.24,-28798.078,-32.83789,2.1875
26266,aatctcagctcactgcag,-28760.436,-28791.09,-30.654297,-28765.24,-28782.762,-17.521484,-13.1328125
26281,cagcctccgcctcctggg,-28760.436,-28791.102,-30.666016,-28765.24,-28782.73,-17.490234,-13.175781
22429,aaccttgtctctactaaa,-28760.436,-28791.104,-30.667969,-28765.24,-28778.092,-12.8515625,-17.816406
26315,gcctcaacctcccaagta,-28760.436,-28791.107,-30.671875,-28765.24,-28784.75,-19.509766,-11.162109
22862,gctgcactctagcctggc,-28760.436,-28791.11,-30.673828,-28765.24,-28789.053,-23.8125,-6.861328
24041,gcccgacaagtagctggg,-28760.436,-28791.121,-30.685547,-28765.24,-28787.32,-22.080078,-8.605469
26036,ttttagagaccaggtctc,-28760.436,-28791.123,-30.6875,-28765.24,-28795.037,-29.796875,-0.890625
22452,caaaaaaaatttagccag,-28760.436,-28791.125,-30.689453,-28765.24,-28784.94,-19.699219,-10.990234
21870,ttttttttttttgagacg,-28760.436,-28791.139,-30.703125,-28765.24,-28795.53,-30.289062,-0.4140625
26210,atttttttttgagacaga,-28760.436,-28791.14,-30.705078,-28765.24,-28785.82,-20.580078,-10.125
21447,tttttttttttttgagac,-28760.436,-28791.143,-30.707031,-28765.24,-28800.371,-35.13086,4.423828
26349,cccaccaccatgcctggc,-28760.436,-28791.145,-30.708984,-28765.24,-28798.314,-33.07422,2.3652344
25050,aagaaaaatcagctgggc,-28760.436,-28791.156,-30.720703,-28765.24,-28781.596,-16.355469,-14.365234
25478,agtgattctcctgcctca,-28760.436,-28791.156,-30.720703,-28765.24,-28801.293,-36.052734,5.3320312
25895,tccatgttggtcaggctg,-28760.436,-28791.158,-30.722656,-28765.24,-28782.84,-17.59961,-13.123047
22029,taatttttttttattttt,-28760.436,-28791.18,-30.74414,-28765.24,-28784.102,-18.861328,-11.8828125
25817,cctccccaagtgctggga,-28760.436,-28791.188,-30.751953,-28765.24,-28796.016,-30.77539,0.0234375
23235,gccagggcaggtggatca,-28760.436,-28791.188,-30.751953,-28765.24,-28787.602,-22.361328,-8.390625
24726,ctcacacctgtaatccca,-28760.436,-28791.195,-30.759766,-28765.24,-28792.824,-27.583984,-3.1757812
25332,actccgtctcaaaaaaaa,-28760.436,-28791.2,-30.763672,-28765.24,-28779.012,-13.771484,-16.992188
25143,atcagcctgaccaacatg,-28760.436,-28791.205,-30.769531,-28765.24,-28793.367,-28.126953,-2.6425781
26408,tggccaggctgttctcga,-28760.436,-28791.217,-30.78125,-28765.24,-28781.914,-16.673828,-14.107422
23316,aaaaacaaattagccggg,-28760.436,-28791.219,-30.783203,-28765.24,-28788.729,-23.488281,-7.294922
21581,acaggtgcctgccaccac,-28760.436,-28791.223,-30.78711,-28765.24,-28796.818,-31.578125,0.7910156
25728,aatttttttgtgttttta,-28760.436,-28791.223,-30.78711,-28765.24,-28785.55,-20.310547,-10.4765625
22567,tgccactgcactccaccc,-28760.436,-28791.227,-30.791016,-28765.24,-28799.455,-34.214844,3.4238281
24701,ataaggtataggccgggc,-28760.436,-28791.232,-30.796875,-28765.24,-28790.822,-25.582031,-5.2148438
24082,acggctaattttttgtat,-28760.436,-28791.234,-30.798828,-28765.24,-28781.836,-16.595703,-14.203125
24935,tgagccgagatcacctca,-28760.436,-28791.238,-30.802734,-28765.24,-28780.73,-15.490234,-15.3125
21674,ccccgtgatccacccgcc,-28760.436,-28791.246,-30.810547,-28765.24,-28787.488,-22.248047,-8.5625
23452,cgacagagcgagactctg,-28760.436,-28791.246,-30.810547,-28765.24,-28798.883,-33.64258,2.8320312
26225,agagtcttgctctgtcac,-28760.436,-28791.266,-30.830078,-28765.24,-28789.676,-24.435547,-6.3945312
26407,ttggccaggctgttctcg,-28760.436,-28791.266,-30.830078,-28765.24,-28785.172,-19.93164,-10.8984375
26110,cctccagggctcaagcag,-28760.436,-28791.268,-30.832031,-28765.24,-28786.955,-21.714844,-9.1171875
26211,tttttttttgagacagag,-28760.436,-28791.273,-30.83789,-28765.24,-28783.977,-18.736328,-12.1015625
21909,gctggagtacagtggcgc,-28760.436,-28791.285,-30.84961,-28765.24,-28792.584,-27.34375,-3.5058594
26535,ttttgtagagacagggtc,-28760.436,-28791.293,-30.857422,-28765.24,-28794.81,-29.570312,-1.2871094
23955,ctctgtctcctaagctgg,-28760.436,-28791.293,-30.857422,-28765.24,-28785.732,-20.492188,-10.365234
22426,tgaaaccttgtctctact,-28760.436,-28791.295,-30.859375,-28765.24,-28780.658,-15.417969,-15.441406
24852,cgtggtggtgcatgcctg,-28760.436,-28791.299,-30.863281,-28765.24,-28799.775,-34.535156,3.671875
22556,agttgagattgtgccact,-28760.436,-28791.305,-30.86914,-28765.24,-28796.031,-30.791016,-0.078125
22085,cctcgtgatccacccgcc,-28760.436,-28791.312,-30.876953,-28765.24,-28800.348,-35.10742,4.2304688
22586,tggtgacagagtgagatt,-28760.436,-28791.312,-30.876953,-28765.24,-28790.637,-25.396484,-5.4804688
25064,gggcgcagtggctcacgc,-28760.436,-28791.32,-30.884766,-28765.24,-28790.57,-25.330078,-5.5546875
25562,ttttttgttttttttttt,-28760.436,-28791.328,-30.892578,-28765.24,-28785.732,-20.492188,-10.400391
21657,tggtctcaatctcctgac,-28760.436,-28791.334,-30.898438,-28765.24,-28787.047,-21.80664,-9.091797
21905,ccaggctggagtacagtg,-28760.436,-28791.342,-30.90625,-28765.24,-28798.63,-33.390625,2.484375
25110,ggcaggcgaatcacctga,-28760.436,-28791.344,-30.908203,-28765.24,-28794.305,-29.064453,-1.84375
25778,tggtctcgatctcctgac,-28760.436,-28791.346,-30.910156,-28765.24,-28786.092,-20.851562,-10.058594
26203,tttatttatttttttttg,-28760.436,-28791.348,-30.91211,-28765.24,-28777.352,-12.111328,-18.800781
26204,ttatttatttttttttga,-28760.436,-28791.352,-30.916016,-28765.24,-28788.805,-23.564453,-7.3515625
22068,tggtctcgatctcctgac,-28760.436,-28791.37,-30.933594,-28765.24,-28788.559,-23.31836,-7.6152344
23459,gcgagactctgtctcaaa,-28760.436,-28791.37,-30.933594,-28765.24,-28785.54,-20.298828,-10.634766
26214,ttttttgagacagagtct,-28760.436,-28791.38,-30.945312,-28765.24,-28796.23,-30.990234,0.044921875
21551,cctgcctcagcctcagag,-28760.436,-28791.383,-30.947266,-28765.24,-28783.754,-18.513672,-12.433594
25891,tttctccatgttggtcag,-28760.436,-28791.387,-30.951172,-28765.24,-28797.184,-31.94336,0.9921875
26064,tcaggctggagtgcaagg,-28760.436,-28791.398,-30.96289,-28765.24,-28785.42,-20.179688,-10.783203
21523,gctctgcctcctggattc,-28760.436,-28791.404,-30.96875,-28765.24,-28789.934,-24.69336,-6.2753906
25669,tctcttgcctcagcctcc,-28760.436,-28791.406,-30.970703,-28765.24,-28789.133,-23.892578,-7.078125
24931,gcggtgagccgagatcac,-28760.436,-28791.41,-30.97461,-28765.24,-28785.219,-19.978516,-10.996094
22359,agtttgtgaggccgaggc,-28760.436,-28791.414,-30.978516,-28765.24,-28785.805,-20.564453,-10.4140625
22764,cagtggcgggcagttgta,-28760.436,-28791.418,-30.982422,-28765.24,-28784.066,-18.826172,-12.15625
22037,ttttatttttagtagaga,-28760.436,-28791.418,-30.982422,-28765.24,-28793.11,-27.86914,-3.1132812
21517,cagcaagctctgcctcct,-28760.436,-28791.418,-30.982422,-28765.24,-28782.756,-17.515625,-13.466797
26317,ctcaacctcccaagtagc,-28760.436,-28791.445,-31.009766,-28765.24,-28783.914,-18.673828,-12.3359375
24018,gttcacaccattctcctg,-28760.436,-28791.46,-31.02539,-28765.24,-28787.916,-22.675781,-8.349609
22058,ggtttcaccgtggtctcg,-28760.436,-28791.496,-31.060547,-28765.24,-28777.21,-11.970703,-19.089844
26863,cttacagGGTTTTAGACA,-28760.436,-28791.5,-31.064453,-28765.24,-28764.012,1.2285156,-32.29297
22636,tggctcacacctataatc,-28760.436,-28791.502,-31.066406,-28765.24,-28791.352,-26.111328,-4.955078
21919,agtggcgcagtctcggct,-28760.436,-28791.51,-31.074219,-28765.24,-28790.867,-25.626953,-5.4472656
25632,ggctcactgcaagctctg,-28760.436,-28791.512,-31.076172,-28765.24,-28788.814,-23.574219,-7.501953
22475,gtggcacatgcctgtaat,-28760.436,-28791.518,-31.082031,-28765.24,-28793.744,-28.503906,-2.578125
22851,gagatcacaccgctgcac,-28760.436,-28791.523,-31.08789,-28765.24,-28794.086,-28.845703,-2.2421875
26125,cagtcctctcacctcagt,-28760.436,-28791.531,-31.095703,-28765.24,-28786.531,-21.291016,-9.8046875
25524,tatgccaccacgcccagc,-28760.436,-28791.533,-31.097656,-28765.24,-28793.094,-27.853516,-3.2441406
22517,aggaaaattgctttaatc,-28760.436,-28791.533,-31.097656,-28765.24,-28785.46,-20.220703,-10.876953
22515,gcaggaaaattgctttaa,-28760.436,-28791.537,-31.101562,-28765.24,-28783.666,-18.425781,-12.675781
25727,taatttttttgtgttttt,-28760.436,-28791.543,-31.107422,-28765.24,-28793.045,-27.804688,-3.3027344
23319,aacaaattagccgggcat,-28760.436,-28791.55,-31.115234,-28765.24,-28780.969,-15.728516,-15.386719
23981,ggcatgatcttggcttac,-28760.436,-28791.559,-31.123047,-28765.24,-28785.121,-19.88086,-11.2421875
26282,agcctccgcctcctgggt,-28760.436,-28791.56,-31.125,-28765.24,-28799.047,-33.80664,2.6816406
21880,ttgagacggagtctcgct,-28760.436,-28791.572,-31.136719,-28765.24,-28797.75,-32.509766,1.3730469
21624,tgtaaagacagggtttca,-28760.436,-28791.592,-31.15625,-28765.24,-28803.643,-38.402344,7.2460938
26121,caagcagtcctctcacct,-28760.436,-28791.6,-31.164062,-28765.24,-28791.04,-25.798828,-5.3652344
25847,gccactgtgcccggccta,-28760.436,-28791.602,-31.166016,-28765.24,-28793.668,-28.427734,-2.7382812
26859,tttccttacagGGTTTTA,-28760.436,-28791.61,-31.173828,-28765.24,-28772.932,-7.6914062,-23.482422
24800,ctcaacatggagaaaccc,-28760.436,-28791.637,-31.201172,-28765.24,-28784.578,-19.33789,-11.863281
25752,atggggtttcactgtgtt,-28760.436,-28791.652,-31.216797,-28765.24,-28791.467,-26.226562,-4.9902344
25252,aattgcttgaaccgagaa,-28760.436,-28791.66,-31.22461,-28765.24,-28781.135,-15.894531,-15.330078
22777,ttgtaatcccagctactt,-28760.436,-28791.668,-31.232422,-28765.24,-28778.383,-13.142578,-18.089844
25627,atcttggctcactgcaag,-28760.436,-28791.674,-31.238281,-28765.24,-28791.48,-26.240234,-4.998047
25483,ttctcctgcctcagcttc,-28760.436,-28791.676,-31.240234,-28765.24,-28792.434,-27.19336,-4.046875
21951,cctcccgggttcacgcca,-28760.436,-28791.684,-31.248047,-28765.24,-28794.11,-28.86914,-2.3789062
23297,ccgtctctactaaaagta,-28760.436,-28791.686,-31.25,-28765.24,-28777.27,-12.029297,-19.220703
21549,ctcctgcctcagcctcag,-28760.436,-28791.686,-31.25,-28765.24,-28781.639,-16.398438,-14.8515625
26067,ggctggagtgcaagggca,-28760.436,-28791.717,-31.28125,-28765.24,-28776.654,-11.4140625,-19.867188
26608,tccgcctcccaaagttgt,-28760.436,-28791.727,-31.291016,-28765.24,-28785.898,-20.658203,-10.6328125
22698,gagttcaggaccagcctg,-28760.436,-28791.738,-31.302734,-28765.24,-28795.965,-30.72461,-0.578125
25567,tgttttttttttttgaga,-28760.436,-28791.754,-31.31836,-28765.24,-28790.86,-25.61914,-5.6992188
21683,ccacccgcctcggccttc,-28760.436,-28791.766,-31.330078,-28765.24,-28777.215,-11.974609,-19.355469
21927,agtctcggctcactgcaa,-28760.436,-28791.77,-31.333984,-28765.24,-28791.555,-26.314453,-5.0195312
26465,aagtgctgggattacagg,-28760.436,-28791.777,-31.341797,-28765.24,-28791.95,-26.708984,-4.6328125
26134,cacctcagtttcccgagt,-28760.436,-28791.777,-31.341797,-28765.24,-28784.398,-19.158203,-12.183594
23215,taatcccagcactttggg,-28760.436,-28791.777,-31.341797,-28765.24,-28802.867,-37.626953,6.2851562
25571,ttttttttttgagagggt,-28760.436,-28791.781,-31.345703,-28765.24,-28784.578,-19.33789,-12.0078125
25624,gcgatcttggctcactgc,-28760.436,-28791.793,-31.357422,-28765.24,-28791.525,-26.285156,-5.0722656
22066,cgtggtctcgatctcctg,-28760.436,-28791.809,-31.373047,-28765.24,-28778.18,-12.939453,-18.433594
22453,aaaaaaaatttagccagg,-28760.436,-28791.809,-31.373047,-28765.24,-28787.408,-22.167969,-9.205078
25484,tctcctgcctcagcttcc,-28760.436,-28791.809,-31.373047,-28765.24,-28789.191,-23.951172,-7.421875
21985,tctccgagtagctgggac,-28760.436,-28791.809,-31.373047,-28765.24,-28795.512,-30.271484,-1.1015625
24979,caaaactccatctcaaaa,-28760.436,-28791.818,-31.382812,-28765.24,-28787.428,-22.1875,-9.1953125
25644,gctctgcctcccaggttc,-28760.436,-28791.824,-31.388672,-28765.24,-28789.049,-23.808594,-7.580078
26470,ctgggattacaggcgtga,-28760.436,-28791.828,-31.392578,-28765.24,-28793.984,-28.74414,-2.6484375
25421,aggctggggtgcaatggt,-28760.436,-28791.836,-31.40039,-28765.24,-28790.953,-25.71289,-5.6875
26381,ttcagtagaaacggggtt,-28760.436,-28791.838,-31.402344,-28765.24,-28789.564,-24.324219,-7.078125
23943,gagacagtcttgctctgt,-28760.436,-28791.838,-31.402344,-28765.24,-28778.184,-12.943359,-18.458984
23954,gctctgtctcctaagctg,-28760.436,-28791.844,-31.408203,-28765.24,-28798.36,-33.11914,1.7109375
23329,ccgggcatgttggcgggc,-28760.436,-28791.848,-31.41211,-28765.24,-28798.596,-33.35547,1.9433594
21864,tatttttttttttttttt,-28760.436,-28791.852,-31.416016,-28765.24,-28785.723,-20.482422,-10.933594
26414,ggctgttctcgaactcct,-28760.436,-28791.875,-31.439453,-28765.24,-28784.648,-19.408203,-12.03125
24064,aggcgtgtgccaccatgc,-28760.436,-28791.877,-31.441406,-28765.24,-28781.7,-16.458984,-14.982422
26145,cccgagtagctgggacta,-28760.436,-28791.898,-31.46289,-28765.24,-28791.23,-25.990234,-5.4726562
21563,tcagaggtagctgggact,-28760.436,-28791.898,-31.46289,-28765.24,-28783.613,-18.373047,-13.089844
21877,tttttgagacggagtctc,-28760.436,-28791.908,-31.472656,-28765.24,-28793.277,-28.03711,-3.4355469
21878,ttttgagacggagtctcg,-28760.436,-28791.918,-31.482422,-28765.24,-28785.443,-20.203125,-11.279297
24159,tgatctgcctgcctaggc,-28760.436,-28791.926,-31.490234,-28765.24,-28784.828,-19.58789,-11.902344
24084,ggctaattttttgtattt,-28760.436,-28791.93,-31.49414,-28765.24,-28781.709,-16.46875,-15.025391
25615,tgcagcggcgcgatcttg,-28760.436,-28791.936,-31.5,-28765.24,-28792.393,-27.152344,-4.3476562
21584,ggtgcctgccaccacgcc,-28760.436,-28791.943,-31.507812,-28765.24,-28793.164,-27.923828,-3.5839844
26272,agctcactgcagcctccg,-28760.436,-28791.95,-31.513672,-28765.24,-28784.58,-19.339844,-12.173828
21662,tcaatctcctgaccccgt,-28760.436,-28791.953,-31.517578,-28765.24,-28788.84,-23.59961,-7.9179688
22864,tgcactctagcctggcca,-28760.436,-28791.984,-31.548828,-28765.24,-28801.965,-36.72461,5.1757812
22481,catgcctgtaatccgagc,-28760.436,-28791.992,-31.55664,-28765.24,-28788.285,-23.044922,-8.511719
24825,actaaaaaaaatacaaaa,-28760.436,-28792.008,-31.572266,-28765.24,-28774.998,-9.7578125,-21.814453
24928,gttgcggtgagccgagat,-28760.436,-28792.008,-31.572266,-28765.24,-28794.414,-29.173828,-2.3984375
22070,gtctcgatctcctgacct,-28760.436,-28792.012,-31.576172,-28765.24,-28792.83,-27.589844,-3.9863281
21871,tttttttttttgagacgg,-28760.436,-28792.04,-31.603516,-28765.24,-28794.283,-29.042969,-2.5605469
22038,tttatttttagtagagac,-28760.436,-28792.043,-31.607422,-28765.24,-28794.018,-28.777344,-2.8300781
25490,gcctcagcttcccgagta,-28760.436,-28792.043,-31.607422,-28765.24,-28796.092,-30.851562,-0.7558594
21918,cagtggcgcagtctcggc,-28760.436,-28792.049,-31.613281,-28765.24,-28788.684,-23.44336,-8.169922
24015,cgggttcacaccattctc,-28760.436,-28792.053,-31.617188,-28765.24,-28778.12,-12.878906,-18.738281
21529,cctcctggattcacgcca,-28760.436,-28792.062,-31.626953,-28765.24,-28778.83,-13.589844,-18.03711
22771,gggcagttgtaatcccag,-28760.436,-28792.07,-31.634766,-28765.24,-28782.51,-17.269531,-14.365234
23193,tgggcacaatggctcacg,-28760.436,-28792.074,-31.638672,-28765.24,-28793.992,-28.751953,-2.8867188
21897,tctgtcacccaggctgga,-28760.436,-28792.102,-31.666016,-28765.24,-28792.63,-27.390625,-4.2753906
26325,cccaagtagctgggatta,-28760.436,-28792.105,-31.669922,-28765.24,-28802.012,-36.771484,5.1015625
25499,tcccgagtagctgtgatt,-28760.436,-28792.113,-31.677734,-28765.24,-28784.715,-19.47461,-12.203125
24812,aaaccccgtctctactaa,-28760.436,-28792.113,-31.677734,-28765.24,-28789.203,-23.96289,-7.7148438
22892,aatttgcggagggaaaaa,-28760.436,-28792.129,-31.69336,-28765.24,-28781.96,-16.720703,-14.972656
21664,aatctcctgaccccgtga,-28760.436,-28792.162,-31.726562,-28765.24,-28782.268,-17.027344,-14.699219
22671,agaggcaggtggatcact,-28760.436,-28792.164,-31.728516,-28765.24,-28796.066,-30.826172,-0.90234375
21541,acgccattctcctgcctc,-28760.436,-28792.176,-31.740234,-28765.24,-28791.87,-26.628906,-5.111328
21515,cacagcaagctctgcctc,-28760.436,-28792.188,-31.751953,-28765.24,-28790.27,-25.029297,-6.7226562
26169,taatgccactgcacctgg,-28760.436,-28792.188,-31.751953,-28765.24,-28784.447,-19.207031,-12.544922
23462,agactctgtctcaaaaaa,-28760.436,-28792.188,-31.751953,-28765.24,-28788.672,-23.43164,-8.3203125
25721,cccggctaatttttttgt,-28760.436,-28792.193,-31.757812,-28765.24,-28789.664,-24.423828,-7.3339844
24832,aaaatacaaaattaggcg,-28760.436,-28792.2,-31.763672,-28765.24,-28788.004,-22.763672,-9.0
26551,tctcattatgttgcccag,-28760.436,-28792.21,-31.77539,-28765.24,-28779.398,-14.158203,-17.617188
21954,cccgggttcacgccattc,-28760.436,-28792.215,-31.779297,-28765.24,-28785.668,-20.427734,-11.3515625
24146,tctcctgacctcgtgatc,-28760.436,-28792.234,-31.798828,-28765.24,-28786.4,-21.160156,-10.638672
23458,agcgagactctgtctcaa,-28760.436,-28792.24,-31.804688,-28765.24,-28782.035,-16.794922,-15.009766
26347,tccccaccaccatgcctg,-28760.436,-28792.254,-31.81836,-28765.24,-28783.012,-17.771484,-14.046875
22069,ggtctcgatctcctgacc,-28760.436,-28792.264,-31.828125,-28765.24,-28782.97,-17.730469,-14.097656
26362,ctggctaattttttgtac,-28760.436,-28792.268,-31.832031,-28765.24,-28785.047,-19.80664,-12.025391
25829,ctgggattataggcgtga,-28760.436,-28792.27,-31.833984,-28765.24,-28788.277,-23.03711,-8.796875
25648,tgcctcccaggttcacac,-28760.436,-28792.277,-31.841797,-28765.24,-28782.281,-17.041016,-14.800781
25649,gcctcccaggttcacacc,-28760.436,-28792.29,-31.853516,-28765.24,-28792.531,-27.291016,-4.5625
21888,gagtctcgctctgtcacc,-28760.436,-28792.309,-31.873047,-28765.24,-28794.668,-29.427734,-2.4453125
26626,gggattgtaggcatgagc,-28760.436,-28792.316,-31.88086,-28765.24,-28784.613,-19.373047,-12.5078125
26100,gcagccttgacctccagg,-28760.436,-28792.32,-31.884766,-28765.24,-28785.477,-20.236328,-11.6484375
24145,atctcctgacctcgtgat,-28760.436,-28792.336,-31.90039,-28765.24,-28795.754,-30.513672,-1.3867188
25593,tgctctgtcccccaagct,-28760.436,-28792.342,-31.90625,-28765.24,-28794.41,-29.169922,-2.7363281
25672,cttgcctcagcctcccga,-28760.436,-28792.387,-31.951172,-28765.24,-28790.951,-25.710938,-6.2402344
21527,tgcctcctggattcacgc,-28760.436,-28792.406,-31.970703,-28765.24,-28789.67,-24.429688,-7.5410156
24085,gctaattttttgtatttt,-28760.436,-28792.406,-31.970703,-28765.24,-28787.412,-22.171875,-9.798828
21863,ttattttttttttttttt,-28760.436,-28792.428,-31.992188,-28765.24,-28789.73,-24.490234,-7.501953
24093,tttgtatttttagtagag,-28760.436,-28792.432,-31.996094,-28765.24,-28791.785,-26.544922,-5.451172
23192,ctgggcacaatggctcac,-28760.436,-28792.434,-31.998047,-28765.24,-28792.627,-27.386719,-4.611328
22640,tcacacctataatcccag,-28760.436,-28792.443,-32.007812,-28765.24,-28794.773,-29.533203,-2.4746094
25808,ccgcctcagcctccccaa,-28760.436,-28792.453,-32.01758,-28765.24,-28785.668,-20.427734,-11.589844
25457,aacctccgcctcctgggt,-28760.436,-28792.453,-32.01758,-28765.24,-28789.248,-24.007812,-8.009766
23351,tttgtcccagctgctcgg,-28760.436,-28792.46,-32.02539,-28765.24,-28796.521,-31.28125,-0.7441406
21652,caggatggtctcaatctc,-28760.436,-28792.49,-32.054688,-28765.24,-28791.227,-25.986328,-6.0683594
21914,agtacagtggcgcagtct,-28760.436,-28792.492,-32.05664,-28765.24,-28792.273,-27.033203,-5.0234375
25628,tcttggctcactgcaagc,-28760.436,-28792.518,-32.08203,-28765.24,-28790.934,-25.69336,-6.388672
24975,agagcaaaactccatctc,-28760.436,-28792.521,-32.085938,-28765.24,-28784.361,-19.121094,-12.964844
26285,ctccgcctcctgggttca,-28760.436,-28792.525,-32.089844,-28765.24,-28796.281,-31.041016,-1.0488281
22766,gtggcgggcagttgtaat,-28760.436,-28792.531,-32.095703,-28765.24,-28772.922,-7.6816406,-24.414062
26625,tgggattgtaggcatgag,-28760.436,-28792.531,-32.095703,-28765.24,-28789.879,-24.638672,-7.4570312
22565,tgtgccactgcactccac,-28760.436,-28792.531,-32.095703,-28765.24,-28789.838,-24.597656,-7.498047
25441,aatctcggctcactgcaa,-28760.436,-28792.549,-32.11328,-28765.24,-28796.145,-30.904297,-1.2089844
24017,ggttcacaccattctcct,-28760.436,-28792.566,-32.13086,-28765.24,-28783.24,-18.0,-14.130859
22561,agattgtgccactgcact,-28760.436,-28792.578,-32.14258,-28765.24,-28794.025,-28.785156,-3.3574219
21950,gcctcccgggttcacgcc,-28760.436,-28792.613,-32.177734,-28765.24,-28781.674,-16.433594,-15.744141
26297,ggttcaagtgattctcct,-28760.436,-28792.613,-32.177734,-28765.24,-28783.021,-17.78125,-14.396484
25489,tgcctcagcttcccgagt,-28760.436,-28792.613,-32.177734,-28765.24,-28789.154,-23.914062,-8.263672
26291,ctcctgggttcaagtgat,-28760.436,-28792.615,-32.179688,-28765.24,-28789.172,-23.93164,-8.248047
24161,atctgcctgcctaggcct,-28760.436,-28792.63,-32.195312,-28765.24,-28788.09,-22.84961,-9.345703
25328,cgaaactccgtctcaaaa,-28760.436,-28792.64,-32.20508,-28765.24,-28781.219,-15.978516,-16.226562
26360,gcctggctaattttttgt,-28760.436,-28792.648,-32.21289,-28765.24,-28787.441,-22.201172,-10.011719
22635,gtggctcacacctataat,-28760.436,-28792.66,-32.22461,-28765.24,-28787.613,-22.373047,-9.8515625
22866,cactctagcctggccaac,-28760.436,-28792.668,-32.23242,-28765.24,-28795.11,-29.86914,-2.3632812
23317,aaaacaaattagccgggc,-28760.436,-28792.688,-32.251953,-28765.24,-28788.184,-22.94336,-9.308594
23344,ggcaccttttgtcccagc,-28760.436,-28792.691,-32.25586,-28765.24,-28784.377,-19.136719,-13.119141
25779,ggtctcgatctcctgacc,-28760.436,-28792.703,-32.26758,-28765.24,-28781.615,-16.375,-15.892578
25707,tgcccgccaccacacccg,-28760.436,-28792.705,-32.26953,-28765.24,-28791.746,-26.50586,-5.763672
26352,accaccatgcctggctaa,-28760.436,-28792.71,-32.27539,-28765.24,-28791.492,-26.251953,-6.0234375
25725,gctaatttttttgtgttt,-28760.436,-28792.715,-32.279297,-28765.24,-28795.148,-29.908203,-2.3710938
26213,tttttttgagacagagtc,-28760.436,-28792.727,-32.291016,-28765.24,-28784.723,-19.482422,-12.808594
26094,ctcactgcagccttgacc,-28760.436,-28792.74,-32.304688,-28765.24,-28789.98,-24.740234,-7.564453
22576,actccacccttggtgaca,-28760.436,-28792.74,-32.304688,-28765.24,-28781.354,-16.113281,-16.191406
23186,agttggctgggcacaatg,-28760.436,-28792.75,-32.314453,-28765.24,-28787.934,-22.69336,-9.621094
25136,gttccagatcagcctgac,-28760.436,-28792.754,-32.31836,-28765.24,-28778.922,-13.681641,-18.636719
25327,gcgaaactccgtctcaaa,-28760.436,-28792.785,-32.34961,-28765.24,-28791.996,-26.75586,-5.59375
26242,cccaggctggagtgcagt,-28760.436,-28792.785,-32.34961,-28765.24,-28789.992,-24.751953,-7.5976562
25818,ctccccaagtgctgggat,-28760.436,-28792.785,-32.34961,-28765.24,-28796.734,-31.49414,-0.85546875
26443,atccaactgtctcggcct,-28760.436,-28792.8,-32.365234,-28765.24,-28776.492,-11.251953,-21.113281
21656,atggtctcaatctcctga,-28760.436,-28792.826,-32.390625,-28765.24,-28787.953,-22.71289,-9.677734
22566,gtgccactgcactccacc,-28760.436,-28792.828,-32.39258,-28765.24,-28793.191,-27.951172,-4.4414062
23328,gccgggcatgttggcggg,-28760.436,-28792.832,-32.396484,-28765.24,-28791.76,-26.519531,-5.876953
24108,gagatggggtttcaccgt,-28760.436,-28792.836,-32.40039,-28765.24,-28797.293,-32.052734,-0.34765625
22118,gctgggattacaagcgtg,-28760.436,-28792.855,-32.41992,-28765.24,-28795.09,-29.84961,-2.5703125
22336,tggcttacaactgtaatc,-28760.436,-28792.875,-32.439453,-28765.24,-28780.62,-15.378906,-17.060547
25720,acccggctaatttttttg,-28760.436,-28792.877,-32.441406,-28765.24,-28778.93,-13.689453,-18.751953
22568,gccactgcactccaccct,-28760.436,-28792.889,-32.453125,-28765.24,-28790.045,-24.804688,-7.6484375
22693,gttaggagttcaggacca,-28760.436,-28792.893,-32.45703,-28765.24,-28798.465,-33.22461,0.7675781
24767,cggatcacctgaggtcgg,-28760.436,-28792.902,-32.466797,-28765.24,-28793.08,-27.839844,-4.626953
21450,ttttttttttgagacgga,-28760.436,-28792.926,-32.490234,-28765.24,-28789.734,-24.49414,-7.9960938
21667,ctcctgaccccgtgatcc,-28760.436,-28792.926,-32.490234,-28765.24,-28792.37,-27.128906,-5.361328
26386,tagaaacggggttttgcc,-28760.436,-28792.934,-32.498047,-28765.24,-28791.18,-25.939453,-6.5585938
25841,gcgtgagccactgtgccc,-28760.436,-28792.936,-32.5,-28765.24,-28788.555,-23.314453,-9.185547
25927,cctcaggtgatccgcccg,-28760.436,-28792.941,-32.50586,-28765.24,-28784.873,-19.632812,-12.873047
22092,atccacccgcctcggcct,-28760.436,-28792.951,-32.515625,-28765.24,-28786.059,-20.81836,-11.697266
22334,ggtggcttacaactgtaa,-28760.436,-28792.963,-32.527344,-28765.24,-28788.629,-23.388672,-9.138672
24019,ttcacaccattctcctgc,-28760.436,-28792.965,-32.529297,-28765.24,-28781.844,-16.603516,-15.925781
22634,ggtggctcacacctataa,-28760.436,-28792.965,-32.529297,-28765.24,-28786.947,-21.707031,-10.822266
25065,ggcgcagtggctcacgcc,-28760.436,-28792.965,-32.529297,-28765.24,-28798.35,-33.109375,0.5800781
25810,gcctcagcctccccaagt,-28760.436,-28792.984,-32.54883,-28765.24,-28787.52,-22.279297,-10.269531
26416,ctgttctcgaactcctga,-28760.436,-28792.984,-32.54883,-28765.24,-28778.373,-13.1328125,-19.416016
22424,gatgaaaccttgtctcta,-28760.436,-28792.988,-32.552734,-28765.24,-28786.025,-20.785156,-11.767578
25715,accacacccggctaattt,-28760.436,-28792.996,-32.560547,-28765.24,-28784.479,-19.238281,-13.322266
22360,gtttgtgaggccgaggca,-28760.436,-28793.03,-32.59375,-28765.24,-28795.068,-29.828125,-2.765625
25867,cttgtatttttagtagag,-28760.436,-28793.04,-32.603516,-28765.24,-28790.156,-24.916016,-7.6875
25477,aagtgattctcctgcctc,-28760.436,-28793.047,-32.61133,-28765.24,-28787.117,-21.876953,-10.734375
21908,ggctggagtacagtggcg,-28760.436,-28793.06,-32.625,-28765.24,-28796.988,-31.748047,-0.8769531
26589,ctcaagtgatccccctac,-28760.436,-28793.066,-32.63086,-28765.24,-28775.934,-10.693359,-21.9375
26409,ggccaggctgttctcgaa,-28760.436,-28793.094,-32.658203,-28765.24,-28771.566,-6.326172,-26.332031
21449,tttttttttttgagacgg,-28760.436,-28793.1,-32.664062,-28765.24,-28799.686,-34.445312,1.78125
25162,agaaaccctgtctctact,-28760.436,-28793.105,-32.66992,-28765.24,-28789.832,-24.591797,-8.078125
22619,aaaaaggcctggcacggt,-28760.436,-28793.11,-32.67383,-28765.24,-28788.547,-23.30664,-9.3671875
25731,ttttttgtgtttttagta,-28760.436,-28793.113,-32.677734,-28765.24,-28797.451,-32.210938,-0.46679688
25815,agcctccccaagtgctgg,-28760.436,-28793.127,-32.691406,-28765.24,-28797.66,-32.41992,-0.27148438
26283,gcctccgcctcctgggtt,-28760.436,-28793.139,-32.703125,-28765.24,-28780.965,-15.724609,-16.978516
21568,ggtagctgggactacagg,-28760.436,-28793.152,-32.716797,-28765.24,-28797.834,-32.59375,-0.123046875
26301,caagtgattctcctgcct,-28760.436,-28793.154,-32.71875,-28765.24,-28781.105,-15.865234,-16.853516
24772,cacctgaggtcgggagtt,-28760.436,-28793.184,-32.748047,-28765.24,-28793.0,-27.759766,-4.9882812
23952,ttgctctgtctcctaagc,-28760.436,-28793.191,-32.75586,-28765.24,-28782.715,-17.47461,-15.28125
25695,tgggactacaggtgcccg,-28760.436,-28793.195,-32.759766,-28765.24,-28800.537,-35.296875,2.5371094
21924,cgcagtctcggctcactg,-28760.436,-28793.205,-32.76953,-28765.24,-28794.188,-28.947266,-3.8222656
25646,tctgcctcccaggttcac,-28760.436,-28793.207,-32.771484,-28765.24,-28784.33,-19.089844,-13.681641
21625,gtaaagacagggtttcac,-28760.436,-28793.22,-32.785156,-28765.24,-28800.098,-34.85742,2.0722656
22127,acaagcgtgagccaccgc,-28760.436,-28793.227,-32.791016,-28765.24,-28800.082,-34.841797,2.0507812
25664,accattctcttgcctcag,-28760.436,-28793.229,-32.79297,-28765.24,-28783.219,-17.978516,-14.814453
26622,ttgtgggattgtaggcat,-28760.436,-28793.23,-32.79492,-28765.24,-28793.805,-28.564453,-4.2304688
24016,gggttcacaccattctcc,-28760.436,-28793.238,-32.802734,-28765.24,-28788.012,-22.771484,-10.03125
23234,ggccagggcaggtggatc,-28760.436,-28793.246,-32.810547,-28765.24,-28795.256,-30.015625,-2.7949219
22865,gcactctagcctggccaa,-28760.436,-28793.258,-32.822266,-28765.24,-28792.57,-27.330078,-5.4921875
21921,tggcgcagtctcggctca,-28760.436,-28793.264,-32.828125,-28765.24,-28792.691,-27.451172,-5.376953
24770,atcacctgaggtcgggag,-28760.436,-28793.287,-32.851562,-28765.24,-28786.914,-21.673828,-11.177734
22036,tttttatttttagtagag,-28760.436,-28793.307,-32.871094,-28765.24,-28789.574,-24.333984,-8.537109
22580,cacccttggtgacagagt,-28760.436,-28793.32,-32.884766,-28765.24,-28782.99,-17.75,-15.134766
24972,acaagagcaaaactccat,-28760.436,-28793.32,-32.884766,-28765.24,-28790.355,-25.115234,-7.7695312
25609,ctggagtgcagcggcgcg,-28760.436,-28793.32,-32.884766,-28765.24,-28792.266,-27.02539,-5.859375
26321,acctcccaagtagctggg,-28760.436,-28793.326,-32.890625,-28765.24,-28801.654,-36.414062,3.5234375
26228,gtcttgctctgtcaccca,-28760.436,-28793.326,-32.890625,-28765.24,-28789.375,-24.134766,-8.755859
25394,ttaagatggagttttgcc,-28760.436,-28793.34,-32.904297,-28765.24,-28782.547,-17.30664,-15.597656
25590,tcttgctctgtcccccaa,-28760.436,-28793.36,-32.92383,-28765.24,-28785.691,-20.451172,-12.472656
25446,cggctcactgcaacctcc,-28760.436,-28793.363,-32.927734,-28765.24,-28788.604,-23.363281,-9.564453
22848,gccgagatcacaccgctg,-28760.436,-28793.363,-32.927734,-28765.24,-28788.746,-23.50586,-9.421875
22859,accgctgcactctagcct,-28760.436,-28793.375,-32.939453,-28765.24,-28792.074,-26.833984,-6.1054688
22705,ggaccagcctggccaaca,-28760.436,-28793.38,-32.945312,-28765.24,-28789.082,-23.841797,-9.103516
22087,tcgtgatccacccgcctc,-28760.436,-28793.387,-32.95117,-28765.24,-28798.168,-32.927734,-0.0234375
26092,agctcactgcagccttga,-28760.436,-28793.4,-32.964844,-28765.24,-28779.973,-14.732422,-18.232422
26462,ccaaagtgctgggattac,-28760.436,-28793.402,-32.966797,-28765.24,-28804.822,-39.58203,6.6152344
22073,tcgatctcctgacctcgt,-28760.436,-28793.428,-32.992188,-28765.24,-28795.469,-30.228516,-2.7636719
26318,tcaacctcccaagtagct,-28760.436,-28793.436,-33.0,-28765.24,-28785.98,-20.740234,-12.259766
26106,ttgacctccagggctcaa,-28760.436,-28793.441,-33.00586,-28765.24,-28788.375,-23.134766,-9.871094
25525,atgccaccacgcccagcc,-28760.436,-28793.451,-33.015625,-28765.24,-28788.385,-23.144531,-9.871094
26855,ttattttccttacagGGT,-28760.436,-28793.475,-33.039062,-28765.24,-28773.717,-8.4765625,-24.5625
21665,atctcctgaccccgtgat,-28760.436,-28793.479,-33.04297,-28765.24,-28786.121,-20.88086,-12.162109
23187,gttggctgggcacaatgg,-28760.436,-28793.494,-33.058594,-28765.24,-28791.238,-25.998047,-7.060547
22473,tggtggcacatgcctgta,-28760.436,-28793.498,-33.0625,-28765.24,-28799.328,-34.08789,1.0253906
23917,gttttttttgttttgttt,-28760.436,-28793.5,-33.064453,-28765.24,-28776.238,-10.998047,-22.066406
23944,agacagtcttgctctgtc,-28760.436,-28793.504,-33.06836,-28765.24,-28793.57,-28.330078,-4.7382812
25673,ttgcctcagcctcccgag,-28760.436,-28793.52,-33.083984,-28765.24,-28796.22,-30.980469,-2.1035156
25775,ggatggtctcgatctcct,-28760.436,-28793.54,-33.103516,-28765.24,-28797.012,-31.771484,-1.3320312
21910,ctggagtacagtggcgca,-28760.436,-28793.54,-33.103516,-28765.24,-28787.469,-22.228516,-10.875
24870,taatcccagctactcagg,-28760.436,-28793.553,-33.117188,-28765.24,-28797.918,-32.677734,-0.43945312
25322,caagagcgaaactccgtc,-28760.436,-28793.566,-33.13086,-28765.24,-28800.484,-35.24414,2.1132812
21669,cctgaccccgtgatccac,-28760.436,-28793.57,-33.134766,-28765.24,-28790.223,-24.982422,-8.152344
25830,tgggattataggcgtgag,-28760.436,-28793.58,-33.14453,-28765.24,-28787.61,-22.36914,-10.775391
26226,gagtcttgctctgtcacc,-28760.436,-28793.584,-33.148438,-28765.24,-28789.568,-24.328125,-8.8203125
22769,gcgggcagttgtaatccc,-28760.436,-28793.59,-33.154297,-28765.24,-28782.285,-17.044922,-16.109375
21617,atttttttgtaaagacag,-28760.436,-28793.594,-33.158203,-28765.24,-28785.848,-20.607422,-12.550781
25156,acatggagaaaccctgtc,-28760.436,-28793.594,-33.158203,-28765.24,-28800.06,-34.820312,1.6621094
25465,cctcctgggttcaagtga,-28760.436,-28793.596,-33.160156,-28765.24,-28796.02,-30.779297,-2.3808594
26300,tcaagtgattctcctgcc,-28760.436,-28793.598,-33.16211,-28765.24,-28781.402,-16.16211,-17.0
22093,tccacccgcctcggcctc,-28760.436,-28793.6,-33.164062,-28765.24,-28799.932,-34.691406,1.5273438
22632,acggtggctcacacctat,-28760.436,-28793.602,-33.166016,-28765.24,-28782.832,-17.591797,-15.574219
25166,accctgtctctactaaaa,-28760.436,-28793.604,-33.16797,-28765.24,-28781.498,-16.257812,-16.910156
25887,gggatttctccatgttgg,-28760.436,-28793.61,-33.17383,-28765.24,-28789.9,-24.660156,-8.513672
22422,atgatgaaaccttgtctc,-28760.436,-28793.625,-33.189453,-28765.24,-28789.926,-24.685547,-8.503906
25625,cgatcttggctcactgca,-28760.436,-28793.637,-33.20117,-28765.24,-28796.969,-31.728516,-1.4726562
25840,ggcgtgagccactgtgcc,-28760.436,-28793.637,-33.20117,-28765.24,-28785.334,-20.09375,-13.107422
25158,atggagaaaccctgtctc,-28760.436,-28793.637,-33.20117,-28765.24,-28796.43,-31.189453,-2.0117188
25242,gaggcaggagaattgctt,-28760.436,-28793.639,-33.203125,-28765.24,-28789.232,-23.992188,-9.2109375
25163,gaaaccctgtctctacta,-28760.436,-28793.64,-33.20508,-28765.24,-28787.234,-21.99414,-11.2109375
21578,actacaggtgcctgccac,-28760.436,-28793.646,-33.210938,-28765.24,-28794.094,-28.853516,-4.357422
21911,tggagtacagtggcgcag,-28760.436,-28793.65,-33.214844,-28765.24,-28793.182,-27.941406,-5.2734375
23983,catgatcttggcttactg,-28760.436,-28793.654,-33.21875,-28765.24,-28782.035,-16.794922,-16.423828
22051,gagacggggtttcaccgt,-28760.436,-28793.68,-33.24414,-28765.24,-28782.719,-17.478516,-15.765625
26377,tactttcagtagaaacgg,-28760.436,-28793.682,-33.246094,-28765.24,-28785.076,-19.835938,-13.410156
25479,gtgattctcctgcctcag,-28760.436,-28793.691,-33.25586,-28765.24,-28802.523,-37.283203,4.0273438
21668,tcctgaccccgtgatcca,-28760.436,-28793.725,-33.289062,-28765.24,-28791.094,-25.853516,-7.435547
22045,ttagtagagacggggttt,-28760.436,-28793.727,-33.291016,-28765.24,-28793.297,-28.05664,-5.234375
22627,ctggcacggtggctcaca,-28760.436,-28793.73,-33.29492,-28765.24,-28780.324,-15.083984,-18.210938
26234,ctctgtcacccaggctgg,-28760.436,-28793.738,-33.302734,-28765.24,-28795.318,-30.078125,-3.2246094
22420,acatgatgaaaccttgtc,-28760.436,-28793.748,-33.3125,-28765.24,-28793.547,-28.30664,-5.0058594
26175,cactgcacctggctaatt,-28760.436,-28793.758,-33.322266,-28765.24,-28781.8,-16.560547,-16.761719
21654,ggatggtctcaatctcct,-28760.436,-28793.777,-33.341797,-28765.24,-28789.398,-24.158203,-9.183594
23989,cttggcttactgcaagct,-28760.436,-28793.79,-33.353516,-28765.24,-28794.69,-29.449219,-3.9042969
25557,ttttgttttttgtttttt,-28760.436,-28793.793,-33.35742,-28765.24,-28788.348,-23.107422,-10.25
21920,gtggcgcagtctcggctc,-28760.436,-28793.8,-33.365234,-28765.24,-28789.043,-23.802734,-9.5625
26379,ctttcagtagaaacgggg,-28760.436,-28793.807,-33.371094,-28765.24,-28785.11,-19.86914,-13.501953
26534,tttttgtagagacagggt,-28760.436,-28793.809,-33.373047,-28765.24,-28793.988,-28.748047,-4.625
25160,ggagaaaccctgtctcta,-28760.436,-28793.82,-33.384766,-28765.24,-28797.146,-31.90625,-1.4785156
24723,tggctcacacctgtaatc,-28760.436,-28793.83,-33.39453,-28765.24,-28795.89,-30.65039,-2.7441406
25828,gctgggattataggcgtg,-28760.436,-28793.865,-33.429688,-28765.24,-28786.953,-21.71289,-11.716797
25471,gggttcaagtgattctcc,-28760.436,-28793.867,-33.43164,-28765.24,-28791.383,-26.142578,-7.2890625
24109,agatggggtttcaccgtg,-28760.436,-28793.87,-33.433594,-28765.24,-28798.863,-33.623047,0.18945312
24864,tgcctgtaatcccagcta,-28760.436,-28793.875,-33.439453,-28765.24,-28801.219,-35.978516,2.5390625
26378,actttcagtagaaacggg,-28760.436,-28793.875,-33.439453,-28765.24,-28790.648,-25.408203,-8.03125
25640,gcaagctctgcctcccag,-28760.436,-28793.877,-33.441406,-28765.24,-28794.328,-29.08789,-4.3535156
24814,accccgtctctactaaaa,-28760.436,-28793.887,-33.45117,-28765.24,-28782.582,-17.341797,-16.109375
22796,agaggttgaggcaggaga,-28760.436,-28793.89,-33.45508,-28765.24,-28795.516,-30.27539,-3.1796875
25058,tcagctgggcgcagtggc,-28760.436,-28793.896,-33.460938,-28765.24,-28792.713,-27.472656,-5.9882812
22583,ccttggtgacagagtgag,-28760.436,-28793.898,-33.46289,-28765.24,-28791.16,-25.919922,-7.5429688
23191,gctgggcacaatggctca,-28760.436,-28793.91,-33.47461,-28765.24,-28785.977,-20.736328,-12.738281
22560,gagattgtgccactgcac,-28760.436,-28793.914,-33.478516,-28765.24,-28802.594,-37.353516,3.875
22490,aatccgagctacttggga,-28760.436,-28793.914,-33.478516,-28765.24,-28794.906,-29.666016,-3.8125
21448,ttttttttttttgagacg,-28760.436,-28793.918,-33.48242,-28765.24,-28791.098,-25.857422,-7.625
23383,agagtggcgtgaacccag,-28760.436,-28793.926,-33.490234,-28765.24,-28793.09,-27.84961,-5.640625
25082,cggtaatcccaacacttt,-28760.436,-28793.938,-33.501953,-28765.24,-28787.072,-21.832031,-11.669922
24810,agaaaccccgtctctact,-28760.436,-28793.941,-33.50586,-28765.24,-28787.223,-21.982422,-11.5234375
25617,cagcggcgcgatcttggc,-28760.436,-28793.945,-33.509766,-28765.24,-28792.24,-27.0,-6.5097656
23376,aggcaggagagtggcgtg,-28760.436,-28793.959,-33.523438,-28765.24,-28797.672,-32.43164,-1.0917969
25724,ggctaatttttttgtgtt,-28760.436,-28793.959,-33.523438,-28765.24,-28786.656,-21.416016,-12.107422
22451,ccaaaaaaaatttagcca,-28760.436,-28793.96,-33.52539,-28765.24,-28783.71,-18.470703,-15.0546875
22097,cccgcctcggcctcccaa,-28760.436,-28793.977,-33.541016,-28765.24,-28790.826,-25.585938,-7.955078
25782,ctcgatctcctgaccttt,-28760.436,-28793.988,-33.552734,-28765.24,-28783.082,-17.841797,-15.7109375
25474,ttcaagtgattctcctgc,-28760.436,-28793.996,-33.560547,-28765.24,-28794.137,-28.896484,-4.6640625
21879,tttgagacggagtctcgc,-28760.436,-28793.998,-33.5625,-28765.24,-28787.842,-22.601562,-10.9609375
21498,atggcgtgatcttggctc,-28760.436,-28794.016,-33.58008,-28765.24,-28788.828,-23.58789,-9.9921875
23294,accccgtctctactaaaa,-28760.436,-28794.021,-33.585938,-28765.24,-28783.78,-18.539062,-15.046875
23430,tgccagtgcactccagcc,-28760.436,-28794.025,-33.589844,-28765.24,-28795.695,-30.455078,-3.1347656
24204,gagccactgcacctggcc,-28760.436,-28794.035,-33.59961,-28765.24,-28778.754,-13.513672,-20.085938
22035,ttttttatttttagtaga,-28760.436,-28794.037,-33.601562,-28765.24,-28782.383,-17.142578,-16.458984
24833,aaatacaaaattaggcgg,-28760.436,-28794.047,-33.61133,-28765.24,-28791.21,-25.970703,-7.640625
26096,cactgcagccttgacctc,-28760.436,-28794.047,-33.61133,-28765.24,-28793.195,-27.955078,-5.65625
21976,gcctcagcctctccgagt,-28760.436,-28794.055,-33.61914,-28765.24,-28769.32,-4.080078,-29.539062
21970,tctcctgcctcagcctct,-28760.436,-28794.059,-33.623047,-28765.24,-28793.953,-28.71289,-4.9101562
26150,gtagctgggactacagtg,-28760.436,-28794.064,-33.628906,-28765.24,-28792.78,-27.539062,-6.0898438
21440,tttttttttttttttttt,-28760.436,-28794.07,-33.634766,-28765.24,-28799.95,-34.708984,1.0742188
25732,tttttgtgtttttagtag,-28760.436,-28794.072,-33.63672,-28765.24,-28792.193,-26.953125,-6.6835938
25693,gctgggactacaggtgcc,-28760.436,-28794.092,-33.65625,-28765.24,-28800.613,-35.373047,1.7167969
23988,tcttggcttactgcaagc,-28760.436,-28794.094,-33.658203,-28765.24,-28792.262,-27.021484,-6.6367188
26137,ctcagtttcccgagtagc,-28760.436,-28794.111,-33.67578,-28765.24,-28792.508,-27.267578,-6.408203
24773,acctgaggtcgggagtta,-28760.436,-28794.115,-33.679688,-28765.24,-28790.785,-25.544922,-8.134766
21538,ttcacgccattctcctgc,-28760.436,-28794.129,-33.69336,-28765.24,-28789.535,-24.294922,-9.3984375
24171,ctaggcctcccaaagtgc,-28760.436,-28794.145,-33.708984,-28765.24,-28792.598,-27.357422,-6.3515625
22356,aacagtttgtgaggccga,-28760.436,-28794.148,-33.71289,-28765.24,-28792.63,-27.390625,-6.3222656
26212,ttttttttgagacagagt,-28760.436,-28794.156,-33.720703,-28765.24,-28789.207,-23.966797,-9.753906
25470,tgggttcaagtgattctc,-28760.436,-28794.158,-33.722656,-28765.24,-28794.527,-29.28711,-4.435547
21444,ttttttttttttttttga,-28760.436,-28794.162,-33.726562,-28765.24,-28793.72,-28.480469,-5.2460938
23420,gccgagattgtgccagtg,-28760.436,-28794.166,-33.73047,-28765.24,-28794.875,-29.634766,-4.095703
23993,gcttactgcaagctctgc,-28760.436,-28794.172,-33.73633,-28765.24,-28792.648,-27.408203,-6.328125
26299,ttcaagtgattctcctgc,-28760.436,-28794.176,-33.740234,-28765.24,-28798.152,-32.91211,-0.828125
25621,ggcgcgatcttggctcac,-28760.436,-28794.197,-33.76172,-28765.24,-28805.234,-39.99414,6.232422
22639,ctcacacctataatccca,-28760.436,-28794.2,-33.76367,-28765.24,-28784.71,-19.470703,-14.292969
25652,tcccaggttcacaccatt,-28760.436,-28794.219,-33.783203,-28765.24,-28788.283,-23.042969,-10.740234
21869,tttttttttttttgagac,-28760.436,-28794.223,-33.78711,-28765.24,-28795.014,-29.773438,-4.013672
25635,tcactgcaagctctgcct,-28760.436,-28794.227,-33.791016,-28765.24,-28793.672,-28.43164,-5.359375
23236,ccagggcaggtggatcac,-28760.436,-28794.254,-33.81836,-28765.24,-28795.18,-29.939453,-3.8789062
25254,ttgcttgaaccgagaagg,-28760.436,-28794.271,-33.835938,-28765.24,-28788.508,-23.267578,-10.568359
25822,ccaagtgctgggattata,-28760.436,-28794.275,-33.839844,-28765.24,-28790.938,-25.697266,-8.142578
26354,caccatgcctggctaatt,-28760.436,-28794.28,-33.84375,-28765.24,-28790.742,-25.501953,-8.341797
26415,gctgttctcgaactcctg,-28760.436,-28794.281,-33.845703,-28765.24,-28784.078,-18.83789,-15.0078125
21663,caatctcctgaccccgtg,-28760.436,-28794.285,-33.84961,-28765.24,-28789.047,-23.80664,-10.042969
25177,actaaaaatacaaaacta,-28760.436,-28794.29,-33.853516,-28765.24,-28789.512,-24.271484,-9.582031
26348,ccccaccaccatgcctgg,-28760.436,-28794.324,-33.88867,-28765.24,-28794.123,-28.882812,-5.0058594
21679,tgatccacccgcctcggc,-28760.436,-28794.344,-33.908203,-28765.24,-28790.441,-25.201172,-8.707031
24010,cctcccgggttcacacca,-28760.436,-28794.346,-33.910156,-28765.24,-28788.049,-22.808594,-11.1015625
21671,tgaccccgtgatccaccc,-28760.436,-28794.367,-33.93164,-28765.24,-28779.914,-14.673828,-19.257812
22483,tgcctgtaatccgagcta,-28760.436,-28794.396,-33.960938,-28765.24,-28788.652,-23.41211,-10.548828
25111,gcaggcgaatcacctgaa,-28760.436,-28794.4,-33.964844,-28765.24,-28797.336,-32.095703,-1.8691406
24776,tgaggtcgggagttagag,-28760.436,-28794.416,-33.98047,-28765.24,-28787.178,-21.9375,-12.042969
25140,cagatcagcctgaccaac,-28760.436,-28794.418,-33.98242,-28765.24,-28789.902,-24.66211,-9.3203125
22652,tcccagtactttgggagg,-28760.436,-28794.42,-33.984375,-28765.24,-28797.117,-31.876953,-2.1074219
23205,ctcacgcctgtaatccca,-28760.436,-28794.422,-33.98633,-28765.24,-28792.879,-27.638672,-6.3476562
24152,gacctcgtgatctgcctg,-28760.436,-28794.422,-33.98633,-28765.24,-28793.193,-27.953125,-6.033203
22672,gaggcaggtggatcactt,-28760.436,-28794.428,-33.992188,-28765.24,-28796.586,-31.345703,-2.6464844
23382,gagagtggcgtgaaccca,-28760.436,-28794.428,-33.992188,-28765.24,-28788.84,-23.59961,-10.392578
25056,aatcagctgggcgcagtg,-28760.436,-28794.43,-33.99414,-28765.24,-28784.377,-19.136719,-14.857422
24807,tggagaaaccccgtctct,-28760.436,-28794.441,-34.00586,-28765.24,-28784.941,-19.701172,-14.3046875
22782,atcccagctacttgagag,-28760.436,-28794.443,-34.007812,-28765.24,-28800.943,-35.703125,1.6953125
22584,cttggtgacagagtgaga,-28760.436,-28794.45,-34.01367,-28765.24,-28790.21,-24.970703,-9.042969
26304,gtgattctcctgcctcaa,-28760.436,-28794.453,-34.01758,-28765.24,-28790.385,-25.144531,-8.873047
21889,agtctcgctctgtcaccc,-28760.436,-28794.457,-34.021484,-28765.24,-28788.14,-22.90039,-11.121094
23188,ttggctgggcacaatggc,-28760.436,-28794.459,-34.023438,-28765.24,-28791.758,-26.517578,-7.5058594
24024,accattctcctgcctcag,-28760.436,-28794.463,-34.027344,-28765.24,-28790.098,-24.857422,-9.169922
24804,acatggagaaaccccgtc,-28760.436,-28794.477,-34.041016,-28765.24,-28803.145,-37.904297,3.8632812
22519,gaaaattgctttaatctg,-28760.436,-28794.492,-34.05664,-28765.24,-28787.824,-22.583984,-11.472656
26093,gctcactgcagccttgac,-28760.436,-28794.512,-34.07617,-28765.24,-28788.879,-23.638672,-10.4375
24111,atggggtttcaccgtgtt,-28760.436,-28794.521,-34.085938,-28765.24,-28791.555,-26.314453,-7.7714844
26365,gctaattttttgtacttt,-28760.436,-28794.535,-34.09961,-28765.24,-28782.633,-17.392578,-16.707031
25555,tgttttgttttttgtttt,-28760.436,-28794.54,-34.103516,-28765.24,-28779.273,-14.033203,-20.070312
23198,acaatggctcacgcctgt,-28760.436,-28794.57,-34.134766,-28765.24,-28791.312,-26.072266,-8.0625
25623,cgcgatcttggctcactg,-28760.436,-28794.576,-34.140625,-28765.24,-28794.016,-28.77539,-5.3652344
21677,cgtgatccacccgcctcg,-28760.436,-28794.59,-34.154297,-28765.24,-28788.836,-23.595703,-10.558594
25600,tcccccaagctggagtgc,-28760.436,-28794.602,-34.166016,-28765.24,-28795.613,-30.373047,-3.7929688
22563,attgtgccactgcactcc,-28760.436,-28794.61,-34.17383,-28765.24,-28790.686,-25.445312,-8.728516
25662,acaccattctcttgcctc,-28760.436,-28794.63,-34.195312,-28765.24,-28787.72,-22.480469,-11.714844
25825,agtgctgggattataggc,-28760.436,-28794.645,-34.208984,-28765.24,-28791.688,-26.447266,-7.7617188
24799,cctcaacatggagaaacc,-28760.436,-28794.645,-34.208984,-28765.24,-28790.746,-25.50586,-8.703125
24927,ggttgcggtgagccgaga,-28760.436,-28794.646,-34.210938,-28765.24,-28798.385,-33.14453,-1.0664062
21580,tacaggtgcctgccacca,-28760.436,-28794.652,-34.216797,-28765.24,-28798.271,-33.03125,-1.1855469
22694,ttaggagttcaggaccag,-28760.436,-28794.652,-34.216797,-28765.24,-28799.328,-34.08789,-0.12890625
25249,gagaattgcttgaaccga,-28760.436,-28794.66,-34.22461,-28765.24,-28793.367,-28.126953,-6.0976562
24168,tgcctaggcctcccaaag,-28760.436,-28794.662,-34.226562,-28765.24,-28789.855,-24.615234,-9.611328
22487,tgtaatccgagctacttg,-28760.436,-28794.68,-34.24414,-28765.24,-28791.295,-26.054688,-8.189453
22046,tagtagagacggggtttc,-28760.436,-28794.686,-34.25,-28765.24,-28794.668,-29.427734,-4.8222656
25702,acaggtgcccgccaccac,-28760.436,-28794.691,-34.25586,-28765.24,-28787.793,-22.552734,-11.703125
24199,ggcgtgagccactgcacc,-28760.436,-28794.695,-34.259766,-28765.24,-28794.496,-29.25586,-5.0039062
25843,gtgagccactgtgcccgg,-28760.436,-28794.713,-34.277344,-28765.24,-28789.066,-23.826172,-10.451172
22125,ttacaagcgtgagccacc,-28760.436,-28794.727,-34.291016,-28765.24,-28792.098,-26.857422,-7.4335938
25154,caacatggagaaaccctg,-28760.436,-28794.746,-34.310547,-28765.24,-28797.945,-32.70508,-1.6054688
25569,ttttttttttttgagagg,-28760.436,-28794.758,-34.322266,-28765.24,-28787.04,-21.798828,-12.5234375
22624,ggcctggcacggtggctc,-28760.436,-28794.764,-34.328125,-28765.24,-28792.906,-27.666016,-6.6621094
26403,catgttggccaggctgtt,-28760.436,-28794.777,-34.341797,-28765.24,-28781.965,-16.72461,-17.617188
23974,gtgcagtggcatgatctt,-28760.436,-28794.781,-34.345703,-28765.24,-28805.064,-39.82422,5.4785156
25848,ccactgtgcccggcctag,-28760.436,-28794.785,-34.34961,-28765.24,-28774.547,-9.306641,-25.042969
26104,ccttgacctccagggctc,-28760.436,-28794.787,-34.351562,-28765.24,-28786.445,-21.205078,-13.146484
22623,aggcctggcacggtggct,-28760.436,-28794.79,-34.353516,-28765.24,-28789.922,-24.68164,-9.671875
22642,acacctataatcccagta,-28760.436,-28794.791,-34.35547,-28765.24,-28778.459,-13.21875,-21.136719
21661,ctcaatctcctgaccccg,-28760.436,-28794.793,-34.35742,-28765.24,-28796.645,-31.404297,-2.953125
22371,cgaggcaggcagatcact,-28760.436,-28794.795,-34.359375,-28765.24,-28792.016,-26.77539,-7.5839844
26237,tgtcacccaggctggagt,-28760.436,-28794.805,-34.36914,-28765.24,-28801.197,-35.95703,1.5878906
25748,agagatggggtttcactg,-28760.436,-28794.812,-34.376953,-28765.24,-28798.277,-33.03711,-1.3398438
25238,ggctgaggcaggagaatt,-28760.436,-28794.812,-34.376953,-28765.24,-28801.951,-36.710938,2.3339844
22659,actttgggaggtagaggc,-28760.436,-28794.828,-34.39258,-28765.24,-28793.309,-28.06836,-6.3242188
21442,tttttttttttttttttt,-28760.436,-28794.863,-34.427734,-28765.24,-28790.965,-25.72461,-8.703125
23979,gtggcatgatcttggctt,-28760.436,-28794.863,-34.427734,-28765.24,-28786.992,-21.751953,-12.675781
23996,tactgcaagctctgcctc,-28760.436,-28794.875,-34.439453,-28765.24,-28788.812,-23.572266,-10.8671875
24107,agagatggggtttcaccg,-28760.436,-28794.875,-34.439453,-28765.24,-28792.855,-27.615234,-6.8242188
25832,ggattataggcgtgagcc,-28760.436,-28794.898,-34.46289,-28765.24,-28793.113,-27.873047,-6.5898438
22478,gcacatgcctgtaatccg,-28760.436,-28794.918,-34.48242,-28765.24,-28785.574,-20.333984,-14.1484375
25974,attacaggcatgagccac,-28760.436,-28794.945,-34.509766,-28765.24,-28783.14,-17.90039,-16.609375
21952,ctcccgggttcacgccat,-28760.436,-28794.947,-34.51172,-28765.24,-28785.117,-19.876953,-14.634766
22042,tttttagtagagacgggg,-28760.436,-28794.95,-34.51367,-28765.24,-28798.146,-32.90625,-1.6074219
25060,agctgggcgcagtggctc,-28760.436,-28794.95,-34.51367,-28765.24,-28791.234,-25.99414,-8.519531
25798,tttgatccacccgcctca,-28760.436,-28794.98,-34.54492,-28765.24,-28794.629,-29.388672,-5.15625
22491,atccgagctacttgggag,-28760.436,-28794.988,-34.552734,-28765.24,-28788.848,-23.607422,-10.9453125
26229,tcttgctctgtcacccag,-28760.436,-28794.992,-34.55664,-28765.24,-28791.457,-26.216797,-8.339844
24071,tgccaccatgcacggcta,-28760.436,-28795.0,-34.564453,-28765.24,-28775.166,-9.925781,-24.638672
24964,cctgggcaacaagagcaa,-28760.436,-28795.004,-34.56836,-28765.24,-28800.15,-34.910156,0.34179688
25137,ttccagatcagcctgacc,-28760.436,-28795.031,-34.595703,-28765.24,-28788.586,-23.345703,-11.25
22633,cggtggctcacacctata,-28760.436,-28795.04,-34.603516,-28765.24,-28781.137,-15.896484,-18.707031
25067,cgcagtggctcacgccgg,-28760.436,-28795.041,-34.60547,-28765.24,-28791.475,-26.234375,-8.371094
23398,caggaggtggagcttgca,-28760.436,-28795.043,-34.60742,-28765.24,-28798.613,-33.373047,-1.234375
25292,gattgcaccattgcactc,-28760.436,-28795.086,-34.65039,-28765.24,-28796.06,-30.820312,-3.8300781
25771,gccaggatggtctcgatc,-28760.436,-28795.096,-34.660156,-28765.24,-28808.805,-43.564453,8.904297
23450,ggcgacagagcgagactc,-28760.436,-28795.11,-34.67383,-28765.24,-28802.264,-37.023438,2.3496094
24188,ctgggattacaggcgtga,-28760.436,-28795.117,-34.68164,-28765.24,-28795.322,-30.082031,-4.5996094
22098,ccgcctcggcctcccaaa,-28760.436,-28795.133,-34.697266,-28765.24,-28791.797,-26.55664,-8.140625
24802,caacatggagaaaccccg,-28760.436,-28795.145,-34.708984,-28765.24,-28790.617,-25.376953,-9.332031
22116,gtgctgggattacaagcg,-28760.436,-28795.15,-34.714844,-28765.24,-28798.29,-33.04883,-1.6660156
21566,gaggtagctgggactaca,-28760.436,-28795.152,-34.716797,-28765.24,-28796.594,-31.353516,-3.3632812
24143,cgatctcctgacctcgtg,-28760.436,-28795.156,-34.720703,-28765.24,-28794.398,-29.158203,-5.5625
25411,cctgtcacccaggctggg,-28760.436,-28795.172,-34.73633,-28765.24,-28795.738,-30.498047,-4.2382812
26320,aacctcccaagtagctgg,-28760.436,-28795.174,-34.73828,-28765.24,-28793.592,-28.351562,-6.3867188
21465,ggagtcttgctctgttgc,-28760.436,-28795.176,-34.740234,-28765.24,-28786.693,-21.453125,-13.287109
25824,aagtgctgggattatagg,-28760.436,-28795.188,-34.751953,-28765.24,-28795.654,-30.414062,-4.3378906
23985,tgatcttggcttactgca,-28760.436,-28795.227,-34.791016,-28765.24,-28786.092,-20.851562,-13.939453
25244,ggcaggagaattgcttga,-28760.436,-28795.229,-34.79297,-28765.24,-28794.635,-29.394531,-5.3984375
21895,gctctgtcacccaggctg,-28760.436,-28795.23,-34.79492,-28765.24,-28792.322,-27.082031,-7.7128906
22039,ttatttttagtagagacg,-28760.436,-28795.234,-34.79883,-28765.24,-28792.756,-27.515625,-7.283203
26138,tcagtttcccgagtagct,-28760.436,-28795.246,-34.810547,-28765.24,-28797.37,-32.128906,-2.6816406
23378,gcaggagagtggcgtgaa,-28760.436,-28795.262,-34.82617,-28765.24,-28791.098,-25.857422,-8.96875
21965,gccattctcctgcctcag,-28760.436,-28795.273,-34.83789,-28765.24,-28795.232,-29.992188,-4.845703
25488,ctgcctcagcttcccgag,-28760.436,-28795.283,-34.847656,-28765.24,-28778.207,-12.966797,-21.88086
25105,gccaaggcaggcgaatca,-28760.436,-28795.285,-34.84961,-28765.24,-28796.016,-30.77539,-4.0742188
22853,gatcacaccgctgcactc,-28760.436,-28795.291,-34.85547,-28765.24,-28782.904,-17.664062,-17.191406
21659,gtctcaatctcctgaccc,-28760.436,-28795.305,-34.86914,-28765.24,-28779.97,-14.730469,-20.138672
25805,cacccgcctcagcctccc,-28760.436,-28795.31,-34.875,-28765.24,-28785.504,-20.263672,-14.611328
25882,gagtcgggatttctccat,-28760.436,-28795.31,-34.875,-28765.24,-28783.854,-18.613281,-16.261719
25719,cacccggctaattttttt,-28760.436,-28795.316,-34.88086,-28765.24,-28788.352,-23.111328,-11.769531
26548,gggtctcattatgttgcc,-28760.436,-28795.332,-34.896484,-28765.24,-28785.254,-20.013672,-14.8828125
21651,ccaggatggtctcaatct,-28760.436,-28795.336,-34.90039,-28765.24,-28798.12,-32.878906,-2.0214844
23427,ttgtgccagtgcactcca,-28760.436,-28795.336,-34.90039,-28765.24,-28793.926,-28.685547,-6.2148438
22655,cagtactttgggaggtag,-28760.436,-28795.34,-34.904297,-28765.24,-28791.705,-26.464844,-8.439453
22780,taatcccagctacttgag,-28760.436,-28795.342,-34.90625,-28765.24,-28797.203,-31.96289,-2.9433594
26542,gagacagggtctcattat,-28760.436,-28795.346,-34.910156,-28765.24,-28779.336,-14.095703,-20.814453
21618,tttttttgtaaagacagg,-28760.436,-28795.355,-34.91992,-28765.24,-28784.297,-19.05664,-15.863281
21500,ggcgtgatcttggctcac,-28760.436,-28795.367,-34.93164,-28765.24,-28790.111,-24.871094,-10.060547
25826,gtgctgggattataggcg,-28760.436,-28795.367,-34.93164,-28765.24,-28792.252,-27.011719,-7.919922
24805,catggagaaaccccgtct,-28760.436,-28795.375,-34.939453,-28765.24,-28791.877,-26.636719,-8.302734
26404,atgttggccaggctgttc,-28760.436,-28795.395,-34.958984,-28765.24,-28787.215,-21.97461,-12.984375
21947,tccgcctcccgggttcac,-28760.436,-28795.395,-34.958984,-28765.24,-28785.0,-19.759766,-15.199219
22402,ttgagaccagcctggcca,-28760.436,-28795.395,-34.958984,-28765.24,-28808.23,-42.990234,8.03125
24089,attttttgtatttttagt,-28760.436,-28795.406,-34.970703,-28765.24,-28790.191,-24.951172,-10.019531
26319,caacctcccaagtagctg,-28760.436,-28795.414,-34.978516,-28765.24,-28786.988,-21.748047,-13.230469
26063,ctcaggctggagtgcaag,-28760.436,-28795.426,-34.990234,-28765.24,-28785.117,-19.876953,-15.113281
26062,gctcaggctggagtgcaa,-28760.436,-28795.45,-35.01367,-28765.24,-28794.383,-29.142578,-5.8710938
22450,accaaaaaaaatttagcc,-28760.436,-28795.453,-35.01758,-28765.24,-28779.242,-14.001953,-21.015625
25592,ttgctctgtcccccaagc,-28760.436,-28795.455,-35.01953,-28765.24,-28792.371,-27.13086,-7.888672
24857,tggtgcatgcctgtaatc,-28760.436,-28795.457,-35.021484,-28765.24,-28792.188,-26.947266,-8.074219
23986,gatcttggcttactgcaa,-28760.436,-28795.48,-35.04492,-28765.24,-28788.955,-23.714844,-11.330078
26105,cttgacctccagggctca,-28760.436,-28795.488,-35.052734,-28765.24,-28791.71,-26.470703,-8.582031
24198,aggcgtgagccactgcac,-28760.436,-28795.508,-35.072266,-28765.24,-28787.256,-22.015625,-13.056641
25481,gattctcctgcctcagct,-28760.436,-28795.508,-35.072266,-28765.24,-28792.914,-27.673828,-7.3984375
25594,gctctgtcccccaagctg,-28760.436,-28795.512,-35.07617,-28765.24,-28791.516,-26.27539,-8.800781
25208,gcgcatgcctgtaatccc,-28760.436,-28795.516,-35.08008,-28765.24,-28790.873,-25.632812,-9.447266
25844,tgagccactgtgcccggc,-28760.436,-28795.516,-35.08008,-28765.24,-28778.844,-13.603516,-21.476562
22027,gctaatttttttttattt,-28760.436,-28795.518,-35.08203,-28765.24,-28779.195,-13.955078,-21.126953
22801,ttgaggcaggagaatcac,-28760.436,-28795.518,-35.08203,-28765.24,-28799.645,-34.404297,-0.6777344
26356,ccatgcctggctaatttt,-28760.436,-28795.527,-35.091797,-28765.24,-28786.783,-21.542969,-13.548828
26288,cgcctcctgggttcaagt,-28760.436,-28795.55,-35.115234,-28765.24,-28789.078,-23.83789,-11.277344
26460,tcccaaagtgctgggatt,-28760.436,-28795.559,-35.123047,-28765.24,-28791.234,-25.99414,-9.128906
26142,tttcccgagtagctggga,-28760.436,-28795.566,-35.13086,-28765.24,-28782.58,-17.339844,-17.791016
24055,tgggactacaggcgtgtg,-28760.436,-28795.572,-35.13672,-28765.24,-28790.613,-25.373047,-9.763672
25178,ctaaaaatacaaaactag,-28760.436,-28795.58,-35.14453,-28765.24,-28788.053,-22.8125,-12.332031
21494,tgcaatggcgtgatcttg,-28760.436,-28795.582,-35.146484,-28765.24,-28795.41,-30.169922,-4.9765625
21893,tcgctctgtcacccaggc,-28760.436,-28795.59,-35.154297,-28765.24,-28796.775,-31.535156,-3.6191406
24023,caccattctcctgcctca,-28760.436,-28795.59,-35.154297,-28765.24,-28787.875,-22.634766,-12.519531
22385,cacttgaggtcaggagtt,-28760.436,-28795.598,-35.16211,-28765.24,-28805.137,-39.896484,4.734375
26380,tttcagtagaaacggggt,-28760.436,-28795.61,-35.17383,-28765.24,-28784.87,-19.628906,-15.544922
25461,tccgcctcctgggttcaa,-28760.436,-28795.617,-35.18164,-28765.24,-28786.89,-21.65039,-13.53125
24154,cctcgtgatctgcctgcc,-28760.436,-28795.654,-35.21875,-28765.24,-28787.016,-21.77539,-13.443359
25834,attataggcgtgagccac,-28760.436,-28795.678,-35.242188,-28765.24,-28789.246,-24.00586,-11.236328
23372,gctgaggcaggagagtgg,-28760.436,-28795.69,-35.253906,-28765.24,-28799.18,-33.939453,-1.3144531
25159,tggagaaaccctgtctct,-28760.436,-28795.695,-35.259766,-28765.24,-28793.387,-28.146484,-7.1132812
24860,tgcatgcctgtaatccca,-28760.436,-28795.71,-35.27539,-28765.24,-28789.172,-23.93164,-11.34375
24006,tctgcctcccgggttcac,-28760.436,-28795.723,-35.28711,-28765.24,-28795.904,-30.664062,-4.623047
21678,gtgatccacccgcctcgg,-28760.436,-28795.73,-35.29492,-28765.24,-28781.61,-16.36914,-18.925781
25634,ctcactgcaagctctgcc,-28760.436,-28795.732,-35.296875,-28765.24,-28792.371,-27.13086,-8.166016
23987,atcttggcttactgcaag,-28760.436,-28795.736,-35.30078,-28765.24,-28801.027,-35.78711,0.48632812
25068,gcagtggctcacgccggt,-28760.436,-28795.738,-35.302734,-28765.24,-28797.855,-32.615234,-2.6875
24966,tgggcaacaagagcaaaa,-28760.436,-28795.742,-35.30664,-28765.24,-28789.639,-24.398438,-10.908203
25452,actgcaacctccgcctcc,-28760.436,-28795.744,-35.308594,-28765.24,-28793.822,-28.582031,-6.7265625
25875,tttagtagagtcgggatt,-28760.436,-28795.754,-35.31836,-28765.24,-28782.422,-17.18164,-18.136719
23998,ctgcaagctctgcctccc,-28760.436,-28795.762,-35.32617,-28765.24,-28801.555,-36.314453,0.98828125
25892,ttctccatgttggtcagg,-28760.436,-28795.77,-35.333984,-28765.24,-28790.346,-25.105469,-10.228516
26089,cacagctcactgcagcct,-28760.436,-28795.79,-35.353516,-28765.24,-28793.262,-28.021484,-7.3320312
21546,attctcctgcctcagcct,-28760.436,-28795.793,-35.35742,-28765.24,-28793.268,-28.027344,-7.330078
21884,gacggagtctcgctctgt,-28760.436,-28795.809,-35.373047,-28765.24,-28795.184,-29.94336,-5.4296875
24775,ctgaggtcgggagttaga,-28760.436,-28795.809,-35.373047,-28765.24,-28792.512,-27.271484,-8.1015625
22778,tgtaatcccagctacttg,-28760.436,-28795.812,-35.376953,-28765.24,-28791.965,-26.72461,-8.652344
22421,catgatgaaaccttgtct,-28760.436,-28795.855,-35.41992,-28765.24,-28791.781,-26.541016,-8.878906
25500,cccgagtagctgtgatta,-28760.436,-28795.863,-35.427734,-28765.24,-28786.24,-21.0,-14.427734
25835,ttataggcgtgagccact,-28760.436,-28795.871,-35.435547,-28765.24,-28790.666,-25.425781,-10.009766
22002,ctacaggcgcccgccacc,-28760.436,-28795.873,-35.4375,-28765.24,-28799.473,-34.23242,-1.2050781
26178,tgcacctggctaattttt,-28760.436,-28795.879,-35.44336,-28765.24,-28787.766,-22.52539,-12.917969
23384,gagtggcgtgaacccagg,-28760.436,-28795.883,-35.447266,-28765.24,-28800.535,-35.29492,-0.15234375
21489,tggagtgcaatggcgtga,-28760.436,-28795.883,-35.447266,-28765.24,-28802.475,-37.234375,1.7871094
26472,gggattacaggcgtgagc,-28760.436,-28795.89,-35.45508,-28765.24,-28799.012,-33.771484,-1.6835938
26393,ggggttttgccatgttgg,-28760.436,-28795.895,-35.458984,-28765.24,-28793.2,-27.958984,-7.5
26148,gagtagctgggactacag,-28760.436,-28795.898,-35.46289,-28765.24,-28784.111,-18.871094,-16.591797
25059,cagctgggcgcagtggct,-28760.436,-28795.902,-35.466797,-28765.24,-28799.523,-34.283203,-1.1835938
26544,gacagggtctcattatgt,-28760.436,-28795.91,-35.47461,-28765.24,-28788.85,-23.609375,-11.865234
24060,ctacaggcgtgtgccacc,-28760.436,-28795.916,-35.48047,-28765.24,-28798.354,-33.11328,-2.3671875
26446,caactgtctcggcctccc,-28760.436,-28795.922,-35.48633,-28765.24,-28786.977,-21.736328,-13.75
24142,tcgatctcctgacctcgt,-28760.436,-28795.922,-35.48633,-28765.24,-28792.078,-26.83789,-8.6484375
22696,aggagttcaggaccagcc,-28760.436,-28795.93,-35.49414,-28765.24,-28792.771,-27.53125,-7.9628906
22794,tgagaggttgaggcagga,-28760.436,-28795.938,-35.501953,-28765.24,-28803.768,-38.527344,3.0253906
25464,gcctcctgggttcaagtg,-28760.436,-28795.96,-35.52539,-28765.24,-28791.223,-25.982422,-9.542969
22043,ttttagtagagacggggt,-28760.436,-28795.967,-35.53125,-28765.24,-28800.14,-34.90039,-0.6308594
25812,ctcagcctccccaagtgc,-28760.436,-28795.979,-35.54297,-28765.24,-28793.264,-28.023438,-7.5195312
22572,ctgcactccacccttggt,-28760.436,-28795.979,-35.54297,-28765.24,-28781.613,-16.373047,-19.169922
25803,tccacccgcctcagcctc,-28760.436,-28795.996,-35.560547,-28765.24,-28786.629,-21.388672,-14.171875
24110,gatggggtttcaccgtgt,-28760.436,-28795.996,-35.560547,-28765.24,-28792.824,-27.583984,-7.9765625
25281,cggtgagccaagattgca,-28760.436,-28796.0,-35.564453,-28765.24,-28788.61,-23.36914,-12.1953125
21925,gcagtctcggctcactgc,-28760.436,-28796.02,-35.583984,-28765.24,-28795.725,-30.484375,-5.0996094
25403,agttttgccctgtcaccc,-28760.436,-28796.023,-35.58789,-28765.24,-28785.297,-20.05664,-15.53125
25794,accttttgatccacccgc,-28760.436,-28796.045,-35.609375,-28765.24,-28783.58,-18.339844,-17.269531
22358,cagtttgtgaggccgagg,-28760.436,-28796.049,-35.61328,-28765.24,-28795.814,-30.574219,-5.0390625
23961,ctcctaagctggagtgca,-28760.436,-28796.049,-35.61328,-28765.24,-28793.59,-28.34961,-7.263672
26239,tcacccaggctggagtgc,-28760.436,-28796.053,-35.617188,-28765.24,-28787.41,-22.169922,-13.447266
25130,tcgggagttccagatcag,-28760.436,-28796.053,-35.617188,-28765.24,-28787.258,-22.017578,-13.599609
22654,ccagtactttgggaggta,-28760.436,-28796.055,-35.61914,-28765.24,-28793.355,-28.115234,-7.5039062
21922,ggcgcagtctcggctcac,-28760.436,-28796.072,-35.63672,-28765.24,-28792.848,-27.607422,-8.029297
24710,aggccgggcacggtggct,-28760.436,-28796.076,-35.640625,-28765.24,-28798.555,-33.314453,-2.3261719
26388,gaaacggggttttgccat,-28760.436,-28796.082,-35.646484,-28765.24,-28785.885,-20.644531,-15.001953
21466,gagtcttgctctgttgcc,-28760.436,-28796.098,-35.66211,-28765.24,-28791.176,-25.935547,-9.7265625
22407,accagcctggccaacatg,-28760.436,-28796.113,-35.677734,-28765.24,-28794.703,-29.46289,-6.2148438
26235,tctgtcacccaggctgga,-28760.436,-28796.13,-35.695312,-28765.24,-28797.504,-32.26367,-3.4316406
25142,gatcagcctgaccaacat,-28760.436,-28796.133,-35.697266,-28765.24,-28786.059,-20.81836,-14.878906
24866,cctgtaatcccagctact,-28760.436,-28796.135,-35.69922,-28765.24,-28792.926,-27.685547,-8.013672
25610,tggagtgcagcggcgcga,-28760.436,-28796.16,-35.72461,-28765.24,-28802.861,-37.621094,1.8964844
21917,acagtggcgcagtctcgg,-28760.436,-28796.168,-35.73242,-28765.24,-28790.436,-25.195312,-10.537109
21623,ttgtaaagacagggtttc,-28760.436,-28796.172,-35.73633,-28765.24,-28793.494,-28.253906,-7.482422
22086,ctcgtgatccacccgcct,-28760.436,-28796.184,-35.748047,-28765.24,-28804.195,-38.95508,3.2070312
22417,ccaacatgatgaaacctt,-28760.436,-28796.184,-35.748047,-28765.24,-28796.059,-30.81836,-4.9296875
26215,tttttgagacagagtctt,-28760.436,-28796.184,-35.748047,-28765.24,-28791.14,-25.90039,-9.847656
25204,ggtggcgcatgcctgtaa,-28760.436,-28796.188,-35.751953,-28765.24,-28809.781,-44.541016,8.7890625
22581,acccttggtgacagagtg,-28760.436,-28796.195,-35.759766,-28765.24,-28793.963,-28.722656,-7.0371094
26417,tgttctcgaactcctgag,-28760.436,-28796.203,-35.76758,-28765.24,-28794.434,-29.19336,-6.5742188
26451,gtctcggcctcccaaagt,-28760.436,-28796.209,-35.773438,-28765.24,-28794.92,-29.679688,-6.09375
24728,cacacctgtaatcccagc,-28760.436,-28796.225,-35.789062,-28765.24,-28800.402,-35.16211,-0.6269531
21891,tctcgctctgtcacccag,-28760.436,-28796.232,-35.796875,-28765.24,-28793.8,-28.560547,-7.236328
26421,ctcgaactcctgagctca,-28760.436,-28796.236,-35.80078,-28765.24,-28785.898,-20.658203,-15.142578
23321,caaattagccgggcatgt,-28760.436,-28796.238,-35.802734,-28765.24,-28801.352,-36.11133,0.30859375
26243,ccaggctggagtgcagtg,-28760.436,-28796.238,-35.802734,-28765.24,-28791.096,-25.855469,-9.947266
25736,tgtgtttttagtagagat,-28760.436,-28796.254,-35.81836,-28765.24,-28802.04,-36.79883,0.98046875
21941,gcaagctccgcctcccgg,-28760.436,-28796.266,-35.83008,-28765.24,-28793.379,-28.138672,-7.6914062
21885,acggagtctcgctctgtc,-28760.436,-28796.273,-35.83789,-28765.24,-28791.805,-26.564453,-9.2734375
22790,tacttgagaggttgaggc,-28760.436,-28796.277,-35.841797,-28765.24,-28797.828,-32.58789,-3.2539062
21956,cgggttcacgccattctc,-28760.436,-28796.283,-35.847656,-28765.24,-28784.23,-18.990234,-16.857422
25253,attgcttgaaccgagaag,-28760.436,-28796.293,-35.85742,-28765.24,-28788.684,-23.44336,-12.4140625
23333,gcatgttggcgggcacct,-28760.436,-28796.3,-35.865234,-28765.24,-28782.38,-17.140625,-18.72461
25180,aaaaatacaaaactagcc,-28760.436,-28796.305,-35.86914,-28765.24,-28789.7,-24.458984,-11.410156
25729,atttttttgtgtttttag,-28760.436,-28796.318,-35.882812,-28765.24,-28787.152,-21.91211,-13.970703
22608,ctcaaaaaaagaaaaagg,-28760.436,-28796.32,-35.884766,-28765.24,-28785.875,-20.634766,-15.25
22569,ccactgcactccaccctt,-28760.436,-28796.336,-35.90039,-28765.24,-28784.488,-19.248047,-16.652344
26269,ctcagctcactgcagcct,-28760.436,-28796.352,-35.916016,-28765.24,-28783.816,-18.576172,-17.339844
21984,ctctccgagtagctggga,-28760.436,-28796.363,-35.927734,-28765.24,-28782.89,-17.65039,-18.277344
22503,tgggaggctgtggcagga,-28760.436,-28796.375,-35.939453,-28765.24,-28797.016,-31.77539,-4.1640625
25161,gagaaaccctgtctctac,-28760.436,-28796.379,-35.94336,-28765.24,-28791.498,-26.257812,-9.685547
25259,tgaaccgagaaggcggag,-28760.436,-28796.398,-35.96289,-28765.24,-28798.52,-33.279297,-2.6835938
26284,cctccgcctcctgggttc,-28760.436,-28796.406,-35.970703,-28765.24,-28790.246,-25.00586,-10.964844
23288,ggtgaaaccccgtctcta,-28760.436,-28796.406,-35.970703,-28765.24,-28795.809,-30.56836,-5.4023438
25772,ccaggatggtctcgatct,-28760.436,-28796.414,-35.978516,-28765.24,-28794.684,-29.44336,-6.5351562
25612,gagtgcagcggcgcgatc,-28760.436,-28796.432,-35.996094,-28765.24,-28795.17,-29.929688,-6.0664062
23957,ctgtctcctaagctggag,-28760.436,-28796.445,-36.009766,-28765.24,-28781.775,-16.535156,-19.47461
25643,agctctgcctcccaggtt,-28760.436,-28796.457,-36.021484,-28765.24,-28792.072,-26.832031,-9.189453
25323,aagagcgaaactccgtct,-28760.436,-28796.463,-36.027344,-28765.24,-28792.137,-26.896484,-9.130859
26450,tgtctcggcctcccaaag,-28760.436,-28796.463,-36.027344,-28765.24,-28788.098,-22.857422,-13.169922
24965,ctgggcaacaagagcaaa,-28760.436,-28796.484,-36.04883,-28765.24,-28799.5,-34.259766,-1.7890625
24731,acctgtaatcccagcact,-28760.436,-28796.492,-36.05664,-28765.24,-28804.797,-39.55664,3.5
26290,cctcctgggttcaagtga,-28760.436,-28796.494,-36.058594,-28765.24,-28790.639,-25.398438,-10.660156
22492,tccgagctacttgggagg,-28760.436,-28796.504,-36.06836,-28765.24,-28789.44,-24.199219,-11.869141
22373,aggcaggcagatcacttg,-28760.436,-28796.51,-36.07422,-28765.24,-28787.73,-22.490234,-13.583984
23377,ggcaggagagtggcgtga,-28760.436,-28796.518,-36.08203,-28765.24,-28794.969,-29.728516,-6.3535156
25661,cacaccattctcttgcct,-28760.436,-28796.535,-36.09961,-28765.24,-28795.543,-30.302734,-5.796875
23206,tcacgcctgtaatcccag,-28760.436,-28796.54,-36.103516,-28765.24,-28805.098,-39.85742,3.7539062
23424,agattgtgccagtgcact,-28760.436,-28796.592,-36.15625,-28765.24,-28787.828,-22.58789,-13.568359
25449,ctcactgcaacctccgcc,-28760.436,-28796.605,-36.16992,-28765.24,-28787.65,-22.410156,-13.759766
21641,actgtgttagccaggatg,-28760.436,-28796.621,-36.185547,-28765.24,-28798.744,-33.503906,-2.6816406
25448,gctcactgcaacctccgc,-28760.436,-28796.621,-36.185547,-28765.24,-28792.91,-27.669922,-8.515625
23945,gacagtcttgctctgtct,-28760.436,-28796.63,-36.195312,-28765.24,-28782.855,-17.615234,-18.580078
25735,ttgtgtttttagtagaga,-28760.436,-28796.63,-36.195312,-28765.24,-28799.031,-33.791016,-2.4042969
25663,caccattctcttgcctca,-28760.436,-28796.645,-36.208984,-28765.24,-28788.625,-23.384766,-12.824219
25057,atcagctgggcgcagtgg,-28760.436,-28796.648,-36.21289,-28765.24,-28789.352,-24.111328,-12.1015625
22004,acaggcgcccgccaccac,-28760.436,-28796.656,-36.220703,-28765.24,-28798.24,-33.0,-3.2207031
25712,gccaccacacccggctaa,-28760.436,-28796.66,-36.22461,-28765.24,-28790.875,-25.634766,-10.589844
22688,ttgaggttaggagttcag,-28760.436,-28796.68,-36.24414,-28765.24,-28792.484,-27.24414,-9.0
22807,caggagaatcacttgaac,-28760.436,-28796.68,-36.24414,-28765.24,-28798.45,-33.208984,-3.0351562
24011,ctcccgggttcacaccat,-28760.436,-28796.682,-36.246094,-28765.24,-28788.506,-23.265625,-12.980469
23937,gtttttgagacagtcttg,-28760.436,-28796.705,-36.26953,-28765.24,-28786.77,-21.529297,-14.740234
24014,ccgggttcacaccattct,-28760.436,-28796.707,-36.271484,-28765.24,-28783.621,-18.38086,-17.890625
26270,tcagctcactgcagcctc,-28760.436,-28796.709,-36.273438,-28765.24,-28800.982,-35.742188,-0.53125
25691,tagctgggactacaggtg,-28760.436,-28796.713,-36.277344,-28765.24,-28792.357,-27.117188,-9.160156
23202,tggctcacgcctgtaatc,-28760.436,-28796.713,-36.277344,-28765.24,-28789.785,-24.544922,-11.732422
24711,ggccgggcacggtggctc,-28760.436,-28796.715,-36.279297,-28765.24,-28802.91,-37.66992,1.390625
22805,ggcaggagaatcacttga,-28760.436,-28796.715,-36.279297,-28765.24,-28797.336,-32.095703,-4.1835938
26398,tttgccatgttggccagg,-28760.436,-28796.717,-36.28125,-28765.24,-28800.95,-35.708984,-0.5722656
22001,actacaggcgcccgccac,-28760.436,-28796.719,-36.283203,-28765.24,-28791.58,-26.339844,-9.943359
25777,atggtctcgatctcctga,-28760.436,-28796.723,-36.28711,-28765.24,-28795.613,-30.373047,-5.9140625
25889,gatttctccatgttggtc,-28760.436,-28796.738,-36.302734,-28765.24,-28783.734,-18.49414,-17.808594
23194,gggcacaatggctcacgc,-28760.436,-28796.74,-36.304688,-28765.24,-28785.18,-19.939453,-16.365234
25831,gggattataggcgtgagc,-28760.436,-28796.758,-36.322266,-28765.24,-28793.3,-28.060547,-8.261719
22759,tagcccagtggcgggcag,-28760.436,-28796.768,-36.33203,-28765.24,-28790.434,-25.19336,-11.138672
23260,aggagatcgagaccatcc,-28760.436,-28796.768,-36.33203,-28765.24,-28796.549,-31.308594,-5.0234375
23196,gcacaatggctcacgcct,-28760.436,-28796.773,-36.33789,-28765.24,-28794.484,-29.24414,-7.09375
23982,gcatgatcttggcttact,-28760.436,-28796.78,-36.34375,-28765.24,-28790.992,-25.751953,-10.591797
21998,gggactacaggcgcccgc,-28760.436,-28796.795,-36.359375,-28765.24,-28797.762,-32.521484,-3.8378906
26141,gtttcccgagtagctggg,-28760.436,-28796.8,-36.365234,-28765.24,-28795.785,-30.544922,-5.8203125
22114,aagtgctgggattacaag,-28760.436,-28796.8,-36.365234,-28765.24,-28796.715,-31.47461,-4.890625
24195,tacaggcgtgagccactg,-28760.436,-28796.807,-36.371094,-28765.24,-28798.275,-33.035156,-3.3359375
24045,gacaagtagctgggacta,-28760.436,-28796.812,-36.376953,-28765.24,-28790.484,-25.24414,-11.1328125
26088,tcacagctcactgcagcc,-28760.436,-28796.828,-36.39258,-28765.24,-28788.195,-22.955078,-13.4375
21453,tttttttgagacggagtc,-28760.436,-28796.836,-36.40039,-28765.24,-28798.598,-33.35742,-3.0429688
21492,agtgcaatggcgtgatct,-28760.436,-28796.85,-36.414062,-28765.24,-28790.367,-25.126953,-11.287109
25708,gcccgccaccacacccgg,-28760.436,-28796.857,-36.421875,-28765.24,-28799.271,-34.03125,-2.390625
25321,acaagagcgaaactccgt,-28760.436,-28796.863,-36.427734,-28765.24,-28797.906,-32.666016,-3.7617188
25597,ctgtcccccaagctggag,-28760.436,-28796.87,-36.433594,-28765.24,-28798.918,-33.677734,-2.7558594
24141,ctcgatctcctgacctcg,-28760.436,-28796.871,-36.435547,-28765.24,-28802.234,-36.99414,0.55859375
24953,ttgcactccagcctgggc,-28760.436,-28796.879,-36.44336,-28765.24,-28803.984,-38.74414,2.3007812
23962,tcctaagctggagtgcag,-28760.436,-28796.879,-36.44336,-28765.24,-28799.105,-33.865234,-2.578125
23977,cagtggcatgatcttggc,-28760.436,-28796.883,-36.447266,-28765.24,-28785.803,-20.5625,-15.884766
22704,aggaccagcctggccaac,-28760.436,-28796.895,-36.458984,-28765.24,-28787.18,-21.939453,-14.519531
22414,tggccaacatgatgaaac,-28760.436,-28796.896,-36.460938,-28765.24,-28787.438,-22.197266,-14.263672
25434,atggtgcaatctcggctc,-28760.436,-28796.902,-36.466797,-28765.24,-28799.79,-34.54883,-1.9179688
26392,cggggttttgccatgttg,-28760.436,-28796.91,-36.47461,-28765.24,-28795.844,-30.603516,-5.8710938
26363,tggctaattttttgtact,-28760.436,-28796.91,-36.47461,-28765.24,-28777.953,-12.712891,-23.761719
21446,ttttttttttttttgaga,-28760.436,-28796.914,-36.478516,-28765.24,-28799.879,-34.63867,-1.8398438
23419,agccgagattgtgccagt,-28760.436,-28796.916,-36.48047,-28765.24,-28794.322,-29.082031,-7.3984375
22105,ggcctcccaaagtgctgg,-28760.436,-28796.922,-36.48633,-28765.24,-28794.334,-29.09375,-7.392578
25619,gcggcgcgatcttggctc,-28760.436,-28796.922,-36.48633,-28765.24,-28800.527,-35.28711,-1.1992188
22500,acttgggaggctgtggca,-28760.436,-28796.936,-36.5,-28765.24,-28797.57,-32.33008,-4.169922
22075,gatctcctgacctcgtga,-28760.436,-28796.941,-36.50586,-28765.24,-28796.541,-31.300781,-5.205078
25210,gcatgcctgtaatcccag,-28760.436,-28796.95,-36.51367,-28765.24,-28802.469,-37.228516,0.71484375
21535,ggattcacgccattctcc,-28760.436,-28796.97,-36.535156,-28765.24,-28784.182,-18.941406,-17.59375
25637,actgcaagctctgcctcc,-28760.436,-28796.984,-36.54883,-28765.24,-28787.79,-22.548828,-14.0
24719,acggtggctcacacctgt,-28760.436,-28796.996,-36.560547,-28765.24,-28804.043,-38.802734,2.2421875
26061,tgctcaggctggagtgca,-28760.436,-28797.002,-36.566406,-28765.24,-28789.756,-24.515625,-12.050781
22401,tttgagaccagcctggcc,-28760.436,-28797.016,-36.58008,-28765.24,-28804.988,-39.748047,3.1679688
24122,ccgtgttagccaggatgg,-28760.436,-28797.021,-36.585938,-28765.24,-28804.93,-39.689453,3.1035156
22126,tacaagcgtgagccaccg,-28760.436,-28797.025,-36.589844,-28765.24,-28790.275,-25.035156,-11.5546875
23423,gagattgtgccagtgcac,-28760.436,-28797.04,-36.603516,-28765.24,-28790.754,-25.513672,-11.089844
23956,tctgtctcctaagctgga,-28760.436,-28797.05,-36.615234,-28765.24,-28787.572,-22.332031,-14.283203
24735,gtaatcccagcactttgg,-28760.436,-28797.07,-36.634766,-28765.24,-28794.479,-29.238281,-7.3964844
25451,cactgcaacctccgcctc,-28760.436,-28797.074,-36.63867,-28765.24,-28794.656,-29.416016,-7.2226562
25153,ccaacatggagaaaccct,-28760.436,-28797.09,-36.654297,-28765.24,-28798.734,-33.49414,-3.1601562
21545,cattctcctgcctcagcc,-28760.436,-28797.102,-36.666016,-28765.24,-28790.049,-24.808594,-11.857422
24169,gcctaggcctcccaaagt,-28760.436,-28797.11,-36.67383,-28765.24,-28792.445,-27.205078,-9.46875
25633,gctcactgcaagctctgc,-28760.436,-28797.129,-36.69336,-28765.24,-28792.71,-27.470703,-9.222656
22403,tgagaccagcctggccaa,-28760.436,-28797.129,-36.69336,-28765.24,-28797.984,-32.74414,-3.9492188
25676,cctcagcctcccgagtag,-28760.436,-28797.137,-36.70117,-28765.24,-28797.547,-32.30664,-4.3945312
22364,gtgaggccgaggcaggca,-28760.436,-28797.137,-36.70117,-28765.24,-28799.14,-33.90039,-2.8007812
22793,ttgagaggttgaggcagg,-28760.436,-28797.139,-36.703125,-28765.24,-28791.777,-26.53711,-10.166016
23374,tgaggcaggagagtggcg,-28760.436,-28797.14,-36.70508,-28765.24,-28795.363,-30.123047,-6.5820312
24140,tctcgatctcctgacctc,-28760.436,-28797.148,-36.71289,-28765.24,-28794.982,-29.742188,-6.970703
25462,ccgcctcctgggttcaag,-28760.436,-28797.15,-36.714844,-28765.24,-28796.719,-31.478516,-5.236328
22388,ttgaggtcaggagtttga,-28760.436,-28797.156,-36.720703,-28765.24,-28800.955,-35.714844,-1.0058594
22013,cgccaccacgcccggcta,-28760.436,-28797.168,-36.73242,-28765.24,-28796.41,-31.169922,-5.5625
22081,ctgacctcgtgatccacc,-28760.436,-28797.184,-36.748047,-28765.24,-28789.521,-24.28125,-12.466797
23994,cttactgcaagctctgcc,-28760.436,-28797.186,-36.75,-28765.24,-28799.668,-34.427734,-2.3222656
25704,aggtgcccgccaccacac,-28760.436,-28797.186,-36.75,-28765.24,-28797.361,-32.121094,-4.6289062
22615,aaagaaaaaggcctggca,-28760.436,-28797.188,-36.751953,-28765.24,-28786.496,-21.25586,-15.496094
21988,ccgagtagctgggactac,-28760.436,-28797.2,-36.76367,-28765.24,-28795.793,-30.552734,-6.2109375
24121,accgtgttagccaggatg,-28760.436,-28797.201,-36.765625,-28765.24,-28795.355,-30.115234,-6.6503906
26538,tgtagagacagggtctca,-28760.436,-28797.223,-36.78711,-28765.24,-28787.79,-22.548828,-14.238281
25811,cctcagcctccccaagtg,-28760.436,-28797.227,-36.791016,-28765.24,-28793.18,-27.939453,-8.8515625
26387,agaaacggggttttgcca,-28760.436,-28797.242,-36.80664,-28765.24,-28786.48,-21.240234,-15.566406
26468,tgctgggattacaggcgt,-28760.436,-28797.246,-36.810547,-28765.24,-28800.713,-35.472656,-1.3378906
26476,ttacaggcgtgagccact,-28760.436,-28797.254,-36.81836,-28765.24,-28789.254,-24.013672,-12.8046875
23255,aggtcaggagatcgagac,-28760.436,-28797.26,-36.82422,-28765.24,-28803.098,-37.85742,1.0332031
22418,caacatgatgaaaccttg,-28760.436,-28797.273,-36.83789,-28765.24,-28787.469,-22.228516,-14.609375
25496,gcttcccgagtagctgtg,-28760.436,-28797.277,-36.841797,-28765.24,-28786.973,-21.732422,-15.109375
25155,aacatggagaaaccctgt,-28760.436,-28797.28,-36.84375,-28765.24,-28800.703,-35.46289,-1.3808594
24947,acctcattgcactccagc,-28760.436,-28797.281,-36.845703,-28765.24,-28791.701,-26.460938,-10.384766
26172,tgccactgcacctggcta,-28760.436,-28797.283,-36.847656,-28765.24,-28788.082,-22.841797,-14.005859
22120,tgggattacaagcgtgag,-28760.436,-28797.293,-36.85742,-28765.24,-28794.516,-29.27539,-7.5820312
25698,gactacaggtgcccgcca,-28760.436,-28797.297,-36.86133,-28765.24,-28795.941,-30.701172,-6.1601562
25132,gggagttccagatcagcc,-28760.436,-28797.3,-36.865234,-28765.24,-28784.422,-19.18164,-17.683594
21957,gggttcacgccattctcc,-28760.436,-28797.305,-36.86914,-28765.24,-28793.455,-28.214844,-8.654297
21948,ccgcctcccgggttcacg,-28760.436,-28797.307,-36.871094,-28765.24,-28792.26,-27.019531,-9.8515625
23978,agtggcatgatcttggct,-28760.436,-28797.32,-36.884766,-28765.24,-28792.93,-27.689453,-9.1953125
25820,ccccaagtgctgggatta,-28760.436,-28797.322,-36.88672,-28765.24,-28787.742,-22.501953,-14.384766
22553,gtgagttgagattgtgcc,-28760.436,-28797.324,-36.88867,-28765.24,-28801.707,-36.466797,-0.421875
24777,gaggtcgggagttagaga,-28760.436,-28797.326,-36.890625,-28765.24,-28787.047,-21.80664,-15.083984
22113,aaagtgctgggattacaa,-28760.436,-28797.328,-36.89258,-28765.24,-28801.29,-36.04883,-0.84375
22628,tggcacggtggctcacac,-28760.436,-28797.328,-36.89258,-28765.24,-28795.432,-30.191406,-6.701172
24961,cagcctgggcaacaagag,-28760.436,-28797.34,-36.904297,-28765.24,-28792.273,-27.033203,-9.871094
26230,cttgctctgtcacccagg,-28760.436,-28797.342,-36.90625,-28765.24,-28793.982,-28.742188,-8.1640625
25692,agctgggactacaggtgc,-28760.436,-28797.35,-36.914062,-28765.24,-28798.469,-33.228516,-3.6855469
22699,agttcaggaccagcctgg,-28760.436,-28797.354,-36.91797,-28765.24,-28795.672,-30.43164,-6.486328
25123,cctgaagtcgggagttcc,-28760.436,-28797.363,-36.927734,-28765.24,-28795.0,-29.759766,-7.1679688
21632,cagggtttcactgtgtta,-28760.436,-28797.383,-36.947266,-28765.24,-28789.34,-24.09961,-12.847656
24834,aatacaaaattaggcggg,-28760.436,-28797.387,-36.95117,-28765.24,-28797.184,-31.94336,-5.0078125
25202,atggtggcgcatgcctgt,-28760.436,-28797.395,-36.958984,-28765.24,-28803.176,-37.935547,0.9765625
24973,caagagcaaaactccatc,-28760.436,-28797.406,-36.970703,-28765.24,-28792.041,-26.800781,-10.169922
25440,caatctcggctcactgca,-28760.436,-28797.41,-36.97461,-28765.24,-28794.117,-28.876953,-8.097656
25684,tcccgagtagctgggact,-28760.436,-28797.412,-36.976562,-28765.24,-28791.758,-26.517578,-10.458984
22044,tttagtagagacggggtt,-28760.436,-28797.434,-36.998047,-28765.24,-28795.922,-30.68164,-6.3164062
24048,aagtagctgggactacag,-28760.436,-28797.438,-37.001953,-28765.24,-28786.871,-21.63086,-15.371094
21460,gagacggagtcttgctct,-28760.436,-28797.453,-37.01758,-28765.24,-28799.262,-34.021484,-2.9960938
24970,caacaagagcaaaactcc,-28760.436,-28797.455,-37.01953,-28765.24,-28789.824,-24.583984,-12.435547
21912,ggagtacagtggcgcagt,-28760.436,-28797.46,-37.02539,-28765.24,-28791.44,-26.199219,-10.826172
22482,atgcctgtaatccgagct,-28760.436,-28797.46,-37.02539,-28765.24,-28791.031,-25.791016,-11.234375
25807,cccgcctcagcctcccca,-28760.436,-28797.463,-37.027344,-28765.24,-28791.629,-26.388672,-10.638672
21616,tatttttttgtaaagaca,-28760.436,-28797.48,-37.04492,-28765.24,-28781.414,-16.173828,-20.871094
26541,agagacagggtctcatta,-28760.436,-28797.482,-37.046875,-28765.24,-28789.78,-24.539062,-12.5078125
25816,gcctccccaagtgctggg,-28760.436,-28797.496,-37.060547,-28765.24,-28787.824,-22.583984,-14.4765625
21926,cagtctcggctcactgca,-28760.436,-28797.506,-37.070312,-28765.24,-28785.838,-20.597656,-16.472656
21438,tttttttttttttttttt,-28760.436,-28797.51,-37.07422,-28765.24,-28787.95,-22.708984,-14.365234
25827,tgctgggattataggcgt,-28760.436,-28797.512,-37.07617,-28765.24,-28792.297,-27.05664,-10.019531
21493,gtgcaatggcgtgatctt,-28760.436,-28797.518,-37.08203,-28765.24,-28790.996,-25.75586,-11.326172
22783,tcccagctacttgagagg,-28760.436,-28797.527,-37.091797,-28765.24,-28786.535,-21.294922,-15.796875
24155,ctcgtgatctgcctgcct,-28760.436,-28797.527,-37.091797,-28765.24,-28796.047,-30.80664,-6.2851562
25475,tcaagtgattctcctgcc,-28760.436,-28797.559,-37.123047,-28765.24,-28795.357,-30.117188,-7.0058594
22582,cccttggtgacagagtga,-28760.436,-28797.56,-37.125,-28765.24,-28791.508,-26.267578,-10.857422
25838,taggcgtgagccactgtg,-28760.436,-28797.562,-37.126953,-28765.24,-28800.945,-35.70508,-1.421875
25745,agtagagatggggtttca,-28760.436,-28797.564,-37.128906,-28765.24,-28798.31,-33.070312,-4.0585938
22134,tgagccaccgcgcccggc,-28760.436,-28797.566,-37.13086,-28765.24,-28790.617,-25.376953,-11.753906
21983,cctctccgagtagctggg,-28760.436,-28797.57,-37.134766,-28765.24,-28789.219,-23.978516,-13.15625
25256,gcttgaaccgagaaggcg,-28760.436,-28797.602,-37.166016,-28765.24,-28788.297,-23.05664,-14.109375
21913,gagtacagtggcgcagtc,-28760.436,-28797.604,-37.16797,-28765.24,-28794.113,-28.873047,-8.294922
21491,gagtgcaatggcgtgatc,-28760.436,-28797.605,-37.16992,-28765.24,-28797.285,-32.04492,-5.125
25806,acccgcctcagcctcccc,-28760.436,-28797.639,-37.203125,-28765.24,-28786.145,-20.904297,-16.298828
24009,gcctcccgggttcacacc,-28760.436,-28797.639,-37.203125,-28765.24,-28796.803,-31.5625,-5.640625
26274,ctcactgcagcctccgcc,-28760.436,-28797.64,-37.20508,-28765.24,-28790.61,-25.36914,-11.8359375
22844,gtgagccgagatcacacc,-28760.436,-28797.64,-37.20508,-28765.24,-28789.352,-24.111328,-13.09375
26402,ccatgttggccaggctgt,-28760.436,-28797.67,-37.234375,-28765.24,-28792.174,-26.933594,-10.300781
25939,cgcccgccttggcctcca,-28760.436,-28797.67,-37.234375,-28765.24,-28785.777,-20.53711,-16.697266
25152,accaacatggagaaaccc,-28760.436,-28797.676,-37.240234,-28765.24,-28807.787,-42.546875,5.3066406
25626,gatcttggctcactgcaa,-28760.436,-28797.688,-37.251953,-28765.24,-28795.914,-30.673828,-6.578125
22091,gatccacccgcctcggcc,-28760.436,-28797.715,-37.279297,-28765.24,-28799.111,-33.871094,-3.4082031
22040,tatttttagtagagacgg,-28760.436,-28797.717,-37.28125,-28765.24,-28798.045,-32.804688,-4.4765625
25209,cgcatgcctgtaatccca,-28760.436,-28797.72,-37.285156,-28765.24,-28792.594,-27.353516,-9.931641
24102,ttagtagagatggggttt,-28760.436,-28797.727,-37.291016,-28765.24,-28804.012,-38.771484,1.4804688
25420,caggctggggtgcaatgg,-28760.436,-28797.729,-37.29297,-28765.24,-28800.262,-35.021484,-2.2714844
24130,gccaggatggtctcgatc,-28760.436,-28797.734,-37.29883,-28765.24,-28802.23,-36.990234,-0.30859375
24118,ttcaccgtgttagccagg,-28760.436,-28797.742,-37.30664,-28765.24,-28793.82,-28.580078,-8.7265625
25402,gagttttgccctgtcacc,-28760.436,-28797.746,-37.310547,-28765.24,-28792.578,-27.33789,-9.972656
25809,cgcctcagcctccccaag,-28760.436,-28797.752,-37.316406,-28765.24,-28793.64,-28.40039,-8.916016
25726,ctaatttttttgtgtttt,-28760.436,-28797.76,-37.32422,-28765.24,-28789.055,-23.814453,-13.509766
25285,gagccaagattgcaccat,-28760.436,-28797.762,-37.32617,-28765.24,-28793.107,-27.867188,-9.458984
25450,tcactgcaacctccgcct,-28760.436,-28797.764,-37.328125,-28765.24,-28795.793,-30.552734,-6.7753906
21896,ctctgtcacccaggctgg,-28760.436,-28797.766,-37.33008,-28765.24,-28796.508,-31.267578,-6.0625
24144,gatctcctgacctcgtga,-28760.436,-28797.785,-37.34961,-28765.24,-28795.895,-30.654297,-6.6953125
21631,acagggtttcactgtgtt,-28760.436,-28797.797,-37.36133,-28765.24,-28798.795,-33.554688,-3.8066406
24862,catgcctgtaatcccagc,-28760.436,-28797.8,-37.365234,-28765.24,-28796.758,-31.517578,-5.8476562
22476,tggcacatgcctgtaatc,-28760.436,-28797.805,-37.36914,-28765.24,-28788.395,-23.154297,-14.214844
21886,cggagtctcgctctgtca,-28760.436,-28797.805,-37.36914,-28765.24,-28802.328,-37.08789,-0.28125
25086,aatcccaacactttggga,-28760.436,-28797.81,-37.375,-28765.24,-28796.457,-31.216797,-6.158203
22629,ggcacggtggctcacacc,-28760.436,-28797.844,-37.408203,-28765.24,-28786.531,-21.291016,-16.117188
22099,cgcctcggcctcccaaag,-28760.436,-28797.848,-37.41211,-28765.24,-28793.88,-28.640625,-8.771484
24958,ctccagcctgggcaacaa,-28760.436,-28797.854,-37.41797,-28765.24,-28792.145,-26.904297,-10.513672
22549,tgcagtgagttgagattg,-28760.436,-28797.854,-37.41797,-28765.24,-28799.164,-33.92383,-3.4941406
24858,ggtgcatgcctgtaatcc,-28760.436,-28797.855,-37.41992,-28765.24,-28791.225,-25.984375,-11.435547
26296,gggttcaagtgattctcc,-28760.436,-28797.855,-37.41992,-28765.24,-28791.105,-25.865234,-11.5546875
25671,tcttgcctcagcctcccg,-28760.436,-28797.863,-37.427734,-28765.24,-28792.742,-27.501953,-9.925781
22124,attacaagcgtgagccac,-28760.436,-28797.867,-37.43164,-28765.24,-28798.582,-33.341797,-4.0898438
26217,tttgagacagagtcttgc,-28760.436,-28797.883,-37.447266,-28765.24,-28795.332,-30.091797,-7.3554688
25713,ccaccacacccggctaat,-28760.436,-28797.883,-37.447266,-28765.24,-28786.125,-20.884766,-16.5625
23283,aacatggtgaaaccccgt,-28760.436,-28797.902,-37.466797,-28765.24,-28793.877,-28.636719,-8.830078
25742,tttagtagagatggggtt,-28760.436,-28797.922,-37.48633,-28765.24,-28798.676,-33.435547,-4.0507812
21936,tcactgcaagctccgcct,-28760.436,-28797.926,-37.490234,-28765.24,-28799.898,-34.658203,-2.8320312
22797,gaggttgaggcaggagaa,-28760.436,-28797.928,-37.492188,-28765.24,-28801.133,-35.89258,-1.5996094
23217,atcccagcactttgggag,-28760.436,-28797.932,-37.496094,-28765.24,-28795.727,-30.486328,-7.0097656
26294,ctgggttcaagtgattct,-28760.436,-28797.936,-37.5,-28765.24,-28785.09,-19.84961,-17.65039
25694,ctgggactacaggtgccc,-28760.436,-28797.955,-37.51953,-28765.24,-28800.36,-35.11914,-2.4003906
25468,cctgggttcaagtgattc,-28760.436,-28797.965,-37.529297,-28765.24,-28790.12,-24.878906,-12.650391
22102,ctcggcctcccaaagtgc,-28760.436,-28797.977,-37.541016,-28765.24,-28795.652,-30.41211,-7.1289062
24157,cgtgatctgcctgcctag,-28760.436,-28797.986,-37.55078,-28765.24,-28786.584,-21.34375,-16.207031
25823,caagtgctgggattatag,-28760.436,-28797.988,-37.552734,-28765.24,-28793.143,-27.902344,-9.650391
25141,agatcagcctgaccaaca,-28760.436,-28798.018,-37.58203,-28765.24,-28790.617,-25.376953,-12.205078
22006,aggcgcccgccaccacgc,-28760.436,-28798.027,-37.591797,-28765.24,-28798.61,-33.36914,-4.2226562
26107,tgacctccagggctcaag,-28760.436,-28798.027,-37.591797,-28765.24,-28793.246,-28.00586,-9.5859375
23428,tgtgccagtgcactccag,-28760.436,-28798.031,-37.595703,-28765.24,-28789.88,-24.640625,-12.955078
26322,cctcccaagtagctggga,-28760.436,-28798.047,-37.61133,-28765.24,-28795.56,-30.320312,-7.2910156
25129,gtcgggagttccagatca,-28760.436,-28798.07,-37.634766,-28765.24,-28789.348,-24.107422,-13.527344
26136,cctcagtttcccgagtag,-28760.436,-28798.082,-37.646484,-28765.24,-28790.91,-25.669922,-11.9765625
21929,tctcggctcactgcaagc,-28760.436,-28798.09,-37.654297,-28765.24,-28791.902,-26.66211,-10.9921875
26218,ttgagacagagtcttgct,-28760.436,-28798.09,-37.654297,-28765.24,-28799.262,-34.021484,-3.6328125
22397,ggagtttgagaccagcct,-28760.436,-28798.094,-37.658203,-28765.24,-28811.215,-45.97461,8.316406
22400,gtttgagaccagcctggc,-28760.436,-28798.104,-37.66797,-28765.24,-28807.2,-41.958984,4.2910156
26350,ccaccaccatgcctggct,-28760.436,-28798.11,-37.67383,-28765.24,-28791.627,-26.386719,-11.287109
25699,actacaggtgcccgccac,-28760.436,-28798.113,-37.677734,-28765.24,-28788.693,-23.453125,-14.224609
21451,tttttttttgagacggag,-28760.436,-28798.117,-37.68164,-28765.24,-28803.277,-38.03711,0.35546875
21653,aggatggtctcaatctcc,-28760.436,-28798.125,-37.689453,-28765.24,-28799.164,-33.92383,-3.765625
25601,cccccaagctggagtgca,-28760.436,-28798.129,-37.69336,-28765.24,-28806.738,-41.498047,3.8046875
23426,attgtgccagtgcactcc,-28760.436,-28798.135,-37.69922,-28765.24,-28789.555,-24.314453,-13.384766
25431,gcaatggtgcaatctcgg,-28760.436,-28798.139,-37.703125,-28765.24,-28794.068,-28.828125,-8.875
22502,ttgggaggctgtggcagg,-28760.436,-28798.139,-37.703125,-28765.24,-28805.7,-40.458984,2.7558594
22080,cctgacctcgtgatccac,-28760.436,-28798.14,-37.70508,-28765.24,-28793.938,-28.697266,-9.0078125
22034,tttttttatttttagtag,-28760.436,-28798.17,-37.734375,-28765.24,-28787.508,-22.267578,-15.466797
25062,ctgggcgcagtggctcac,-28760.436,-28798.172,-37.73633,-28765.24,-28787.627,-22.386719,-15.349609
21627,aaagacagggtttcactg,-28760.436,-28798.18,-37.74414,-28765.24,-28791.64,-26.40039,-11.34375
26066,aggctggagtgcaagggc,-28760.436,-28798.182,-37.746094,-28765.24,-28776.254,-11.013672,-26.732422
22775,agttgtaatcccagctac,-28760.436,-28798.191,-37.75586,-28765.24,-28779.21,-13.970703,-23.785156
24960,ccagcctgggcaacaaga,-28760.436,-28798.197,-37.76172,-28765.24,-28803.104,-37.86328,0.1015625
24113,ggggtttcaccgtgttag,-28760.436,-28798.207,-37.771484,-28765.24,-28803.346,-38.10547,0.33398438
22585,ttggtgacagagtgagat,-28760.436,-28798.223,-37.78711,-28765.24,-28788.61,-23.36914,-14.417969
25146,agcctgaccaacatggag,-28760.436,-28798.23,-37.79492,-28765.24,-28799.895,-34.654297,-3.140625
25061,gctgggcgcagtggctca,-28760.436,-28798.232,-37.796875,-28765.24,-28793.668,-28.427734,-9.369141
21570,tagctgggactacaggtg,-28760.436,-28798.242,-37.80664,-28765.24,-28802.39,-37.15039,-0.65625
24200,gcgtgagccactgcacct,-28760.436,-28798.25,-37.814453,-28765.24,-28786.912,-21.671875,-16.142578
25196,ccgggcatggtggcgcat,-28760.436,-28798.254,-37.81836,-28765.24,-28807.527,-42.28711,4.46875
26277,actgcagcctccgcctcc,-28760.436,-28798.254,-37.81836,-28765.24,-28785.465,-20.22461,-17.59375
26292,tcctgggttcaagtgatt,-28760.436,-28798.266,-37.83008,-28765.24,-28794.82,-29.580078,-8.25
22009,cgcccgccaccacgcccg,-28760.436,-28798.271,-37.835938,-28765.24,-28795.414,-30.173828,-7.6621094
21497,aatggcgtgatcttggct,-28760.436,-28798.277,-37.841797,-28765.24,-28796.117,-30.876953,-6.9648438
24091,tttttgtatttttagtag,-28760.436,-28798.28,-37.84375,-28765.24,-28788.773,-23.533203,-14.310547
24713,ccgggcacggtggctcac,-28760.436,-28798.281,-37.845703,-28765.24,-28792.762,-27.521484,-10.324219
23958,tgtctcctaagctggagt,-28760.436,-28798.29,-37.853516,-28765.24,-28789.266,-24.02539,-13.828125
21874,ttttttttgagacggagt,-28760.436,-28798.33,-37.89453,-28765.24,-28799.324,-34.083984,-3.8105469
26238,gtcacccaggctggagtg,-28760.436,-28798.338,-37.902344,-28765.24,-28796.371,-31.13086,-6.7714844
25294,ttgcaccattgcactcca,-28760.436,-28798.34,-37.904297,-28765.24,-28791.58,-26.339844,-11.564453
24094,ttgtatttttagtagaga,-28760.436,-28798.34,-37.904297,-28765.24,-28791.246,-26.00586,-11.8984375
23429,gtgccagtgcactccagc,-28760.436,-28798.342,-37.90625,-28765.24,-28800.484,-35.24414,-2.6621094
23353,tgtcccagctgctcggga,-28760.436,-28798.361,-37.92578,-28765.24,-28800.053,-34.8125,-3.1132812
24201,cgtgagccactgcacctg,-28760.436,-28798.363,-37.927734,-28765.24,-28792.992,-27.751953,-10.175781
25469,ctgggttcaagtgattct,-28760.436,-28798.365,-37.929688,-28765.24,-28792.002,-26.761719,-11.167969
24153,acctcgtgatctgcctgc,-28760.436,-28798.367,-37.93164,-28765.24,-28797.582,-32.341797,-5.5898438
21655,gatggtctcaatctcctg,-28760.436,-28798.385,-37.94922,-28765.24,-28789.451,-24.210938,-13.738281
25236,gaggctgaggcaggagaa,-28760.436,-28798.387,-37.95117,-28765.24,-28796.672,-31.43164,-6.5195312
22074,cgatctcctgacctcgtg,-28760.436,-28798.39,-37.95508,-28765.24,-28795.137,-29.896484,-8.058594
21648,tagccaggatggtctcaa,-28760.436,-28798.398,-37.96289,-28765.24,-28796.75,-31.509766,-6.453125
25665,ccattctcttgcctcagc,-28760.436,-28798.398,-37.96289,-28765.24,-28788.887,-23.646484,-14.316406
24112,tggggtttcaccgtgtta,-28760.436,-28798.402,-37.966797,-28765.24,-28793.994,-28.753906,-9.212891
23280,gctaacatggtgaaaccc,-28760.436,-28798.414,-37.978516,-28765.24,-28802.543,-37.302734,-0.67578125
22456,aaaaatttagccaggcat,-28760.436,-28798.414,-37.978516,-28765.24,-28799.871,-34.63086,-3.3476562
21640,cactgtgttagccaggat,-28760.436,-28798.422,-37.98633,-28765.24,-28794.463,-29.222656,-8.763672
26065,caggctggagtgcaaggg,-28760.436,-28798.451,-38.015625,-28765.24,-28786.332,-21.091797,-16.923828
25318,gcaacaagagcgaaactc,-28760.436,-28798.473,-38.03711,-28765.24,-28799.672,-34.43164,-3.6054688
26286,tccgcctcctgggttcaa,-28760.436,-28798.498,-38.0625,-28765.24,-28792.7,-27.458984,-10.603516
23422,cgagattgtgccagtgca,-28760.436,-28798.523,-38.08789,-28765.24,-28795.236,-29.996094,-8.091797
25667,attctcttgcctcagcct,-28760.436,-28798.533,-38.097656,-28765.24,-28790.842,-25.601562,-12.496094
25424,ctggggtgcaatggtgca,-28760.436,-28798.55,-38.115234,-28765.24,-28794.107,-28.867188,-9.248047
26355,accatgcctggctaattt,-28760.436,-28798.555,-38.11914,-28765.24,-28786.48,-21.240234,-16.878906
24765,ggcggatcacctgaggtc,-28760.436,-28798.557,-38.121094,-28765.24,-28797.352,-32.11133,-6.0097656
21441,tttttttttttttttttt,-28760.436,-28798.559,-38.123047,-28765.24,-28793.227,-27.986328,-10.136719
21567,aggtagctgggactacag,-28760.436,-28798.594,-38.158203,-28765.24,-28792.68,-27.439453,-10.71875
22684,tcacttgaggttaggagt,-28760.436,-28798.594,-38.158203,-28765.24,-28796.402,-31.16211,-6.9960938
23967,agctggagtgcagtggca,-28760.436,-28798.596,-38.160156,-28765.24,-28800.13,-34.890625,-3.2695312
24808,ggagaaaccccgtctcta,-28760.436,-28798.611,-38.17578,-28765.24,-28785.973,-20.732422,-17.44336
22692,ggttaggagttcaggacc,-28760.436,-28798.615,-38.179688,-28765.24,-28789.654,-24.414062,-13.765625
23208,acgcctgtaatcccagca,-28760.436,-28798.617,-38.18164,-28765.24,-28795.75,-30.509766,-7.671875
25770,agccaggatggtctcgat,-28760.436,-28798.621,-38.185547,-28765.24,-28802.107,-36.867188,-1.3183594
23284,acatggtgaaaccccgtc,-28760.436,-28798.64,-38.20508,-28765.24,-28788.47,-23.230469,-14.974609
24855,ggtggtgcatgcctgtaa,-28760.436,-28798.645,-38.208984,-28765.24,-28798.334,-33.09375,-5.1152344
21542,cgccattctcctgcctca,-28760.436,-28798.672,-38.23633,-28765.24,-28801.898,-36.658203,-1.578125
26469,gctgggattacaggcgtg,-28760.436,-28798.676,-38.240234,-28765.24,-28792.262,-27.021484,-11.21875
26313,ctgcctcaacctcccaag,-28760.436,-28798.688,-38.251953,-28765.24,-28781.992,-16.751953,-21.5
22786,cagctacttgagaggttg,-28760.436,-28798.69,-38.253906,-28765.24,-28797.1,-31.859375,-6.3945312
22003,tacaggcgcccgccacca,-28760.436,-28798.691,-38.25586,-28765.24,-28789.031,-23.791016,-14.464844
23990,ttggcttactgcaagctc,-28760.436,-28798.7,-38.26367,-28765.24,-28790.566,-25.326172,-12.9375
26394,gggttttgccatgttggc,-28760.436,-28798.707,-38.271484,-28765.24,-28800.783,-35.54297,-2.7285156
25614,gtgcagcggcgcgatctt,-28760.436,-28798.727,-38.291016,-28765.24,-28793.904,-28.664062,-9.626953
24845,aggcgggcgtggtggtgc,-28760.436,-28798.732,-38.296875,-28765.24,-28807.11,-41.86914,3.5722656
25413,tgtcacccaggctggggt,-28760.436,-28798.732,-38.296875,-28765.24,-28792.854,-27.613281,-10.683594
25595,ctctgtcccccaagctgg,-28760.436,-28798.742,-38.30664,-28765.24,-28793.771,-28.53125,-9.775391
25427,gggtgcaatggtgcaatc,-28760.436,-28798.744,-38.308594,-28765.24,-28796.23,-30.990234,-7.3183594
25696,gggactacaggtgcccgc,-28760.436,-28798.746,-38.310547,-28765.24,-28801.246,-36.00586,-2.3046875
24058,gactacaggcgtgtgcca,-28760.436,-28798.746,-38.310547,-28765.24,-28808.31,-43.070312,4.7597656
25087,atcccaacactttgggag,-28760.436,-28798.75,-38.314453,-28765.24,-28796.387,-31.146484,-7.1679688
22498,ctacttgggaggctgtgg,-28760.436,-28798.76,-38.32422,-28765.24,-28790.092,-24.851562,-13.472656
22574,gcactccacccttggtga,-28760.436,-28798.777,-38.341797,-28765.24,-28792.2,-26.958984,-11.3828125
26467,gtgctgggattacaggcg,-28760.436,-28798.781,-38.345703,-28765.24,-28798.826,-33.585938,-4.7597656
25666,cattctcttgcctcagcc,-28760.436,-28798.785,-38.34961,-28765.24,-28788.86,-23.61914,-14.730469
25282,ggtgagccaagattgcac,-28760.436,-28798.846,-38.410156,-28765.24,-28799.176,-33.935547,-4.4746094
23456,agagcgagactctgtctc,-28760.436,-28798.852,-38.416016,-28765.24,-28790.742,-25.501953,-12.9140625
24005,ctctgcctcccgggttca,-28760.436,-28798.852,-38.416016,-28765.24,-28792.934,-27.69336,-10.722656
22047,agtagagacggggtttca,-28760.436,-28798.875,-38.439453,-28765.24,-28796.379,-31.138672,-7.3007812
25442,atctcggctcactgcaac,-28760.436,-28798.875,-38.439453,-28765.24,-28795.836,-30.595703,-7.84375
22800,gttgaggcaggagaatca,-28760.436,-28798.875,-38.439453,-28765.24,-28794.094,-28.853516,-9.5859375
26452,tctcggcctcccaaagtg,-28760.436,-28798.893,-38.45703,-28765.24,-28797.244,-32.003906,-6.453125
24115,ggtttcaccgtgttagcc,-28760.436,-28798.895,-38.458984,-28765.24,-28806.49,-41.25,2.7910156
24803,aacatggagaaaccccgt,-28760.436,-28798.898,-38.46289,-28765.24,-28781.906,-16.666016,-21.796875
23966,aagctggagtgcagtggc,-28760.436,-28798.898,-38.46289,-28765.24,-28803.316,-38.07617,-0.38671875
23204,gctcacgcctgtaatccc,-28760.436,-28798.9,-38.464844,-28765.24,-28801.258,-36.01758,-2.4472656
26474,gattacaggcgtgagcca,-28760.436,-28798.916,-38.48047,-28765.24,-28798.57,-33.33008,-5.1503906
24086,ctaattttttgtattttt,-28760.436,-28798.918,-38.48242,-28765.24,-28787.086,-21.845703,-16.636719
25280,gcggtgagccaagattgc,-28760.436,-28798.965,-38.529297,-28765.24,-28799.959,-34.71875,-3.8105469
25747,tagagatggggtttcact,-28760.436,-28798.969,-38.533203,-28765.24,-28793.23,-27.990234,-10.542969
23433,cagtgcactccagcctgg,-28760.436,-28798.982,-38.546875,-28765.24,-28804.023,-38.783203,0.23632812
26289,gcctcctgggttcaagtg,-28760.436,-28798.984,-38.54883,-28765.24,-28798.066,-32.82617,-5.7226562
25444,ctcggctcactgcaacct,-28760.436,-28798.986,-38.55078,-28765.24,-28796.902,-31.66211,-6.888672
24134,ggatggtctcgatctcct,-28760.436,-28798.988,-38.552734,-28765.24,-28801.799,-36.558594,-1.9941406
25701,tacaggtgcccgccacca,-28760.436,-28798.994,-38.558594,-28765.24,-28794.107,-28.867188,-9.691406
25814,cagcctccccaagtgctg,-28760.436,-28798.998,-38.5625,-28765.24,-28793.102,-27.861328,-10.701172
21540,cacgccattctcctgcct,-28760.436,-28798.998,-38.5625,-28765.24,-28792.033,-26.792969,-11.769531
25439,gcaatctcggctcactgc,-28760.436,-28799.008,-38.572266,-28765.24,-28806.785,-41.54492,2.9726562
22685,cacttgaggttaggagtt,-28760.436,-28799.008,-38.572266,-28765.24,-28793.96,-28.720703,-9.8515625
24887,gaggctgaggcaggagaa,-28760.436,-28799.033,-38.597656,-28765.24,-28795.56,-30.320312,-8.277344
24002,aagctctgcctcccgggt,-28760.436,-28799.043,-38.60742,-28765.24,-28794.879,-29.638672,-8.96875
26323,ctcccaagtagctgggat,-28760.436,-28799.043,-38.60742,-28765.24,-28789.857,-24.617188,-13.990234
24890,gctgaggcaggagaattg,-28760.436,-28799.05,-38.615234,-28765.24,-28808.547,-43.30664,4.6914062
22128,caagcgtgagccaccgcg,-28760.436,-28799.06,-38.625,-28765.24,-28796.176,-30.935547,-7.689453
25293,attgcaccattgcactcc,-28760.436,-28799.066,-38.63086,-28765.24,-28792.293,-27.052734,-11.578125
24114,gggtttcaccgtgttagc,-28760.436,-28799.066,-38.63086,-28765.24,-28788.654,-23.414062,-15.216797
21639,tcactgtgttagccagga,-28760.436,-28799.07,-38.634766,-28765.24,-28799.277,-34.03711,-4.5976562
24727,tcacacctgtaatcccag,-28760.436,-28799.082,-38.646484,-28765.24,-28799.996,-34.75586,-3.890625
22781,aatcccagctacttgaga,-28760.436,-28799.117,-38.68164,-28765.24,-28797.727,-32.48633,-6.1953125
22784,cccagctacttgagaggt,-28760.436,-28799.129,-38.69336,-28765.24,-28798.621,-33.38086,-5.3125
22697,ggagttcaggaccagcct,-28760.436,-28799.146,-38.710938,-28765.24,-28806.705,-41.464844,2.7539062
21923,gcgcagtctcggctcact,-28760.436,-28799.18,-38.74414,-28765.24,-28795.256,-30.015625,-8.728516
25118,aatcacctgaagtcggga,-28760.436,-28799.182,-38.746094,-28765.24,-28800.934,-35.69336,-3.0527344
25205,gtggcgcatgcctgtaat,-28760.436,-28799.188,-38.751953,-28765.24,-28793.055,-27.814453,-10.9375
25670,ctcttgcctcagcctccc,-28760.436,-28799.191,-38.75586,-28765.24,-28790.102,-24.861328,-13.894531
22658,tactttgggaggtagagg,-28760.436,-28799.2,-38.76367,-28765.24,-28789.559,-24.31836,-14.4453125
26140,agtttcccgagtagctgg,-28760.436,-28799.207,-38.771484,-28765.24,-28786.309,-21.06836,-17.703125
26457,gcctcccaaagtgctggg,-28760.436,-28799.213,-38.777344,-28765.24,-28799.855,-34.615234,-4.1621094
24163,ctgcctgcctaggcctcc,-28760.436,-28799.227,-38.791016,-28765.24,-28784.215,-18.97461,-19.816406
23277,ctggctaacatggtgaaa,-28760.436,-28799.234,-38.79883,-28765.24,-28797.363,-32.123047,-6.6757812
22528,tttaatctgggaggcaga,-28760.436,-28799.242,-38.80664,-28765.24,-28810.164,-44.92383,6.1171875
25598,tgtcccccaagctggagt,-28760.436,-28799.246,-38.810547,-28765.24,-28792.113,-26.873047,-11.9375
23318,aaacaaattagccgggca,-28760.436,-28799.258,-38.822266,-28765.24,-28784.43,-19.189453,-19.632812
23421,ccgagattgtgccagtgc,-28760.436,-28799.266,-38.83008,-28765.24,-28800.596,-35.35547,-3.4746094
24000,gcaagctctgcctcccgg,-28760.436,-28799.273,-38.83789,-28765.24,-28798.852,-33.61133,-5.2265625
25463,cgcctcctgggttcaagt,-28760.436,-28799.285,-38.84961,-28765.24,-28791.672,-26.43164,-12.417969
23238,agggcaggtggatcacga,-28760.436,-28799.31,-38.875,-28765.24,-28794.152,-28.91211,-9.962891
25211,catgcctgtaatcccagc,-28760.436,-28799.324,-38.88867,-28765.24,-28805.328,-40.08789,1.1992188
24053,gctgggactacaggcgtg,-28760.436,-28799.326,-38.890625,-28765.24,-28799.29,-34.04883,-4.841797
25214,gcctgtaatcccagctac,-28760.436,-28799.336,-38.90039,-28765.24,-28803.223,-37.98242,-0.91796875
23375,gaggcaggagagtggcgt,-28760.436,-28799.336,-38.90039,-28765.24,-28800.902,-35.66211,-3.2382812
26401,gccatgttggccaggctg,-28760.436,-28799.338,-38.902344,-28765.24,-28802.05,-36.810547,-2.0917969
25405,ttttgccctgtcacccag,-28760.436,-28799.34,-38.904297,-28765.24,-28793.3,-28.060547,-10.84375
25217,tgtaatcccagctacttg,-28760.436,-28799.348,-38.91211,-28765.24,-28795.113,-29.873047,-9.0390625
24850,ggcgtggtggtgcatgcc,-28760.436,-28799.36,-38.92383,-28765.24,-28799.797,-34.55664,-4.3671875
25221,atcccagctacttgggag,-28760.436,-28799.365,-38.929688,-28765.24,-28807.152,-41.91211,2.9824219
22676,caggtggatcacttgagg,-28760.436,-28799.38,-38.945312,-28765.24,-28797.73,-32.490234,-6.455078
21619,ttttttgtaaagacaggg,-28760.436,-28799.41,-38.97461,-28765.24,-28796.36,-31.11914,-7.8554688
24138,ggtctcgatctcctgacc,-28760.436,-28799.426,-38.990234,-28765.24,-28799.035,-33.79492,-5.1953125
24007,ctgcctcccgggttcaca,-28760.436,-28799.438,-39.001953,-28765.24,-28797.469,-32.228516,-6.7734375
25296,gcaccattgcactccagc,-28760.436,-28799.445,-39.009766,-28765.24,-28797.219,-31.978516,-7.03125
22564,ttgtgccactgcactcca,-28760.436,-28799.457,-39.021484,-28765.24,-28787.5,-22.259766,-16.761719
22409,cagcctggccaacatgat,-28760.436,-28799.469,-39.033203,-28765.24,-28798.7,-33.458984,-5.5742188
25071,gtggctcacgccggtaat,-28760.436,-28799.484,-39.04883,-28765.24,-28774.793,-9.552734,-29.496094
22690,gaggttaggagttcagga,-28760.436,-28799.486,-39.05078,-28765.24,-28794.842,-29.601562,-9.449219
24008,tgcctcccgggttcacac,-28760.436,-28799.486,-39.05078,-28765.24,-28795.906,-30.666016,-8.384766
25638,ctgcaagctctgcctccc,-28760.436,-28799.504,-39.06836,-28765.24,-28792.793,-27.552734,-11.515625
22497,gctacttgggaggctgtg,-28760.436,-28799.51,-39.07422,-28765.24,-28794.742,-29.501953,-9.572266
21989,cgagtagctgggactaca,-28760.436,-28799.523,-39.08789,-28765.24,-28801.996,-36.75586,-2.3320312
25622,gcgcgatcttggctcact,-28760.436,-28799.523,-39.08789,-28765.24,-28798.674,-33.433594,-5.654297
23963,cctaagctggagtgcagt,-28760.436,-28799.527,-39.091797,-28765.24,-28794.217,-28.976562,-10.115234
22072,ctcgatctcctgacctcg,-28760.436,-28799.535,-39.09961,-28765.24,-28794.742,-29.501953,-9.597656
25631,tggctcactgcaagctct,-28760.436,-28799.537,-39.101562,-28765.24,-28793.277,-28.03711,-11.064453
22691,aggttaggagttcaggac,-28760.436,-28799.54,-39.103516,-28765.24,-28796.754,-31.513672,-7.5898438
22842,cagtgagccgagatcaca,-28760.436,-28799.549,-39.11328,-28765.24,-28802.057,-36.816406,-2.296875
25494,cagcttcccgagtagctg,-28760.436,-28799.55,-39.115234,-28765.24,-28805.943,-40.703125,1.5878906
23212,ctgtaatcccagcacttt,-28760.436,-28799.557,-39.121094,-28765.24,-28797.23,-31.990234,-7.1308594
22106,gcctcccaaagtgctggg,-28760.436,-28799.56,-39.125,-28765.24,-28795.72,-30.480469,-8.644531
21875,tttttttgagacggagtc,-28760.436,-28799.576,-39.140625,-28765.24,-28784.41,-19.169922,-19.970703
26144,tcccgagtagctgggact,-28760.436,-28799.59,-39.154297,-28765.24,-28798.441,-33.20117,-5.953125
22078,ctcctgacctcgtgatcc,-28760.436,-28799.596,-39.160156,-28765.24,-28799.32,-34.08008,-5.080078
24092,ttttgtatttttagtaga,-28760.436,-28799.602,-39.166016,-28765.24,-28795.816,-30.576172,-8.589844
24194,ttacaggcgtgagccact,-28760.436,-28799.617,-39.18164,-28765.24,-28793.059,-27.81836,-11.363281
23401,gaggtggagcttgcagtg,-28760.436,-28799.62,-39.183594,-28765.24,-28807.348,-42.10742,2.9238281
25266,agaaggcggaggttgcgg,-28760.436,-28799.623,-39.1875,-28765.24,-28805.164,-39.92383,0.7363281
24189,tgggattacaggcgtgag,-28760.436,-28799.625,-39.189453,-28765.24,-28797.19,-31.949219,-7.2402344
23220,ccagcactttgggaggcc,-28760.436,-28799.629,-39.19336,-28765.24,-28796.938,-31.697266,-7.4960938
25207,ggcgcatgcctgtaatcc,-28760.436,-28799.633,-39.197266,-28765.24,-28798.152,-32.91211,-6.2851562
26405,tgttggccaggctgttct,-28760.436,-28799.645,-39.208984,-28765.24,-28794.812,-29.572266,-9.636719
25683,ctcccgagtagctgggac,-28760.436,-28799.652,-39.216797,-28765.24,-28802.072,-36.83203,-2.3847656
23416,gtgagccgagattgtgcc,-28760.436,-28799.66,-39.22461,-28765.24,-28805.88,-40.640625,1.4160156
26098,ctgcagccttgacctcca,-28760.436,-28799.66,-39.22461,-28765.24,-28778.285,-13.044922,-26.179688
23466,tctgtctcaaaaaataaa,-28760.436,-28799.664,-39.228516,-28765.24,-28780.984,-15.744141,-23.484375
22135,gagccaccgcgcccggcc,-28760.436,-28799.67,-39.234375,-28765.24,-28787.39,-22.15039,-17.083984
25250,agaattgcttgaaccgag,-28760.436,-28799.693,-39.257812,-28765.24,-28789.74,-24.5,-14.7578125
24151,tgacctcgtgatctgcct,-28760.436,-28799.695,-39.259766,-28765.24,-28791.9,-26.660156,-12.599609
25705,ggtgcccgccaccacacc,-28760.436,-28799.7,-39.26367,-28765.24,-28799.004,-33.76367,-5.5
23203,ggctcacgcctgtaatcc,-28760.436,-28799.703,-39.26758,-28765.24,-28797.018,-31.777344,-7.4902344
25107,caaggcaggcgaatcacc,-28760.436,-28799.71,-39.27539,-28765.24,-28793.834,-28.59375,-10.681641
21582,caggtgcctgccaccacg,-28760.436,-28799.723,-39.28711,-28765.24,-28795.086,-29.845703,-9.441406
23197,cacaatggctcacgcctg,-28760.436,-28799.746,-39.310547,-28765.24,-28794.838,-29.597656,-9.712891
22488,gtaatccgagctacttgg,-28760.436,-28799.781,-39.345703,-28765.24,-28803.361,-38.121094,-1.2246094
22650,aatcccagtactttggga,-28760.436,-28799.781,-39.345703,-28765.24,-28789.297,-24.05664,-15.2890625
25596,tctgtcccccaagctgga,-28760.436,-28799.781,-39.345703,-28765.24,-28795.469,-30.228516,-9.1171875
23438,cactccagcctgggcgac,-28760.436,-28799.807,-39.371094,-28765.24,-28802.562,-37.322266,-2.0488281
25114,ggcgaatcacctgaagtc,-28760.436,-28799.812,-39.376953,-28765.24,-28793.076,-27.835938,-11.541016
25219,taatcccagctacttggg,-28760.436,-28799.816,-39.38086,-28765.24,-28794.22,-28.980469,-10.400391
22082,tgacctcgtgatccaccc,-28760.436,-28799.828,-39.39258,-28765.24,-28785.066,-19.826172,-19.566406
25749,gagatggggtttcactgt,-28760.436,-28799.852,-39.416016,-28765.24,-28795.0,-29.759766,-9.65625
22653,cccagtactttgggaggt,-28760.436,-28799.871,-39.435547,-28765.24,-28797.062,-31.822266,-7.6132812
22758,ttagcccagtggcgggca,-28760.436,-28799.879,-39.44336,-28765.24,-28791.473,-26.232422,-13.2109375
22562,gattgtgccactgcactc,-28760.436,-28799.889,-39.453125,-28765.24,-28794.025,-28.785156,-10.667969
25316,gggcaacaagagcgaaac,-28760.436,-28799.898,-39.46289,-28765.24,-28797.686,-32.445312,-7.017578
26057,ctattgctcaggctggag,-28760.436,-28799.914,-39.478516,-28765.24,-28806.418,-41.177734,1.6992188
23969,ctggagtgcagtggcatg,-28760.436,-28799.918,-39.48242,-28765.24,-28797.246,-32.00586,-7.4765625
22493,ccgagctacttgggaggc,-28760.436,-28799.93,-39.49414,-28765.24,-28799.66,-34.41992,-5.0742188
21945,gctccgcctcccgggttc,-28760.436,-28799.932,-39.496094,-28765.24,-28796.19,-30.949219,-8.546875
23992,ggcttactgcaagctctg,-28760.436,-28799.932,-39.496094,-28765.24,-28782.113,-16.873047,-22.623047
25678,tcagcctcccgagtagct,-28760.436,-28799.953,-39.51758,-28765.24,-28796.658,-31.417969,-8.099609
23253,cgaggtcaggagatcgag,-28760.436,-28799.959,-39.523438,-28765.24,-28804.742,-39.501953,-0.021484375
26056,tctattgctcaggctgga,-28760.436,-28799.988,-39.552734,-28765.24,-28797.957,-32.716797,-6.8359375
23219,cccagcactttgggaggc,-28760.436,-28799.99,-39.554688,-28765.24,-28807.148,-41.908203,2.3535156
21455,tttttgagacggagtctt,-28760.436,-28799.994,-39.558594,-28765.24,-28800.715,-35.47461,-4.0839844
24906,tgcttgaacctgggaggt,-28760.436,-28800.02,-39.583984,-28765.24,-28803.691,-38.45117,-1.1328125
22406,gaccagcctggccaacat,-28760.436,-28800.021,-39.585938,-28765.24,-28809.188,-43.947266,4.361328
25151,gaccaacatggagaaacc,-28760.436,-28800.023,-39.58789,-28765.24,-28790.465,-25.22461,-14.363281
22527,ctttaatctgggaggcag,-28760.436,-28800.031,-39.595703,-28765.24,-28802.48,-37.240234,-2.3554688
23345,gcaccttttgtcccagct,-28760.436,-28800.076,-39.640625,-28765.24,-28791.605,-26.365234,-13.275391
22535,tgggaggcagaggttgca,-28760.436,-28800.078,-39.64258,-28765.24,-28814.002,-48.76172,9.119141
22410,agcctggccaacatgatg,-28760.436,-28800.078,-39.64258,-28765.24,-28795.746,-30.50586,-9.136719
24838,caaaattaggcgggcgtg,-28760.436,-28800.082,-39.646484,-28765.24,-28801.502,-36.26172,-3.3847656
25734,tttgtgtttttagtagag,-28760.436,-28800.088,-39.652344,-28765.24,-28799.16,-33.91992,-5.732422
25931,aggtgatccgcccgcctt,-28760.436,-28800.104,-39.66797,-28765.24,-28784.893,-19.652344,-20.015625
26466,agtgctgggattacaggc,-28760.436,-28800.105,-39.66992,-28765.24,-28799.594,-34.353516,-5.3164062
21937,cactgcaagctccgcctc,-28760.436,-28800.11,-39.67383,-28765.24,-28792.78,-27.539062,-12.134766
23257,gtcaggagatcgagacca,-28760.436,-28800.113,-39.677734,-28765.24,-28799.934,-34.69336,-4.984375
21622,tttgtaaagacagggttt,-28760.436,-28800.129,-39.69336,-28765.24,-28798.855,-33.615234,-6.078125
25418,cccaggctggggtgcaat,-28760.436,-28800.137,-39.70117,-28765.24,-28802.266,-37.02539,-2.6757812
23201,atggctcacgcctgtaat,-28760.436,-28800.152,-39.716797,-28765.24,-28793.172,-27.93164,-11.785156
25119,atcacctgaagtcgggag,-28760.436,-28800.152,-39.716797,-28765.24,-28797.764,-32.523438,-7.1933594
26059,attgctcaggctggagtg,-28760.436,-28800.152,-39.716797,-28765.24,-28793.666,-28.425781,-11.291016
22466,ccaggcatggtggcacat,-28760.436,-28800.152,-39.716797,-28765.24,-28802.666,-37.42578,-2.2910156
21996,ctgggactacaggcgccc,-28760.436,-28800.156,-39.720703,-28765.24,-28789.854,-24.613281,-15.107422
21486,ggctggagtgcaatggcg,-28760.436,-28800.17,-39.734375,-28765.24,-28797.998,-32.757812,-6.9765625
25753,tggggtttcactgtgtta,-28760.436,-28800.172,-39.73633,-28765.24,-28791.172,-25.93164,-13.8046875
25447,ggctcactgcaacctccg,-28760.436,-28800.193,-39.757812,-28765.24,-28804.852,-39.61133,-0.14648438
25240,ctgaggcaggagaattgc,-28760.436,-28800.227,-39.791016,-28765.24,-28786.602,-21.361328,-18.429688
25774,aggatggtctcgatctcc,-28760.436,-28800.23,-39.79492,-28765.24,-28798.082,-32.841797,-6.953125
22843,agtgagccgagatcacac,-28760.436,-28800.242,-39.80664,-28765.24,-28794.867,-29.626953,-10.1796875
24715,gggcacggtggctcacac,-28760.436,-28800.244,-39.808594,-28765.24,-28796.604,-31.363281,-8.4453125
25458,acctccgcctcctgggtt,-28760.436,-28800.248,-39.8125,-28765.24,-28783.03,-17.789062,-22.023438
24132,caggatggtctcgatctc,-28760.436,-28800.287,-39.851562,-28765.24,-28798.21,-32.970703,-6.8808594
26475,attacaggcgtgagccac,-28760.436,-28800.287,-39.851562,-28765.24,-28787.357,-22.117188,-17.734375
22079,tcctgacctcgtgatcca,-28760.436,-28800.305,-39.86914,-28765.24,-28796.457,-31.216797,-8.652344
25454,tgcaacctccgcctcctg,-28760.436,-28800.307,-39.871094,-28765.24,-28789.555,-24.314453,-15.556641
25276,ggttgcggtgagccaaga,-28760.436,-28800.328,-39.89258,-28765.24,-28798.064,-32.82422,-7.0683594
25325,gagcgaaactccgtctca,-28760.436,-28800.328,-39.89258,-28765.24,-28791.158,-25.917969,-13.974609
21949,cgcctcccgggttcacgc,-28760.436,-28800.336,-39.90039,-28765.24,-28793.027,-27.78711,-12.113281
25697,ggactacaggtgcccgcc,-28760.436,-28800.342,-39.90625,-28765.24,-28799.84,-34.59961,-5.3066406
25682,cctcccgagtagctggga,-28760.436,-28800.352,-39.916016,-28765.24,-28806.902,-41.66211,1.7460938
24714,cgggcacggtggctcaca,-28760.436,-28800.355,-39.91992,-28765.24,-28797.57,-32.33008,-7.5898438
25264,cgagaaggcggaggttgc,-28760.436,-28800.355,-39.91992,-28765.24,-28794.809,-29.56836,-10.3515625
25645,ctctgcctcccaggttca,-28760.436,-28800.36,-39.92383,-28765.24,-28790.86,-25.61914,-14.3046875
25425,tggggtgcaatggtgcaa,-28760.436,-28800.371,-39.935547,-28765.24,-28791.104,-25.863281,-14.072266
22626,cctggcacggtggctcac,-28760.436,-28800.398,-39.96289,-28765.24,-28792.578,-27.33789,-12.625
22131,gcgtgagccaccgcgccc,-28760.436,-28800.402,-39.966797,-28765.24,-28795.264,-30.023438,-9.943359
25063,tgggcgcagtggctcacg,-28760.436,-28800.414,-39.978516,-28765.24,-28797.93,-32.689453,-7.2890625
22368,ggccgaggcaggcagatc,-28760.436,-28800.422,-39.98633,-28765.24,-28797.697,-32.45703,-7.529297
23995,ttactgcaagctctgcct,-28760.436,-28800.441,-40.00586,-28765.24,-28786.496,-21.25586,-18.75
26273,gctcactgcagcctccgc,-28760.436,-28800.465,-40.029297,-28765.24,-28782.283,-17.042969,-22.986328
25289,caagattgcaccattgca,-28760.436,-28800.49,-40.054688,-28765.24,-28796.896,-31.65625,-8.3984375
22121,gggattacaagcgtgagc,-28760.436,-28800.496,-40.060547,-28765.24,-28791.047,-25.80664,-14.253906
24968,ggcaacaagagcaaaact,-28760.436,-28800.504,-40.06836,-28765.24,-28792.291,-27.050781,-13.017578
21575,gggactacaggtgcctgc,-28760.436,-28800.508,-40.072266,-28765.24,-28798.842,-33.601562,-6.470703
25231,cttgggaggctgaggcag,-28760.436,-28800.512,-40.07617,-28765.24,-28802.18,-36.939453,-3.1367188
25106,ccaaggcaggcgaatcac,-28760.436,-28800.516,-40.08008,-28765.24,-28797.95,-32.708984,-7.3710938
26058,tattgctcaggctggagt,-28760.436,-28800.518,-40.08203,-28765.24,-28790.223,-24.982422,-15.099609
21658,ggtctcaatctcctgacc,-28760.436,-28800.523,-40.08789,-28765.24,-28792.695,-27.455078,-12.6328125
22394,tcaggagtttgagaccag,-28760.436,-28800.527,-40.091797,-28765.24,-28799.781,-34.541016,-5.5507812
23999,tgcaagctctgcctcccg,-28760.436,-28800.54,-40.103516,-28765.24,-28793.527,-28.28711,-11.816406
24774,cctgaggtcgggagttag,-28760.436,-28800.547,-40.11133,-28765.24,-28787.465,-22.22461,-17.886719
22454,aaaaaaatttagccaggc,-28760.436,-28800.56,-40.125,-28765.24,-28795.049,-29.808594,-10.316406
24861,gcatgcctgtaatcccag,-28760.436,-28800.564,-40.128906,-28765.24,-28799.86,-34.61914,-5.5097656
23252,acgaggtcaggagatcga,-28760.436,-28800.568,-40.132812,-28765.24,-28793.547,-28.30664,-11.826172
25258,ttgaaccgagaaggcgga,-28760.436,-28800.574,-40.13867,-28765.24,-28793.875,-28.634766,-11.503906
26224,cagagtcttgctctgtca,-28760.436,-28800.586,-40.15039,-28765.24,-28797.438,-32.197266,-7.953125
22408,ccagcctggccaacatga,-28760.436,-28800.602,-40.166016,-28765.24,-28798.754,-33.51367,-6.6523438
24020,tcacaccattctcctgcc,-28760.436,-28800.605,-40.16992,-28765.24,-28791.371,-26.13086,-14.0390625
22532,atctgggaggcagaggtt,-28760.436,-28800.617,-40.18164,-28765.24,-28801.492,-36.251953,-3.9296875
23975,tgcagtggcatgatcttg,-28760.436,-28800.625,-40.189453,-28765.24,-28795.738,-30.498047,-9.691406
22638,gctcacacctataatccc,-28760.436,-28800.648,-40.21289,-28765.24,-28794.639,-29.398438,-10.814453
25754,ggggtttcactgtgttag,-28760.436,-28800.668,-40.23242,-28765.24,-28794.047,-28.80664,-11.425781
24898,aggagaattgcttgaacc,-28760.436,-28800.672,-40.23633,-28765.24,-28799.105,-33.865234,-6.3710938
26458,cctcccaaagtgctggga,-28760.436,-28800.688,-40.251953,-28765.24,-28803.086,-37.845703,-2.40625
24768,ggatcacctgaggtcggg,-28760.436,-28800.693,-40.257812,-28765.24,-28793.637,-28.396484,-11.861328
21628,aagacagggtttcactgt,-28760.436,-28800.701,-40.265625,-28765.24,-28795.207,-29.966797,-10.298828
25112,caggcgaatcacctgaag,-28760.436,-28800.709,-40.273438,-28765.24,-28799.268,-34.027344,-6.2460938
22117,tgctgggattacaagcgt,-28760.436,-28800.719,-40.283203,-28765.24,-28798.807,-33.566406,-6.716797
25706,gtgcccgccaccacaccc,-28760.436,-28800.719,-40.283203,-28765.24,-28794.512,-29.271484,-11.011719
25131,cgggagttccagatcagc,-28760.436,-28800.736,-40.30078,-28765.24,-28787.004,-21.763672,-18.53711
25689,agtagctgggactacagg,-28760.436,-28800.754,-40.31836,-28765.24,-28796.232,-30.992188,-9.326172
23379,caggagagtggcgtgaac,-28760.436,-28800.758,-40.322266,-28765.24,-28792.21,-26.970703,-13.3515625
22471,catggtggcacatgcctg,-28760.436,-28800.758,-40.322266,-28765.24,-28792.553,-27.3125,-13.009766
24759,gaggcaggcggatcacct,-28760.436,-28800.773,-40.33789,-28765.24,-28804.719,-39.478516,-0.859375
22090,tgatccacccgcctcggc,-28760.436,-28800.773,-40.33789,-28765.24,-28789.152,-23.91211,-16.425781
25307,ctccagcctgggcaacaa,-28760.436,-28800.781,-40.345703,-28765.24,-28795.389,-30.148438,-10.197266
25237,aggctgaggcaggagaat,-28760.436,-28800.791,-40.35547,-28765.24,-28798.857,-33.617188,-6.7382812
23324,attagccgggcatgttgg,-28760.436,-28800.809,-40.373047,-28765.24,-28809.66,-44.41992,4.046875
23221,cagcactttgggaggcca,-28760.436,-28800.812,-40.376953,-28765.24,-28812.379,-47.13867,6.7617188
24959,tccagcctgggcaacaag,-28760.436,-28800.824,-40.38867,-28765.24,-28802.281,-37.041016,-3.3476562
25776,gatggtctcgatctcctg,-28760.436,-28800.828,-40.39258,-28765.24,-28784.176,-18.935547,-21.457031
24162,tctgcctgcctaggcctc,-28760.436,-28800.828,-40.39258,-28765.24,-28792.172,-26.93164,-13.4609375
22048,gtagagacggggtttcac,-28760.436,-28800.83,-40.39453,-28765.24,-28786.219,-20.978516,-19.416016
22083,gacctcgtgatccacccg,-28760.436,-28800.832,-40.396484,-28765.24,-28791.168,-25.927734,-14.46875
21890,gtctcgctctgtcaccca,-28760.436,-28800.832,-40.396484,-28765.24,-28793.145,-27.904297,-12.4921875
26222,gacagagtcttgctctgt,-28760.436,-28800.84,-40.404297,-28765.24,-28788.887,-23.646484,-16.757812
22396,aggagtttgagaccagcc,-28760.436,-28800.857,-40.421875,-28765.24,-28799.035,-33.79492,-6.626953
23412,tgcagtgagccgagattg,-28760.436,-28800.873,-40.4375,-28765.24,-28796.457,-31.216797,-9.220703
23214,gtaatcccagcactttgg,-28760.436,-28800.873,-40.4375,-28765.24,-28801.438,-36.197266,-4.2402344
25120,tcacctgaagtcgggagt,-28760.436,-28800.883,-40.447266,-28765.24,-28798.133,-32.89258,-7.5546875
21931,tcggctcactgcaagctc,-28760.436,-28800.895,-40.458984,-28765.24,-28797.906,-32.666016,-7.7929688
23997,actgcaagctctgcctcc,-28760.436,-28800.9,-40.464844,-28765.24,-28788.365,-23.125,-17.339844
23435,gtgcactccagcctgggc,-28760.436,-28800.91,-40.47461,-28765.24,-28809.168,-43.927734,3.453125
25433,aatggtgcaatctcggct,-28760.436,-28800.918,-40.48242,-28765.24,-28793.434,-28.19336,-12.2890625
26275,tcactgcagcctccgcct,-28760.436,-28800.922,-40.48633,-28765.24,-28791.504,-26.263672,-14.222656
22662,ttgggaggtagaggcagg,-28760.436,-28800.938,-40.501953,-28765.24,-28791.3,-26.060547,-14.441406
22789,ctacttgagaggttgagg,-28760.436,-28800.96,-40.52539,-28765.24,-28795.424,-30.183594,-10.341797
24712,gccgggcacggtggctca,-28760.436,-28800.965,-40.529297,-28765.24,-28795.414,-30.173828,-10.355469
22522,aattgctttaatctggga,-28760.436,-28800.965,-40.529297,-28765.24,-28793.305,-28.064453,-12.464844
23224,cactttgggaggccaggg,-28760.436,-28800.967,-40.53125,-28765.24,-28802.758,-37.51758,-3.0136719
25460,ctccgcctcctgggttca,-28760.436,-28800.973,-40.53711,-28765.24,-28793.586,-28.345703,-12.191406
21445,tttttttttttttttgag,-28760.436,-28800.975,-40.539062,-28765.24,-28787.422,-22.18164,-18.357422
24054,ctgggactacaggcgtgt,-28760.436,-28800.98,-40.54492,-28765.24,-28804.318,-39.078125,-1.4667969
25306,actccagcctgggcaaca,-28760.436,-28800.984,-40.54883,-28765.24,-28802.375,-37.134766,-3.4140625
25319,caacaagagcgaaactcc,-28760.436,-28800.992,-40.55664,-28765.24,-28799.473,-34.23242,-6.3242188
22523,attgctttaatctgggag,-28760.436,-28800.992,-40.55664,-28765.24,-28795.566,-30.326172,-10.230469
25455,gcaacctccgcctcctgg,-28760.436,-28800.992,-40.55664,-28765.24,-28792.273,-27.033203,-13.5234375
24896,gcaggagaattgcttgaa,-28760.436,-28801.012,-40.57617,-28765.24,-28789.65,-24.410156,-16.166016
24764,aggcggatcacctgaggt,-28760.436,-28801.016,-40.58008,-28765.24,-28798.273,-33.033203,-7.546875
25157,catggagaaaccctgtct,-28760.436,-28801.025,-40.589844,-28765.24,-28801.67,-36.429688,-4.1601562
25445,tcggctcactgcaacctc,-28760.436,-28801.03,-40.59375,-28765.24,-28798.832,-33.591797,-7.001953
22107,cctcccaaagtgctggga,-28760.436,-28801.03,-40.59375,-28765.24,-28800.805,-35.564453,-5.029297
25287,gccaagattgcaccattg,-28760.436,-28801.031,-40.595703,-28765.24,-28786.76,-21.519531,-19.076172
21666,tctcctgaccccgtgatc,-28760.436,-28801.037,-40.601562,-28765.24,-28789.434,-24.19336,-16.408203
23385,agtggcgtgaacccagga,-28760.436,-28801.04,-40.603516,-28765.24,-28795.87,-30.628906,-9.974609
25103,aggccaaggcaggcgaat,-28760.436,-28801.059,-40.623047,-28765.24,-28798.484,-33.24414,-7.3789062
25234,gggaggctgaggcaggag,-28760.436,-28801.072,-40.63672,-28765.24,-28797.453,-32.21289,-8.423828
24948,cctcattgcactccagcc,-28760.436,-28801.088,-40.652344,-28765.24,-28792.557,-27.316406,-13.3359375
26101,cagccttgacctccaggg,-28760.436,-28801.092,-40.65625,-28765.24,-28792.277,-27.03711,-13.619141
24851,gcgtggtggtgcatgcct,-28760.436,-28801.104,-40.66797,-28765.24,-28794.527,-29.28711,-11.380859
21577,gactacaggtgcctgcca,-28760.436,-28801.11,-40.67383,-28765.24,-28800.402,-35.16211,-5.5117188
25197,cgggcatggtggcgcatg,-28760.436,-28801.117,-40.68164,-28765.24,-28801.184,-35.94336,-4.7382812
24853,gtggtggtgcatgcctgt,-28760.436,-28801.125,-40.689453,-28765.24,-28804.895,-39.654297,-1.0351562
21459,tgagacggagtcttgctc,-28760.436,-28801.129,-40.69336,-28765.24,-28801.848,-36.60742,-4.0859375
24971,aacaagagcaaaactcca,-28760.436,-28801.137,-40.70117,-28765.24,-28794.203,-28.96289,-11.738281
24952,attgcactccagcctggg,-28760.436,-28801.14,-40.70508,-28765.24,-28795.14,-29.90039,-10.8046875
22108,ctcccaaagtgctgggat,-28760.436,-28801.145,-40.708984,-28765.24,-28802.912,-37.671875,-3.0371094
25453,ctgcaacctccgcctcct,-28760.436,-28801.148,-40.71289,-28765.24,-28795.037,-29.796875,-10.916016
25215,cctgtaatcccagctact,-28760.436,-28801.164,-40.728516,-28765.24,-28798.348,-33.10742,-7.6210938
23226,ctttgggaggccagggca,-28760.436,-28801.164,-40.728516,-28765.24,-28807.387,-42.146484,1.4179688
24769,gatcacctgaggtcggga,-28760.436,-28801.168,-40.73242,-28765.24,-28798.172,-32.93164,-7.8007812
23407,gagcttgcagtgagccga,-28760.436,-28801.18,-40.74414,-28765.24,-28803.398,-38.158203,-2.5859375
21637,tttcactgtgttagccag,-28760.436,-28801.182,-40.746094,-28765.24,-28796.816,-31.576172,-9.169922
25428,ggtgcaatggtgcaatct,-28760.436,-28801.215,-40.779297,-28765.24,-28790.738,-25.498047,-15.28125
22383,atcacttgaggtcaggag,-28760.436,-28801.215,-40.779297,-28765.24,-28803.695,-38.45508,-2.3242188
25167,ccctgtctctactaaaaa,-28760.436,-28801.225,-40.789062,-28765.24,-28794.318,-29.078125,-11.7109375
22551,cagtgagttgagattgtg,-28760.436,-28801.227,-40.791016,-28765.24,-28805.34,-40.09961,-0.69140625
21635,ggtttcactgtgttagcc,-28760.436,-28801.246,-40.810547,-28765.24,-28799.049,-33.808594,-7.001953
23386,gtggcgtgaacccaggag,-28760.436,-28801.25,-40.814453,-28765.24,-28800.422,-35.18164,-5.6328125
25607,agctggagtgcagcggcg,-28760.436,-28801.285,-40.84961,-28765.24,-28797.371,-32.13086,-8.71875
22550,gcagtgagttgagattgt,-28760.436,-28801.287,-40.851562,-28765.24,-28796.598,-31.357422,-9.494141
24181,caaagtgctgggattaca,-28760.436,-28801.293,-40.85742,-28765.24,-28806.596,-41.35547,0.49804688
24156,tcgtgatctgcctgccta,-28760.436,-28801.3,-40.865234,-28765.24,-28786.451,-21.210938,-19.654297
25755,gggtttcactgtgttagc,-28760.436,-28801.3,-40.865234,-28765.24,-28795.0,-29.759766,-11.105469
23418,gagccgagattgtgccag,-28760.436,-28801.3,-40.865234,-28765.24,-28786.783,-21.542969,-19.322266
25603,cccaagctggagtgcagc,-28760.436,-28801.309,-40.873047,-28765.24,-28798.996,-33.75586,-7.1171875
22501,cttgggaggctgtggcag,-28760.436,-28801.31,-40.875,-28765.24,-28791.691,-26.451172,-14.423828
23431,gccagtgcactccagcct,-28760.436,-28801.328,-40.89258,-28765.24,-28812.107,-46.867188,5.9746094
22076,atctcctgacctcgtgat,-28760.436,-28801.355,-40.91992,-28765.24,-28793.436,-28.195312,-12.724609
24106,tagagatggggtttcacc,-28760.436,-28801.367,-40.93164,-28765.24,-28799.186,-33.945312,-6.986328
25733,ttttgtgtttttagtaga,-28760.436,-28801.379,-40.94336,-28765.24,-28802.404,-37.164062,-3.7792969
25183,aatacaaaactagccggg,-28760.436,-28801.402,-40.966797,-28765.24,-28803.477,-38.23633,-2.7304688
25148,cctgaccaacatggagaa,-28760.436,-28801.432,-40.996094,-28765.24,-28801.139,-35.898438,-5.0976562
21644,gtgttagccaggatggtc,-28760.436,-28801.438,-41.001953,-28765.24,-28795.098,-29.857422,-11.144531
25410,ccctgtcacccaggctgg,-28760.436,-28801.45,-41.01367,-28765.24,-28803.068,-37.828125,-3.1855469
25084,gtaatcccaacactttgg,-28760.436,-28801.457,-41.021484,-28765.24,-28793.633,-28.392578,-12.628906
25216,ctgtaatcccagctactt,-28760.436,-28801.457,-41.021484,-28765.24,-28792.05,-26.810547,-14.2109375
25135,agttccagatcagcctga,-28760.436,-28801.459,-41.023438,-28765.24,-28785.84,-20.59961,-20.423828
22841,gcagtgagccgagatcac,-28760.436,-28801.465,-41.029297,-28765.24,-28803.629,-38.38867,-2.640625
25245,gcaggagaattgcttgaa,-28760.436,-28801.47,-41.035156,-28765.24,-28781.672,-16.43164,-24.603516
25703,caggtgcccgccaccaca,-28760.436,-28801.5,-41.064453,-28765.24,-28793.508,-28.267578,-12.796875
24725,gctcacacctgtaatccc,-28760.436,-28801.504,-41.06836,-28765.24,-28793.75,-28.509766,-12.558594
25613,agtgcagcggcgcgatct,-28760.436,-28801.523,-41.08789,-28765.24,-28804.676,-39.435547,-1.6523438
26453,ctcggcctcccaaagtgc,-28760.436,-28801.523,-41.08789,-28765.24,-28789.52,-24.279297,-16.808594
22663,tgggaggtagaggcaggt,-28760.436,-28801.553,-41.117188,-28765.24,-28805.229,-39.98828,-1.1289062
22468,aggcatggtggcacatgc,-28760.436,-28801.57,-41.134766,-28765.24,-28806.684,-41.44336,0.30859375
23394,aacccaggaggtggagct,-28760.436,-28801.57,-41.134766,-28765.24,-28798.734,-33.49414,-7.640625
22622,aaggcctggcacggtggc,-28760.436,-28801.578,-41.14258,-28765.24,-28793.156,-27.916016,-13.2265625
21630,gacagggtttcactgtgt,-28760.436,-28801.58,-41.14453,-28765.24,-28796.98,-31.740234,-9.404297
24899,ggagaattgcttgaacct,-28760.436,-28801.596,-41.160156,-28765.24,-28800.984,-35.74414,-5.4160156
25092,aacactttgggaggccaa,-28760.436,-28801.596,-41.160156,-28765.24,-28806.045,-40.804688,-0.35546875
24854,tggtggtgcatgcctgta,-28760.436,-28801.602,-41.166016,-28765.24,-28798.492,-33.251953,-7.9140625
25094,cactttgggaggccaagg,-28760.436,-28801.62,-41.183594,-28765.24,-28803.121,-37.88086,-3.3027344
22386,acttgaggtcaggagttt,-28760.436,-28801.621,-41.185547,-28765.24,-28799.596,-34.35547,-6.830078
25121,cacctgaagtcgggagtt,-28760.436,-28801.633,-41.197266,-28765.24,-28806.477,-41.23633,0.0390625
23973,agtgcagtggcatgatct,-28760.436,-28801.654,-41.21875,-28765.24,-28800.668,-35.427734,-5.7910156
24871,aatcccagctactcagga,-28760.436,-28801.662,-41.226562,-28765.24,-28801.262,-36.021484,-5.205078
23453,gacagagcgagactctgt,-28760.436,-28801.668,-41.23242,-28765.24,-28794.855,-29.615234,-11.6171875
22850,cgagatcacaccgctgca,-28760.436,-28801.688,-41.251953,-28765.24,-28790.342,-25.101562,-16.15039
22015,ccaccacgcccggctaat,-28760.436,-28801.715,-41.279297,-28765.24,-28791.684,-26.44336,-14.8359375
25680,agcctcccgagtagctgg,-28760.436,-28801.73,-41.29492,-28765.24,-28804.023,-38.783203,-2.5117188
22455,aaaaaatttagccaggca,-28760.436,-28801.73,-41.29492,-28765.24,-28799.365,-34.125,-7.169922
24736,taatcccagcactttggg,-28760.436,-28801.73,-41.29492,-28765.24,-28810.395,-45.154297,3.859375
23239,gggcaggtggatcacgag,-28760.436,-28801.736,-41.30078,-28765.24,-28795.81,-30.570312,-10.730469
24136,atggtctcgatctcctga,-28760.436,-28801.742,-41.30664,-28765.24,-28799.271,-34.03125,-7.2753906
25466,ctcctgggttcaagtgat,-28760.436,-28801.762,-41.32617,-28765.24,-28789.535,-24.294922,-17.03125
25089,cccaacactttgggaggc,-28760.436,-28801.766,-41.33008,-28765.24,-28799.3,-34.060547,-7.2695312
21470,cttgctctgttgcccagg,-28760.436,-28801.77,-41.333984,-28765.24,-28796.791,-31.550781,-9.783203
26219,tgagacagagtcttgctc,-28760.436,-28801.79,-41.353516,-28765.24,-28792.613,-27.373047,-13.980469
21932,cggctcactgcaagctcc,-28760.436,-28801.797,-41.36133,-28765.24,-28796.998,-31.757812,-9.603516
21907,aggctggagtacagtggc,-28760.436,-28801.805,-41.36914,-28765.24,-28797.12,-31.878906,-9.490234
22369,gccgaggcaggcagatca,-28760.436,-28801.805,-41.36914,-28765.24,-28800.93,-35.689453,-5.6796875
21883,agacggagtctcgctctg,-28760.436,-28801.82,-41.384766,-28765.24,-28791.957,-26.716797,-14.667969
24135,gatggtctcgatctcctg,-28760.436,-28801.83,-41.39453,-28765.24,-28800.94,-35.69922,-5.6953125
22089,gtgatccacccgcctcgg,-28760.436,-28801.83,-41.39453,-28765.24,-28802.924,-37.683594,-3.7109375
25406,tttgccctgtcacccagg,-28760.436,-28801.838,-41.402344,-28765.24,-28785.42,-20.179688,-21.222656
25317,ggcaacaagagcgaaact,-28760.436,-28801.84,-41.404297,-28765.24,-28796.775,-31.535156,-9.869141
25122,acctgaagtcgggagttc,-28760.436,-28801.852,-41.416016,-28765.24,-28801.182,-35.941406,-5.4746094
25241,tgaggcaggagaattgct,-28760.436,-28801.86,-41.42383,-28765.24,-28791.984,-26.74414,-14.6796875
23413,gcagtgagccgagattgt,-28760.436,-28801.865,-41.429688,-28765.24,-28798.32,-33.08008,-8.349609
24196,acaggcgtgagccactgc,-28760.436,-28801.865,-41.429688,-28765.24,-28795.379,-30.138672,-11.291016
24003,agctctgcctcccgggtt,-28760.436,-28801.887,-41.45117,-28765.24,-28804.502,-39.26172,-2.1894531
22852,agatcacaccgctgcact,-28760.436,-28801.895,-41.458984,-28765.24,-28789.656,-24.416016,-17.042969
21943,aagctccgcctcccgggt,-28760.436,-28801.902,-41.466797,-28765.24,-28795.232,-29.992188,-11.474609
25758,tttcactgtgttagccag,-28760.436,-28801.914,-41.478516,-28765.24,-28803.316,-38.07617,-3.4023438
24708,ataggccgggcacggtgg,-28760.436,-28801.916,-41.48047,-28765.24,-28795.168,-29.927734,-11.552734
21987,tccgagtagctgggacta,-28760.436,-28801.924,-41.48828,-28765.24,-28794.273,-29.033203,-12.455078
23959,gtctcctaagctggagtg,-28760.436,-28801.926,-41.490234,-28765.24,-28797.215,-31.97461,-9.515625
22477,ggcacatgcctgtaatcc,-28760.436,-28801.95,-41.51367,-28765.24,-28791.328,-26.08789,-15.425781
24147,ctcctgacctcgtgatct,-28760.436,-28801.957,-41.521484,-28765.24,-28797.473,-32.23242,-9.2890625
23387,tggcgtgaacccaggagg,-28760.436,-28801.957,-41.521484,-28765.24,-28809.94,-44.69922,3.1777344
24760,aggcaggcggatcacctg,-28760.436,-28801.957,-41.521484,-28765.24,-28805.355,-40.115234,-1.40625
25212,atgcctgtaatcccagct,-28760.436,-28801.965,-41.529297,-28765.24,-28805.576,-40.335938,-1.1933594
22496,agctacttgggaggctgt,-28760.436,-28801.965,-41.529297,-28765.24,-28789.527,-24.28711,-17.242188
26103,gccttgacctccagggct,-28760.436,-28802.006,-41.570312,-28765.24,-28786.559,-21.31836,-20.251953
24951,cattgcactccagcctgg,-28760.436,-28802.008,-41.572266,-28765.24,-28790.834,-25.59375,-15.978516
21997,tgggactacaggcgcccg,-28760.436,-28802.008,-41.572266,-28765.24,-28796.66,-31.419922,-10.152344
21495,gcaatggcgtgatcttgg,-28760.436,-28802.014,-41.578125,-28765.24,-28795.275,-30.035156,-11.542969
22133,gtgagccaccgcgcccgg,-28760.436,-28802.055,-41.61914,-28765.24,-28790.703,-25.46289,-16.15625
25599,gtcccccaagctggagtg,-28760.436,-28802.055,-41.61914,-28765.24,-28791.883,-26.642578,-14.9765625
22096,acccgcctcggcctccca,-28760.436,-28802.059,-41.623047,-28765.24,-28790.215,-24.97461,-16.648438
22391,aggtcaggagtttgagac,-28760.436,-28802.064,-41.628906,-28765.24,-28809.836,-44.595703,2.9667969
24868,tgtaatcccagctactca,-28760.436,-28802.084,-41.648438,-28765.24,-28794.57,-29.330078,-12.318359
23451,gcgacagagcgagactct,-28760.436,-28802.09,-41.654297,-28765.24,-28792.197,-26.957031,-14.697266
26459,ctcccaaagtgctgggat,-28760.436,-28802.09,-41.654297,-28765.24,-28801.82,-36.58008,-5.0742188
25717,cacacccggctaattttt,-28760.436,-28802.105,-41.66992,-28765.24,-28787.277,-22.03711,-19.632812
24856,gtggtgcatgcctgtaat,-28760.436,-28802.11,-41.67383,-28765.24,-28801.807,-36.566406,-5.107422
21933,ggctcactgcaagctccg,-28760.436,-28802.111,-41.67578,-28765.24,-28796.912,-31.671875,-10.003906
25429,gtgcaatggtgcaatctc,-28760.436,-28802.115,-41.679688,-28765.24,-28797.66,-32.41992,-9.259766
21953,tcccgggttcacgccatt,-28760.436,-28802.12,-41.683594,-28765.24,-28788.953,-23.71289,-17.970703
22812,gaatcacttgaacctggg,-28760.436,-28802.125,-41.689453,-28765.24,-28801.777,-36.53711,-5.1523438
25893,tctccatgttggtcaggc,-28760.436,-28802.129,-41.69336,-28765.24,-28793.89,-28.65039,-13.042969
24001,caagctctgcctcccggg,-28760.436,-28802.145,-41.708984,-28765.24,-28806.258,-41.01758,-0.69140625
22370,ccgaggcaggcagatcac,-28760.436,-28802.146,-41.710938,-28765.24,-28791.621,-26.38086,-15.330078
24716,ggcacggtggctcacacc,-28760.436,-28802.148,-41.71289,-28765.24,-28803.613,-38.373047,-3.3398438
21456,ttttgagacggagtcttg,-28760.436,-28802.148,-41.71289,-28765.24,-28794.629,-29.388672,-12.324219
21650,gccaggatggtctcaatc,-28760.436,-28802.148,-41.71289,-28765.24,-28799.16,-33.91992,-7.7929688
24722,gtggctcacacctgtaat,-28760.436,-28802.156,-41.720703,-28765.24,-28798.43,-33.189453,-8.53125
22405,agaccagcctggccaaca,-28760.436,-28802.188,-41.751953,-28765.24,-28798.043,-32.802734,-8.949219
25730,tttttttgtgtttttagt,-28760.436,-28802.24,-41.804688,-28765.24,-28794.178,-28.9375,-12.8671875
22499,tacttgggaggctgtggc,-28760.436,-28802.262,-41.82617,-28765.24,-28796.365,-31.125,-10.701172
24869,gtaatcccagctactcag,-28760.436,-28802.262,-41.82617,-28765.24,-28797.309,-32.06836,-9.7578125
25271,gcggaggttgcggtgagc,-28760.436,-28802.262,-41.82617,-28765.24,-28810.426,-45.185547,3.359375
24963,gcctgggcaacaagagca,-28760.436,-28802.264,-41.828125,-28765.24,-28800.445,-35.20508,-6.623047
22377,aggcagatcacttgaggt,-28760.436,-28802.28,-41.84375,-28765.24,-28796.89,-31.65039,-10.193359
22411,gcctggccaacatgatga,-28760.436,-28802.285,-41.84961,-28765.24,-28800.13,-34.890625,-6.9589844
25290,aagattgcaccattgcac,-28760.436,-28802.291,-41.85547,-28765.24,-28803.773,-38.533203,-3.3222656
22380,cagatcacttgaggtcag,-28760.436,-28802.293,-41.85742,-28765.24,-28806.332,-41.091797,-0.765625
25799,ttgatccacccgcctcag,-28760.436,-28802.312,-41.876953,-28765.24,-28791.852,-26.611328,-15.265625
24872,atcccagctactcaggag,-28760.436,-28802.324,-41.88867,-28765.24,-28798.023,-32.783203,-9.105469
21940,tgcaagctccgcctcccg,-28760.436,-28802.326,-41.890625,-28765.24,-28807.27,-42.029297,0.13867188
24139,gtctcgatctcctgacct,-28760.436,-28802.326,-41.890625,-28765.24,-28794.479,-29.238281,-12.652344
22376,caggcagatcacttgagg,-28760.436,-28802.332,-41.896484,-28765.24,-28797.816,-32.57617,-9.3203125
22677,aggtggatcacttgaggt,-28760.436,-28802.344,-41.908203,-28765.24,-28793.268,-28.027344,-13.880859
24877,agctactcaggaggctga,-28760.436,-28802.365,-41.929688,-28765.24,-28802.572,-37.33203,-4.5976562
25312,gcctgggcaacaagagcg,-28760.436,-28802.375,-41.939453,-28765.24,-28809.613,-44.373047,2.4335938
24170,cctaggcctcccaaagtg,-28760.436,-28802.406,-41.970703,-28765.24,-28794.248,-29.007812,-12.962891
25220,aatcccagctacttggga,-28760.436,-28802.41,-41.97461,-28765.24,-28804.283,-39.04297,-2.9316406
21461,agacggagtcttgctctg,-28760.436,-28802.41,-41.97461,-28765.24,-28800.504,-35.26367,-6.7109375
21488,ctggagtgcaatggcgtg,-28760.436,-28802.41,-41.97461,-28765.24,-28801.504,-36.26367,-5.7109375
23281,ctaacatggtgaaacccc,-28760.436,-28802.412,-41.976562,-28765.24,-28793.148,-27.908203,-14.068359
21881,tgagacggagtctcgctc,-28760.436,-28802.43,-41.99414,-28765.24,-28789.383,-24.142578,-17.851562
24104,agtagagatggggtttca,-28760.436,-28802.44,-42.003906,-28765.24,-28795.334,-30.09375,-11.910156
24051,tagctgggactacaggcg,-28760.436,-28802.441,-42.00586,-28765.24,-28790.96,-25.720703,-16.285156
26396,gttttgccatgttggcca,-28760.436,-28802.441,-42.00586,-28765.24,-28793.04,-27.798828,-14.207031
26399,ttgccatgttggccaggc,-28760.436,-28802.445,-42.009766,-28765.24,-28800.707,-35.466797,-6.5429688
26456,ggcctcccaaagtgctgg,-28760.436,-28802.465,-42.029297,-28765.24,-28804.145,-38.904297,-3.125
24197,caggcgtgagccactgca,-28760.436,-28802.465,-42.029297,-28765.24,-28803.18,-37.939453,-4.0898438
23286,atggtgaaaccccgtctc,-28760.436,-28802.467,-42.03125,-28765.24,-28790.523,-25.283203,-16.748047
25620,cggcgcgatcttggctca,-28760.436,-28802.467,-42.03125,-28765.24,-28795.902,-30.66211,-11.369141
23320,acaaattagccgggcatg,-28760.436,-28802.477,-42.041016,-28765.24,-28796.29,-31.048828,-10.9921875
25642,aagctctgcctcccaggt,-28760.436,-28802.49,-42.054688,-28765.24,-28807.43,-42.189453,0.13476562
26051,ctcactctattgctcagg,-28760.436,-28802.492,-42.05664,-28765.24,-28793.104,-27.863281,-14.193359
21903,acccaggctggagtacag,-28760.436,-28802.5,-42.064453,-28765.24,-28796.404,-31.164062,-10.900391
24763,caggcggatcacctgagg,-28760.436,-28802.504,-42.06836,-28765.24,-28804.535,-39.29492,-2.7734375
25767,gttagccaggatggtctc,-28760.436,-28802.516,-42.08008,-28765.24,-28802.584,-37.34375,-4.736328
21462,gacggagtcttgctctgt,-28760.436,-28802.52,-42.083984,-28765.24,-28799.049,-33.808594,-8.275391
23282,taacatggtgaaaccccg,-28760.436,-28802.52,-42.083984,-28765.24,-28798.857,-33.617188,-8.466797
22132,cgtgagccaccgcgcccg,-28760.436,-28802.531,-42.095703,-28765.24,-28807.598,-42.35742,0.26171875
24957,actccagcctgggcaaca,-28760.436,-28802.535,-42.09961,-28765.24,-28793.734,-28.49414,-13.605469
21876,ttttttgagacggagtct,-28760.436,-28802.545,-42.109375,-28765.24,-28795.559,-30.31836,-11.791016
22785,ccagctacttgagaggtt,-28760.436,-28802.549,-42.11328,-28765.24,-28793.691,-28.451172,-13.662109
23199,caatggctcacgcctgta,-28760.436,-28802.564,-42.128906,-28765.24,-28794.77,-29.529297,-12.599609
22757,cttagcccagtggcgggc,-28760.436,-28802.576,-42.140625,-28765.24,-28785.334,-20.09375,-22.046875
22548,ttgcagtgagttgagatt,-28760.436,-28802.584,-42.148438,-28765.24,-28800.547,-35.30664,-6.841797
25750,agatggggtttcactgtg,-28760.436,-28802.607,-42.171875,-28765.24,-28797.262,-32.021484,-10.150391
23415,agtgagccgagattgtgc,-28760.436,-28802.61,-42.17383,-28765.24,-28804.303,-39.0625,-3.1113281
22552,agtgagttgagattgtgc,-28760.436,-28802.625,-42.189453,-28765.24,-28807.553,-42.3125,0.123046875
25639,tgcaagctctgcctccca,-28760.436,-28802.637,-42.20117,-28765.24,-28784.977,-19.736328,-22.464844
21930,ctcggctcactgcaagct,-28760.436,-28802.64,-42.20508,-28765.24,-28796.664,-31.423828,-10.78125
23242,caggtggatcacgaggtc,-28760.436,-28802.645,-42.208984,-28765.24,-28807.947,-42.70703,0.49804688
25459,cctccgcctcctgggttc,-28760.436,-28802.652,-42.216797,-28765.24,-28794.455,-29.214844,-13.001953
25199,ggcatggtggcgcatgcc,-28760.436,-28802.658,-42.222656,-28765.24,-28804.07,-38.83008,-3.3925781
21935,ctcactgcaagctccgcc,-28760.436,-28802.695,-42.259766,-28765.24,-28802.21,-36.970703,-5.2890625
26232,tgctctgtcacccaggct,-28760.436,-28802.703,-42.26758,-28765.24,-28789.033,-23.792969,-18.47461
25124,ctgaagtcgggagttcca,-28760.436,-28802.709,-42.273438,-28765.24,-28796.12,-30.878906,-11.394531
23325,ttagccgggcatgttggc,-28760.436,-28802.723,-42.28711,-28765.24,-28812.238,-46.998047,4.7109375
22686,acttgaggttaggagttc,-28760.436,-28802.729,-42.29297,-28765.24,-28792.582,-27.341797,-14.951172
24193,attacaggcgtgagccac,-28760.436,-28802.729,-42.29297,-28765.24,-28789.523,-24.283203,-18.009766
21992,gtagctgggactacaggc,-28760.436,-28802.73,-42.29492,-28765.24,-28805.012,-39.771484,-2.5234375
25404,gttttgccctgtcaccca,-28760.436,-28802.734,-42.29883,-28765.24,-28789.55,-24.310547,-17.988281
25618,agcggcgcgatcttggct,-28760.436,-28802.746,-42.310547,-28765.24,-28789.004,-23.763672,-18.546875
25109,aggcaggcgaatcacctg,-28760.436,-28802.752,-42.316406,-28765.24,-28797.07,-31.830078,-10.486328
22526,gctttaatctgggaggca,-28760.436,-28802.771,-42.335938,-28765.24,-28795.992,-30.751953,-11.583984
26454,tcggcctcccaaagtgct,-28760.436,-28802.785,-42.34961,-28765.24,-28798.668,-33.427734,-8.921875
25201,catggtggcgcatgcctg,-28760.436,-28802.79,-42.353516,-28765.24,-28798.484,-33.24414,-9.109375
24771,tcacctgaggtcgggagt,-28760.436,-28802.79,-42.353516,-28765.24,-28801.076,-35.835938,-6.517578
26463,caaagtgctgggattaca,-28760.436,-28802.791,-42.35547,-28765.24,-28797.883,-32.64258,-9.712891
25284,tgagccaagattgcacca,-28760.436,-28802.8,-42.365234,-28765.24,-28795.66,-30.419922,-11.9453125
22365,tgaggccgaggcaggcag,-28760.436,-28802.812,-42.376953,-28765.24,-28797.615,-32.375,-10.001953
21473,gctctgttgcccaggctg,-28760.436,-28802.82,-42.384766,-28765.24,-28804.354,-39.11328,-3.2714844
22665,ggaggtagaggcaggtgg,-28760.436,-28802.824,-42.38867,-28765.24,-28795.113,-29.873047,-12.515625
25182,aaatacaaaactagccgg,-28760.436,-28802.834,-42.398438,-28765.24,-28797.139,-31.898438,-10.5
22559,tgagattgtgccactgca,-28760.436,-28802.844,-42.408203,-28765.24,-28793.236,-27.996094,-14.412109
23984,atgatcttggcttactgc,-28760.436,-28802.855,-42.41992,-28765.24,-28785.451,-20.210938,-22.208984
22657,gtactttgggaggtagag,-28760.436,-28802.875,-42.439453,-28765.24,-28796.225,-30.984375,-11.455078
23964,ctaagctggagtgcagtg,-28760.436,-28802.879,-42.44336,-28765.24,-28804.805,-39.564453,-2.8789062
22668,ggtagaggcaggtggatc,-28760.436,-28802.879,-42.44336,-28765.24,-28798.76,-33.51953,-8.923828
26060,ttgctcaggctggagtgc,-28760.436,-28802.887,-42.45117,-28765.24,-28798.309,-33.06836,-9.3828125
25605,caagctggagtgcagcgg,-28760.436,-28802.893,-42.45703,-28765.24,-28801.324,-36.083984,-6.373047
21991,agtagctgggactacagg,-28760.436,-28802.91,-42.47461,-28765.24,-28790.955,-25.714844,-16.759766
24190,gggattacaggcgtgagc,-28760.436,-28802.926,-42.490234,-28765.24,-28818.568,-53.328125,10.837891
23367,gggaggctgaggcaggag,-28760.436,-28802.945,-42.509766,-28765.24,-28803.465,-38.22461,-4.2851562
25710,ccgccaccacacccggct,-28760.436,-28802.947,-42.51172,-28765.24,-28791.463,-26.222656,-16.289062
23265,atcgagaccatcctggct,-28760.436,-28802.959,-42.523438,-28765.24,-28800.158,-34.91797,-7.6054688
25629,cttggctcactgcaagct,-28760.436,-28802.96,-42.52539,-28765.24,-28800.031,-34.791016,-7.734375
25125,tgaagtcgggagttccag,-28760.436,-28802.973,-42.53711,-28765.24,-28800.578,-35.33789,-7.1992188
21484,caggctggagtgcaatgg,-28760.436,-28802.979,-42.54297,-28765.24,-28805.305,-40.064453,-2.4785156
22788,gctacttgagaggttgag,-28760.436,-28802.988,-42.552734,-28765.24,-28802.504,-37.26367,-5.2890625
24895,ggcaggagaattgcttga,-28760.436,-28802.992,-42.55664,-28765.24,-28798.75,-33.509766,-9.046875
24875,ccagctactcaggaggct,-28760.436,-28803.014,-42.578125,-28765.24,-28804.838,-39.597656,-2.9804688
25144,tcagcctgaccaacatgg,-28760.436,-28803.035,-42.59961,-28765.24,-28802.46,-37.220703,-5.3789062
22412,cctggccaacatgatgaa,-28760.436,-28803.055,-42.61914,-28765.24,-28791.316,-26.076172,-16.542969
25739,gtttttagtagagatggg,-28760.436,-28803.07,-42.634766,-28765.24,-28797.244,-32.003906,-10.630859
21892,ctcgctctgtcacccagg,-28760.436,-28803.076,-42.640625,-28765.24,-28788.309,-23.06836,-19.572266
21990,gagtagctgggactacag,-28760.436,-28803.076,-42.640625,-28765.24,-28808.543,-43.302734,0.6621094
23287,tggtgaaaccccgtctct,-28760.436,-28803.08,-42.64453,-28765.24,-28793.303,-28.0625,-14.582031
23410,cttgcagtgagccgagat,-28760.436,-28803.082,-42.646484,-28765.24,-28799.918,-34.677734,-7.96875
24718,cacggtggctcacacctg,-28760.436,-28803.084,-42.648438,-28765.24,-28803.22,-37.98047,-4.6679688
23269,agaccatcctggctaaca,-28760.436,-28803.086,-42.65039,-28765.24,-28804.93,-39.689453,-2.9609375
23447,ctgggcgacagagcgaga,-28760.436,-28803.09,-42.654297,-28765.24,-28801.852,-36.61133,-6.0429688
25150,tgaccaacatggagaaac,-28760.436,-28803.115,-42.679688,-28765.24,-28792.238,-26.998047,-15.681641
24127,ttagccaggatggtctcg,-28760.436,-28803.148,-42.71289,-28765.24,-28792.867,-27.626953,-15.0859375
25675,gcctcagcctcccgagta,-28760.436,-28803.152,-42.716797,-28765.24,-28799.0,-33.759766,-8.957031
21904,cccaggctggagtacagt,-28760.436,-28803.154,-42.71875,-28765.24,-28799.191,-33.95117,-8.767578
25743,ttagtagagatggggttt,-28760.436,-28803.156,-42.720703,-28765.24,-28805.191,-39.95117,-2.7695312
21994,agctgggactacaggcgc,-28760.436,-28803.164,-42.728516,-28765.24,-28808.822,-43.58203,0.8535156
25101,ggaggccaaggcaggcga,-28760.436,-28803.186,-42.75,-28765.24,-28796.625,-31.384766,-11.365234
26471,tgggattacaggcgtgag,-28760.436,-28803.203,-42.76758,-28765.24,-28790.885,-25.644531,-17.123047
23261,ggagatcgagaccatcct,-28760.436,-28803.225,-42.789062,-28765.24,-28807.959,-42.71875,-0.0703125
24129,agccaggatggtctcgat,-28760.436,-28803.229,-42.79297,-28765.24,-28800.172,-34.93164,-7.861328
25286,agccaagattgcaccatt,-28760.436,-28803.23,-42.79492,-28765.24,-28800.574,-35.333984,-7.4609375
26397,ttttgccatgttggccag,-28760.436,-28803.234,-42.79883,-28765.24,-28790.627,-25.386719,-17.41211
22521,aaattgctttaatctggg,-28760.436,-28803.234,-42.79883,-28765.24,-28801.414,-36.17383,-6.625
23258,tcaggagatcgagaccat,-28760.436,-28803.242,-42.80664,-28765.24,-28798.219,-32.978516,-9.828125
21902,cacccaggctggagtaca,-28760.436,-28803.254,-42.81836,-28765.24,-28796.11,-30.86914,-11.949219
22555,gagttgagattgtgccac,-28760.436,-28803.262,-42.82617,-28765.24,-28790.75,-25.509766,-17.316406
25760,tcactgtgttagccagga,-28760.436,-28803.266,-42.83008,-28765.24,-28794.027,-28.78711,-14.042969
22387,cttgaggtcaggagtttg,-28760.436,-28803.28,-42.84375,-28765.24,-28808.605,-43.365234,0.5214844
25685,cccgagtagctgggacta,-28760.436,-28803.29,-42.853516,-28765.24,-28797.584,-32.34375,-10.509766
24910,tgaacctgggaggtggag,-28760.436,-28803.293,-42.85742,-28765.24,-28810.34,-45.09961,2.2421875
24061,tacaggcgtgtgccacca,-28760.436,-28803.312,-42.876953,-28765.24,-28791.926,-26.685547,-16.191406
22367,aggccgaggcaggcagat,-28760.436,-28803.312,-42.876953,-28765.24,-28803.137,-37.896484,-4.9804688
24185,gtgctgggattacaggcg,-28760.436,-28803.324,-42.88867,-28765.24,-28806.355,-41.115234,-1.7734375
25426,ggggtgcaatggtgcaat,-28760.436,-28803.324,-42.88867,-28765.24,-28800.824,-35.583984,-7.3046875
24095,tgtatttttagtagagat,-28760.436,-28803.332,-42.896484,-28765.24,-28789.896,-24.65625,-18.240234
22112,caaagtgctgggattaca,-28760.436,-28803.383,-42.947266,-28765.24,-28793.373,-28.132812,-14.814453
24096,gtatttttagtagagatg,-28760.436,-28803.387,-42.95117,-28765.24,-28792.834,-27.59375,-15.357422
25443,tctcggctcactgcaacc,-28760.436,-28803.389,-42.953125,-28765.24,-28804.389,-39.148438,-3.8046875
25636,cactgcaagctctgcctc,-28760.436,-28803.404,-42.96875,-28765.24,-28795.422,-30.18164,-12.787109
25456,caacctccgcctcctggg,-28760.436,-28803.404,-42.96875,-28765.24,-28793.867,-28.626953,-14.341797
24865,gcctgtaatcccagctac,-28760.436,-28803.406,-42.970703,-28765.24,-28800.156,-34.916016,-8.0546875
24021,cacaccattctcctgcct,-28760.436,-28803.406,-42.970703,-28765.24,-28791.262,-26.021484,-16.949219
23373,ctgaggcaggagagtggc,-28760.436,-28803.412,-42.976562,-28765.24,-28792.506,-27.265625,-15.7109375
25320,aacaagagcgaaactccg,-28760.436,-28803.426,-42.990234,-28765.24,-28793.648,-28.408203,-14.582031
22810,gagaatcacttgaacctg,-28760.436,-28803.432,-42.996094,-28765.24,-28796.92,-31.679688,-11.316406
25311,agcctgggcaacaagagc,-28760.436,-28803.434,-42.998047,-28765.24,-28797.424,-32.183594,-10.814453
23200,aatggctcacgcctgtaa,-28760.436,-28803.46,-43.02539,-28765.24,-28789.785,-24.544922,-18.480469
25278,ttgcggtgagccaagatt,-28760.436,-28803.469,-43.033203,-28765.24,-28799.46,-34.220703,-8.8125
24756,gccgaggcaggcggatca,-28760.436,-28803.473,-43.03711,-28765.24,-28795.684,-30.44336,-12.59375
23443,cagcctgggcgacagagc,-28760.436,-28803.482,-43.046875,-28765.24,-28801.438,-36.197266,-6.8496094
25085,taatcccaacactttggg,-28760.436,-28803.484,-43.04883,-28765.24,-28786.676,-21.435547,-21.613281
22399,agtttgagaccagcctgg,-28760.436,-28803.488,-43.052734,-28765.24,-28796.521,-31.28125,-11.771484
24897,caggagaattgcttgaac,-28760.436,-28803.496,-43.060547,-28765.24,-28795.883,-30.642578,-12.417969
25310,cagcctgggcaacaagag,-28760.436,-28803.504,-43.06836,-28765.24,-28801.604,-36.36328,-6.705078
23323,aattagccgggcatgttg,-28760.436,-28803.512,-43.07617,-28765.24,-28803.8,-38.560547,-4.515625
24837,acaaaattaggcgggcgt,-28760.436,-28803.562,-43.126953,-28765.24,-28800.395,-35.154297,-7.9726562
21454,ttttttgagacggagtct,-28760.436,-28803.568,-43.132812,-28765.24,-28785.186,-19.945312,-23.1875
22077,tctcctgacctcgtgatc,-28760.436,-28803.574,-43.13867,-28765.24,-28796.715,-31.47461,-11.6640625
22470,gcatggtggcacatgcct,-28760.436,-28803.582,-43.146484,-28765.24,-28797.508,-32.26758,-10.878906
24950,tcattgcactccagcctg,-28760.436,-28803.594,-43.158203,-28765.24,-28796.715,-31.47461,-11.683594
24100,ttttagtagagatggggt,-28760.436,-28803.596,-43.160156,-28765.24,-28802.21,-36.970703,-6.189453
24004,gctctgcctcccgggttc,-28760.436,-28803.607,-43.171875,-28765.24,-28799.055,-33.814453,-9.357422
25641,caagctctgcctcccagg,-28760.436,-28803.611,-43.17578,-28765.24,-28794.59,-29.34961,-13.826172
22554,tgagttgagattgtgcca,-28760.436,-28803.613,-43.177734,-28765.24,-28798.252,-33.01172,-10.166016
22679,gtggatcacttgaggtta,-28760.436,-28803.625,-43.189453,-28765.24,-28802.152,-36.91211,-6.2773438
24116,gtttcaccgtgttagcca,-28760.436,-28803.625,-43.189453,-28765.24,-28806.38,-41.140625,-2.0488281
22495,gagctacttgggaggctg,-28760.436,-28803.629,-43.19336,-28765.24,-28809.512,-44.271484,1.078125
24137,tggtctcgatctcctgac,-28760.436,-28803.63,-43.195312,-28765.24,-28803.105,-37.865234,-5.330078
21939,ctgcaagctccgcctccc,-28760.436,-28803.645,-43.208984,-28765.24,-28797.387,-32.146484,-11.0625
25821,cccaagtgctgggattat,-28760.436,-28803.664,-43.228516,-28765.24,-28789.48,-24.240234,-18.988281
21543,gccattctcctgcctcag,-28760.436,-28803.705,-43.26953,-28765.24,-28797.996,-32.75586,-10.513672
21898,ctgtcacccaggctggag,-28760.436,-28803.73,-43.29492,-28765.24,-28797.832,-32.591797,-10.703125
21899,tgtcacccaggctggagt,-28760.436,-28803.73,-43.29492,-28765.24,-28798.418,-33.177734,-10.1171875
26464,aaagtgctgggattacag,-28760.436,-28803.734,-43.29883,-28765.24,-28797.31,-32.070312,-11.228516
22008,gcgcccgccaccacgccc,-28760.436,-28803.758,-43.322266,-28765.24,-28795.488,-30.248047,-13.074219
21487,gctggagtgcaatggcgt,-28760.436,-28803.773,-43.33789,-28765.24,-28800.223,-34.98242,-8.355469
24729,acacctgtaatcccagca,-28760.436,-28803.775,-43.339844,-28765.24,-28795.422,-30.18164,-13.158203
25239,gctgaggcaggagaattg,-28760.436,-28803.777,-43.341797,-28765.24,-28792.047,-26.80664,-16.535156
25235,ggaggctgaggcaggaga,-28760.436,-28803.781,-43.345703,-28765.24,-28800.09,-34.84961,-8.496094
24849,gggcgtggtggtgcatgc,-28760.436,-28803.781,-43.345703,-28765.24,-28811.0,-45.759766,2.4140625
22674,ggcaggtggatcacttga,-28760.436,-28803.783,-43.347656,-28765.24,-28798.023,-32.783203,-10.564453
25412,ctgtcacccaggctgggg,-28760.436,-28803.79,-43.353516,-28765.24,-28800.285,-35.04492,-8.308594
22101,cctcggcctcccaaagtg,-28760.436,-28803.791,-43.35547,-28765.24,-28800.406,-35.166016,-8.189453
25833,gattataggcgtgagcca,-28760.436,-28803.791,-43.35547,-28765.24,-28794.469,-29.228516,-14.126953
22791,acttgagaggttgaggca,-28760.436,-28803.795,-43.359375,-28765.24,-28802.428,-37.1875,-6.171875
23434,agtgcactccagcctggg,-28760.436,-28803.797,-43.36133,-28765.24,-28796.969,-31.728516,-11.6328125
24120,caccgtgttagccaggat,-28760.436,-28803.816,-43.38086,-28765.24,-28794.26,-29.019531,-14.361328
25260,gaaccgagaaggcggagg,-28760.436,-28803.826,-43.390625,-28765.24,-28797.277,-32.03711,-11.353516
22382,gatcacttgaggtcagga,-28760.436,-28803.85,-43.414062,-28765.24,-28794.547,-29.30664,-14.107422
24180,ccaaagtgctgggattac,-28760.436,-28803.918,-43.48242,-28765.24,-28808.777,-43.53711,0.0546875
25218,gtaatcccagctacttgg,-28760.436,-28803.926,-43.490234,-28765.24,-28800.457,-35.216797,-8.2734375
25104,ggccaaggcaggcgaatc,-28760.436,-28803.93,-43.49414,-28765.24,-28805.965,-40.72461,-2.7695312
25213,tgcctgtaatcccagcta,-28760.436,-28803.936,-43.5,-28765.24,-28796.309,-31.06836,-12.431641
21647,ttagccaggatggtctca,-28760.436,-28803.941,-43.50586,-28765.24,-28803.098,-37.85742,-5.6484375
22095,cacccgcctcggcctccc,-28760.436,-28803.951,-43.515625,-28765.24,-28793.576,-28.335938,-15.1796875
25291,agattgcaccattgcact,-28760.436,-28803.953,-43.51758,-28765.24,-28789.438,-24.197266,-19.320312
23417,tgagccgagattgtgcca,-28760.436,-28803.982,-43.546875,-28765.24,-28796.062,-30.822266,-12.724609
25277,gttgcggtgagccaagat,-28760.436,-28803.994,-43.558594,-28765.24,-28801.133,-35.89258,-7.6660156
24848,cgggcgtggtggtgcatg,-28760.436,-28804.01,-43.57422,-28765.24,-28799.332,-34.091797,-9.482422
23227,tttgggaggccagggcag,-28760.436,-28804.021,-43.585938,-28765.24,-28794.879,-29.638672,-13.947266
24105,gtagagatggggtttcac,-28760.436,-28804.055,-43.61914,-28765.24,-28794.586,-29.345703,-14.2734375
23254,gaggtcaggagatcgaga,-28760.436,-28804.078,-43.64258,-28765.24,-28796.836,-31.595703,-12.046875
25762,actgtgttagccaggatg,-28760.436,-28804.125,-43.689453,-28765.24,-28801.906,-36.666016,-7.0234375
23440,ctccagcctgggcgacag,-28760.436,-28804.133,-43.697266,-28765.24,-28799.32,-34.08008,-9.6171875
24754,aggccgaggcaggcggat,-28760.436,-28804.133,-43.697266,-28765.24,-28803.887,-38.646484,-5.0507812
22667,aggtagaggcaggtggat,-28760.436,-28804.137,-43.70117,-28765.24,-28789.55,-24.310547,-19.390625
24949,ctcattgcactccagcct,-28760.436,-28804.143,-43.70703,-28765.24,-28805.105,-39.865234,-3.8417969
24902,gaattgcttgaacctggg,-28760.436,-28804.145,-43.708984,-28765.24,-28809.314,-44.07422,0.36523438
23405,tggagcttgcagtgagcc,-28760.436,-28804.145,-43.708984,-28765.24,-28807.652,-42.41211,-1.296875
25116,cgaatcacctgaagtcgg,-28760.436,-28804.16,-43.72461,-28765.24,-28797.21,-31.970703,-11.753906
24962,agcctgggcaacaagagc,-28760.436,-28804.188,-43.751953,-28765.24,-28796.541,-31.300781,-12.451172
25630,ttggctcactgcaagctc,-28760.436,-28804.207,-43.771484,-28765.24,-28800.377,-35.13672,-8.634766
21916,tacagtggcgcagtctcg,-28760.436,-28804.21,-43.77539,-28765.24,-28789.309,-24.06836,-19.707031
25756,ggtttcactgtgttagcc,-28760.436,-28804.227,-43.791016,-28765.24,-28803.238,-37.998047,-5.7929688
23289,gtgaaaccccgtctctac,-28760.436,-28804.229,-43.79297,-28765.24,-28791.523,-26.283203,-17.509766
24867,ctgtaatcccagctactc,-28760.436,-28804.238,-43.802734,-28765.24,-28796.63,-31.390625,-12.412109
26216,ttttgagacagagtcttg,-28760.436,-28804.252,-43.816406,-28765.24,-28799.936,-34.695312,-9.121094
23454,acagagcgagactctgtc,-28760.436,-28804.27,-43.833984,-28765.24,-28801.04,-35.79883,-8.035156
22795,gagaggttgaggcaggag,-28760.436,-28804.273,-43.83789,-28765.24,-28799.996,-34.75586,-9.082031
23266,tcgagaccatcctggcta,-28760.436,-28804.273,-43.83789,-28765.24,-28799.965,-34.72461,-9.113281
21872,ttttttttttgagacgga,-28760.436,-28804.314,-43.878906,-28765.24,-28788.73,-23.490234,-20.388672
22840,tgcagtgagccgagatca,-28760.436,-28804.342,-43.90625,-28765.24,-28794.379,-29.138672,-14.767578
25230,acttgggaggctgaggca,-28760.436,-28804.344,-43.908203,-28765.24,-28798.7,-33.458984,-10.449219
25095,actttgggaggccaaggc,-28760.436,-28804.348,-43.91211,-28765.24,-28811.336,-46.095703,2.1835938
23399,aggaggtggagcttgcag,-28760.436,-28804.348,-43.91211,-28765.24,-28808.492,-43.251953,-0.66015625
23360,gctgctcgggaggctgag,-28760.436,-28804.352,-43.916016,-28765.24,-28810.402,-45.16211,1.2460938
24173,aggcctcccaaagtgctg,-28760.436,-28804.352,-43.916016,-28765.24,-28803.406,-38.166016,-5.75
23285,catggtgaaaccccgtct,-28760.436,-28804.363,-43.927734,-28765.24,-28799.424,-34.183594,-9.744141
21636,gtttcactgtgttagcca,-28760.436,-28804.402,-43.966797,-28765.24,-28797.244,-32.003906,-11.962891
25257,cttgaaccgagaaggcgg,-28760.436,-28804.414,-43.978516,-28765.24,-28801.857,-36.617188,-7.361328
24954,tgcactccagcctgggca,-28760.436,-28804.422,-43.98633,-28765.24,-28801.785,-36.54492,-7.4414062
24732,cctgtaatcccagcactt,-28760.436,-28804.424,-43.98828,-28765.24,-28798.977,-33.73633,-10.251953
26395,ggttttgccatgttggcc,-28760.436,-28804.428,-43.992188,-28765.24,-28791.72,-26.480469,-17.511719
24801,tcaacatggagaaacccc,-28760.436,-28804.43,-43.99414,-28765.24,-28790.951,-25.710938,-18.283203
22661,tttgggaggtagaggcag,-28760.436,-28804.432,-43.996094,-28765.24,-28797.05,-31.810547,-12.185547
22104,cggcctcccaaagtgctg,-28760.436,-28804.441,-44.00586,-28765.24,-28794.957,-29.716797,-14.2890625
21645,tgttagccaggatggtct,-28760.436,-28804.459,-44.023438,-28765.24,-28790.691,-25.451172,-18.572266
25407,ttgccctgtcacccaggc,-28760.436,-28804.479,-44.04297,-28765.24,-28794.44,-29.199219,-14.84375
24894,aggcaggagaattgcttg,-28760.436,-28804.48,-44.04492,-28765.24,-28799.223,-33.98242,-10.0625
25681,gcctcccgagtagctggg,-28760.436,-28804.488,-44.052734,-28765.24,-28802.295,-37.054688,-6.998047
24886,ggaggctgaggcaggaga,-28760.436,-28804.523,-44.08789,-28765.24,-28798.594,-33.353516,-10.734375
25741,ttttagtagagatggggt,-28760.436,-28804.54,-44.103516,-28765.24,-28797.016,-31.77539,-12.328125
22384,tcacttgaggtcaggagt,-28760.436,-28804.55,-44.115234,-28765.24,-28803.293,-38.052734,-6.0625
24882,ctcaggaggctgaggcag,-28760.436,-28804.572,-44.13672,-28765.24,-28803.496,-38.25586,-5.8808594
25773,caggatggtctcgatctc,-28760.436,-28804.582,-44.146484,-28765.24,-28802.957,-37.716797,-6.4296875
25423,gctggggtgcaatggtgc,-28760.436,-28804.598,-44.16211,-28765.24,-28792.977,-27.736328,-16.425781
23213,tgtaatcccagcactttg,-28760.436,-28804.61,-44.17383,-28765.24,-28799.621,-34.38086,-9.792969
23276,cctggctaacatggtgaa,-28760.436,-28804.643,-44.20703,-28765.24,-28806.746,-41.50586,-2.7011719
24740,cccagcactttgggaggc,-28760.436,-28804.645,-44.208984,-28765.24,-28801.436,-36.195312,-8.013672
25272,cggaggttgcggtgagcc,-28760.436,-28804.66,-44.22461,-28765.24,-28801.691,-36.45117,-7.7734375
25288,ccaagattgcaccattgc,-28760.436,-28804.66,-44.22461,-28765.24,-28795.32,-30.080078,-14.144531
23970,tggagtgcagtggcatga,-28760.436,-28804.695,-44.259766,-28765.24,-28801.562,-36.322266,-7.9375
25139,ccagatcagcctgaccaa,-28760.436,-28804.7,-44.26367,-28765.24,-28796.01,-30.769531,-13.494141
23327,agccgggcatgttggcgg,-28760.436,-28804.701,-44.265625,-28765.24,-28790.043,-24.802734,-19.46289
25113,aggcgaatcacctgaagt,-28760.436,-28804.703,-44.26758,-28765.24,-28804.45,-39.208984,-5.0585938
22798,aggttgaggcaggagaat,-28760.436,-28804.715,-44.279297,-28765.24,-28802.18,-36.939453,-7.3398438
22111,ccaaagtgctgggattac,-28760.436,-28804.72,-44.285156,-28765.24,-28803.84,-38.59961,-5.685547
22660,ctttgggaggtagaggca,-28760.436,-28804.729,-44.29297,-28765.24,-28802.256,-37.015625,-7.2773438
21944,agctccgcctcccgggtt,-28760.436,-28804.73,-44.29492,-28765.24,-28791.535,-26.294922,-18.0
22831,ggcagaggttgcagtgag,-28760.436,-28804.742,-44.30664,-28765.24,-28809.71,-44.470703,0.1640625
21638,ttcactgtgttagccagg,-28760.436,-28804.777,-44.341797,-28765.24,-28803.469,-38.228516,-6.1132812
21942,caagctccgcctcccggg,-28760.436,-28804.781,-44.345703,-28765.24,-28796.75,-31.509766,-12.8359375
26231,ttgctctgtcacccaggc,-28760.436,-28804.791,-44.35547,-28765.24,-28798.129,-32.88867,-11.466797
21634,gggtttcactgtgttagc,-28760.436,-28804.836,-44.40039,-28765.24,-28795.887,-30.646484,-13.753906
24052,agctgggactacaggcgt,-28760.436,-28804.867,-44.43164,-28765.24,-28803.809,-38.56836,-5.8632812
21946,ctccgcctcccgggttca,-28760.436,-28804.88,-44.445312,-28765.24,-28799.836,-34.595703,-9.849609
21482,cccaggctggagtgcaat,-28760.436,-28804.902,-44.466797,-28765.24,-28794.365,-29.125,-15.341797
24876,cagctactcaggaggctg,-28760.436,-28804.918,-44.48242,-28765.24,-28802.68,-37.439453,-7.0429688
25117,gaatcacctgaagtcggg,-28760.436,-28804.936,-44.5,-28765.24,-28796.213,-30.972656,-13.527344
23396,cccaggaggtggagcttg,-28760.436,-28804.938,-44.501953,-28765.24,-28804.88,-39.640625,-4.861328
22372,gaggcaggcagatcactt,-28760.436,-28804.947,-44.51172,-28765.24,-28784.836,-19.595703,-24.916016
23322,aaattagccgggcatgtt,-28760.436,-28804.95,-44.51367,-28765.24,-28800.832,-35.591797,-8.921875
22366,gaggccgaggcaggcaga,-28760.436,-28804.965,-44.529297,-28765.24,-28787.73,-22.490234,-22.039062
23972,gagtgcagtggcatgatc,-28760.436,-28804.965,-44.529297,-28765.24,-28798.332,-33.091797,-11.4375
24057,ggactacaggcgtgtgcc,-28760.436,-28804.969,-44.533203,-28765.24,-28795.0,-29.759766,-14.7734375
21901,tcacccaggctggagtac,-28760.436,-28804.996,-44.560547,-28765.24,-28797.316,-32.07617,-12.484375
25206,tggcgcatgcctgtaatc,-28760.436,-28805.002,-44.566406,-28765.24,-28794.895,-29.654297,-14.912109
21938,actgcaagctccgcctcc,-28760.436,-28805.004,-44.56836,-28765.24,-28787.95,-22.708984,-21.859375
24901,agaattgcttgaacctgg,-28760.436,-28805.004,-44.56836,-28765.24,-28803.682,-38.441406,-6.126953
23267,cgagaccatcctggctaa,-28760.436,-28805.012,-44.57617,-28765.24,-28799.94,-34.69922,-9.876953
22806,gcaggagaatcacttgaa,-28760.436,-28805.04,-44.603516,-28765.24,-28796.938,-31.697266,-12.90625
22041,atttttagtagagacggg,-28760.436,-28805.07,-44.634766,-28765.24,-28800.072,-34.83203,-9.802734
21873,tttttttttgagacggag,-28760.436,-28805.07,-44.634766,-28765.24,-28783.875,-18.634766,-26.0
25744,tagtagagatggggtttc,-28760.436,-28805.072,-44.63672,-28765.24,-28803.293,-38.052734,-6.5839844
23248,gatcacgaggtcaggaga,-28760.436,-28805.129,-44.69336,-28765.24,-28800.824,-35.583984,-9.109375
24755,ggccgaggcaggcggatc,-28760.436,-28805.129,-44.69336,-28765.24,-28802.219,-36.978516,-7.7148438
22110,cccaaagtgctgggatta,-28760.436,-28805.133,-44.697266,-28765.24,-28803.98,-38.740234,-5.9570312
24891,ctgaggcaggagaattgc,-28760.436,-28805.139,-44.703125,-28765.24,-28801.65,-36.410156,-8.292969
22802,tgaggcaggagaatcact,-28760.436,-28805.14,-44.70508,-28765.24,-28796.336,-31.095703,-13.609375
22109,tcccaaagtgctgggatt,-28760.436,-28805.158,-44.722656,-28765.24,-28787.78,-22.539062,-22.183594
23246,tggatcacgaggtcagga,-28760.436,-28805.186,-44.75,-28765.24,-28809.752,-44.51172,-0.23828125
21573,ctgggactacaggtgcct,-28760.436,-28805.2,-44.76367,-28765.24,-28793.41,-28.169922,-16.59375
23449,gggcgacagagcgagact,-28760.436,-28805.203,-44.76758,-28765.24,-28799.785,-34.54492,-10.222656
22005,caggcgcccgccaccacg,-28760.436,-28805.23,-44.79492,-28765.24,-28789.436,-24.195312,-20.59961
24766,gcggatcacctgaggtcg,-28760.436,-28805.238,-44.802734,-28765.24,-28799.453,-34.21289,-10.589844
25265,gagaaggcggaggttgcg,-28760.436,-28805.246,-44.810547,-28765.24,-28802.598,-37.35742,-7.453125
22846,gagccgagatcacaccgc,-28760.436,-28805.252,-44.816406,-28765.24,-28794.895,-29.654297,-15.162109
25222,tcccagctacttgggagg,-28760.436,-28805.273,-44.83789,-28765.24,-28807.434,-42.19336,-2.6445312
24730,cacctgtaatcccagcac,-28760.436,-28805.309,-44.873047,-28765.24,-28801.0,-35.759766,-9.113281
25203,tggtggcgcatgcctgta,-28760.436,-28805.31,-44.875,-28765.24,-28806.8,-41.560547,-3.3144531
25757,gtttcactgtgttagcca,-28760.436,-28805.316,-44.88086,-28765.24,-28800.375,-35.134766,-9.746094
22363,tgtgaggccgaggcaggc,-28760.436,-28805.316,-44.88086,-28765.24,-28804.234,-38.99414,-5.8867188
23237,cagggcaggtggatcacg,-28760.436,-28805.328,-44.89258,-28765.24,-28791.791,-26.550781,-18.341797
25668,ttctcttgcctcagcctc,-28760.436,-28805.34,-44.904297,-28765.24,-28792.18,-26.939453,-17.964844
21479,ttgcccaggctggagtgc,-28760.436,-28805.344,-44.908203,-28765.24,-28811.008,-45.76758,0.859375
22680,tggatcacttgaggttag,-28760.436,-28805.346,-44.910156,-28765.24,-28794.934,-29.69336,-15.216797
21894,cgctctgtcacccaggct,-28760.436,-28805.357,-44.921875,-28765.24,-28787.422,-22.18164,-22.740234
22558,ttgagattgtgccactgc,-28760.436,-28805.371,-44.935547,-28765.24,-28791.953,-26.71289,-18.222656
25301,attgcactccagcctggg,-28760.436,-28805.387,-44.95117,-28765.24,-28807.262,-42.021484,-2.9296875
22803,gaggcaggagaatcactt,-28760.436,-28805.387,-44.95117,-28765.24,-28805.973,-40.73242,-4.21875
24126,gttagccaggatggtctc,-28760.436,-28805.389,-44.953125,-28765.24,-28801.133,-35.89258,-9.060547
24192,gattacaggcgtgagcca,-28760.436,-28805.395,-44.958984,-28765.24,-28800.53,-35.289062,-9.669922
26052,tcactctattgctcaggc,-28760.436,-28805.402,-44.966797,-28765.24,-28799.488,-34.248047,-10.71875
22541,gcagaggttgcagtgagt,-28760.436,-28805.406,-44.970703,-28765.24,-28798.363,-33.123047,-11.847656
22547,gttgcagtgagttgagat,-28760.436,-28805.406,-44.970703,-28765.24,-28801.184,-35.94336,-9.027344
24101,tttagtagagatggggtt,-28760.436,-28805.451,-45.015625,-28765.24,-28800.434,-35.19336,-9.822266
21457,tttgagacggagtcttgc,-28760.436,-28805.457,-45.021484,-28765.24,-28802.262,-37.021484,-8.0
24124,gtgttagccaggatggtc,-28760.436,-28805.479,-45.04297,-28765.24,-28803.105,-37.865234,-7.1777344
25611,ggagtgcagcggcgcgat,-28760.436,-28805.479,-45.04297,-28765.24,-28803.238,-37.998047,-7.044922
23960,tctcctaagctggagtgc,-28760.436,-28805.49,-45.054688,-28765.24,-28800.664,-35.42383,-9.630859
22538,gaggcagaggttgcagtg,-28760.436,-28805.508,-45.072266,-28765.24,-28805.543,-40.302734,-4.7695312
21642,ctgtgttagccaggatgg,-28760.436,-28805.543,-45.10742,-28765.24,-28801.68,-36.439453,-8.667969
24709,taggccgggcacggtggc,-28760.436,-28805.555,-45.11914,-28765.24,-28795.414,-30.173828,-14.9453125
25200,gcatggtggcgcatgcct,-28760.436,-28805.57,-45.134766,-28765.24,-28793.65,-28.410156,-16.72461
25279,tgcggtgagccaagattg,-28760.436,-28805.584,-45.148438,-28765.24,-28801.387,-36.146484,-9.001953
24721,ggtggctcacacctgtaa,-28760.436,-28805.607,-45.171875,-28765.24,-28799.166,-33.92578,-11.246094
24103,tagtagagatggggtttc,-28760.436,-28805.61,-45.17383,-28765.24,-28794.062,-28.822266,-16.351562
24174,ggcctcccaaagtgctgg,-28760.436,-28805.617,-45.18164,-28765.24,-28800.637,-35.396484,-9.785156
25415,tcacccaggctggggtgc,-28760.436,-28805.637,-45.20117,-28765.24,-28812.223,-46.98242,1.78125
23195,ggcacaatggctcacgcc,-28760.436,-28805.703,-45.26758,-28765.24,-28787.545,-22.304688,-22.96289
22489,taatccgagctacttggg,-28760.436,-28805.73,-45.29492,-28765.24,-28792.535,-27.294922,-18.0
24884,caggaggctgaggcagga,-28760.436,-28805.75,-45.314453,-28765.24,-28797.79,-32.54883,-12.765625
24128,tagccaggatggtctcga,-28760.436,-28805.781,-45.345703,-28765.24,-28795.703,-30.46289,-14.8828125
21576,ggactacaggtgcctgcc,-28760.436,-28805.79,-45.353516,-28765.24,-28806.314,-41.07422,-4.279297
21565,agaggtagctgggactac,-28760.436,-28805.795,-45.359375,-28765.24,-28801.684,-36.44336,-8.916016
24184,agtgctgggattacaggc,-28760.436,-28805.797,-45.36133,-28765.24,-28809.201,-43.960938,-1.4003906
21471,ttgctctgttgcccaggc,-28760.436,-28805.81,-45.375,-28765.24,-28801.559,-36.31836,-9.056641
22839,ttgcagtgagccgagatc,-28760.436,-28805.826,-45.390625,-28765.24,-28799.691,-34.45117,-10.939453
22395,caggagtttgagaccagc,-28760.436,-28805.84,-45.404297,-28765.24,-28798.412,-33.171875,-12.232422
25417,acccaggctggggtgcaa,-28760.436,-28805.844,-45.408203,-28765.24,-28802.576,-37.335938,-8.072266
24046,acaagtagctgggactac,-28760.436,-28805.875,-45.439453,-28765.24,-28804.285,-39.04492,-6.3945312
25263,ccgagaaggcggaggttg,-28760.436,-28805.887,-45.45117,-28765.24,-28804.168,-38.927734,-6.5234375
24131,ccaggatggtctcgatct,-28760.436,-28805.898,-45.46289,-28765.24,-28801.617,-36.376953,-9.0859375
25102,gaggccaaggcaggcgaa,-28760.436,-28805.906,-45.470703,-28765.24,-28795.652,-30.41211,-15.058594
22808,aggagaatcacttgaacc,-28760.436,-28805.941,-45.50586,-28765.24,-28805.402,-40.16211,-5.34375
22100,gcctcggcctcccaaagt,-28760.436,-28805.943,-45.507812,-28765.24,-28796.55,-31.310547,-14.197266
22557,gttgagattgtgccactg,-28760.436,-28806.012,-45.57617,-28765.24,-28795.57,-30.330078,-15.246094
25408,tgccctgtcacccaggct,-28760.436,-28806.021,-45.585938,-28765.24,-28796.008,-30.767578,-14.818359
22000,gactacaggcgcccgcca,-28760.436,-28806.023,-45.58789,-28765.24,-28801.518,-36.277344,-9.310547
24717,gcacggtggctcacacct,-28760.436,-28806.03,-45.59375,-28765.24,-28795.207,-29.966797,-15.626953
23439,actccagcctgggcgaca,-28760.436,-28806.04,-45.603516,-28765.24,-28801.436,-36.195312,-9.408203
24182,aaagtgctgggattacag,-28760.436,-28806.049,-45.61328,-28765.24,-28799.547,-34.30664,-11.306641
24929,ttgcggtgagccgagatc,-28760.436,-28806.055,-45.61914,-28765.24,-28790.863,-25.623047,-19.996094
25764,tgtgttagccaggatggt,-28760.436,-28806.059,-45.623047,-28765.24,-28805.602,-40.36133,-5.2617188
23222,agcactttgggaggccag,-28760.436,-28806.059,-45.623047,-28765.24,-28799.924,-34.683594,-10.939453
23388,ggcgtgaacccaggaggt,-28760.436,-28806.09,-45.654297,-28765.24,-28809.918,-44.677734,-0.9765625
26241,acccaggctggagtgcag,-28760.436,-28806.107,-45.671875,-28765.24,-28800.727,-35.48633,-10.185547
23326,tagccgggcatgttggcg,-28760.436,-28806.115,-45.679688,-28765.24,-28799.734,-34.49414,-11.185547
26220,gagacagagtcttgctct,-28760.436,-28806.13,-45.695312,-28765.24,-28788.0,-22.759766,-22.935547
22094,ccacccgcctcggcctcc,-28760.436,-28806.137,-45.70117,-28765.24,-28796.352,-31.111328,-14.589844
21468,gtcttgctctgttgccca,-28760.436,-28806.139,-45.703125,-28765.24,-28798.787,-33.546875,-12.15625
23409,gcttgcagtgagccgaga,-28760.436,-28806.14,-45.70508,-28765.24,-28804.344,-39.103516,-6.6015625
23268,gagaccatcctggctaac,-28760.436,-28806.152,-45.716797,-28765.24,-28814.57,-49.33008,3.6132812
24059,actacaggcgtgtgccac,-28760.436,-28806.164,-45.728516,-28765.24,-28801.906,-36.666016,-9.0625
25435,tggtgcaatctcggctca,-28760.436,-28806.168,-45.73242,-28765.24,-28806.887,-41.646484,-4.0859375
25099,tgggaggccaaggcaggc,-28760.436,-28806.197,-45.76172,-28765.24,-28809.15,-43.910156,-1.8515625
24125,tgttagccaggatggtct,-28760.436,-28806.201,-45.765625,-28765.24,-28803.508,-38.26758,-7.498047
25414,gtcacccaggctggggtg,-28760.436,-28806.207,-45.771484,-28765.24,-28801.61,-36.36914,-9.402344
24012,tcccgggttcacaccatt,-28760.436,-28806.227,-45.791016,-28765.24,-28789.457,-24.216797,-21.574219
25763,ctgtgttagccaggatgg,-28760.436,-28806.23,-45.79492,-28765.24,-28798.422,-33.18164,-12.613281
21458,ttgagacggagtcttgct,-28760.436,-28806.238,-45.802734,-28765.24,-28796.402,-31.16211,-14.640625
25480,tgattctcctgcctcagc,-28760.436,-28806.26,-45.82422,-28765.24,-28793.518,-28.277344,-17.546875
25115,gcgaatcacctgaagtcg,-28760.436,-28806.283,-45.847656,-28765.24,-28790.82,-25.580078,-20.267578
21475,tctgttgcccaggctgga,-28760.436,-28806.295,-45.859375,-28765.24,-28806.186,-40.945312,-4.9140625
25768,ttagccaggatggtctcg,-28760.436,-28806.312,-45.876953,-28765.24,-28807.574,-42.333984,-3.5429688
23218,tcccagcactttgggagg,-28760.436,-28806.34,-45.904297,-28765.24,-28798.71,-33.470703,-12.433594
25262,accgagaaggcggaggtt,-28760.436,-28806.379,-45.94336,-28765.24,-28799.95,-34.708984,-11.234375
23393,gaacccaggaggtggagc,-28760.436,-28806.383,-45.947266,-28765.24,-28800.582,-35.341797,-10.605469
25432,caatggtgcaatctcggc,-28760.436,-28806.396,-45.960938,-28765.24,-28786.174,-20.933594,-25.027344
22811,agaatcacttgaacctgg,-28760.436,-28806.412,-45.976562,-28765.24,-28804.459,-39.21875,-6.7578125
22533,tctgggaggcagaggttg,-28760.436,-28806.45,-46.01367,-28765.24,-28808.848,-43.60742,-2.40625
24187,gctgggattacaggcgtg,-28760.436,-28806.48,-46.04492,-28765.24,-28804.838,-39.597656,-6.4472656
23263,agatcgagaccatcctgg,-28760.436,-28806.514,-46.078125,-28765.24,-28800.615,-35.375,-10.703125
23364,ctcgggaggctgaggcag,-28760.436,-28806.521,-46.085938,-28765.24,-28809.762,-44.521484,-1.5644531
24733,ctgtaatcccagcacttt,-28760.436,-28806.543,-46.10742,-28765.24,-28805.46,-40.220703,-5.8867188
24047,caagtagctgggactaca,-28760.436,-28806.55,-46.115234,-28765.24,-28805.145,-39.904297,-6.2109375
25188,aaaactagccgggcatgg,-28760.436,-28806.586,-46.15039,-28765.24,-28795.723,-30.482422,-15.667969
22381,agatcacttgaggtcagg,-28760.436,-28806.607,-46.171875,-28765.24,-28806.191,-40.95117,-5.220703
25308,tccagcctgggcaacaag,-28760.436,-28806.623,-46.1875,-28765.24,-28800.75,-35.509766,-10.677734
25184,atacaaaactagccgggc,-28760.436,-28806.646,-46.210938,-28765.24,-28803.285,-38.04492,-8.166016
25309,ccagcctgggcaacaaga,-28760.436,-28806.664,-46.228516,-28765.24,-28798.49,-33.25,-12.978516
22130,agcgtgagccaccgcgcc,-28760.436,-28806.67,-46.234375,-28765.24,-28796.104,-30.863281,-15.371094
24846,ggcgggcgtggtggtgca,-28760.436,-28806.688,-46.251953,-28765.24,-28801.281,-36.041016,-10.2109375
23264,gatcgagaccatcctggc,-28760.436,-28806.703,-46.26758,-28765.24,-28798.98,-33.740234,-12.527344
22123,gattacaagcgtgagcca,-28760.436,-28806.734,-46.29883,-28765.24,-28800.682,-35.441406,-10.857422
24049,agtagctgggactacagg,-28760.436,-28806.738,-46.302734,-28765.24,-28800.969,-35.728516,-10.574219
22375,gcaggcagatcacttgag,-28760.436,-28806.742,-46.30664,-28765.24,-28799.922,-34.68164,-11.625
24099,tttttagtagagatgggg,-28760.436,-28806.77,-46.333984,-28765.24,-28811.098,-45.85742,-0.4765625
22474,ggtggcacatgcctgtaa,-28760.436,-28806.773,-46.33789,-28765.24,-28794.344,-29.103516,-17.234375
22010,gcccgccaccacgcccgg,-28760.436,-28806.785,-46.34961,-28765.24,-28795.666,-30.425781,-15.923828
22687,cttgaggttaggagttca,-28760.436,-28806.809,-46.373047,-28765.24,-28795.34,-30.09961,-16.273438
22670,tagaggcaggtggatcac,-28760.436,-28806.809,-46.373047,-28765.24,-28795.262,-30.021484,-16.351562
23278,tggctaacatggtgaaac,-28760.436,-28806.84,-46.404297,-28765.24,-28804.012,-38.771484,-7.6328125
22362,ttgtgaggccgaggcagg,-28760.436,-28806.844,-46.408203,-28765.24,-28789.26,-24.019531,-22.388672
23262,gagatcgagaccatcctg,-28760.436,-28806.863,-46.427734,-28765.24,-28801.691,-36.45117,-9.9765625
24753,gaggccgaggcaggcgga,-28760.436,-28806.879,-46.44336,-28765.24,-28813.45,-48.208984,1.765625
22374,ggcaggcagatcacttga,-28760.436,-28806.92,-46.484375,-28765.24,-28798.732,-33.492188,-12.9921875
26221,agacagagtcttgctctg,-28760.436,-28806.95,-46.51367,-28765.24,-28800.396,-35.15625,-11.357422
24761,ggcaggcggatcacctga,-28760.436,-28807.012,-46.57617,-28765.24,-28796.193,-30.953125,-15.623047
23359,agctgctcgggaggctga,-28760.436,-28807.023,-46.58789,-28765.24,-28799.855,-34.615234,-11.972656
24900,gagaattgcttgaacctg,-28760.436,-28807.086,-46.65039,-28765.24,-28803.979,-38.73828,-7.9121094
25759,ttcactgtgttagccagg,-28760.436,-28807.11,-46.67383,-28765.24,-28802.656,-37.416016,-9.2578125
24133,aggatggtctcgatctcc,-28760.436,-28807.117,-46.68164,-28765.24,-28796.518,-31.277344,-15.404297
22669,gtagaggcaggtggatca,-28760.436,-28807.2,-46.76367,-28765.24,-28799.746,-34.50586,-12.2578125
25740,tttttagtagagatgggg,-28760.436,-28807.207,-46.771484,-28765.24,-28803.727,-38.48633,-8.285156
25761,cactgtgttagccaggat,-28760.436,-28807.223,-46.78711,-28765.24,-28798.82,-33.58008,-13.207031
25198,gggcatggtggcgcatgc,-28760.436,-28807.27,-46.833984,-28765.24,-28804.121,-38.88086,-7.953125
25738,tgtttttagtagagatgg,-28760.436,-28807.273,-46.83789,-28765.24,-28800.145,-34.904297,-11.933594
25096,ctttgggaggccaaggca,-28760.436,-28807.283,-46.847656,-28765.24,-28806.918,-41.677734,-5.169922
24913,acctgggaggtggaggtt,-28760.436,-28807.29,-46.853516,-28765.24,-28809.426,-44.185547,-2.6679688
21882,gagacggagtctcgctct,-28760.436,-28807.305,-46.86914,-28765.24,-28797.977,-32.73633,-14.1328125
22681,ggatcacttgaggttagg,-28760.436,-28807.31,-46.875,-28765.24,-28798.973,-33.73242,-13.142578
24183,aagtgctgggattacagg,-28760.436,-28807.316,-46.88086,-28765.24,-28792.988,-27.748047,-19.132812
23392,tgaacccaggaggtggag,-28760.436,-28807.324,-46.88867,-28765.24,-28805.23,-39.990234,-6.8984375
26233,gctctgtcacccaggctg,-28760.436,-28807.328,-46.89258,-28765.24,-28799.064,-33.82422,-13.068359
25608,gctggagtgcagcggcgc,-28760.436,-28807.336,-46.90039,-28765.24,-28793.602,-28.361328,-18.539062
23216,aatcccagcactttggga,-28760.436,-28807.365,-46.929688,-28765.24,-28798.893,-33.652344,-13.277344
25225,cagctacttgggaggctg,-28760.436,-28807.402,-46.966797,-28765.24,-28804.666,-39.42578,-7.5410156
22543,agaggttgcagtgagttg,-28760.436,-28807.41,-46.97461,-28765.24,-28801.076,-35.835938,-11.138672
22845,tgagccgagatcacaccg,-28760.436,-28807.414,-46.978516,-28765.24,-28784.895,-19.654297,-27.324219
22546,ggttgcagtgagttgaga,-28760.436,-28807.432,-46.996094,-28765.24,-28809.535,-44.29492,-2.7011719
23441,tccagcctgggcgacaga,-28760.436,-28807.465,-47.029297,-28765.24,-28804.451,-39.210938,-7.8183594
26053,cactctattgctcaggct,-28760.436,-28807.48,-47.04492,-28765.24,-28805.012,-39.771484,-7.2734375
25769,tagccaggatggtctcga,-28760.436,-28807.484,-47.04883,-28765.24,-28796.793,-31.552734,-15.496094
21490,ggagtgcaatggcgtgat,-28760.436,-28807.496,-47.060547,-28765.24,-28798.938,-33.697266,-13.363281
24836,tacaaaattaggcgggcg,-28760.436,-28807.512,-47.07617,-28765.24,-28802.84,-37.59961,-9.4765625
25091,caacactttgggaggcca,-28760.436,-28807.52,-47.083984,-28765.24,-28792.742,-27.501953,-19.582031
22379,gcagatcacttgaggtca,-28760.436,-28807.531,-47.095703,-28765.24,-28799.953,-34.71289,-12.3828125
24178,tcccaaagtgctgggatt,-28760.436,-28807.54,-47.103516,-28765.24,-28801.043,-35.802734,-11.300781
25313,cctgggcaacaagagcga,-28760.436,-28807.543,-47.10742,-28765.24,-28807.018,-41.777344,-5.330078
23232,gaggccagggcaggtgga,-28760.436,-28807.592,-47.15625,-28765.24,-28796.85,-31.609375,-15.546875
26400,tgccatgttggccaggct,-28760.436,-28807.596,-47.160156,-28765.24,-28806.484,-41.24414,-5.9160156
21571,agctgggactacaggtgc,-28760.436,-28807.605,-47.16992,-28765.24,-28794.906,-29.666016,-17.503906
23211,cctgtaatcccagcactt,-28760.436,-28807.629,-47.19336,-28765.24,-28792.734,-27.49414,-19.699219
24098,atttttagtagagatggg,-28760.436,-28807.66,-47.22461,-28765.24,-28799.107,-33.867188,-13.357422
23402,aggtggagcttgcagtga,-28760.436,-28807.707,-47.271484,-28765.24,-28795.914,-30.673828,-16.597656
24062,acaggcgtgtgccaccat,-28760.436,-28807.713,-47.277344,-28765.24,-28788.795,-23.554688,-23.722656
25275,aggttgcggtgagccaag,-28760.436,-28807.715,-47.279297,-28765.24,-28809.91,-44.66992,-2.609375
21999,ggactacaggcgcccgcc,-28760.436,-28807.72,-47.285156,-28765.24,-28804.629,-39.38867,-7.8964844
26223,acagagtcttgctctgtc,-28760.436,-28807.73,-47.29492,-28765.24,-28787.56,-22.320312,-24.97461
21569,gtagctgggactacaggt,-28760.436,-28807.738,-47.302734,-28765.24,-28789.934,-24.69336,-22.609375
23408,agcttgcagtgagccgag,-28760.436,-28807.777,-47.341797,-28765.24,-28806.033,-40.79297,-6.548828
22682,gatcacttgaggttagga,-28760.436,-28807.84,-47.404297,-28765.24,-28803.867,-38.626953,-8.777344
22832,gcagaggttgcagtgagc,-28760.436,-28807.857,-47.421875,-28765.24,-28810.764,-45.523438,-1.8984375
25602,ccccaagctggagtgcag,-28760.436,-28807.88,-47.445312,-28765.24,-28802.336,-37.095703,-10.349609
21464,cggagtcttgctctgttg,-28760.436,-28807.889,-47.453125,-28765.24,-28797.59,-32.34961,-15.103516
23432,ccagtgcactccagcctg,-28760.436,-28807.895,-47.458984,-28765.24,-28805.434,-40.19336,-7.265625
23231,ggaggccagggcaggtgg,-28760.436,-28807.934,-47.498047,-28765.24,-28805.451,-40.210938,-7.2871094
25305,cactccagcctgggcaac,-28760.436,-28807.95,-47.51367,-28765.24,-28798.648,-33.408203,-14.105469
24881,actcaggaggctgaggca,-28760.436,-28807.95,-47.51367,-28765.24,-28807.676,-42.435547,-5.078125
21485,aggctggagtgcaatggc,-28760.436,-28807.963,-47.527344,-28765.24,-28800.621,-35.38086,-12.146484
25687,cgagtagctgggactaca,-28760.436,-28807.969,-47.533203,-28765.24,-28800.322,-35.08203,-12.451172
24720,cggtggctcacacctgta,-28760.436,-28807.984,-47.54883,-28765.24,-28798.977,-33.73633,-13.8125
25100,gggaggccaaggcaggcg,-28760.436,-28807.988,-47.552734,-28765.24,-28803.574,-38.333984,-9.21875
23356,cccagctgctcgggaggc,-28760.436,-28807.988,-47.552734,-28765.24,-28803.938,-38.697266,-8.855469
22544,gaggttgcagtgagttga,-28760.436,-28807.992,-47.55664,-28765.24,-28807.777,-42.53711,-5.0195312
26455,cggcctcccaaagtgctg,-28760.436,-28808.031,-47.595703,-28765.24,-28793.936,-28.695312,-18.90039
25270,ggcggaggttgcggtgag,-28760.436,-28808.113,-47.677734,-28765.24,-28795.332,-30.091797,-17.585938
24177,ctcccaaagtgctgggat,-28760.436,-28808.121,-47.685547,-28765.24,-28801.816,-36.57617,-11.109375
25190,aactagccgggcatggtg,-28760.436,-28808.125,-47.689453,-28765.24,-28811.307,-46.066406,-1.6230469
23210,gcctgtaatcccagcact,-28760.436,-28808.135,-47.69922,-28765.24,-28799.564,-34.32422,-13.375
23446,cctgggcgacagagcgag,-28760.436,-28808.146,-47.710938,-28765.24,-28797.592,-32.351562,-15.359375
24888,aggctgaggcaggagaat,-28760.436,-28808.148,-47.71289,-28765.24,-28798.75,-33.509766,-14.203125
21643,tgtgttagccaggatggt,-28760.436,-28808.152,-47.716797,-28765.24,-28800.703,-35.46289,-12.253906
25268,aaggcggaggttgcggtg,-28760.436,-28808.16,-47.72461,-28765.24,-28799.271,-34.03125,-13.693359
22664,gggaggtagaggcaggtg,-28760.436,-28808.164,-47.728516,-28765.24,-28804.152,-38.91211,-8.816406
24956,cactccagcctgggcaac,-28760.436,-28808.2,-47.76367,-28765.24,-28809.635,-44.39453,-3.3691406
26298,gttcaagtgattctcctg,-28760.436,-28808.201,-47.765625,-28765.24,-28791.035,-25.794922,-21.970703
24707,tataggccgggcacggtg,-28760.436,-28808.203,-47.76758,-28765.24,-28784.285,-19.044922,-28.722656
23240,ggcaggtggatcacgagg,-28760.436,-28808.21,-47.77539,-28765.24,-28798.342,-33.101562,-14.673828
25422,ggctggggtgcaatggtg,-28760.436,-28808.227,-47.791016,-28765.24,-28797.434,-32.19336,-15.597656
23414,cagtgagccgagattgtg,-28760.436,-28808.25,-47.814453,-28765.24,-28804.1,-38.859375,-8.955078
22393,gtcaggagtttgagacca,-28760.436,-28808.25,-47.814453,-28765.24,-28794.111,-28.871094,-18.94336
23230,gggaggccagggcaggtg,-28760.436,-28808.266,-47.83008,-28765.24,-28806.938,-41.697266,-6.1328125
23259,caggagatcgagaccatc,-28760.436,-28808.277,-47.841797,-28765.24,-28791.959,-26.71875,-21.123047
24926,aggttgcggtgagccgag,-28760.436,-28808.293,-47.85742,-28765.24,-28803.361,-38.121094,-9.736328
23976,gcagtggcatgatcttgg,-28760.436,-28808.3,-47.865234,-28765.24,-28801.344,-36.103516,-11.761719
22398,gagtttgagaccagcctg,-28760.436,-28808.303,-47.867188,-28765.24,-28799.674,-34.433594,-13.433594
22804,aggcaggagaatcacttg,-28760.436,-28808.307,-47.871094,-28765.24,-28799.375,-34.134766,-13.736328
24123,cgtgttagccaggatggt,-28760.436,-28808.328,-47.89258,-28765.24,-28793.54,-28.298828,-19.59375
21499,tggcgtgatcttggctca,-28760.436,-28808.383,-47.947266,-28765.24,-28794.475,-29.234375,-18.71289
24191,ggattacaggcgtgagcc,-28760.436,-28808.387,-47.95117,-28765.24,-28794.105,-28.865234,-19.085938
23397,ccaggaggtggagcttgc,-28760.436,-28808.398,-47.96289,-28765.24,-28806.014,-40.773438,-7.189453
23273,catcctggctaacatggt,-28760.436,-28808.451,-48.015625,-28765.24,-28801.865,-36.625,-11.390625
22539,aggcagaggttgcagtga,-28760.436,-28808.453,-48.01758,-28765.24,-28804.506,-39.265625,-8.751953
23357,ccagctgctcgggaggct,-28760.436,-28808.541,-48.10547,-28765.24,-28801.537,-36.296875,-11.808594
23411,ttgcagtgagccgagatt,-28760.436,-28808.55,-48.115234,-28765.24,-28807.98,-42.740234,-5.375
21480,tgcccaggctggagtgca,-28760.436,-28808.578,-48.14258,-28765.24,-28807.88,-42.640625,-5.501953
25267,gaaggcggaggttgcggt,-28760.436,-28808.629,-48.19336,-28765.24,-28801.137,-35.896484,-12.296875
25679,cagcctcccgagtagctg,-28760.436,-28808.648,-48.21289,-28765.24,-28799.846,-34.60547,-13.607422
23448,tgggcgacagagcgagac,-28760.436,-28808.666,-48.23047,-28765.24,-28799.047,-33.80664,-14.423828
23354,gtcccagctgctcgggag,-28760.436,-28808.666,-48.23047,-28765.24,-28797.51,-32.26953,-15.9609375
25409,gccctgtcacccaggctg,-28760.436,-28808.744,-48.308594,-28765.24,-28801.873,-36.632812,-11.675781
24925,gaggttgcggtgagccga,-28760.436,-28808.746,-48.310547,-28765.24,-28800.3,-35.060547,-13.25
25088,tcccaacactttgggagg,-28760.436,-28808.77,-48.333984,-28765.24,-28803.84,-38.59961,-9.734375
22529,ttaatctgggaggcagag,-28760.436,-28808.797,-48.36133,-28765.24,-28811.605,-46.365234,-1.9960938
26236,ctgtcacccaggctggag,-28760.436,-28808.8,-48.365234,-28765.24,-28798.043,-32.802734,-15.5625
23370,aggctgaggcaggagagt,-28760.436,-28808.8,-48.365234,-28765.24,-28808.332,-43.091797,-5.2734375
23270,gaccatcctggctaacat,-28760.436,-28808.8,-48.365234,-28765.24,-28798.926,-33.685547,-14.6796875
25298,accattgcactccagcct,-28760.436,-28808.826,-48.390625,-28765.24,-28798.225,-32.984375,-15.40625
22787,agctacttgagaggttga,-28760.436,-28808.842,-48.40625,-28765.24,-28800.107,-34.867188,-13.5390625
24176,cctcccaaagtgctggga,-28760.436,-28808.844,-48.408203,-28765.24,-28800.305,-35.064453,-13.34375
22115,agtgctgggattacaagc,-28760.436,-28808.912,-48.476562,-28765.24,-28798.457,-33.216797,-15.259766
22457,aaaatttagccaggcatg,-28760.436,-28808.922,-48.48633,-28765.24,-28803.566,-38.32617,-10.160156
25674,tgcctcagcctcccgagt,-28760.436,-28809.008,-48.572266,-28765.24,-28796.814,-31.574219,-16.998047
23272,ccatcctggctaacatgg,-28760.436,-28809.03,-48.59375,-28765.24,-28797.295,-32.054688,-16.539062
25273,ggaggttgcggtgagcca,-28760.436,-28809.057,-48.621094,-28765.24,-28797.98,-32.740234,-15.880859
23225,actttgggaggccagggc,-28760.436,-28809.094,-48.658203,-28765.24,-28806.809,-41.56836,-7.0898438
24751,gggaggccgaggcaggcg,-28760.436,-28809.1,-48.664062,-28765.24,-28809.541,-44.30078,-4.3632812
22404,gagaccagcctggccaac,-28760.436,-28809.105,-48.66992,-28765.24,-28804.367,-39.126953,-9.542969
23395,acccaggaggtggagctt,-28760.436,-28809.133,-48.697266,-28765.24,-28806.719,-41.478516,-7.21875
25227,gctacttgggaggctgag,-28760.436,-28809.135,-48.69922,-28765.24,-28811.275,-46.035156,-2.6640625
23223,gcactttgggaggccagg,-28760.436,-28809.152,-48.716797,-28765.24,-28798.45,-33.208984,-15.5078125
25269,aggcggaggttgcggtga,-28760.436,-28809.156,-48.720703,-28765.24,-28806.504,-41.26367,-7.4570312
23245,gtggatcacgaggtcagg,-28760.436,-28809.217,-48.78125,-28765.24,-28802.455,-37.214844,-11.566406
24739,tcccagcactttgggagg,-28760.436,-28809.223,-48.78711,-28765.24,-28809.238,-43.998047,-4.7890625
22675,gcaggtggatcacttgag,-28760.436,-28809.387,-48.95117,-28765.24,-28793.703,-28.46289,-20.488281
21934,gctcactgcaagctccgc,-28760.436,-28809.398,-48.96289,-28765.24,-28791.672,-26.43164,-22.53125
24840,aaattaggcgggcgtggt,-28760.436,-28809.41,-48.97461,-28765.24,-28798.2,-32.958984,-16.015625
21452,ttttttttgagacggagt,-28760.436,-28809.434,-48.998047,-28765.24,-28808.133,-42.89258,-6.1054688
22472,atggtggcacatgcctgt,-28760.436,-28809.434,-48.998047,-28765.24,-28807.957,-42.716797,-6.28125
22525,tgctttaatctgggaggc,-28760.436,-28809.44,-49.003906,-28765.24,-28801.762,-36.521484,-12.482422
22683,atcacttgaggttaggag,-28760.436,-28809.469,-49.033203,-28765.24,-28792.363,-27.123047,-21.910156
24903,aattgcttgaacctggga,-28760.436,-28809.535,-49.09961,-28765.24,-28813.395,-48.154297,-0.9453125
22678,ggtggatcacttgaggtt,-28760.436,-28809.543,-49.10742,-28765.24,-28800.94,-35.69922,-13.408203
22129,aagcgtgagccaccgcgc,-28760.436,-28809.574,-49.13867,-28765.24,-28795.688,-30.447266,-18.691406
21995,gctgggactacaggcgcc,-28760.436,-28809.592,-49.15625,-28765.24,-28802.023,-36.783203,-12.373047
23355,tcccagctgctcgggagg,-28760.436,-28809.605,-49.16992,-28765.24,-28803.996,-38.75586,-10.4140625
23371,ggctgaggcaggagagtg,-28760.436,-28809.646,-49.210938,-28765.24,-28806.943,-41.703125,-7.5078125
26055,ctctattgctcaggctgg,-28760.436,-28809.656,-49.220703,-28765.24,-28800.934,-35.69336,-13.527344
22378,ggcagatcacttgaggtc,-28760.436,-28809.684,-49.248047,-28765.24,-28800.992,-35.751953,-13.496094
25295,tgcaccattgcactccag,-28760.436,-28809.717,-49.28125,-28765.24,-28801.021,-35.78125,-13.5
22837,ggttgcagtgagccgaga,-28760.436,-28809.719,-49.283203,-28765.24,-28806.98,-41.740234,-7.5429688
25297,caccattgcactccagcc,-28760.436,-28809.773,-49.33789,-28765.24,-28814.926,-49.685547,0.34765625
23229,tgggaggccagggcaggt,-28760.436,-28809.781,-49.345703,-28765.24,-28807.068,-41.828125,-7.517578
25314,ctgggcaacaagagcgaa,-28760.436,-28809.828,-49.39258,-28765.24,-28797.479,-32.23828,-17.154297
25604,ccaagctggagtgcagcg,-28760.436,-28809.83,-49.39453,-28765.24,-28805.738,-40.498047,-8.896484
25233,tgggaggctgaggcagga,-28760.436,-28809.867,-49.43164,-28765.24,-28806.549,-41.308594,-8.123047
23249,atcacgaggtcaggagat,-28760.436,-28809.883,-49.447266,-28765.24,-28806.049,-40.808594,-8.638672
24724,ggctcacacctgtaatcc,-28760.436,-28809.895,-49.458984,-28765.24,-28795.562,-30.322266,-19.136719
24746,actttgggaggccgaggc,-28760.436,-28809.91,-49.47461,-28765.24,-28807.418,-42.177734,-7.296875
22816,cacttgaacctgggaggc,-28760.436,-28809.975,-49.539062,-28765.24,-28802.223,-36.98242,-12.556641
25090,ccaacactttgggaggcc,-28760.436,-28809.99,-49.554688,-28765.24,-28807.111,-41.871094,-7.6835938
21474,ctctgttgcccaggctgg,-28760.436,-28809.992,-49.55664,-28765.24,-28799.018,-33.777344,-15.779297
25690,gtagctgggactacaggt,-28760.436,-28810.002,-49.566406,-28765.24,-28797.371,-32.13086,-17.435547
22469,ggcatggtggcacatgcc,-28760.436,-28810.035,-49.59961,-28765.24,-28798.752,-33.51172,-16.08789
24924,ggaggttgcggtgagccg,-28760.436,-28810.07,-49.634766,-28765.24,-28815.574,-50.333984,0.69921875
22799,ggttgaggcaggagaatc,-28760.436,-28810.086,-49.65039,-28765.24,-28795.637,-30.396484,-19.253906
22389,tgaggtcaggagtttgag,-28760.436,-28810.133,-49.697266,-28765.24,-28794.688,-29.447266,-20.25
25186,acaaaactagccgggcat,-28760.436,-28810.146,-49.710938,-28765.24,-28796.953,-31.71289,-17.998047
24920,aggtggaggttgcggtga,-28760.436,-28810.164,-49.728516,-28765.24,-28804.068,-38.828125,-10.900391
22809,ggagaatcacttgaacct,-28760.436,-28810.166,-49.73047,-28765.24,-28804.379,-39.13867,-10.591797
22673,aggcaggtggatcacttg,-28760.436,-28810.186,-49.75,-28765.24,-28788.277,-23.03711,-26.71289
23390,cgtgaacccaggaggtgg,-28760.436,-28810.2,-49.76367,-28765.24,-28805.348,-40.10742,-9.65625
25299,ccattgcactccagcctg,-28760.436,-28810.201,-49.765625,-28765.24,-28806.012,-40.771484,-8.994141
25283,gtgagccaagattgcacc,-28760.436,-28810.227,-49.791016,-28765.24,-28798.445,-33.20508,-16.585938
25606,aagctggagtgcagcggc,-28760.436,-28810.23,-49.79492,-28765.24,-28799.73,-34.490234,-15.3046875
25416,cacccaggctggggtgca,-28760.436,-28810.252,-49.816406,-28765.24,-28808.047,-42.80664,-7.0097656
24117,tttcaccgtgttagccag,-28760.436,-28810.268,-49.83203,-28765.24,-28800.611,-35.371094,-14.4609375
24839,aaaattaggcgggcgtgg,-28760.436,-28810.281,-49.845703,-28765.24,-28802.664,-37.42383,-12.421875
25315,tgggcaacaagagcgaaa,-28760.436,-28810.3,-49.865234,-28765.24,-28793.645,-28.404297,-21.460938
22540,ggcagaggttgcagtgag,-28760.436,-28810.309,-49.873047,-28765.24,-28807.082,-41.841797,-8.03125
23274,atcctggctaacatggtg,-28760.436,-28810.312,-49.876953,-28765.24,-28812.926,-47.685547,-2.1914062
24097,tatttttagtagagatgg,-28760.436,-28810.316,-49.88086,-28765.24,-28802.066,-36.82617,-13.0546875
22836,aggttgcagtgagccgag,-28760.436,-28810.422,-49.98633,-28765.24,-28815.14,-49.90039,-0.0859375
22122,ggattacaagcgtgagcc,-28760.436,-28810.46,-50.02539,-28765.24,-28791.895,-26.654297,-23.371094
22390,gaggtcaggagtttgaga,-28760.436,-28810.535,-50.09961,-28765.24,-28803.574,-38.333984,-11.765625
24842,attaggcgggcgtggtgg,-28760.436,-28810.605,-50.16992,-28765.24,-28800.734,-35.49414,-14.675781
24734,tgtaatcccagcactttg,-28760.436,-28810.607,-50.171875,-28765.24,-28795.914,-30.673828,-19.498047
22530,taatctgggaggcagagg,-28760.436,-28810.621,-50.185547,-28765.24,-28805.238,-39.998047,-10.1875
24737,aatcccagcactttggga,-28760.436,-28810.637,-50.20117,-28765.24,-28803.332,-38.091797,-12.109375
25224,ccagctacttgggaggct,-28760.436,-28810.688,-50.251953,-28765.24,-28809.438,-44.197266,-6.0546875
25189,aaactagccgggcatggt,-28760.436,-28810.7,-50.26367,-28765.24,-28809.457,-44.216797,-6.046875
24892,tgaggcaggagaattgct,-28760.436,-28810.715,-50.279297,-28765.24,-28794.355,-29.115234,-21.164062
24750,tgggaggccgaggcaggc,-28760.436,-28810.727,-50.291016,-28765.24,-28817.914,-52.67383,2.3828125
22088,cgtgatccacccgcctcg,-28760.436,-28810.76,-50.32422,-28765.24,-28800.154,-34.914062,-15.410156
22835,gaggttgcagtgagccga,-28760.436,-28810.816,-50.38086,-28765.24,-28808.98,-43.740234,-6.640625
25300,cattgcactccagcctgg,-28760.436,-28810.84,-50.404297,-28765.24,-28798.998,-33.757812,-16.646484
22537,ggaggcagaggttgcagt,-28760.436,-28810.857,-50.421875,-28765.24,-28821.742,-56.501953,6.080078
25419,ccaggctggggtgcaatg,-28760.436,-28810.893,-50.45703,-28765.24,-28801.697,-36.45703,-14.0
22838,gttgcagtgagccgagat,-28760.436,-28810.895,-50.458984,-28765.24,-28806.271,-41.03125,-9.427734
23207,cacgcctgtaatcccagc,-28760.436,-28810.918,-50.48242,-28765.24,-28796.682,-31.441406,-19.041016
24758,cgaggcaggcggatcacc,-28760.436,-28810.926,-50.490234,-28765.24,-28802.727,-37.48633,-13.003906
25746,gtagagatggggtttcac,-28760.436,-28810.936,-50.5,-28765.24,-28806.443,-41.203125,-9.296875
24179,cccaaagtgctgggatta,-28760.436,-28810.938,-50.501953,-28765.24,-28812.543,-47.302734,-3.1992188
23228,ttgggaggccagggcagg,-28760.436,-28810.955,-50.51953,-28765.24,-28800.39,-35.15039,-15.369141
24905,ttgcttgaacctgggagg,-28760.436,-28811.0,-50.564453,-28765.24,-28807.61,-42.36914,-8.1953125
21469,tcttgctctgttgcccag,-28760.436,-28811.008,-50.572266,-28765.24,-28802.836,-37.595703,-12.9765625
22392,ggtcaggagtttgagacc,-28760.436,-28811.012,-50.57617,-28765.24,-28800.236,-34.996094,-15.580078
24119,tcaccgtgttagccagga,-28760.436,-28811.047,-50.61133,-28765.24,-28803.574,-38.333984,-12.277344
21900,gtcacccaggctggagta,-28760.436,-28811.102,-50.666016,-28765.24,-28810.176,-44.935547,-5.7304688
23445,gcctgggcgacagagcga,-28760.436,-28811.203,-50.76758,-28765.24,-28798.043,-32.802734,-17.964844
22459,aatttagccaggcatggt,-28760.436,-28811.234,-50.79883,-28765.24,-28811.266,-46.02539,-4.7734375
23436,tgcactccagcctgggcg,-28760.436,-28811.248,-50.8125,-28765.24,-28795.95,-30.708984,-20.103516
22458,aaatttagccaggcatgg,-28760.436,-28811.258,-50.822266,-28765.24,-28798.479,-33.23828,-17.583984
24918,ggaggtggaggttgcggt,-28760.436,-28811.285,-50.84961,-28765.24,-28814.996,-49.75586,-1.09375
22542,cagaggttgcagtgagtt,-28760.436,-28811.291,-50.85547,-28765.24,-28803.479,-38.23828,-12.6171875
23209,cgcctgtaatcccagcac,-28760.436,-28811.295,-50.859375,-28765.24,-28809.777,-44.53711,-6.3222656
21472,tgctctgttgcccaggct,-28760.436,-28811.328,-50.89258,-28765.24,-28804.748,-39.507812,-11.384766
24743,agcactttgggaggccga,-28760.436,-28811.344,-50.908203,-28765.24,-28810.682,-45.441406,-5.466797
21646,gttagccaggatggtctc,-28760.436,-28811.365,-50.929688,-28765.24,-28786.611,-21.371094,-29.558594
25304,gcactccagcctgggcaa,-28760.436,-28811.412,-50.976562,-28765.24,-28811.258,-46.01758,-4.9589844
21476,ctgttgcccaggctggag,-28760.436,-28811.459,-51.023438,-28765.24,-28803.176,-37.935547,-13.087891
23389,gcgtgaacccaggaggtg,-28760.436,-28811.502,-51.066406,-28765.24,-28813.434,-48.19336,-2.8730469
23233,aggccagggcaggtggat,-28760.436,-28811.525,-51.089844,-28765.24,-28787.938,-22.697266,-28.392578
24923,tggaggttgcggtgagcc,-28760.436,-28811.547,-51.11133,-28765.24,-28806.227,-40.98633,-10.125
25766,tgttagccaggatggtct,-28760.436,-28811.584,-51.148438,-28765.24,-28795.723,-30.482422,-20.666016
24889,ggctgaggcaggagaatt,-28760.436,-28811.637,-51.20117,-28765.24,-28797.63,-32.390625,-18.810547
23279,ggctaacatggtgaaacc,-28760.436,-28811.637,-51.20117,-28765.24,-28798.512,-33.271484,-17.929688
24919,gaggtggaggttgcggtg,-28760.436,-28811.738,-51.302734,-28765.24,-28806.016,-40.77539,-10.527344
23444,agcctgggcgacagagcg,-28760.436,-28811.744,-51.308594,-28765.24,-28806.574,-41.333984,-9.974609
26461,cccaaagtgctgggatta,-28760.436,-28811.807,-51.371094,-28765.24,-28810.676,-45.435547,-5.935547
23368,ggaggctgaggcaggaga,-28760.436,-28811.812,-51.376953,-28765.24,-28804.074,-38.833984,-12.542969
24172,taggcctcccaaagtgct,-28760.436,-28811.828,-51.39258,-28765.24,-28793.787,-28.546875,-22.845703
23241,gcaggtggatcacgaggt,-28760.436,-28811.832,-51.396484,-28765.24,-28797.309,-32.06836,-19.328125
23247,ggatcacgaggtcaggag,-28760.436,-28811.898,-51.46289,-28765.24,-28813.51,-48.26953,-3.1933594
25303,tgcactccagcctgggca,-28760.436,-28811.959,-51.523438,-28765.24,-28808.098,-42.85742,-8.666016
25226,agctacttgggaggctga,-28760.436,-28811.969,-51.533203,-28765.24,-28802.281,-37.041016,-14.4921875
24050,gtagctgggactacaggc,-28760.436,-28812.02,-51.583984,-28765.24,-28800.848,-35.60742,-15.9765625
24878,gctactcaggaggctgag,-28760.436,-28812.078,-51.64258,-28765.24,-28804.234,-38.99414,-12.6484375
23965,taagctggagtgcagtgg,-28760.436,-28812.17,-51.734375,-28765.24,-28798.988,-33.748047,-17.986328
23256,ggtcaggagatcgagacc,-28760.436,-28812.174,-51.73828,-28765.24,-28801.863,-36.623047,-15.115234
22545,aggttgcagtgagttgag,-28760.436,-28812.188,-51.751953,-28765.24,-28797.61,-32.36914,-19.382812
24762,gcaggcggatcacctgag,-28760.436,-28812.25,-51.814453,-28765.24,-28810.51,-45.26953,-6.544922
24847,gcgggcgtggtggtgcat,-28760.436,-28812.29,-51.853516,-28765.24,-28811.646,-46.40625,-5.4472656
22815,tcacttgaacctgggagg,-28760.436,-28812.293,-51.85742,-28765.24,-28804.855,-39.615234,-12.2421875
24915,ctgggaggtggaggttgc,-28760.436,-28812.342,-51.90625,-28765.24,-28805.74,-40.5,-11.40625
23251,cacgaggtcaggagatcg,-28760.436,-28812.361,-51.92578,-28765.24,-28807.332,-42.091797,-9.833984
23404,gtggagcttgcagtgagc,-28760.436,-28812.508,-52.072266,-28765.24,-28807.785,-42.54492,-9.527344
22833,cagaggttgcagtgagcc,-28760.436,-28812.53,-52.09375,-28765.24,-28801.584,-36.34375,-15.75
23391,gtgaacccaggaggtgga,-28760.436,-28812.57,-52.134766,-28765.24,-28805.047,-39.80664,-12.328125
23366,cgggaggctgaggcagga,-28760.436,-28812.576,-52.140625,-28765.24,-28803.402,-38.16211,-13.978516
22814,atcacttgaacctgggag,-28760.436,-28812.592,-52.15625,-28765.24,-28807.184,-41.94336,-10.212891
25437,gtgcaatctcggctcact,-28760.436,-28812.684,-52.248047,-28765.24,-28800.508,-35.26758,-16.980469
22823,acctgggaggcagaggtt,-28760.436,-28812.691,-52.25586,-28765.24,-28810.207,-44.966797,-7.2890625
24752,ggaggccgaggcaggcgg,-28760.436,-28812.77,-52.333984,-28765.24,-28806.238,-40.998047,-11.3359375
25093,acactttgggaggccaag,-28760.436,-28812.785,-52.34961,-28765.24,-28808.855,-43.615234,-8.734375
23400,ggaggtggagcttgcagt,-28760.436,-28812.793,-52.35742,-28765.24,-28814.129,-48.88867,-3.46875
24844,taggcgggcgtggtggtg,-28760.436,-28812.809,-52.373047,-28765.24,-28804.395,-39.154297,-13.21875
23275,tcctggctaacatggtga,-28760.436,-28812.885,-52.44922,-28765.24,-28805.793,-40.552734,-11.896484
25097,tttgggaggccaaggcag,-28760.436,-28812.92,-52.484375,-28765.24,-28807.832,-42.591797,-9.892578
25228,ctacttgggaggctgagg,-28760.436,-28812.996,-52.560547,-28765.24,-28811.484,-46.24414,-6.3164062
22822,aacctgggaggcagaggt,-28760.436,-28813.023,-52.58789,-28765.24,-28807.96,-42.720703,-9.8671875
21477,tgttgcccaggctggagt,-28760.436,-28813.025,-52.589844,-28765.24,-28805.21,-39.970703,-12.619141
22830,aggcagaggttgcagtga,-28760.436,-28813.06,-52.625,-28765.24,-28805.396,-40.15625,-12.46875
24921,ggtggaggttgcggtgag,-28760.436,-28813.082,-52.646484,-28765.24,-28807.389,-42.148438,-10.498047
25686,ccgagtagctgggactac,-28760.436,-28813.086,-52.65039,-28765.24,-28802.498,-37.257812,-15.392578
24874,cccagctactcaggaggc,-28760.436,-28813.172,-52.73633,-28765.24,-28812.17,-46.929688,-5.8066406
23250,tcacgaggtcaggagatc,-28760.436,-28813.201,-52.765625,-28765.24,-28805.396,-40.15625,-12.609375
25194,agccgggcatggtggcgc,-28760.436,-28813.207,-52.771484,-28765.24,-28817.018,-51.777344,-0.9941406
25187,caaaactagccgggcatg,-28760.436,-28813.219,-52.783203,-28765.24,-28804.463,-39.222656,-13.560547
24745,cactttgggaggccgagg,-28760.436,-28813.223,-52.78711,-28765.24,-28807.87,-42.628906,-10.158203
25191,actagccgggcatggtgg,-28760.436,-28813.309,-52.873047,-28765.24,-28818.785,-53.54492,0.671875
24916,tgggaggtggaggttgcg,-28760.436,-28813.314,-52.878906,-28765.24,-28805.898,-40.658203,-12.220703
24904,attgcttgaacctgggag,-28760.436,-28813.316,-52.88086,-28765.24,-28808.293,-43.052734,-9.828125
22524,ttgctttaatctgggagg,-28760.436,-28813.45,-53.01367,-28765.24,-28804.473,-39.23242,-13.78125
24873,tcccagctactcaggagg,-28760.436,-28813.473,-53.03711,-28765.24,-28808.55,-43.310547,-9.7265625
22464,agccaggcatggtggcac,-28760.436,-28813.537,-53.101562,-28765.24,-28813.11,-47.86914,-5.232422
23362,tgctcgggaggctgaggc,-28760.436,-28813.602,-53.166016,-28765.24,-28801.516,-36.27539,-16.890625
24186,tgctgggattacaggcgt,-28760.436,-28813.621,-53.185547,-28765.24,-28803.22,-37.98047,-15.205078
24922,gtggaggttgcggtgagc,-28760.436,-28813.656,-53.220703,-28765.24,-28804.145,-38.904297,-14.316406
22824,cctgggaggcagaggttg,-28760.436,-28813.68,-53.24414,-28765.24,-28809.254,-44.01367,-9.230469
22817,acttgaacctgggaggca,-28760.436,-28813.693,-53.257812,-28765.24,-28814.578,-49.33789,-3.9199219
25677,ctcagcctcccgagtagc,-28760.436,-28813.695,-53.259766,-28765.24,-28797.344,-32.103516,-21.15625
23971,ggagtgcagtggcatgat,-28760.436,-28813.73,-53.29492,-28765.24,-28817.066,-51.82617,-1.46875
24843,ttaggcgggcgtggtggt,-28760.436,-28813.758,-53.322266,-28765.24,-28811.953,-46.71289,-6.609375
22826,tgggaggcagaggttgca,-28760.436,-28813.848,-53.41211,-28765.24,-28803.262,-38.021484,-15.390625
22792,cttgagaggttgaggcag,-28760.436,-28813.984,-53.54883,-28765.24,-28798.332,-33.091797,-20.457031
24912,aacctgggaggtggaggt,-28760.436,-28813.994,-53.558594,-28765.24,-28805.406,-40.166016,-13.392578
23365,tcgggaggctgaggcagg,-28760.436,-28814.012,-53.57617,-28765.24,-28796.107,-30.867188,-22.708984
25616,gcagcggcgcgatcttgg,-28760.436,-28814.027,-53.591797,-28765.24,-28785.9,-20.660156,-32.93164
24908,cttgaacctgggaggtgg,-28760.436,-28814.055,-53.61914,-28765.24,-28816.568,-51.328125,-2.2910156
22467,caggcatggtggcacatg,-28760.436,-28814.098,-53.66211,-28765.24,-28793.188,-27.947266,-25.714844
25223,cccagctacttgggaggc,-28760.436,-28814.145,-53.708984,-28765.24,-28814.18,-48.939453,-4.7695312
22819,ttgaacctgggaggcaga,-28760.436,-28814.156,-53.720703,-28765.24,-28804.809,-39.56836,-14.152344
23361,ctgctcgggaggctgagg,-28760.436,-28814.166,-53.73047,-28765.24,-28806.637,-41.396484,-12.333984
23403,ggtggagcttgcagtgag,-28760.436,-28814.184,-53.748047,-28765.24,-28806.465,-41.22461,-12.5234375
24175,gcctcccaaagtgctggg,-28760.436,-28814.238,-53.802734,-28765.24,-28796.293,-31.052734,-22.75
24955,gcactccagcctgggcaa,-28760.436,-28814.258,-53.822266,-28765.24,-28802.104,-36.86328,-16.958984
24880,tactcaggaggctgaggc,-28760.436,-28814.29,-53.853516,-28765.24,-28803.197,-37.95703,-15.896484
23369,gaggctgaggcaggagag,-28760.436,-28814.316,-53.88086,-28765.24,-28808.924,-43.683594,-10.197266
24738,atcccagcactttgggag,-28760.436,-28814.346,-53.910156,-28765.24,-28808.021,-42.78125,-11.128906
25147,gcctgaccaacatggaga,-28760.436,-28814.428,-53.992188,-28765.24,-28805.701,-40.460938,-13.53125
25436,ggtgcaatctcggctcac,-28760.436,-28814.457,-54.021484,-28765.24,-28794.816,-29.576172,-24.445312
24757,ccgaggcaggcggatcac,-28760.436,-28814.477,-54.041016,-28765.24,-28803.355,-38.115234,-15.925781
22829,gaggcagaggttgcagtg,-28760.436,-28814.49,-54.054688,-28765.24,-28810.027,-44.78711,-9.267578
25302,ttgcactccagcctgggc,-28760.436,-28814.637,-54.20117,-28765.24,-28799.285,-34.04492,-20.15625
25229,tacttgggaggctgaggc,-28760.436,-28814.654,-54.21875,-28765.24,-28803.098,-37.85742,-16.361328
22465,gccaggcatggtggcaca,-28760.436,-28814.742,-54.30664,-28765.24,-28803.027,-37.78711,-16.519531
25098,ttgggaggccaaggcagg,-28760.436,-28814.805,-54.36914,-28765.24,-28804.328,-39.08789,-15.28125
24879,ctactcaggaggctgagg,-28760.436,-28814.805,-54.36914,-28765.24,-28801.49,-36.25,-18.11914
25232,ttgggaggctgaggcagg,-28760.436,-28814.904,-54.46875,-28765.24,-28791.633,-26.392578,-28.076172
23363,gctcgggaggctgaggca,-28760.436,-28814.938,-54.501953,-28765.24,-28813.203,-47.96289,-6.5390625
24917,gggaggtggaggttgcgg,-28760.436,-28815.01,-54.57422,-28765.24,-28811.117,-45.876953,-8.697266
25195,gccgggcatggtggcgca,-28760.436,-28815.023,-54.58789,-28765.24,-28805.88,-40.640625,-13.947266
25688,gagtagctgggactacag,-28760.436,-28815.188,-54.751953,-28765.24,-28808.207,-42.966797,-11.785156
22813,aatcacttgaacctggga,-28760.436,-28815.217,-54.78125,-28765.24,-28806.117,-40.876953,-13.904297
22460,atttagccaggcatggtg,-28760.436,-28815.256,-54.820312,-28765.24,-28807.875,-42.634766,-12.185547
24885,aggaggctgaggcaggag,-28760.436,-28815.316,-54.88086,-28765.24,-28801.893,-36.652344,-18.228516
23243,aggtggatcacgaggtca,-28760.436,-28815.348,-54.91211,-28765.24,-28812.773,-47.533203,-7.3789062
25185,tacaaaactagccgggca,-28760.436,-28815.367,-54.93164,-28765.24,-28804.025,-38.785156,-16.146484
24883,tcaggaggctgaggcagg,-28760.436,-28815.414,-54.978516,-28765.24,-28806.89,-41.65039,-13.328125
24907,gcttgaacctgggaggtg,-28760.436,-28815.543,-55.10742,-28765.24,-28800.348,-35.10742,-20.0
23271,accatcctggctaacatg,-28760.436,-28815.613,-55.177734,-28765.24,-28802.031,-36.791016,-18.386719
22828,ggaggcagaggttgcagt,-28760.436,-28815.834,-55.398438,-28765.24,-28822.537,-57.296875,1.8984375
23358,cagctgctcgggaggctg,-28760.436,-28815.938,-55.501953,-28765.24,-28791.512,-26.271484,-29.230469
23968,gctggagtgcagtggcat,-28760.436,-28816.0,-55.564453,-28765.24,-28797.75,-32.509766,-23.054688
22462,ttagccaggcatggtggc,-28760.436,-28816.13,-55.695312,-28765.24,-28811.23,-45.990234,-9.705078
25274,gaggttgcggtgagccaa,-28760.436,-28816.188,-55.751953,-28765.24,-28800.092,-34.851562,-20.90039
24748,tttgggaggccgaggcag,-28760.436,-28816.422,-55.98633,-28765.24,-28802.984,-37.74414,-18.242188
24742,cagcactttgggaggccg,-28760.436,-28816.498,-56.0625,-28765.24,-28807.918,-42.677734,-13.384766
24741,ccagcactttgggaggcc,-28760.436,-28816.617,-56.18164,-28765.24,-28816.17,-50.929688,-5.251953
24747,ctttgggaggccgaggca,-28760.436,-28816.906,-56.470703,-28765.24,-28806.248,-41.007812,-15.462891
22534,ctgggaggcagaggttgc,-28760.436,-28816.928,-56.492188,-28765.24,-28816.467,-51.226562,-5.265625
22531,aatctgggaggcagaggt,-28760.436,-28816.945,-56.509766,-28765.24,-28812.764,-47.523438,-8.986328
22825,ctgggaggcagaggttgc,-28760.436,-28817.008,-56.572266,-28765.24,-28806.074,-40.833984,-15.738281
23244,ggtggatcacgaggtcag,-28760.436,-28817.047,-56.61133,-28765.24,-28804.43,-39.189453,-17.421875
24893,gaggcaggagaattgctt,-28760.436,-28817.16,-56.72461,-28765.24,-28810.8,-45.560547,-11.1640625
23437,gcactccagcctgggcga,-28760.436,-28817.32,-56.884766,-28765.24,-28807.36,-42.11914,-14.765625
22821,gaacctgggaggcagagg,-28760.436,-28817.332,-56.896484,-28765.24,-28809.016,-43.77539,-13.121094
25765,gtgttagccaggatggtc,-28760.436,-28817.36,-56.92383,-28765.24,-28804.633,-39.39258,-17.53125
21478,gttgcccaggctggagtg,-28760.436,-28817.371,-56.935547,-28765.24,-28817.38,-52.140625,-4.794922
21483,ccaggctggagtgcaatg,-28760.436,-28817.402,-56.966797,-28765.24,-28802.688,-37.447266,-19.519531
22834,agaggttgcagtgagccg,-28760.436,-28817.916,-57.48047,-28765.24,-28806.45,-41.208984,-16.271484
22461,tttagccaggcatggtgg,-28760.436,-28817.977,-57.541016,-28765.24,-28818.047,-52.80664,-4.734375
24914,cctgggaggtggaggttg,-28760.436,-28818.0,-57.564453,-28765.24,-28816.113,-50.873047,-6.6914062
24744,gcactttgggaggccgag,-28760.436,-28818.055,-57.61914,-28765.24,-28811.584,-46.34375,-11.275391
24911,gaacctgggaggtggagg,-28760.436,-28818.365,-57.929688,-28765.24,-28812.531,-47.291016,-10.638672
22818,cttgaacctgggaggcag,-28760.436,-28818.697,-58.26172,-28765.24,-28809.148,-43.908203,-14.353516
23442,ccagcctgggcgacagag,-28760.436,-28818.768,-58.33203,-28765.24,-28814.59,-49.34961,-8.982422
21481,gcccaggctggagtgcaa,-28760.436,-28818.848,-58.41211,-28765.24,-28803.184,-37.94336,-20.46875
24841,aattaggcgggcgtggtg,-28760.436,-28819.014,-58.578125,-28765.24,-28800.793,-35.552734,-23.02539
24749,ttgggaggccgaggcagg,-28760.436,-28819.492,-59.05664,-28765.24,-28803.195,-37.95508,-21.101562
22463,tagccaggcatggtggca,-28760.436,-28819.75,-59.314453,-28765.24,-28807.125,-41.884766,-17.429688
22536,gggaggcagaggttgcag,-28760.436,-28819.848,-59.41211,-28765.24,-28811.316,-46.07617,-13.3359375
23406,ggagcttgcagtgagccg,-28760.436,-28821.328,-60.89258,-28765.24,-28802.406,-37.166016,-23.726562
24909,ttgaacctgggaggtgga,-28760.436,-28821.627,-61.191406,-28765.24,-28812.143,-46.902344,-14.2890625
22820,tgaacctgggaggcagag,-28760.436,-28822.312,-61.876953,-28765.24,-28806.457,-41.216797,-20.660156
25193,tagccgggcatggtggcg,-28760.436,-28825.121,-64.68555,-28765.24,-28813.215,-47.97461,-16.710938
25192,ctagccgggcatggtggc,-28760.436,-28827.098,-66.66211,-28765.24,-28809.51,-44.26953,-22.392578
22827,gggaggcagaggttgcag,-28760.436,-28828.006,-67.57031,-28765.24,-28799.848,-34.60742,-32.96289
