SMN2_token,SMN2_log_probability,SMN2_del_exon7_token,SMN2_del_exon7_log_probability
H,-0.43164062,H,-0.43164062
X,-0.84375,X,-0.84375
Y,-1.890625,Y,-1.890625
Y,-1.015625,Y,-1.015625
Y,-0.9921875,Y,-0.9921875
Y,-1.140625,Y,-1.140625
X,-1.1953125,X,-1.1953125
X,-1.0546875,X,-1.0546875
X,-1.0234375,X,-1.0234375
X,-0.98046875,X,-0.98046875
W,-1.484375,W,-1.484375
X,-1.1953125,X,-1.1953125
Y,-1.9921875,Y,-1.9921875
X,-0.90625,X,-0.90625
Z,-1.546875,Z,-1.546875
Y,-0.84375,Y,-0.84375
X,-1.0546875,X,-1.0546875
S,-7.78125,S,-7.78125
G,-1.40625,G,-1.40625
C,-1.515625,C,-1.515625
A,-1.828125,A,-1.828125
C,-1.328125,C,-1.328125
C,-1.125,C,-1.125
C,-1.140625,C,-1.140625
G,-1.90625,G,-1.90625
C,-1.1015625,C,-1.1015625
G,-1.5,G,-1.5
G,-1.2265625,G,-1.2265625
G,-1.2421875,G,-1.2421875
T,-1.921875,T,-1.921875
T,-1.7421875,T,-1.7421875
T,-1.7578125,T,-1.7578125
G,-0.97265625,G,-0.97265625
C,-1.1640625,C,-1.1640625
T,-1.359375,T,-1.359375
A,-2.765625,A,-2.765625
T,-1.578125,T,-1.578125
G,-0.89453125,G,-0.89453125
G,-1.0078125,G,-1.0078125
C,-1.2421875,C,-1.2421875
G,-1.9140625,G,-1.9140625
A,-1.8125,A,-1.8125
T,-2.046875,T,-2.046875
G,-0.59765625,G,-0.59765625
A,-1.6015625,A,-1.6015625
G,-0.98046875,G,-0.98046875
C,-1.265625,C,-1.265625
A,-1.2734375,A,-1.2734375
G,-0.6875,G,-0.6875
C,-1.1015625,C,-1.1015625
G,-1.8515625,G,-1.8515625
G,-0.9765625,G,-0.9765625
C,-0.83984375,C,-0.83984375
G,-1.484375,G,-1.484375
G,-0.91796875,G,-0.91796875
C,-0.7890625,C,-0.7890625
A,-1.453125,A,-1.453125
G,-0.58984375,G,-0.58984375
T,-2.359375,T,-2.359375
G,-0.6484375,G,-0.6484375
G,-0.84375,G,-0.84375
T,-2.203125,T,-2.203125
G,-0.671875,G,-0.671875
G,-0.7421875,G,-0.7421875
C,-1.046875,C,-1.046875
G,-1.4453125,G,-1.4453125
G,-0.72265625,G,-0.72265625
C,-0.9140625,C,-0.9140625
G,-1.1015625,G,-1.1015625
T,-2.296875,T,-2.296875
C,-0.89453125,C,-0.89453125
C,-1.125,C,-1.125
C,-1.0546875,C,-1.0546875
G,-1.484375,G,-1.484375
G,-0.6953125,G,-0.6953125
A,-1.953125,A,-1.953125
G,-0.69921875,G,-0.69921875
C,-1.0625,C,-1.0625
A,-1.703125,A,-1.703125
G,-0.57421875,G,-0.57421875
G,-1.0859375,G,-1.0859375
A,-1.4375,A,-1.4375
G,-0.546875,G,-0.546875
G,-0.890625,G,-0.890625
A,-1.2734375,A,-1.2734375
T,-2.6875,T,-2.6875
T,-2.34375,T,-2.34375
C,-1.109375,C,-1.109375
C,-0.875,C,-0.875
G,-1.5546875,G,-1.5546875
T,-1.90625,T,-1.90625
G,-0.50390625,G,-0.50390625
C,-1.265625,C,-1.265625
T,-1.3125,T,-1.3125
G,-0.63671875,G,-0.63671875
T,-2.078125,T,-2.078125
T,-1.5859375,T,-1.5859375
C,-0.94921875,C,-0.94921875
C,-0.796875,C,-0.796875
G,-2.21875,G,-2.21875
G,-0.84375,G,-0.84375
C,-1.109375,C,-1.109375
G,-1.8515625,G,-1.8515625
C,-0.890625,C,-0.890625
G,-1.5,G,-1.5
G,-1.1015625,G,-1.1015625
C,-0.8671875,C,-0.8671875
A,-2.015625,A,-2.015625
C,-1.546875,C,-1.546875
A,-2.171875,A,-2.171875
G,-0.60546875,G,-0.60546875
G,-1.234375,G,-1.234375
C,-1.015625,C,-1.015625
C,-0.984375,C,-0.984375
A,-1.3515625,A,-1.296875
G,-0.6640625,G,-0.63671875
g,-3.5625,g,-3.578125
t,-0.10107422,t,-0.079589844
g,-0.40429688,g,-0.43359375
a,-0.41796875,a,-0.37695312
g,-0.14355469,g,-0.14648438
g,-1.9140625,g,-2.015625
t,-1.921875,t,-1.9375
c,-1.03125,c,-1.046875
g,-2.09375,g,-2.09375
c,-1.0625,c,-1.015625
a,-1.7734375,a,-1.7734375
g,-0.609375,g,-0.63671875
c,-0.76953125,c,-0.79296875
c,-0.875,c,-0.8671875
a,-1.8671875,a,-1.921875
g,-0.875,g,-0.91015625
t,-2.15625,t,-2.15625
g,-0.8203125,g,-0.81640625
c,-1.03125,c,-1.0
a,-1.734375,a,-1.765625
g,-0.96484375,g,-0.95703125
t,-1.9140625,t,-1.9375
c,-0.8046875,c,-0.79296875
t,-1.1875,t,-1.1875
c,-0.93359375,c,-0.9296875
c,-0.90625,c,-0.90625
c,-1.0546875,c,-1.078125
t,-1.78125,t,-1.6953125
a,-2.46875,a,-2.453125
t,-2.21875,t,-2.15625
t,-1.6328125,t,-1.6015625
a,-2.78125,a,-2.765625
g,-1.2421875,g,-1.2421875
c,-1.15625,c,-1.1953125
g,-2.8125,g,-2.859375
c,-1.34375,c,-1.2265625
t,-1.2890625,t,-1.3125
c,-1.28125,c,-1.2578125
t,-1.3515625,t,-1.3828125
c,-1.0234375,c,-1.0234375
a,-1.6171875,a,-1.546875
g,-0.98828125,g,-1.0625
c,-1.1328125,c,-1.1640625
a,-1.7109375,a,-1.640625
c,-0.8125,c,-0.875
c,-0.7578125,c,-0.76953125
c,-0.83203125,c,-0.82421875
t,-1.609375,t,-1.609375
t,-1.921875,t,-2.0
c,-0.83203125,c,-0.88671875
t,-1.203125,t,-1.203125
t,-1.4765625,t,-1.484375
c,-0.97265625,c,-0.9921875
c,-0.75390625,c,-0.71484375
g,-2.78125,g,-2.796875
g,-1.2421875,g,-1.203125
c,-1.046875,c,-1.109375
c,-0.796875,c,-0.7734375
c,-0.81640625,c,-0.84765625
a,-1.859375,a,-1.7890625
a,-2.15625,a,-2.171875
c,-1.34375,c,-1.3046875
t,-1.3046875,t,-1.375
c,-1.0703125,c,-1.0703125
t,-1.28125,t,-1.2734375
c,-1.078125,c,-1.078125
c,-0.7265625,c,-0.734375
t,-1.1875,t,-1.265625
t,-1.546875,t,-1.546875
c,-0.7109375,c,-0.76171875
c,-0.59375,c,-0.6328125
g,-2.734375,g,-2.75
c,-0.984375,c,-0.94140625
a,-1.8515625,a,-1.859375
g,-0.85546875,g,-0.84375
c,-0.9375,c,-0.94921875
c,-0.6015625,c,-0.63671875
t,-1.1796875,t,-1.1328125
c,-0.7421875,c,-0.76171875
g,-2.4375,g,-2.421875
g,-0.96875,g,-0.9296875
g,-1.4140625,g,-1.4375
a,-1.890625,a,-1.8984375
c,-1.2109375,c,-1.2109375
a,-1.7109375,a,-1.7265625
g,-0.84765625,g,-0.8203125
c,-1.28125,c,-1.2421875
a,-1.828125,a,-1.765625
t,-2.015625,t,-2.046875
c,-0.85546875,c,-0.8515625
a,-1.7265625,a,-1.6484375
a,-1.984375,a,-2.0625
g,-1.0546875,g,-1.0546875
t,-1.8125,t,-1.828125
c,-1.09375,c,-1.0625
g,-2.421875,g,-2.4375
a,-2.046875,a,-2.0625
t,-1.84375,t,-1.9296875
c,-1.2109375,c,-1.1875
c,-0.9765625,c,-0.9375
g,-2.328125,g,-2.328125
c,-1.1484375,c,-1.1484375
t,-1.421875,t,-1.3359375
c,-1.1796875,c,-1.1875
a,-1.5546875,a,-1.59375
c,-0.96875,c,-1.03125
t,-1.453125,t,-1.4453125
g,-1.0859375,g,-1.1328125
g,-1.4296875,g,-1.4375
a,-1.953125,a,-1.953125
g,-1.046875,g,-1.0625
t,-1.625,t,-1.6796875
t,-1.4453125,t,-1.4453125
g,-1.109375,g,-1.09375
t,-1.71875,t,-1.6640625
g,-1.109375,g,-1.046875
g,-0.90234375,g,-0.94140625
t,-1.546875,t,-1.4921875
c,-0.95703125,c,-0.9140625
c,-1.2578125,c,-1.1796875
g,-2.09375,g,-2.09375
c,-0.9453125,c,-0.93359375
g,-1.7734375,g,-1.796875
t,-1.7109375,t,-1.71875
t,-1.921875,t,-1.953125
t,-1.59375,t,-1.59375
t,-1.6796875,t,-1.6484375
t,-1.1953125,t,-1.2421875
c,-1.2890625,c,-1.265625
t,-0.6484375,t,-0.62109375
a,-2.765625,a,-2.671875
c,-1.578125,c,-1.6484375
g,-2.859375,g,-2.75
t,-0.84375,t,-0.81640625
c,-1.375,c,-1.421875
t,-0.65625,t,-0.65625
t,-1.1796875,t,-1.171875
t,-0.8671875,t,-0.83203125
t,-1.1875,t,-1.1484375
c,-1.453125,c,-1.484375
c,-1.2265625,c,-1.1796875
c,-1.2109375,c,-1.21875
a,-1.4765625,a,-1.6171875
c,-1.578125,c,-1.59375
t,-1.15625,t,-1.171875
c,-1.265625,c,-1.25
c,-1.0625,c,-1.0
g,-2.59375,g,-2.59375
t,-1.3984375,t,-1.3828125
t,-1.578125,t,-1.5703125
c,-1.015625,c,-1.0234375
c,-0.80859375,c,-0.80859375
c,-0.78125,c,-0.828125
t,-1.1796875,t,-1.1640625
g,-1.5,g,-1.5
c,-1.078125,c,-1.0078125
g,-2.609375,g,-2.5625
a,-2.375,a,-2.4375
a,-1.8515625,a,-1.90625
c,-1.2421875,c,-1.1640625
c,-0.89453125,c,-0.875
a,-1.7421875,a,-1.6875
c,-1.171875,c,-1.125
a,-1.6484375,a,-1.71875
t,-1.6640625,t,-1.6796875
c,-1.0546875,c,-1.0703125
c,-0.87890625,c,-0.84765625
g,-2.640625,g,-2.609375
c,-1.0546875,c,-1.1171875
a,-1.59375,a,-1.5703125
a,-2.078125,a,-2.140625
g,-1.1796875,g,-1.1484375
c,-1.1015625,c,-1.046875
t,-1.296875,t,-1.34375
c,-0.9921875,c,-0.98046875
c,-0.79296875,c,-0.84765625
t,-1.21875,t,-1.1953125
t,-1.671875,t,-1.7265625
c,-0.8984375,c,-0.92578125
c,-0.71875,c,-0.6953125
t,-1.1171875,t,-1.0703125
c,-0.9765625,c,-0.98828125
g,-2.78125,g,-2.75
a,-2.359375,a,-2.390625
g,-1.078125,g,-1.0078125
c,-1.3046875,c,-1.3671875
a,-1.6796875,a,-1.7265625
g,-0.96484375,g,-0.98046875
t,-1.703125,t,-1.75
t,-1.5546875,t,-1.546875
t,-1.265625,t,-1.2265625
g,-1.3671875,g,-1.390625
g,-1.1875,g,-1.1640625
g,-1.0,g,-1.0625
c,-1.421875,c,-1.4375
t,-1.0234375,t,-1.015625
c,-1.34375,c,-1.21875
c,-0.9921875,c,-0.9921875
t,-1.1640625,t,-1.15625
t,-1.4296875,t,-1.5234375
g,-1.25,g,-1.3125
a,-1.953125,a,-1.875
t,-1.5546875,t,-1.59375
a,-2.109375,a,-2.203125
g,-1.2890625,g,-1.2578125
c,-1.109375,c,-1.109375
g,-2.59375,g,-2.5625
t,-1.359375,t,-1.375
t,-1.25,t,-1.203125
g,-1.296875,g,-1.2421875
a,-1.765625,a,-1.75
g,-1.171875,g,-1.1015625
t,-1.546875,t,-1.515625
g,-1.125,g,-1.1484375
g,-1.1953125,g,-1.1328125
a,-1.6484375,a,-1.6484375
g,-0.9765625,g,-0.94921875
g,-1.1328125,g,-1.1484375
c,-1.3203125,c,-1.2734375
c,-1.15625,c,-1.15625
c,-1.265625,c,-1.2734375
t,-1.2890625,t,-1.2421875
g,-0.7890625,g,-0.80078125
c,-1.375,c,-1.3515625
c,-0.93359375,c,-0.96875
g,-2.390625,g,-2.390625
c,-1.1640625,c,-1.1015625
g,-1.765625,g,-1.7890625
a,-2.359375,a,-2.359375
c,-1.1640625,c,-1.1640625
t,-1.4296875,t,-1.4296875
t,-1.625,t,-1.609375
g,-1.1875,g,-1.21875
g,-1.0234375,g,-1.0234375
c,-1.2890625,c,-1.3359375
a,-1.65625,a,-1.6796875
g,-0.78515625,g,-0.78125
t,-1.7734375,t,-1.8046875
a,-2.34375,a,-2.328125
g,-0.91015625,g,-0.9765625
c,-1.109375,c,-1.109375
t,-1.2421875,t,-1.2109375
t,-1.6328125,t,-1.6328125
a,-2.171875,a,-2.234375
t,-1.640625,t,-1.59375
t,-1.421875,t,-1.375
t,-1.0859375,t,-1.0859375
t,-1.1171875,t,-1.1171875
g,-1.4765625,g,-1.4609375
t,-1.125,t,-1.1328125
t,-1.0,t,-1.0078125
c,-1.4921875,c,-1.4609375
a,-1.703125,a,-1.71875
c,-1.515625,c,-1.5078125
t,-0.89453125,t,-0.8359375
c,-1.375,c,-1.40625
c,-1.1796875,c,-1.1171875
t,-0.984375,t,-0.91015625
c,-1.40625,c,-1.375
t,-1.03125,t,-1.03125
c,-1.1171875,c,-1.109375
t,-1.0078125,t,-0.99609375
g,-1.1796875,g,-1.3125
g,-1.609375,g,-1.6796875
c,-1.140625,c,-1.2109375
t,-1.015625,t,-1.046875
g,-1.2109375,g,-1.2265625
g,-1.171875,g,-1.140625
t,-1.515625,t,-1.59375
g,-1.0,g,-0.99609375
t,-1.2890625,t,-1.2734375
g,-1.0234375,g,-1.0546875
g,-1.2421875,g,-1.25
g,-1.1796875,g,-1.2265625
g,-1.0,g,-1.0546875
g,-1.2109375,g,-1.1953125
a,-1.515625,a,-1.515625
g,-0.7890625,g,-0.765625
g,-0.74609375,g,-0.75
t,-2.03125,t,-1.984375
g,-0.6875,g,-0.703125
g,-0.734375,g,-0.734375
g,-0.99609375,g,-0.953125
g,-0.87890625,g,-0.8984375
g,-1.0703125,g,-1.0390625
c,-1.4453125,c,-1.3828125
a,-1.328125,a,-1.328125
t,-1.9140625,t,-1.921875
t,-1.765625,t,-1.765625
a,-2.03125,a,-2.015625
g,-0.91015625,g,-0.91015625
g,-1.0078125,g,-1.015625
c,-1.78125,c,-1.796875
c,-1.2578125,c,-1.3125
a,-1.375,a,-1.359375
g,-0.86328125,g,-0.890625
g,-0.8125,g,-0.765625
g,-0.98046875,g,-0.97265625
t,-1.4375,t,-1.5078125
g,-0.95703125,g,-0.91796875
a,-1.671875,a,-1.6953125
a,-1.8359375,a,-1.7890625
g,-0.7265625,g,-0.70703125
c,-1.515625,c,-1.484375
a,-1.4140625,a,-1.4296875
g,-0.6328125,g,-0.6328125
g,-0.9140625,g,-0.953125
g,-0.859375,g,-0.8515625
g,-0.97265625,g,-1.015625
a,-1.484375,a,-1.5
a,-1.5234375,a,-1.515625
c,-1.6953125,c,-1.734375
c,-1.1640625,c,-1.1640625
a,-1.3359375,a,-1.328125
c,-1.4921875,c,-1.5390625
t,-1.46875,t,-1.46875
t,-1.546875,t,-1.5390625
a,-2.03125,a,-2.015625
g,-0.96484375,g,-0.96875
g,-0.98046875,g,-1.015625
a,-1.453125,a,-1.4453125
g,-0.9453125,g,-0.9921875
t,-1.7734375,t,-1.7421875
c,-1.1953125,c,-1.1484375
t,-1.25,t,-1.3515625
g,-0.79296875,g,-0.82421875
t,-1.6640625,t,-1.625
t,-1.59375,t,-1.609375
a,-2.09375,a,-2.09375
a,-1.6015625,a,-1.5625
g,-1.015625,g,-1.0703125
a,-1.3828125,a,-1.3828125
t,-1.765625,t,-1.765625
g,-1.1171875,g,-1.1015625
a,-1.484375,a,-1.4609375
t,-1.5546875,t,-1.5390625
c,-1.65625,c,-1.6328125
t,-1.0625,t,-1.0625
g,-1.0859375,g,-1.1015625
a,-1.4140625,a,-1.4375
a,-1.3828125,a,-1.390625
c,-1.59375,c,-1.609375
t,-1.1171875,t,-1.1171875
t,-1.4453125,t,-1.453125
c,-1.3046875,c,-1.3046875
a,-1.3984375,a,-1.4453125
g,-0.91015625,g,-0.91015625
a,-1.390625,a,-1.390625
a,-1.3828125,a,-1.3671875
c,-1.5390625,c,-1.578125
a,-1.2734375,a,-1.265625
a,-1.5625,a,-1.59375
g,-1.140625,g,-1.1015625
a,-1.3125,a,-1.328125
t,-1.6953125,t,-1.8671875
g,-1.03125,g,-1.015625
t,-1.578125,t,-1.578125
t,-1.375,t,-1.390625
a,-1.8125,a,-1.75
t,-1.609375,t,-1.46875
t,-1.28125,t,-1.2265625
a,-1.6484375,a,-1.6484375
a,-1.1953125,a,-1.1953125
c,-1.8125,c,-1.7578125
a,-0.9921875,a,-0.9921875
g,-1.2421875,g,-1.2734375
a,-1.3203125,a,-1.2734375
g,-1.09375,g,-1.1484375
t,-1.34375,t,-1.40625
g,-1.171875,g,-1.25
a,-1.1875,a,-1.203125
a,-1.3671875,a,-1.3671875
a,-1.0625,a,-1.125
g,-1.328125,g,-1.2734375
t,-1.578125,t,-1.609375
a,-1.6171875,a,-1.578125
t,-1.453125,t,-1.46875
t,-1.3046875,t,-1.2578125
t,-0.95703125,t,-0.97265625
g,-1.4296875,g,-1.359375
g,-1.3828125,g,-1.4296875
a,-1.296875,a,-1.2890625
t,-1.5,t,-1.515625
t,-1.2734375,t,-1.234375
c,-1.546875,c,-1.609375
t,-1.0078125,t,-1.0078125
g,-1.0390625,g,-1.0546875
g,-1.171875,g,-1.1640625
g,-1.015625,g,-0.9765625
t,-1.3046875,t,-1.3359375
a,-1.578125,a,-1.578125
t,-1.34375,t,-1.3046875
a,-1.5546875,a,-1.578125
t,-1.265625,t,-1.234375
t,-1.234375,t,-1.2109375
t,-0.93359375,t,-0.9375
t,-1.0546875,t,-1.03125
g,-1.59375,g,-1.5859375
a,-1.34375,a,-1.3671875
a,-1.1171875,a,-1.109375
a,-0.9921875,a,-1.03125
t,-1.2578125,t,-1.234375
c,-1.7265625,c,-1.6796875
g,-3.21875,g,-3.21875
g,-1.3125,g,-1.3515625
a,-1.1953125,a,-1.2421875
g,-1.1640625,g,-1.1953125
g,-1.296875,g,-1.25
c,-1.6328125,c,-1.5703125
a,-0.90625,a,-0.890625
a,-1.515625,a,-1.5859375
c,-1.9921875,c,-1.9921875
a,-0.96484375,a,-0.96875
g,-1.1953125,g,-1.1796875
g,-1.4140625,g,-1.359375
t,-1.46875,t,-1.46875
t,-1.484375,t,-1.4921875
t,-1.0703125,t,-1.1015625
t,-1.1796875,t,-1.1640625
t,-1.09375,t,-1.109375
c,-1.765625,c,-1.75
a,-1.265625,a,-1.28125
g,-1.234375,g,-1.234375
a,-1.0546875,a,-1.015625
t,-1.4609375,t,-1.3984375
a,-1.375,a,-1.390625
g,-1.390625,g,-1.3984375
a,-1.125,a,-1.1015625
t,-1.296875,t,-1.328125
t,-1.328125,t,-1.3046875
c,-1.609375,c,-1.6484375
g,-3.65625,g,-3.671875
a,-1.2734375,a,-1.2734375
t,-1.6015625,t,-1.546875
a,-1.546875,a,-1.515625
a,-1.21875,a,-1.2421875
c,-1.7890625,c,-1.84375
g,-3.0625,g,-3.0
g,-1.375,g,-1.4140625
a,-1.265625,a,-1.265625
g,-1.1953125,g,-1.171875
g,-1.421875,g,-1.3984375
t,-1.4453125,t,-1.4296875
t,-1.2734375,t,-1.3203125
a,-1.421875,a,-1.453125
t,-1.3515625,t,-1.3515625
c,-1.7890625,c,-1.8046875
c,-1.578125,c,-1.6484375
t,-0.9765625,t,-0.9375
g,-1.0859375,g,-1.0859375
a,-1.2734375,a,-1.2578125
a,-1.1484375,a,-1.15625
t,-1.625,t,-1.59375
a,-1.484375,a,-1.484375
g,-1.5546875,g,-1.59375
t,-1.4921875,t,-1.4453125
t,-1.3046875,t,-1.265625
g,-1.4609375,g,-1.453125
a,-1.2890625,a,-1.34375
a,-1.1796875,a,-1.1796875
a,-1.0625,a,-1.0625
a,-1.046875,a,-1.0390625
g,-1.3828125,g,-1.3671875
a,-1.0859375,a,-1.046875
t,-1.5390625,t,-1.5
a,-1.3203125,a,-1.296875
a,-1.046875,a,-1.0390625
a,-0.96484375,a,-0.98828125
g,-1.4453125,g,-1.46875
t,-1.5625,t,-1.5078125
t,-1.328125,t,-1.3359375
g,-1.46875,g,-1.40625
c,-1.7734375,c,-1.8046875
c,-1.4375,c,-1.4375
t,-0.99609375,t,-1.0625
t,-1.1875,t,-1.1875
t,-1.0234375,t,-1.0078125
t,-1.15625,t,-1.1796875
g,-1.453125,g,-1.453125
c,-1.8046875,c,-1.875
t,-0.9140625,t,-0.90234375
g,-1.25,g,-1.3125
a,-1.34375,a,-1.4296875
g,-1.1484375,g,-1.1875
g,-1.2578125,g,-1.2109375
t,-1.359375,t,-1.359375
g,-1.3203125,g,-1.3203125
g,-1.203125,g,-1.1640625
g,-1.1015625,g,-1.1875
a,-1.1484375,a,-1.125
a,-1.2265625,a,-1.25
a,-1.3515625,a,-1.390625
g,-1.0546875,g,-1.0390625
a,-1.203125,a,-1.125
g,-1.1484375,g,-1.125
a,-0.97265625,a,-0.9921875
a,-1.1015625,a,-1.0625
g,-1.1953125,g,-1.1640625
a,-1.0546875,a,-1.046875
t,-1.9140625,t,-1.859375
t,-1.578125,t,-1.5625
g,-1.3203125,g,-1.328125
c,-1.828125,c,-1.8515625
c,-1.484375,c,-1.53125
a,-0.98046875,a,-1.0078125
g,-0.87890625,g,-0.87890625
t,-1.7890625,t,-1.7890625
a,-1.5078125,a,-1.609375
g,-1.1796875,g,-1.203125
a,-1.328125,a,-1.296875
g,-1.125,g,-1.125
c,-1.84375,c,-1.8359375
a,-0.96484375,a,-1.0234375
g,-0.8671875,g,-0.8671875
g,-1.1796875,g,-1.171875
t,-1.625,t,-1.6484375
t,-1.625,t,-1.6015625
t,-1.234375,t,-1.21875
c,-1.4765625,c,-1.3515625
t,-0.96875,t,-0.9375
c,-1.6015625,c,-1.6796875
a,-1.1171875,a,-1.2265625
g,-0.875,g,-0.8984375
g,-1.2578125,g,-1.21875
a,-1.1640625,a,-1.1875
g,-1.03125,g,-1.0546875
t,-1.5390625,t,-1.59375
t,-1.28125,t,-1.265625
c,-1.484375,c,-1.4609375
a,-1.140625,a,-1.0703125
g,-1.0078125,g,-1.0390625
t,-1.5078125,t,-1.546875
c,-1.578125,c,-1.609375
t,-0.890625,t,-0.953125
t,-1.46875,t,-1.5078125
g,-1.1484375,g,-1.1875
g,-0.91015625,g,-0.90234375
g,-1.390625,g,-1.421875
c,-1.421875,c,-1.421875
a,-1.28125,a,-1.34375
t,-1.6171875,t,-1.6015625
a,-2.046875,a,-1.9609375
g,-1.0390625,g,-1.0859375
c,-1.515625,c,-1.53125
a,-1.015625,a,-1.0234375
t,-1.7578125,t,-1.703125
g,-1.0390625,g,-0.97265625
g,-1.1953125,g,-1.15625
t,-1.375,t,-1.390625
a,-1.9375,a,-1.8359375
g,-0.8203125,g,-0.81640625
g,-1.578125,g,-1.5546875
g,-1.3515625,g,-1.34375
g,-1.4296875,g,-1.46875
t,-1.5859375,t,-1.640625
g,-1.171875,g,-1.125
a,-1.4296875,a,-1.390625
a,-1.828125,a,-1.84375
t,-2.15625,t,-2.125
t,-1.765625,t,-1.78125
t,-1.140625,t,-1.140625
g,-1.171875,g,-1.15625
g,-1.3515625,g,-1.3359375
c,-1.6640625,c,-1.703125
t,-0.9140625,t,-0.9296875
g,-1.0234375,g,-1.03125
g,-1.1875,g,-1.1484375
a,-1.4609375,a,-1.484375
g,-1.0625,g,-0.984375
t,-1.4609375,t,-1.5
g,-0.92578125,g,-0.859375
a,-1.6796875,a,-1.7421875
g,-1.109375,g,-1.09375
t,-2.109375,t,-2.1875
t,-1.0390625,t,-1.1484375
g,-1.3671875,g,-1.34375
g,-1.265625,g,-1.3359375
a,-1.1640625,a,-1.109375
g,-0.4921875,g,-0.47851562
a,-1.6015625,a,-1.515625
g,-1.015625,g,-0.98046875
t,-1.765625,t,-1.7578125
a,-2.21875,a,-2.296875
g,-0.5703125,g,-0.5703125
g,-1.125,g,-1.1484375
a,-1.046875,a,-1.09375
g,-0.6875,g,-0.7265625
a,-1.390625,a,-1.375
a,-1.5,a,-1.453125
g,-0.9296875,g,-0.9296875
a,-1.3515625,a,-1.3828125
g,-0.703125,g,-0.703125
a,-1.015625,a,-1.0234375
a,-1.1953125,a,-1.2109375
a,-0.94140625,a,-0.9140625
t,-2.0,t,-1.9296875
c,-1.6171875,c,-1.6328125
c,-1.3671875,c,-1.40625
a,-1.2734375,a,-1.2890625
a,-1.546875,a,-1.5078125
g,-1.0625,g,-1.046875
g,-1.25,g,-1.1796875
c,-1.40625,c,-1.46875
a,-1.0,a,-1.03125
a,-1.5,a,-1.5
c,-1.9453125,c,-1.9296875
a,-0.828125,a,-0.859375
t,-1.7109375,t,-1.7578125
t,-1.5078125,t,-1.4765625
t,-1.140625,t,-1.125
g,-1.6953125,g,-1.7734375
a,-1.2734375,a,-1.2734375
c,-1.9375,c,-1.9375
c,-1.4765625,c,-1.3984375
a,-1.1328125,a,-1.109375
g,-1.2265625,g,-1.1796875
c,-1.625,c,-1.65625
c,-1.0546875,c,-1.0546875
t,-0.94921875,t,-0.96875
g,-0.79296875,g,-0.78125
g,-0.6875,g,-0.71875
g,-0.99609375,g,-0.9453125
c,-0.796875,c,-0.8046875
a,-1.03125,a,-1.015625
a,-0.42382812,a,-0.41210938
c,-0.65234375,c,-0.63671875
a,-0.16308594,a,-0.18066406
t,-1.1015625,t,-1.1171875
a,-0.9609375,a,-0.90625
g,-0.3046875,g,-0.30273438
t,-0.95703125,t,-0.98046875
g,-0.42382812,g,-0.44335938
t,-3.3125,t,-3.3125
g,-0.28515625,g,-0.29492188
a,-0.36914062,a,-0.41210938
c,-1.6171875,c,-1.6796875
t,-2.359375,t,-2.203125
c,-0.47460938,c,-0.42773438
c,-1.1015625,c,-1.046875
g,-1.921875,g,-1.90625
a,-1.7890625,a,-1.8125
g,-1.4375,g,-1.546875
t,-1.6015625,t,-1.578125
c,-1.234375,c,-1.21875
t,-1.6875,t,-1.71875
g,-1.0,g,-0.99609375
c,-1.703125,c,-1.6953125
a,-0.7421875,a,-0.76953125
a,-1.3671875,a,-1.28125
a,-1.09375,a,-1.140625
a,-1.0859375,a,-1.0625
a,-0.859375,a,-0.84765625
t,-1.78125,t,-1.78125
t,-1.4921875,t,-1.4921875
a,-0.98046875,a,-0.9921875
g,-1.15625,g,-1.109375
a,-1.4765625,a,-1.4375
c,-1.5859375,c,-1.609375
g,-2.875,g,-2.9375
g,-1.40625,g,-1.359375
g,-1.1171875,g,-1.1171875
t,-1.6796875,t,-1.6640625
g,-0.625,g,-0.65234375
t,-1.1171875,t,-1.0859375
t,-2.15625,t,-2.078125
g,-0.9765625,g,-0.96875
t,-1.0625,t,-1.0390625
g,-0.8515625,g,-0.83203125
g,-0.5625,g,-0.5390625
t,-1.109375,t,-1.109375
g,-0.6875,g,-0.63671875
c,-0.7734375,c,-0.859375
g,-1.8359375,g,-1.7421875
c,-0.89453125,c,-0.89453125
g,-1.421875,g,-1.546875
t,-2.171875,t,-2.109375
c,-1.546875,c,-1.6015625
t,-0.3828125,t,-0.41601562
g,-0.83203125,g,-0.796875
t,-0.30664062,t,-0.30273438
g,-1.8984375,g,-1.84375
g,-1.5234375,g,-1.6328125
t,-0.51953125,t,-0.52734375
c,-0.23144531,c,-0.22753906
t,-1.53125,t,-1.4375
c,-0.31054688,c,-0.31445312
a,-0.28710938,a,-0.3125
g,-1.03125,g,-1.1640625
c,-0.73828125,c,-0.6953125
t,-0.5703125,t,-0.546875
a,-0.78515625,a,-0.8359375
c,-0.75390625,c,-0.70703125
c,-2.1875,c,-2.140625
t,-0.80859375,t,-0.828125
g,-0.42578125,g,-0.40039062
g,-0.28320312,g,-0.26757812
a,-1.8359375,a,-1.7890625
a,-0.71875,a,-0.75390625
g,-1.0234375,g,-1.09375
g,-1.03125,g,-1.0859375
t,-1.859375,t,-1.8671875
t,-0.9921875,t,-1.0546875
c,-1.4921875,c,-1.4453125
a,-1.109375,a,-1.140625
g,-0.71484375,g,-0.828125
g,-0.94921875,g,-0.9375
c,-1.0390625,c,-0.96875
c,-1.1015625,c,-1.140625
t,-1.3359375,t,-1.265625
t,-2.3125,t,-2.3125
g,-1.5859375,g,-1.5859375
g,-1.5625,g,-1.671875
a,-0.99609375,a,-0.99609375
a,-1.015625,a,-1.015625
g,-0.765625,g,-0.84765625
g,-1.5546875,g,-1.4921875
c,-0.6484375,c,-0.69140625
t,-1.28125,t,-1.21875
c,-2.359375,c,-2.359375
a,-0.546875,a,-0.546875
g,-0.5390625,g,-0.53515625
g,-1.21875,g,-1.21875
g,-2.015625,g,-2.046875
a,-0.92578125,a,-1.0
g,-0.80859375,g,-0.8203125
g,-1.3125,g,-1.328125
t,-1.46875,t,-1.46875
g,-0.65234375,g,-0.69921875
g,-0.6171875,g,-0.609375
a,-0.8125,a,-0.8125
g,-0.66796875,g,-0.625
g,-0.6640625,g,-0.71484375
c,-1.453125,c,-1.4296875
t,-0.484375,t,-0.50390625
g,-0.15917969,g,-0.15917969
c,-0.33007812,c,-0.33789062
a,-0.20410156,a,-0.19921875
g,-0.088378906,g,-0.0859375
t,-0.25,t,-0.25390625
g,-0.068847656,g,-0.06591797
a,-0.22167969,a,-0.19335938
t,-4.59375,t,-4.5
c,-0.66796875,c,-0.66015625
t,-0.47460938,t,-0.55078125
g,-1.0078125,g,-1.0
t,-1.2578125,t,-1.2890625
g,-1.3671875,g,-1.3828125
a,-1.5390625,a,-1.4609375
t,-0.57421875,t,-0.62109375
t,-1.515625,t,-1.4375
g,-1.0859375,g,-1.03125
c,-0.42773438,c,-0.42773438
g,-1.65625,g,-1.5078125
c,-1.0390625,c,-1.015625
c,-0.07470703,c,-0.07324219
t,-2.15625,t,-2.265625
c,-1.25,c,-1.25
t,-0.0703125,t,-0.07080078
g,-0.45117188,g,-0.45898438
c,-0.625,c,-0.609375
a,-0.5625,a,-0.546875
c,-0.59765625,c,-0.62109375
t,-0.93359375,t,-0.859375
c,-0.22167969,c,-0.22167969
c,-0.48632812,c,-0.49609375
a,-0.48632812,a,-0.5078125
g,-0.171875,g,-0.17089844
c,-0.41601562,c,-0.36914062
c,-0.07714844,c,-0.07714844
t,-0.03857422,t,-0.036376953
g,-0.05029297,g,-0.05029297
g,-0.10644531,g,-0.114746094
g,-0.25195312,g,-0.24023438
c,-0.41601562,c,-0.36328125
g,-1.1875,g,-1.109375
a,-0.099609375,a,-0.08154297
c,-0.087890625,c,-0.07421875
a,-0.017822266,a,-0.017944336
g,-0.1875,g,-0.17675781
a,-0.16894531,a,-0.17675781
g,-0.114746094,g,-0.123535156
c,-0.48242188,c,-0.5234375
c,-3.109375,c,-3.0625
a,-0.07763672,a,-0.08886719
g,-0.23144531,g,-0.25976562
a,-0.58984375,a,-0.609375
c,-0.78125,c,-0.7890625
c,-0.875,c,-0.95703125
c,-0.90625,c,-0.859375
t,-1.21875,t,-1.3125
g,-0.40625,g,-0.38671875
t,-0.25195312,t,-0.25585938
c,-0.44335938,c,-0.4609375
t,-0.15527344,t,-0.16113281
t,-1.8203125,t,-1.8203125
a,-1.2578125,a,-1.28125
a,-0.23632812,a,-0.22949219
a,-0.18945312,a,-0.18945312
a,-0.10888672,a,-0.111328125
c,-2.359375,c,-2.296875
a,-0.75,a,-0.73046875
a,-0.60546875,a,-0.59375
a,-0.3125,a,-0.32421875
a,-0.4609375,a,-0.4765625
t,-1.6484375,t,-1.671875
a,-0.80078125,a,-0.78515625
a,-0.546875,a,-0.5
a,-0.56640625,a,-0.56640625
c,-2.1875,c,-2.140625
g,-3.578125,g,-3.515625
g,-2.453125,g,-2.359375
c,-2.09375,c,-2.109375
c,-1.0546875,c,-1.1015625
g,-3.53125,g,-3.515625
g,-0.94921875,g,-0.99609375
g,-0.7578125,g,-0.72265625
c,-1.0234375,c,-1.0078125
g,-1.078125,g,-1.0703125
c,-0.66796875,c,-0.640625
g,-1.0546875,g,-1.0546875
g,-0.10107422,g,-0.111328125
t,-0.012817383,t,-0.0107421875
g,-0.04321289,g,-0.042236328
g,-0.020263672,g,-0.018920898
c,-0.07519531,c,-0.079589844
t,-0.012390137,t,-0.009887695
c,-0.14746094,c,-0.16601562
a,-0.021484375,a,-0.020263672
a,-4.8125,a,-4.8125
g,-0.40625,g,-0.42382812
c,-0.040527344,c,-0.042236328
c,-0.16503906,c,-0.15625
t,-0.15820312,t,-0.17089844
g,-0.32226562,g,-0.32226562
t,-0.07714844,t,-0.083984375
a,-0.34570312,a,-0.35742188
a,-0.4453125,a,-0.44140625
t,-0.060302734,t,-0.061767578
c,-0.2265625,c,-0.22460938
c,-0.20898438,c,-0.23046875
c,-0.07910156,c,-0.080566406
a,-0.020141602,a,-0.019897461
g,-0.039794922,g,-0.03881836
c,-0.044433594,c,-0.04272461
a,-0.81640625,a,-0.78125
c,-0.040771484,c,-0.045898438
t,-0.059326172,t,-0.067871094
t,-0.026855469,t,-0.030273438
t,-0.040283203,t,-0.038330078
g,-0.03491211,g,-0.033203125
g,-0.015625,g,-0.017578125
g,-0.015991211,g,-0.016235352
a,-0.0061035156,a,-0.0056762695
g,-0.052001953,g,-0.056152344
g,-0.052490234,g,-0.04296875
c,-0.045166016,c,-0.045898438
c,-0.4140625,c,-0.45507812
g,-0.5703125,g,-0.54296875
a,-0.020874023,a,-0.018798828
g,-0.028442383,g,-0.03100586
g,-0.061523438,g,-0.061767578
c,-0.296875,c,-0.29492188
g,-0.640625,g,-0.640625
g,-0.06298828,g,-0.05102539
c,-4.5,c,-4.4375
c,-1.09375,c,-1.09375
g,-1.03125,g,-1.1171875
g,-0.20214844,g,-0.20214844
a,-0.8359375,a,-0.79296875
t,-0.41796875,t,-0.453125
c,-0.32226562,c,-0.32226562
a,-0.17382812,a,-0.18164062
c,-0.484375,c,-0.48828125
a,-1.5234375,a,-1.453125
a,-1.3203125,a,-1.2421875
g,-0.12597656,g,-0.13574219
g,-0.88671875,g,-0.984375
t,-0.13183594,t,-0.12695312
c,-0.119628906,c,-0.12792969
a,-0.16699219,a,-0.17675781
g,-0.1171875,g,-0.12402344
g,-0.09765625,g,-0.09716797
a,-0.110839844,a,-0.103515625
g,-0.12792969,g,-0.12158203
a,-0.45507812,a,-0.4765625
t,-0.080078125,t,-0.07714844
c,-0.18066406,c,-0.17089844
g,-0.33398438,g,-0.33398438
a,-0.037353516,a,-0.045898438
g,-0.030639648,g,-0.02709961
a,-0.03930664,a,-0.036865234
c,-0.06640625,c,-0.067871094
c,-0.064941406,c,-0.061035156
a,-0.030395508,a,-0.03112793
t,-0.14160156,t,-0.12988281
c,-0.12792969,c,-0.140625
c,-0.05517578,c,-0.056152344
t,-0.026489258,t,-0.02746582
g,-0.045410156,g,-0.041259766
g,-0.05053711,g,-0.052490234
c,-0.037841797,c,-0.037109375
t,-0.31835938,t,-0.30078125
a,-0.0029296875,a,-0.0025939941
a,-0.008728027,a,-0.008605957
c,-0.07714844,c,-0.08300781
a,-0.095214844,a,-0.08691406
c,-0.68359375,c,-0.65234375
g,-0.34179688,g,-0.36523438
g,-0.09326172,g,-0.091308594
t,-0.055908203,t,-0.06201172
g,-0.024536133,g,-0.02319336
a,-0.009094238,a,-0.010131836
a,-0.012512207,a,-0.013122559
a,-0.012512207,a,-0.01361084
c,-0.032958984,c,-0.034423828
c,-0.057128906,c,-0.053710938
c,-0.10595703,c,-0.118652344
c,-0.28320312,c,-0.31445312
g,-0.640625,g,-0.55078125
t,-0.022216797,t,-0.020751953
c,-0.021240234,c,-0.020263672
t,-0.020507812,t,-0.022949219
c,-0.047851562,c,-0.048339844
t,-0.01940918,t,-0.021240234
a,-0.047607422,a,-0.045898438
c,-0.033691406,c,-0.032226562
t,-0.037109375,t,-0.036376953
a,-0.036621094,a,-0.03564453
c,-4.875,c,-4.8125
a,-0.018798828,a,-0.017944336
a,-0.068847656,a,-0.07324219
a,-0.087890625,a,-0.076171875
t,-0.65234375,t,-0.6328125
a,-0.18359375,a,-0.15917969
c,-1.59375,c,-1.6484375
a,-0.6640625,a,-0.6328125
a,-0.6015625,a,-0.57421875
a,-0.1640625,a,-0.16894531
a,-0.08496094,a,-0.087890625
a,-0.038085938,a,-0.037109375
a,-0.44726562,a,-0.42382812
t,-0.23339844,t,-0.21191406
t,-0.25390625,t,-0.26367188
a,-0.13671875,a,-0.12792969
g,-0.06542969,g,-0.06738281
c,-0.063964844,c,-0.05908203
c,-0.359375,c,-0.38085938
g,-0.65234375,g,-0.65234375
g,-0.03173828,g,-0.035888672
g,-0.05029297,g,-0.05029297
c,-0.33398438,c,-0.33398438
g,-0.47070312,g,-0.4921875
t,-0.050048828,t,-0.053222656
g,-0.056884766,g,-0.055664062
g,-0.04296875,g,-0.048339844
t,-0.0115356445,t,-0.011230469
g,-0.036132812,g,-0.036621094
a,-3.234375,a,-3.296875
c,-0.73046875,c,-0.66796875
g,-0.875,g,-0.87890625
g,-0.4765625,g,-0.4765625
g,-0.171875,g,-0.17480469
c,-0.52734375,c,-0.54296875
g,-0.5625,g,-0.46289062
c,-0.24902344,c,-0.26953125
c,-0.16503906,c,-0.171875
t,-0.14941406,t,-0.109375
g,-0.051513672,g,-0.052490234
t,-0.04248047,t,-0.044921875
a,-0.028808594,a,-0.029418945
g,-0.64453125,g,-0.64453125
t,-0.017822266,t,-0.016723633
c,-0.056396484,c,-0.052978516
c,-0.07519531,c,-0.07519531
c,-0.049072266,c,-0.05102539
a,-0.034179688,a,-0.03112793
g,-0.060791016,g,-0.05859375
c,-0.047607422,c,-0.047851562
t,-0.04711914,t,-0.048583984
a,-0.063964844,a,-0.067871094
c,-0.04321289,c,-0.045898438
t,-0.05029297,t,-0.053710938
c,-0.41015625,c,-0.45117188
g,-0.59375,g,-0.59765625
g,-0.04345703,g,-0.041259766
g,-0.03930664,g,-0.036621094
a,-0.0059509277,a,-0.005706787
g,-0.028442383,g,-0.030151367
g,-0.03173828,g,-0.03100586
c,-0.02331543,c,-0.021972656
t,-0.040283203,t,-0.04272461
g,-0.03125,g,-0.03100586
a,-0.00579834,a,-0.005493164
g,-0.026977539,g,-0.025512695
g,-0.11230469,g,-0.09765625
c,-0.10449219,c,-0.10449219
a,-0.11669922,a,-0.12011719
g,-0.09667969,g,-0.107421875
g,-0.09423828,g,-0.100097656
a,-0.09375,a,-0.084472656
g,-0.06738281,g,-0.06347656
a,-0.07128906,a,-0.076171875
a,-0.029541016,a,-0.027954102
t,-0.017944336,t,-0.017822266
g,-1.640625,g,-1.625
t,-5.03125,t,-5.09375
c,-0.2890625,c,-0.29882812
a,-0.921875,a,-0.8984375
t,-0.30273438,t,-0.34375
g,-0.22851562,g,-0.24707031
a,-0.29101562,a,-0.2734375
a,-0.8515625,a,-0.859375
g,-0.77734375,g,-0.88671875
c,-0.43945312,c,-0.4453125
c,-0.5546875,c,-0.53125
g,-2.453125,g,-2.296875
g,-0.28125,g,-0.28515625
g,-0.047607422,g,-0.05078125
a,-0.072753906,a,-0.07519531
g,-0.11376953,g,-0.107910156
g,-0.8984375,g,-0.9765625
c,-0.8125,c,-0.8828125
g,-0.41210938,g,-0.44140625
g,-0.16601562,g,-0.16601562
a,-0.038330078,a,-0.045166016
g,-0.04296875,g,-0.036621094
c,-2.34375,c,-2.453125
t,-0.05810547,t,-0.0625
t,-0.19628906,t,-0.19140625
g,-0.024414062,g,-0.01928711
c,-0.09765625,c,-0.08691406
a,-0.061523438,a,-0.060302734
g,-0.057617188,g,-0.057617188
t,-0.084472656,t,-0.08203125
g,-0.083496094,g,-0.092285156
a,-0.017456055,a,-0.016967773
g,-0.029174805,g,-0.033447266
c,-0.04638672,c,-0.044433594
c,-0.22265625,c,-0.27734375
g,-0.37890625,g,-0.34375
a,-0.024658203,a,-0.028320312
g,-0.013000488,g,-0.013671875
a,-0.045166016,a,-0.044921875
t,-0.032470703,t,-0.036621094
c,-0.48828125,c,-0.3828125
g,-0.65625,g,-0.6796875
c,-0.47851562,c,-0.50390625
g,-0.29296875,g,-0.27734375
c,-0.008666992,c,-0.00970459
c,-0.01184082,c,-0.01361084
a,-0.048828125,a,-0.049560547
c,-0.18457031,c,-0.20800781
t,-0.016967773,t,-0.015258789
g,-0.024414062,g,-0.024414062
c,-0.05078125,c,-0.05078125
a,-0.044189453,a,-0.052734375
c,-0.10546875,c,-0.10546875
t,-0.032470703,t,-0.032470703
c,-0.050048828,c,-0.052734375
c,-0.067871094,c,-0.061523438
a,-0.009399414,a,-0.009094238
g,-0.072265625,g,-0.07519531
c,-0.05126953,c,-0.05078125
c,-0.037841797,c,-0.031982422
t,-0.0134887695,t,-0.014221191
g,-0.04638672,g,-0.04321289
g,-0.039794922,g,-0.039794922
g,-0.080566406,g,-0.08496094
c,-0.43945312,c,-0.44726562
g,-0.8515625,g,-0.8828125
a,-0.05883789,a,-0.06201172
t,-3.0625,t,-3.171875
a,-0.24023438,a,-0.23925781
g,-0.39453125,g,-0.33007812
a,-0.07324219,a,-0.08203125
g,-0.107421875,g,-0.11816406
c,-0.6171875,c,-0.60546875
a,-0.89453125,a,-0.84765625
a,-0.025024414,a,-0.022094727
g,-0.106933594,g,-0.095214844
a,-0.05810547,a,-0.056152344
c,-0.07910156,c,-0.08300781
t,-0.26757812,t,-0.25390625
c,-0.13085938,c,-0.14941406
c,-0.6328125,c,-0.578125
g,-0.9921875,g,-0.984375
t,-0.019042969,t,-0.016845703
c,-0.049316406,c,-0.03955078
t,-0.017333984,t,-0.01965332
c,-0.063964844,c,-0.05859375
a,-0.09814453,a,-0.100097656
a,-0.029785156,a,-0.033447266
a,-0.0107421875,a,-0.010681152
t,-5.34375,t,-5.34375
a,-0.125,a,-0.13085938
a,-0.024291992,a,-0.024291992
a,-0.18457031,a,-0.20898438
t,-2.125,t,-2.125
a,-0.375,a,-0.36132812
a,-0.40234375,a,-0.46484375
a,-0.16308594,a,-0.18261719
t,-0.79296875,t,-0.75
a,-0.48242188,a,-0.44335938
a,-0.29296875,a,-0.28710938
a,-0.21484375,a,-0.24023438
t,-0.65625,t,-0.68359375
a,-0.49023438,a,-0.4609375
a,-0.34179688,a,-0.41796875
a,-0.23925781,a,-0.23730469
t,-0.7890625,t,-0.78125
a,-0.59765625,a,-0.5703125
a,-0.42578125,a,-0.41015625
a,-0.30078125,a,-0.28515625
t,-0.80859375,t,-0.7734375
a,-0.59375,a,-0.58984375
a,-0.46484375,a,-0.4453125
a,-0.34570312,a,-0.34960938
t,-0.9140625,t,-0.93359375
a,-0.63671875,a,-0.6328125
a,-0.515625,a,-0.51953125
t,-1.640625,t,-1.640625
a,-1.078125,a,-1.0625
a,-0.62890625,a,-0.640625
a,-0.62109375,a,-0.6171875
a,-0.6171875,a,-0.62890625
a,-0.62109375,a,-0.62109375
c,-2.1875,c,-2.25
a,-0.5390625,a,-0.5546875
t,-1.4765625,t,-1.5546875
c,-2.125,c,-2.171875
g,-4.09375,g,-4.0625
g,-1.578125,g,-1.609375
t,-1.2421875,t,-1.2578125
a,-1.1640625,a,-1.2109375
g,-1.5234375,g,-1.53125
g,-1.828125,g,-1.796875
c,-1.7421875,c,-1.7578125
a,-0.59375,a,-0.625
t,-1.3828125,t,-1.3671875
a,-1.09375,a,-1.09375
t,-1.3671875,t,-1.3828125
t,-1.25,t,-1.28125
t,-0.79296875,t,-0.78515625
c,-1.9140625,c,-1.9453125
a,-1.09375,a,-1.1171875
a,-1.1171875,a,-1.078125
g,-1.4765625,g,-1.5
g,-1.6953125,g,-1.6875
a,-0.984375,a,-0.984375
a,-0.89453125,a,-0.90234375
t,-1.4609375,t,-1.4375
t,-1.1484375,t,-1.140625
c,-1.8984375,c,-1.8515625
t,-0.9921875,t,-0.9921875
a,-1.34375,a,-1.265625
t,-1.328125,t,-1.3359375
t,-1.015625,t,-0.95703125
t,-0.8203125,t,-0.890625
a,-1.3828125,a,-1.40625
a,-1.0703125,a,-1.09375
a,-0.82421875,a,-0.84375
a,-0.828125,a,-0.83984375
a,-0.8125,a,-0.8125
a,-0.9140625,a,-0.8671875
a,-0.75390625,a,-0.75390625
a,-0.65234375,a,-0.65234375
t,-1.5703125,t,-1.6875
t,-1.2734375,t,-1.2578125
t,-0.98046875,t,-0.98828125
t,-0.83984375,t,-0.82421875
t,-0.8515625,t,-0.83203125
t,-0.8125,t,-0.796875
t,-0.70703125,t,-0.68359375
a,-1.515625,a,-1.4609375
g,-2.0625,g,-1.96875
a,-1.0625,a,-1.09375
g,-1.375,g,-1.265625
a,-0.53125,a,-0.56640625
c,-1.6484375,c,-1.671875
a,-0.5078125,a,-0.47070312
a,-1.3828125,a,-1.359375
g,-1.3515625,g,-1.2734375
t,-1.390625,t,-1.484375
t,-0.8359375,t,-0.7890625
c,-1.4609375,c,-1.375
g,-3.796875,g,-3.765625
c,-1.5546875,c,-1.5703125
t,-0.875,t,-0.86328125
c,-1.9453125,c,-1.96875
t,-0.58984375,t,-0.58984375
c,-1.5234375,c,-1.5859375
t,-0.49804688,t,-0.484375
g,-1.484375,g,-1.4609375
t,-0.83984375,t,-0.86328125
g,-1.09375,g,-1.1484375
g,-1.2265625,g,-1.234375
c,-0.875,c,-0.890625
c,-0.9296875,c,-0.9296875
c,-1.4140625,c,-1.4296875
a,-0.37695312,a,-0.390625
g,-0.6484375,g,-0.6015625
g,-0.27929688,g,-0.26367188
c,-0.51953125,c,-0.50390625
t,-0.114746094,t,-0.12597656
g,-0.22949219,g,-0.24414062
g,-0.15429688,g,-0.17578125
a,-0.69140625,a,-0.67578125
g,-0.1328125,g,-0.13085938
t,-0.0546875,t,-0.049072266
a,-3.359375,a,-3.359375
c,-0.17675781,c,-0.16894531
a,-0.045410156,a,-0.03955078
g,-0.14355469,g,-0.12792969
t,-0.06982422,t,-0.064453125
g,-0.064941406,g,-0.06347656
g,-0.14746094,g,-0.1640625
c,-0.47070312,c,-0.47070312
a,-0.39648438,a,-0.43359375
t,-1.21875,t,-1.1796875
g,-0.19238281,g,-0.18261719
a,-0.096191406,a,-0.084472656
t,-0.053955078,t,-0.05419922
c,-0.05883789,c,-0.059570312
c,-2.09375,c,-2.015625
t,-0.51953125,t,-0.625
a,-2.6875,a,-2.796875
g,-0.09326172,g,-0.109375
c,-0.16015625,c,-0.15917969
c,-2.71875,c,-2.671875
c,-0.95703125,c,-0.95703125
a,-0.93359375,a,-0.96484375
t,-2.28125,t,-2.21875
g,-1.6640625,g,-1.5859375
g,-0.83984375,g,-0.90234375
c,-0.90234375,c,-0.8515625
a,-0.6171875,a,-0.734375
g,-1.8515625,g,-2.015625
c,-1.1171875,c,-1.0546875
g,-3.375,g,-3.34375
t,-1.15625,t,-1.1640625
t,-3.5,t,-3.609375
g,-1.421875,g,-1.421875
a,-2.03125,a,-2.09375
t,-2.625,t,-2.640625
c,-0.421875,c,-0.40429688
t,-1.1953125,t,-1.21875
c,-0.5,c,-0.47851562
t,-1.125,t,-1.078125
t,-0.6171875,t,-0.58984375
g,-0.20214844,g,-0.18261719
g,-2.515625,g,-2.34375
c,-0.24707031,c,-0.27929688
c,-0.099121094,c,-0.10449219
t,-0.6796875,t,-0.7109375
c,-0.7109375,c,-0.73046875
a,-0.66015625,a,-0.70703125
a,-0.40234375,a,-0.37109375
g,-0.19726562,g,-0.19628906
c,-1.203125,c,-1.203125
g,-1.2734375,g,-1.1796875
a,-0.19238281,a,-0.21484375
c,-2.390625,c,-2.4375
c,-0.23730469,c,-0.23632812
c,-0.24316406,c,-0.28710938
t,-1.0703125,t,-0.96484375
c,-0.48632812,c,-0.54296875
c,-0.25195312,c,-0.21582031
t,-1.390625,t,-1.4296875
t,-2.234375,t,-2.234375
t,-3.03125,t,-3.109375
g,-1.234375,g,-1.1015625
g,-3.3125,g,-3.0625
a,-1.7890625,a,-1.7421875
g,-0.73828125,g,-0.79296875
t,-1.25,t,-1.3359375
c,-0.59375,c,-0.5703125
g,-4.90625,g,-5.0625
c,-2.40625,c,-2.21875
t,-1.890625,t,-1.9296875
g,-0.37695312,g,-0.37695312
g,-1.109375,g,-1.09375
g,-0.84765625,g,-0.859375
c,-1.9140625,c,-1.875
c,-2.390625,c,-2.234375
t,-0.56640625,t,-0.56640625
a,-1.3125,a,-1.328125
a,-1.5078125,a,-1.5
a,-1.2734375,a,-1.2421875
g,-1.109375,g,-1.09375
g,-1.328125,g,-1.25
a,-1.796875,a,-1.875
g,-1.1953125,g,-1.2265625
t,-0.83984375,t,-0.8671875
g,-0.76171875,g,-0.78125
a,-1.2421875,a,-1.2421875
g,-0.76171875,g,-0.76171875
c,-1.1796875,c,-1.1796875
c,-0.62890625,c,-0.5703125
a,-0.40234375,a,-0.38476562
c,-0.53515625,c,-0.50390625
c,-0.65625,c,-0.73046875
a,-0.47265625,a,-0.44921875
c,-1.0859375,c,-1.15625
g,-1.3984375,g,-1.40625
a,-3.671875,a,-3.640625
a,-3.078125,a,-3.09375
a,-1.78125,a,-1.84375
t,-1.953125,t,-1.9296875
t,-1.6875,t,-1.7421875
t,-1.2734375,t,-1.296875
t,-1.0625,t,-1.0234375
a,-1.5625,a,-1.5234375
t,-1.3671875,t,-1.375
t,-0.76171875,t,-0.76171875
a,-1.78125,a,-1.8046875
t,-0.94140625,t,-0.93359375
a,-1.3515625,a,-1.3203125
a,-1.2734375,a,-1.2734375
a,-0.84765625,a,-0.84765625
t,-0.9375,t,-0.92578125
g,-1.4921875,g,-1.5
g,-1.859375,g,-1.9296875
a,-1.1484375,a,-1.140625
g,-1.578125,g,-1.46875
g,-1.765625,g,-1.6640625
g,-2.203125,g,-2.28125
t,-1.296875,t,-1.390625
a,-1.40625,a,-1.4375
g,-1.1640625,g,-1.171875
a,-1.25,a,-1.203125
g,-1.1953125,g,-1.171875
a,-1.0625,a,-1.015625
a,-1.1484375,a,-1.21875
a,-1.0078125,a,-1.0234375
t,-1.6328125,t,-1.6328125
t,-1.1875,t,-1.21875
g,-1.4453125,g,-1.4375
g,-1.484375,g,-1.46875
g,-1.515625,g,-1.5
c,-1.890625,c,-1.8984375
a,-1.0078125,a,-1.0390625
a,-1.34375,a,-1.390625
t,-1.4140625,t,-1.3359375
a,-1.421875,a,-1.4609375
a,-1.21875,a,-1.2109375
a,-1.0,a,-0.95703125
t,-1.15625,t,-1.1484375
g,-1.421875,g,-1.3984375
g,-1.6484375,g,-1.6171875
a,-1.09375,a,-1.109375
g,-1.5234375,g,-1.484375
g,-1.78125,g,-1.6328125
g,-1.7890625,g,-1.7265625
g,-1.6171875,g,-1.5859375
g,-1.703125,g,-1.7734375
a,-0.90625,a,-0.90234375
a,-1.0546875,a,-1.0546875
g,-0.953125,g,-0.93359375
t,-1.59375,t,-1.6640625
g,-0.9765625,g,-0.984375
a,-1.125,a,-1.1015625
g,-1.15625,g,-1.109375
t,-1.4765625,t,-1.5234375
t,-1.25,t,-1.2890625
a,-1.6796875,a,-1.6796875
a,-1.1796875,a,-1.1640625
g,-1.234375,g,-1.21875
a,-1.0390625,a,-1.078125
g,-1.1484375,g,-1.2109375
g,-1.40625,g,-1.3125
a,-1.03125,a,-1.0390625
a,-0.94140625,a,-0.94140625
t,-1.578125,t,-1.609375
t,-1.265625,t,-1.25
t,-1.109375,t,-1.0546875
t,-1.0234375,t,-1.0859375
a,-1.4140625,a,-1.3828125
a,-1.0390625,a,-1.0859375
t,-1.546875,t,-1.5703125
t,-1.171875,t,-1.1171875
a,-1.4375,a,-1.5078125
t,-1.125,t,-1.1875
g,-1.546875,g,-1.6015625
t,-1.046875,t,-1.078125
g,-1.4453125,g,-1.4140625
t,-1.078125,t,-1.0234375
g,-1.2109375,g,-1.2109375
t,-0.76171875,t,-0.73046875
g,-0.8515625,g,-0.8515625
t,-0.5,t,-0.5078125
g,-0.60546875,g,-0.61328125
g,-3.0625,g,-2.9375
t,-1.296875,t,-1.21875
t,-1.046875,t,-1.0078125
t,-0.87109375,t,-0.88671875
t,-0.6640625,t,-0.71484375
a,-1.8359375,a,-1.7734375
a,-1.1796875,a,-1.125
a,-0.97265625,a,-0.97265625
a,-1.0078125,a,-1.046875
g,-1.6171875,g,-1.59375
a,-1.0703125,a,-1.1015625
g,-1.4609375,g,-1.4140625
g,-1.546875,g,-1.515625
g,-1.484375,g,-1.5390625
g,-1.6328125,g,-1.671875
g,-1.6484375,g,-1.59375
g,-1.546875,g,-1.578125
t,-1.375,t,-1.3984375
c,-2.140625,c,-2.125
t,-0.94140625,t,-0.93359375
t,-0.98046875,t,-0.9921875
g,-1.21875,g,-1.1953125
c,-1.6640625,c,-1.6484375
t,-0.8046875,t,-0.82421875
c,-1.6015625,c,-1.546875
t,-0.59765625,t,-0.640625
g,-0.79296875,g,-0.828125
t,-0.625,t,-0.6015625
t,-1.1875,t,-1.171875
g,-1.0390625,g,-1.0390625
c,-0.984375,c,-0.95703125
c,-0.78125,c,-0.8046875
c,-0.7109375,c,-0.7265625
a,-0.31640625,a,-0.31054688
g,-0.296875,g,-0.30273438
g,-0.29882812,g,-0.30859375
c,-0.23925781,c,-0.22265625
t,-0.12890625,t,-0.14160156
g,-0.25390625,g,-0.23535156
c,-3.71875,c,-3.890625
t,-2.109375,t,-1.953125
g,-1.234375,g,-1.140625
g,-1.953125,g,-1.875
g,-0.65625,g,-0.69140625
g,-1.3515625,g,-1.3046875
t,-1.0546875,t,-1.0546875
g,-0.9296875,g,-0.94921875
c,-2.125,c,-2.21875
c,-1.6875,c,-1.6640625
a,-0.73046875,a,-0.71875
g,-0.98828125,g,-0.99609375
t,-1.984375,t,-1.8984375
g,-0.6328125,g,-0.62890625
g,-1.671875,g,-1.6484375
c,-1.375,c,-1.375
g,-2.125,g,-2.125
c,-1.2578125,c,-1.1640625
a,-1.109375,a,-1.0546875
a,-2.046875,a,-2.125
t,-1.203125,t,-1.1640625
c,-0.22753906,c,-0.21484375
a,-1.1796875,a,-1.140625
t,-0.80859375,t,-0.81640625
g,-0.5703125,g,-0.58984375
a,-1.8984375,a,-1.9140625
a,-2.15625,a,-2.125
t,-0.6875,t,-0.72265625
c,-0.98828125,c,-1.0546875
a,-0.9375,a,-0.9765625
c,-0.24804688,c,-0.27734375
t,-0.44921875,t,-0.45507812
a,-1.9765625,a,-2.03125
c,-2.09375,c,-2.046875
a,-0.24609375,a,-0.23730469
g,-1.6171875,g,-1.71875
c,-0.14160156,c,-0.14746094
c,-0.578125,c,-0.58203125
t,-1.328125,t,-1.2578125
t,-1.7265625,t,-1.7734375
g,-0.7421875,g,-0.7421875
g,-1.8125,g,-1.671875
a,-1.9140625,a,-1.921875
c,-1.1015625,c,-1.1171875
t,-0.32617188,t,-0.32421875
c,-0.8515625,c,-0.86328125
c,-0.52734375,c,-0.50390625
t,-1.171875,t,-1.1328125
g,-0.7109375,g,-0.6875
g,-1.3203125,g,-1.3515625
c,-1.8125,c,-1.734375
c,-0.64453125,c,-0.7578125
t,-0.44921875,t,-0.41601562
c,-0.44726562,c,-0.4609375
a,-0.30078125,a,-0.26757812
a,-0.43164062,a,-0.47265625
g,-0.48046875,g,-0.57421875
c,-1.1171875,c,-1.1484375
t,-0.765625,t,-0.703125
a,-1.078125,a,-1.046875
t,-0.5234375,t,-0.49023438
c,-0.41015625,c,-0.43359375
c,-0.80078125,c,-0.78125
t,-0.19726562,t,-0.203125
c,-0.828125,c,-0.80078125
c,-0.90625,c,-0.8828125
c,-0.86328125,c,-0.8515625
a,-0.41796875,a,-0.43164062
c,-0.60546875,c,-0.61328125
c,-0.23632812,c,-0.24121094
t,-0.4296875,t,-0.40820312
c,-0.3046875,c,-0.30859375
t,-1.828125,t,-1.84375
g,-0.40820312,g,-0.41210938
c,-0.35742188,c,-0.33398438
c,-0.3046875,c,-0.27929688
t,-0.06689453,t,-0.06689453
c,-0.13671875,c,-0.12060547
c,-0.26953125,c,-0.265625
c,-0.3203125,c,-0.359375
a,-0.26171875,a,-0.28710938
a,-0.36132812,a,-0.359375
a,-1.078125,a,-1.0390625
g,-0.6171875,g,-0.62890625
t,-0.16992188,t,-0.17578125
a,-2.546875,a,-2.5
c,-0.6015625,c,-0.578125
t,-0.12060547,t,-0.118652344
g,-0.30664062,g,-0.27539062
g,-0.20214844,g,-0.19433594
g,-0.06933594,g,-0.06689453
a,-0.07763672,a,-0.068359375
t,-0.06933594,t,-0.078125
t,-0.07421875,t,-0.07470703
a,-0.04711914,a,-0.04638672
c,-0.11425781,c,-0.11376953
t,-6.0625,t,-5.9375
a,-3.3125,a,-3.375
g,-0.30664062,g,-0.30664062
t,-1.40625,t,-1.4296875
g,-0.5546875,g,-0.5625
t,-0.26367188,t,-0.24414062
g,-0.65625,g,-0.65625
a,-1.4453125,a,-1.4609375
g,-0.859375,g,-0.81640625
c,-0.26367188,c,-0.24414062
c,-0.3984375,c,-0.359375
a,-0.060302734,a,-0.052734375
c,-0.14550781,c,-0.14355469
t,-0.86328125,t,-0.796875
g,-0.122558594,g,-0.11035156
c,-0.890625,c,-0.890625
a,-0.5234375,a,-0.49414062
c,-0.16210938,c,-0.16992188
t,-2.140625,t,-2.25
a,-4.46875,a,-4.40625
a,-1.609375,a,-1.609375
g,-0.8515625,g,-0.88671875
a,-1.9609375,a,-2.078125
t,-1.546875,t,-1.4765625
a,-1.578125,a,-1.5546875
g,-1.2265625,g,-1.2109375
g,-1.40625,g,-1.375
a,-1.1796875,a,-1.140625
g,-1.21875,g,-1.203125
c,-1.65625,c,-1.671875
a,-1.1640625,a,-1.1171875
a,-1.5625,a,-1.578125
c,-1.6953125,c,-1.8125
a,-0.953125,a,-0.95703125
t,-1.34375,t,-1.3984375
g,-1.3359375,g,-1.3984375
t,-1.296875,t,-1.390625
t,-1.1484375,t,-1.109375
t,-1.09375,t,-1.0703125
c,-1.5078125,c,-1.546875
a,-1.234375,a,-1.21875
g,-1.3671875,g,-1.3671875
c,-1.6953125,c,-1.625
a,-1.3046875,a,-1.265625
t,-1.375,t,-1.359375
g,-1.46875,g,-1.4765625
t,-1.03125,t,-0.9921875
t,-1.25,t,-1.2421875
t,-0.98828125,t,-0.94921875
g,-1.3515625,g,-1.375
t,-1.0546875,t,-1.0546875
g,-1.3828125,g,-1.3828125
g,-1.71875,g,-1.703125
g,-1.2578125,g,-1.1953125
t,-1.0625,t,-1.1015625
t,-1.4453125,t,-1.390625
g,-1.6875,g,-1.6796875
a,-1.640625,a,-1.5859375
t,-1.2578125,t,-1.265625
a,-1.46875,a,-1.515625
g,-1.3515625,g,-1.3671875
g,-1.5078125,g,-1.4296875
a,-1.2265625,a,-1.1953125
a,-1.109375,a,-1.1953125
a,-1.3203125,a,-1.328125
g,-1.3359375,g,-1.3125
a,-1.1796875,a,-1.1953125
t,-1.4375,t,-1.4453125
g,-1.171875,g,-1.1875
a,-1.265625,a,-1.2421875
g,-1.25,g,-1.328125
a,-1.125,a,-1.171875
a,-1.09375,a,-1.0703125
t,-1.4296875,t,-1.515625
g,-1.1875,g,-1.1875
g,-1.3046875,g,-1.3125
g,-1.3046875,g,-1.296875
a,-1.1328125,a,-1.109375
a,-1.125,a,-1.15625
a,-1.1875,a,-1.2109375
g,-1.09375,g,-1.09375
t,-1.6171875,t,-1.6171875
t,-1.4453125,t,-1.3984375
g,-1.2421875,g,-1.2734375
a,-1.2734375,a,-1.265625
t,-1.4453125,t,-1.4453125
g,-1.0703125,g,-1.078125
t,-1.375,t,-1.3828125
c,-1.7578125,c,-1.71875
g,-3.078125,g,-3.015625
g,-1.1328125,g,-1.1328125
a,-1.421875,a,-1.421875
a,-1.15625,a,-1.1953125
a,-1.1015625,a,-1.125
g,-1.2890625,g,-1.2734375
a,-1.171875,a,-1.1484375
a,-1.03125,a,-1.0546875
g,-1.21875,g,-1.1953125
a,-1.078125,a,-1.0625
c,-1.90625,c,-1.90625
a,-0.671875,a,-0.69140625
a,-1.2890625,a,-1.2890625
t,-1.6484375,t,-1.625
g,-1.1328125,g,-1.1328125
g,-1.171875,g,-1.1875
c,-1.7265625,c,-1.7421875
t,-1.1640625,t,-1.125
a,-1.7734375,a,-1.8125
g,-1.1640625,g,-1.1640625
a,-1.171875,a,-1.1484375
g,-1.1875,g,-1.265625
c,-1.953125,c,-1.9375
a,-1.0078125,a,-1.0078125
a,-1.4375,a,-1.4453125
t,-1.625,t,-1.6796875
g,-1.0625,g,-1.0625
t,-1.515625,t,-1.578125
c,-1.515625,c,-1.5859375
c,-1.5,c,-1.4296875
t,-0.9921875,t,-1.0078125
a,-1.7578125,a,-1.8203125
g,-1.1171875,g,-1.125
a,-1.109375,a,-1.1328125
g,-1.3671875,g,-1.3671875
t,-1.53125,t,-1.515625
a,-1.5703125,a,-1.5859375
g,-1.1875,g,-1.2109375
g,-1.234375,g,-1.2890625
t,-1.5234375,t,-1.484375
a,-1.234375,a,-1.265625
a,-1.1875,a,-1.21875
g,-1.3125,g,-1.28125
a,-1.1640625,a,-1.09375
a,-1.0625,a,-1.046875
g,-1.2421875,g,-1.2890625
g,-1.2109375,g,-1.2109375
g,-1.375,g,-1.4453125
a,-0.984375,a,-0.94140625
t,-1.75,t,-1.71875
g,-0.95703125,g,-0.97265625
g,-1.0703125,g,-1.078125
a,-0.984375,a,-0.97265625
t,-1.796875,t,-1.796875
t,-1.5,t,-1.4921875
t,-1.0390625,t,-1.0859375
g,-1.140625,g,-1.078125
g,-1.1484375,g,-1.1640625
c,-1.8984375,c,-1.875
c,-1.5,c,-1.4375
t,-1.046875,t,-1.0703125
t,-1.1796875,t,-1.203125
t,-1.2265625,t,-1.2109375
g,-1.1796875,g,-1.1484375
t,-1.203125,t,-1.203125
t,-1.15625,t,-1.1484375
g,-1.5625,g,-1.625
g,-1.1484375,g,-1.1328125
a,-1.34375,a,-1.34375
a,-1.203125,a,-1.140625
a,-1.046875,a,-1.109375
c,-1.859375,c,-1.8125
a,-0.84765625,a,-0.84765625
t,-1.453125,t,-1.4765625
t,-1.2265625,t,-1.2734375
a,-1.4921875,a,-1.515625
g,-1.4609375,g,-1.5
c,-1.5546875,c,-1.5546875
g,-3.421875,g,-3.375
g,-1.3125,g,-1.359375
t,-1.3828125,t,-1.34375
t,-1.3671875,t,-1.2734375
c,-1.65625,c,-1.5859375
t,-0.90234375,t,-0.95703125
t,-1.265625,t,-1.2734375
t,-1.125,t,-1.140625
t,-1.0234375,t,-1.015625
g,-1.6328125,g,-1.59375
g,-1.421875,g,-1.421875
t,-1.359375,t,-1.328125
g,-1.34375,g,-1.3125
a,-1.3359375,a,-1.3828125
c,-1.703125,c,-1.7421875
a,-0.97265625,a,-0.953125
g,-1.078125,g,-1.1015625
c,-1.7734375,c,-1.734375
t,-0.9921875,t,-1.0078125
a,-1.75,a,-1.734375
t,-1.28125,t,-1.265625
a,-1.546875,a,-1.5
t,-1.234375,t,-1.21875
a,-1.2890625,a,-1.2890625
g,-1.453125,g,-1.390625
t,-1.34375,t,-1.296875
t,-1.1796875,t,-1.1640625
a,-1.421875,a,-1.40625
a,-1.1875,a,-1.1953125
c,-1.6953125,c,-1.6875
a,-0.87890625,a,-0.890625
c,-1.6875,c,-1.703125
a,-0.96484375,a,-0.94921875
t,-1.2109375,t,-1.21875
c,-1.875,c,-1.90625
t,-0.94921875,t,-0.96484375
a,-1.390625,a,-1.4375
t,-1.1953125,t,-1.21875
g,-1.625,g,-1.5859375
a,-1.2109375,a,-1.2109375
t,-1.3359375,t,-1.359375
a,-1.3359375,a,-1.3515625
c,-1.8359375,c,-1.8671875
g,-3.53125,g,-3.53125
t,-1.0625,t,-1.046875
g,-1.2265625,g,-1.171875
a,-1.4296875,a,-1.4765625
a,-1.140625,a,-1.140625
t,-1.2109375,t,-1.2109375
g,-1.2890625,g,-1.3359375
g,-1.6328125,g,-1.6328125
g,-1.5859375,g,-1.5703125
c,-1.7578125,c,-1.7890625
a,-0.85546875,a,-0.87890625
g,-1.1640625,g,-1.171875
a,-1.0859375,a,-1.0703125
t,-1.34375,t,-1.2734375
a,-1.3359375,a,-1.3125
g,-1.328125,g,-1.359375
g,-1.40625,g,-1.359375
a,-1.171875,a,-1.203125
t,-1.4921875,t,-1.4765625
g,-1.046875,g,-1.03125
g,-1.2421875,g,-1.265625
c,-1.7578125,c,-1.7578125
a,-1.09375,a,-1.0703125
g,-1.0390625,g,-1.015625
g,-1.1171875,g,-1.046875
a,-1.2265625,a,-1.203125
g,-0.953125,g,-1.046875
a,-1.3203125,a,-1.3359375
t,-1.6484375,t,-1.6640625
t,-1.484375,t,-1.4765625
t,-1.1015625,t,-1.1015625
t,-1.1640625,t,-1.1875
g,-1.2734375,g,-1.2578125
a,-1.265625,a,-1.265625
a,-1.0703125,a,-1.046875
a,-0.95703125,a,-0.92578125
g,-1.2421875,g,-1.2421875
t,-1.3828125,t,-1.40625
t,-1.265625,t,-1.3359375
c,-1.625,c,-1.734375
t,-0.97265625,t,-0.96875
c,-1.7890625,c,-1.7421875
t,-0.8984375,t,-0.9296875
t,-1.2421875,t,-1.25
g,-1.4375,g,-1.484375
a,-1.234375,a,-1.25
t,-1.453125,t,-1.453125
t,-1.046875,t,-1.0390625
c,-1.59375,c,-1.609375
t,-0.8203125,t,-0.8203125
t,-1.1171875,t,-1.1171875
a,-1.6015625,a,-1.546875
c,-1.7890625,c,-1.7890625
t,-0.92578125,t,-0.94140625
g,-1.3125,g,-1.34375
t,-1.109375,t,-1.046875
t,-1.125,t,-1.0546875
c,-1.6875,c,-1.7109375
t,-0.83984375,t,-0.85546875
c,-1.5078125,c,-1.5703125
t,-0.88671875,t,-0.88671875
t,-1.0859375,t,-1.0546875
a,-1.7421875,a,-1.7421875
g,-1.4609375,g,-1.5390625
t,-1.4375,t,-1.359375
g,-1.3984375,g,-1.4375
a,-1.4375,a,-1.4140625
a,-1.2578125,a,-1.2421875
a,-1.1640625,a,-1.2265625
g,-1.3828125,g,-1.3984375
a,-1.2890625,a,-1.2578125
a,-0.96875,a,-0.96875
g,-1.625,g,-1.609375
c,-1.7421875,c,-1.8046875
a,-0.9921875,a,-0.98828125
a,-1.2265625,a,-1.2578125
g,-1.40625,g,-1.3515625
g,-1.34375,g,-1.4140625
t,-1.4375,t,-1.40625
t,-1.2109375,t,-1.1875
a,-1.46875,a,-1.4296875
t,-1.2265625,t,-1.2421875
c,-1.7578125,c,-1.7734375
a,-1.0,a,-1.0078125
g,-1.234375,g,-1.2734375
c,-1.6640625,c,-1.6875
t,-1.0546875,t,-0.97265625
a,-1.625,a,-1.609375
g,-1.34375,g,-1.34375
a,-1.21875,a,-1.265625
a,-1.0390625,a,-1.0859375
g,-1.3046875,g,-1.3203125
c,-1.6171875,c,-1.671875
t,-1.0,t,-1.015625
g,-1.0078125,g,-0.99609375
g,-1.3203125,g,-1.3046875
g,-1.09375,g,-1.0859375
a,-1.078125,a,-1.09375
t,-1.5546875,t,-1.5703125
g,-1.234375,g,-1.234375
g,-1.171875,g,-1.125
g,-1.1328125,g,-1.1875
a,-1.2109375,a,-1.203125
g,-1.0,g,-0.9921875
a,-1.265625,a,-1.2890625
g,-1.03125,g,-0.9921875
g,-1.109375,g,-1.0703125
a,-1.15625,a,-1.140625
a,-1.0390625,a,-1.0
a,-1.28125,a,-1.2421875
g,-0.92578125,g,-0.93359375
a,-0.953125,a,-0.953125
g,-1.1171875,g,-1.109375
a,-0.93359375,a,-0.94140625
a,-0.9765625,a,-0.9765625
g,-1.2109375,g,-1.2421875
a,-1.0625,a,-1.0390625
t,-1.8671875,t,-1.875
g,-0.83984375,g,-0.83984375
g,-0.96484375,g,-1.015625
g,-1.1640625,g,-1.1640625
a,-1.0703125,a,-1.0703125
a,-1.109375,a,-1.1796875
g,-0.8671875,g,-0.8359375
t,-1.921875,t,-1.8671875
a,-1.6640625,a,-1.6484375
g,-1.03125,g,-1.0546875
a,-1.1015625,a,-1.1015625
t,-1.6796875,t,-1.703125
a,-1.40625,a,-1.453125
g,-1.1484375,g,-1.125
t,-1.625,t,-1.65625
t,-1.1953125,t,-1.1953125
c,-1.7890625,c,-1.8203125
t,-0.9921875,t,-1.0078125
t,-1.3671875,t,-1.34375
t,-1.1015625,t,-1.1328125
a,-1.5625,a,-1.53125
g,-1.390625,g,-1.3828125
a,-1.1015625,a,-1.140625
a,-1.0546875,a,-1.0546875
g,-1.25,g,-1.2265625
a,-1.109375,a,-1.109375
g,-1.1640625,g,-1.203125
t,-1.578125,t,-1.625
g,-1.1015625,g,-1.0859375
g,-1.2890625,g,-1.28125
g,-1.265625,g,-1.265625
c,-1.9375,c,-1.90625
a,-0.796875,a,-0.80859375
a,-1.484375,a,-1.5
g,-1.1015625,g,-1.171875
g,-1.1328125,g,-1.1171875
g,-1.234375,g,-1.234375
t,-1.59375,t,-1.5859375
t,-1.5234375,t,-1.5625
g,-1.125,g,-1.1484375
g,-0.890625,g,-0.8671875
a,-1.3125,a,-1.296875
c,-2.171875,c,-2.140625
t,-1.1484375,t,-1.203125
a,-1.890625,a,-1.890625
g,-1.1484375,g,-1.1328125
g,-1.0078125,g,-1.0703125
g,-1.2265625,g,-1.234375
a,-1.0703125,a,-1.078125
a,-1.203125,a,-1.1796875
g,-1.03125,g,-1.0546875
t,-1.796875,t,-1.8203125
t,-1.4609375,t,-1.5
t,-1.3125,t,-1.28125
a,-1.59375,a,-1.578125
g,-1.3125,g,-1.3125
t,-1.625,t,-1.5703125
g,-1.1015625,g,-1.109375
g,-1.171875,g,-1.15625
a,-1.265625,a,-1.21875
a,-1.078125,a,-1.0859375
a,-0.99609375,a,-0.9765625
t,-1.546875,t,-1.5
a,-1.390625,a,-1.4140625
t,-1.3984375,t,-1.4296875
t,-1.2890625,t,-1.2890625
g,-1.484375,g,-1.4765625
c,-1.765625,c,-1.765625
t,-1.0390625,t,-1.0078125
a,-1.5078125,a,-1.5
g,-1.2421875,g,-1.2265625
g,-1.15625,g,-1.15625
c,-1.84375,c,-1.7578125
a,-0.87109375,a,-0.87109375
a,-1.3671875,a,-1.3671875
c,-1.8359375,c,-1.8671875
a,-0.9921875,a,-0.984375
t,-1.296875,t,-1.328125
a,-1.390625,a,-1.3828125
a,-1.2109375,a,-1.25
a,-1.0,a,-0.9921875
g,-1.46875,g,-1.46875
a,-1.140625,a,-1.1796875
g,-1.4140625,g,-1.4765625
c,-1.8671875,c,-1.8046875
c,-1.5078125,c,-1.546875
t,-1.234375,t,-1.1875
a,-1.703125,a,-1.703125
c,-1.8515625,c,-1.7734375
t,-1.0859375,t,-1.0546875
t,-1.1953125,t,-1.171875
g,-1.4296875,g,-1.453125
a,-1.2578125,a,-1.2265625
g,-1.34375,g,-1.3671875
a,-1.0,a,-1.0390625
t,-1.5703125,t,-1.5390625
t,-1.1796875,t,-1.2265625
c,-1.5625,c,-1.546875
g,-3.4375,g,-3.453125
t,-1.3671875,t,-1.390625
g,-1.2890625,g,-1.265625
g,-1.34375,g,-1.34375
t,-1.2890625,t,-1.25
c,-1.75,c,-1.75
a,-1.1171875,a,-1.09375
t,-1.234375,t,-1.1875
g,-1.15625,g,-1.1796875
a,-1.2578125,a,-1.265625
g,-1.28125,g,-1.2421875
t,-1.4375,t,-1.4609375
t,-1.34375,t,-1.2578125
g,-1.515625,g,-1.4921875
a,-1.2265625,a,-1.28125
a,-1.2421875,a,-1.2109375
g,-1.1875,g,-1.203125
g,-1.0859375,g,-1.1171875
a,-1.1796875,a,-1.1953125
g,-1.28125,g,-1.21875
a,-1.0234375,a,-1.046875
c,-1.890625,c,-1.8984375
c,-1.640625,c,-1.640625
a,-1.0390625,a,-1.0390625
g,-1.1015625,g,-1.1015625
a,-1.1015625,a,-1.0625
c,-1.9140625,c,-1.9140625
a,-0.82421875,a,-0.80078125
g,-1.0625,g,-1.078125
c,-1.7421875,c,-1.71875
a,-1.0390625,a,-1.0
a,-1.2109375,a,-1.3125
g,-1.09375,g,-1.1484375
a,-1.03125,a,-1.0546875
t,-1.7734375,t,-1.78125
t,-1.5234375,t,-1.4609375
g,-1.3125,g,-1.328125
t,-1.515625,t,-1.515625
g,-1.203125,g,-1.15625
t,-1.4765625,t,-1.4609375
a,-1.625,a,-1.578125
t,-1.4140625,t,-1.4140625
g,-1.140625,g,-1.1328125
a,-1.4765625,a,-1.4765625
g,-1.1171875,g,-1.1875
g,-1.2578125,g,-1.3046875
g,-1.25,g,-1.265625
c,-1.7265625,c,-1.765625
a,-0.8125,a,-0.765625
c,-1.7734375,c,-1.75
c,-1.6640625,c,-1.59375
c,-1.5234375,c,-1.5
a,-0.7578125,a,-0.7421875
c,-1.4453125,c,-1.4453125
a,-0.83984375,a,-0.82421875
g,-1.0546875,g,-1.015625
a,-1.0703125,a,-1.109375
g,-1.0234375,g,-1.078125
t,-1.5703125,t,-1.5859375
a,-1.5859375,a,-1.609375
a,-1.2578125,a,-1.265625
a,-1.2109375,a,-1.1875
t,-1.4921875,t,-1.4765625
g,-1.078125,g,-1.0703125
g,-1.28125,g,-1.2734375
a,-1.1953125,a,-1.1796875
g,-1.2421875,g,-1.2265625
a,-1.109375,a,-1.03125
g,-1.2421875,g,-1.265625
t,-1.75,t,-1.7734375
t,-1.453125,t,-1.4296875
g,-1.234375,g,-1.234375
a,-1.234375,a,-1.234375
a,-1.15625,a,-1.1875
a,-1.1171875,a,-1.1484375
t,-1.6171875,t,-1.6640625
t,-1.3359375,t,-1.3671875
a,-1.3828125,a,-1.3984375
a,-1.140625,a,-1.09375
t,-1.5859375,t,-1.5859375
g,-1.2734375,g,-1.2265625
c,-1.8515625,c,-1.859375
a,-0.984375,a,-0.98828125
g,-1.125,g,-1.1796875
t,-1.359375,t,-1.3359375
t,-1.25,t,-1.1953125
g,-1.234375,g,-1.234375
t,-1.390625,t,-1.3671875
g,-1.171875,g,-1.140625
a,-1.1796875,a,-1.21875
t,-1.484375,t,-1.484375
t,-1.1796875,t,-1.1796875
t,-1.078125,t,-1.078125
t,-0.98828125,t,-0.9609375
a,-1.546875,a,-1.4921875
c,-1.8984375,c,-1.828125
c,-1.5234375,c,-1.5
a,-0.94921875,a,-0.98828125
c,-1.796875,c,-1.796875
g,-2.734375,g,-2.765625
t,-0.97265625,t,-1.0
g,-1.0859375,g,-1.0625
g,-1.203125,g,-1.1796875
a,-1.453125,a,-1.453125
t,-1.2578125,t,-1.28125
a,-1.4921875,a,-1.4296875
t,-1.2421875,t,-1.2421875
g,-1.28125,g,-1.3671875
a,-1.46875,a,-1.5
a,-1.171875,a,-1.1953125
g,-1.171875,g,-1.171875
a,-1.1875,a,-1.1796875
a,-1.234375,a,-1.203125
g,-1.3828125,g,-1.3203125
t,-1.5390625,t,-1.515625
g,-1.1484375,g,-1.15625
a,-1.171875,a,-1.125
g,-1.109375,g,-1.140625
g,-1.328125,g,-1.34375
g,-1.3046875,g,-1.2890625
g,-1.3671875,g,-1.3515625
g,-1.3828125,g,-1.34375
a,-0.9765625,a,-0.96875
g,-0.9375,g,-0.984375
a,-1.1796875,a,-1.2265625
a,-1.28125,a,-1.359375
g,-0.98046875,g,-0.98046875
t,-1.890625,t,-1.875
a,-1.5546875,a,-1.5078125
c,-2.09375,c,-2.140625
a,-0.80078125,a,-0.80078125
a,-1.640625,a,-1.578125
a,-0.94140625,a,-0.91796875
g,-0.95703125,g,-0.9765625
g,-1.203125,g,-1.2265625
a,-1.0859375,a,-1.1328125
g,-1.25,g,-1.296875
t,-1.71875,t,-1.75
t,-1.328125,t,-1.4375
c,-1.6875,c,-1.671875
t,-1.109375,t,-1.1171875
c,-1.7265625,c,-1.6875
t,-1.0390625,t,-1.0
t,-1.234375,t,-1.296875
a,-1.78125,a,-1.78125
a,-1.1875,a,-1.2265625
t,-1.59375,t,-1.5234375
g,-1.28125,g,-1.265625
a,-1.1875,a,-1.1328125
t,-1.5390625,t,-1.53125
t,-1.2890625,t,-1.3046875
g,-1.5390625,g,-1.5390625
a,-1.3046875,a,-1.265625
c,-1.7890625,c,-1.7734375
c,-1.625,c,-1.546875
a,-1.0703125,a,-1.0234375
t,-1.3984375,t,-1.4140625
g,-1.2109375,g,-1.234375
g,-1.296875,g,-1.359375
a,-1.25,a,-1.2734375
a,-1.1484375,a,-1.0625
t,-1.3984375,t,-1.4140625
t,-1.171875,t,-1.1328125
t,-1.1171875,t,-1.1171875
a,-1.421875,a,-1.3984375
a,-1.125,a,-1.0859375
g,-1.4609375,g,-1.5078125
c,-1.921875,c,-1.921875
t,-1.1015625,t,-1.125
g,-1.1875,g,-1.21875
g,-1.3671875,g,-1.375
c,-1.765625,c,-1.75
t,-0.984375,t,-0.984375
a,-1.6015625,a,-1.578125
a,-1.375,a,-1.328125
g,-1.2578125,g,-1.3359375
a,-1.1015625,a,-1.1484375
a,-1.1171875,a,-1.125
a,-0.98828125,a,-0.953125
g,-1.4609375,g,-1.4140625
g,-1.1796875,g,-1.265625
a,-1.046875,a,-1.03125
a,-0.9140625,a,-0.88671875
g,-1.15625,g,-1.125
t,-1.7421875,t,-1.7421875
g,-1.140625,g,-1.0859375
a,-1.0078125,a,-1.046875
g,-1.109375,g,-1.109375
a,-0.9453125,a,-0.984375
g,-1.2109375,g,-1.234375
g,-1.15625,g,-1.1953125
c,-1.8671875,c,-1.828125
c,-1.6171875,c,-1.609375
g,-2.546875,g,-2.375
g,-1.0859375,g,-1.0859375
g,-0.73046875,g,-0.7578125
c,-1.5078125,c,-1.5546875
g,-1.1171875,g,-1.1640625
c,-1.09375,c,-1.046875
g,-0.76171875,g,-0.76171875
g,-0.115722656,g,-0.12597656
t,-0.04663086,t,-0.04736328
g,-0.033203125,g,-0.03149414
g,-0.028320312,g,-0.033447266
c,-0.047851562,c,-0.05126953
t,-0.0038146973,t,-0.0031433105
c,-0.06201172,c,-0.06933594
a,-0.0134887695,a,-0.011657715
c,-0.29492188,c,-0.3671875
g,-0.41992188,g,-0.41992188
c,-0.022705078,c,-0.02355957
c,-0.018554688,c,-0.01928711
t,-0.004425049,t,-0.0047302246
g,-0.06933594,g,-0.07128906
t,-0.010986328,t,-0.010864258
a,-0.006591797,a,-0.005645752
a,-0.026977539,a,-0.023071289
t,-0.0031738281,t,-0.0028076172
c,-0.03955078,c,-0.046875
c,-0.08935547,c,-0.080078125
c,-0.046142578,c,-0.045654297
a,-0.015319824,a,-0.016113281
g,-0.06347656,g,-0.05419922
c,-0.0546875,c,-0.06225586
a,-0.23339844,a,-0.22167969
c,-0.111816406,c,-0.106933594
t,-0.03125,t,-0.030639648
t,-0.017700195,t,-0.018676758
t,-0.04638672,t,-0.042236328
g,-0.052490234,g,-0.056152344
g,-0.020996094,g,-0.021118164
g,-0.021850586,g,-0.01953125
a,-0.005432129,a,-0.005279541
g,-0.053710938,g,-0.04711914
a,-3.484375,a,-3.421875
c,-0.0859375,c,-0.09277344
t,-1.8359375,t,-1.6875
g,-0.13964844,g,-0.13183594
a,-0.13085938,a,-0.15527344
g,-0.14648438,g,-0.16308594
g,-0.1640625,g,-0.16601562
t,-2.1875,t,-2.140625
g,-0.25976562,g,-0.28320312
g,-0.09814453,g,-0.10644531
g,-0.18164062,g,-0.18359375
t,-1.6328125,t,-1.609375
g,-0.09277344,g,-0.099609375
g,-0.111816406,g,-0.08886719
a,-0.023925781,a,-0.01953125
t,-0.027954102,t,-0.026977539
t,-2.875,t,-2.9375
a,-0.359375,a,-0.33984375
c,-0.14648438,c,-0.13769531
c,-1.390625,c,-1.375
t,-0.28320312,t,-0.25976562
g,-0.018310547,g,-0.021484375
a,-0.05810547,a,-0.050048828
g,-0.06298828,g,-0.06640625
g,-0.16113281,g,-0.12988281
t,-0.1640625,t,-0.1640625
c,-0.099121094,c,-0.103027344
a,-0.234375,a,-0.18847656
g,-0.03173828,g,-0.03125
g,-0.045898438,g,-0.04711914
a,-0.0071105957,a,-0.008300781
g,-0.026000977,g,-0.026977539
t,-0.030395508,t,-0.028442383
t,-0.0014724731,t,-0.001335144
t,-1.296875,t,-1.34375
g,-0.061767578,g,-0.06591797
a,-0.018432617,a,-0.018920898
g,-0.048828125,g,-0.048828125
a,-0.08691406,a,-0.104003906
c,-0.05126953,c,-0.05029297
c,-0.068359375,c,-0.08105469
a,-0.017700195,a,-0.015014648
a,-4.3125,a,-4.5
c,-0.07861328,c,-0.07519531
c,-0.07421875,c,-0.068847656
t,-0.01953125,t,-0.022583008
g,-0.043701172,g,-0.04296875
g,-0.31445312,g,-0.34960938
c,-0.92578125,c,-0.91796875
c,-0.19140625,c,-0.171875
g,-4.46875,g,-4.53125
a,-0.15820312,a,-0.16503906
t,-3.96875,t,-4.0625
a,-0.2578125,a,-0.24902344
t,-0.43164062,t,-0.42578125
g,-0.61328125,g,-0.609375
g,-0.068847656,g,-0.072265625
c,-1.59375,c,-1.546875
g,-1.5,g,-1.5
a,-0.059570312,a,-0.055908203
a,-0.34570312,a,-0.38085938
a,-0.026977539,a,-0.028442383
c,-0.06591797,c,-0.075683594
c,-0.075683594,c,-0.079589844
c,-0.09033203,c,-0.10107422
c,-0.46875,c,-0.46679688
a,-0.71484375,a,-0.7109375
t,-0.039794922,t,-0.036132812
c,-0.038085938,c,-0.041503906
t,-0.03564453,t,-0.03540039
c,-0.033935547,c,-0.037353516
t,-0.017944336,t,-0.018920898
a,-0.04345703,a,-0.039794922
a,-4.25,a,-4.0625
t,-0.44335938,t,-0.46679688
a,-0.06640625,a,-0.06542969
a,-0.05883789,a,-0.05444336
a,-0.036865234,a,-0.03466797
a,-0.026489258,a,-0.028198242
a,-0.09667969,a,-0.09863281
t,-0.69921875,t,-0.67578125
a,-0.18945312,a,-0.15136719
c,-1.1484375,c,-1.0859375
a,-0.041748047,a,-0.037597656
g,-4.46875,g,-4.21875
a,-0.087890625,a,-0.08544922
a,-0.31640625,a,-0.3046875
a,-0.15234375,a,-0.1328125
a,-0.4609375,a,-0.5
a,-0.47265625,a,-0.51953125
t,-0.9140625,t,-0.87109375
t,-0.40625,t,-0.41015625
a,-0.55859375,a,-0.546875
g,-0.21679688,g,-0.22363281
c,-0.096191406,c,-0.095703125
c,-0.7265625,c,-0.69140625
g,-1.0078125,g,-0.93359375
g,-0.076171875,g,-0.084472656
g,-0.08300781,g,-0.08984375
a,-3.8125,a,-3.75
a,-2.21875,a,-2.265625
t,-0.07910156,t,-0.07373047
g,-0.24414062,g,-0.24121094
g,-0.23535156,g,-0.22167969
t,-0.20507812,t,-0.21191406
g,-0.08984375,g,-0.096191406
g,-0.27148438,g,-0.2890625
c,-0.48046875,c,-0.48046875
a,-0.4609375,a,-0.46484375
g,-2.59375,g,-2.703125
g,-0.20214844,g,-0.17675781
t,-1.3515625,t,-1.3125
g,-0.19140625,g,-0.19335938
c,-0.25976562,c,-0.28320312
c,-0.15039062,c,-0.13671875
t,-0.09667969,t,-0.103027344
g,-0.107421875,g,-0.12207031
t,-0.046875,t,-0.04711914
a,-0.07519531,a,-0.07324219
a,-0.47851562,a,-0.47851562
t,-0.028320312,t,-0.025146484
c,-0.05444336,c,-0.053710938
c,-0.07910156,c,-0.07910156
c,-0.072753906,c,-0.080078125
a,-0.024169922,a,-0.02746582
g,-0.048339844,g,-0.04711914
c,-0.047607422,c,-0.045410156
t,-0.15429688,t,-0.13183594
a,-0.028686523,a,-0.025390625
c,-0.03955078,c,-0.03930664
t,-0.014404297,t,-0.015014648
c,-0.43359375,c,-0.4296875
a,-0.8984375,a,-0.96875
a,-2.9375,a,-2.875
g,-0.1328125,g,-0.12597656
a,-0.107910156,a,-0.107421875
g,-0.12597656,g,-0.140625
g,-0.06640625,g,-0.06591797
c,-0.10644531,c,-0.10058594
t,-0.140625,t,-0.114746094
g,-0.09423828,g,-0.10449219
t,-5.75,t,-5.875
g,-0.13476562,g,-0.13867188
g,-0.26171875,g,-0.22753906
c,-0.55859375,c,-0.55859375
a,-0.80078125,a,-0.72265625
g,-0.6015625,g,-0.5703125
g,-0.33007812,g,-0.33789062
a,-0.28515625,a,-0.30273438
g,-0.56640625,g,-0.54296875
t,-3.828125,t,-3.921875
a,-0.61328125,a,-0.5859375
t,-0.5234375,t,-0.45898438
c,-2.03125,c,-2.015625
c,-2.65625,c,-2.671875
c,-0.84375,c,-0.83984375
t,-1.2421875,t,-1.3359375
t,-1.609375,t,-1.7421875
g,-0.40039062,g,-0.40625
g,-2.140625,g,-2.125
a,-1.0234375,a,-1.0546875
c,-0.90234375,c,-0.828125
c,-0.9375,c,-1.0078125
c,-0.42382812,c,-0.44335938
a,-0.32617188,a,-0.34375
g,-0.2578125,g,-0.24414062
g,-0.4296875,g,-0.4375
a,-1.046875,a,-1.1640625
g,-0.24804688,g,-0.234375
g,-0.28515625,g,-0.25195312
t,-0.49414062,t,-0.44726562
g,-0.81640625,g,-0.8515625
g,-0.125,g,-0.119140625
a,-0.04345703,a,-0.039794922
g,-0.04638672,g,-0.04345703
g,-0.15527344,g,-0.16015625
t,-0.22753906,t,-0.21875
t,-0.060546875,t,-0.06640625
g,-0.042236328,g,-0.037841797
c,-0.125,c,-0.111328125
a,-0.030395508,a,-0.030151367
g,-0.018676758,g,-0.02331543
t,-0.029418945,t,-0.032958984
g,-0.021362305,g,-0.022216797
a,-0.03149414,a,-0.026245117
g,-0.032226562,g,-0.032958984
c,-0.05810547,c,-0.05078125
c,-0.671875,c,-0.671875
g,-0.62109375,g,-0.74609375
a,-0.06542969,a,-0.064453125
g,-0.02319336,g,-0.025024414
a,-0.015136719,a,-0.017089844
t,-0.049316406,t,-0.043701172
c,-0.50390625,c,-0.49023438
a,-0.765625,a,-0.76171875
c,-0.53515625,c,-0.58984375
g,-0.69921875,g,-0.703125
c,-0.008178711,c,-0.009155273
c,-0.0154418945,c,-0.014465332
a,-0.01361084,a,-0.012817383
c,-0.39453125,c,-0.375
t,-0.0049743652,t,-0.0047912598
g,-0.01965332,g,-0.01977539
t,-3.171875,t,-3.234375
a,-0.15039062,a,-0.15039062
c,-0.11230469,c,-0.10888672
t,-0.008605957,t,-0.008911133
c,-0.059326172,c,-0.060302734
c,-0.14355469,c,-0.12695312
a,-0.09326172,a,-0.087890625
g,-0.10546875,g,-0.10595703
c,-0.075683594,c,-0.07763672
c,-0.029663086,c,-0.025634766
t,-0.05053711,t,-0.057128906
g,-0.052246094,g,-0.043945312
g,-0.045410156,g,-0.049316406
a,-3.09375,a,-3.15625
c,-0.81640625,c,-0.78125
g,-1.2265625,g,-1.265625
a,-0.096191406,a,-0.099609375
t,-2.421875,t,-2.53125
a,-0.29492188,a,-0.265625
t,-1.671875,t,-1.71875
a,-0.60546875,a,-0.5390625
g,-0.10644531,g,-0.10986328
t,-0.8515625,t,-0.8828125
g,-0.4296875,g,-0.43164062
a,-0.029052734,a,-0.026245117
g,-0.12597656,g,-0.12451172
a,-0.17089844,a,-0.17089844
c,-0.13378906,c,-0.12792969
t,-2.171875,t,-2.21875
t,-2.5,t,-2.453125
c,-1.453125,c,-1.328125
a,-0.42382812,a,-0.40234375
c,-2.640625,c,-2.625
c,-0.068847656,c,-0.06689453
t,-0.44921875,t,-0.47851562
c,-0.29296875,c,-0.296875
a,-0.26367188,a,-0.24414062
a,-0.59375,a,-0.5703125
a,-0.59765625,a,-0.58984375
a,-0.34960938,a,-0.29492188
a,-0.32226562,a,-0.31640625
a,-0.17871094,a,-0.18066406
a,-0.111328125,a,-0.111816406
a,-0.088378906,a,-0.08544922
a,-0.07080078,a,-0.071777344
a,-0.091308594,a,-0.088378906
a,-0.072265625,a,-0.083496094
a,-0.13085938,a,-0.13085938
a,-0.12207031,a,-0.12988281
a,-0.11425781,a,-0.12695312
a,-0.16894531,a,-0.17675781
g,-2.609375,g,-2.4375
a,-0.46484375,a,-0.4765625
a,-0.328125,a,-0.33984375
a,-0.29492188,a,-0.31835938
g,-1.265625,g,-1.265625
g,-1.2265625,g,-1.15625
a,-0.5078125,a,-0.51953125
a,-0.44726562,a,-0.42382812
g,-1.140625,g,-1.1328125
t,-2.203125,t,-2.09375
g,-1.203125,g,-1.25
a,-0.9375,a,-0.8671875
g,-1.046875,g,-1.1171875
g,-1.3515625,g,-1.3515625
a,-1.1796875,a,-1.0859375
t,-1.78125,t,-1.78125
t,-1.4765625,t,-1.4765625
t,-1.3359375,t,-1.328125
t,-1.296875,t,-1.3046875
a,-1.578125,a,-1.59375
a,-1.0546875,a,-1.0390625
g,-1.2890625,g,-1.3359375
a,-0.9453125,a,-0.953125
c,-1.953125,c,-1.9921875
c,-1.578125,c,-1.6484375
c,-1.5703125,c,-1.546875
t,-0.953125,t,-0.95703125
g,-1.1015625,g,-1.03125
a,-1.34375,a,-1.3671875
g,-1.140625,g,-1.0625
a,-1.2421875,a,-1.25
g,-1.6484375,g,-1.6171875
a,-0.92578125,a,-0.92578125
c,-1.6484375,c,-1.6796875
a,-0.71875,a,-0.703125
g,-0.76171875,g,-0.76171875
t,-1.828125,t,-1.8984375
t,-1.3984375,t,-1.4765625
t,-1.1796875,t,-1.125
a,-1.5859375,a,-1.6484375
a,-0.96484375,a,-0.98828125
a,-0.99609375,a,-1.0546875
a,-0.89453125,a,-0.91796875
a,-0.91015625,a,-0.91015625
g,-1.703125,g,-1.71875
t,-1.4296875,t,-1.4453125
g,-1.4296875,g,-1.34375
g,-1.3046875,g,-1.328125
g,-1.234375,g,-1.296875
a,-1.0703125,a,-1.1015625
g,-1.0546875,g,-1.046875
g,-1.015625,g,-1.046875
a,-1.0234375,a,-1.0625
t,-1.671875,t,-1.609375
c,-1.921875,c,-1.8984375
g,-2.6875,g,-2.703125
g,-1.1953125,g,-1.15625
c,-2.0625,c,-2.046875
c,-1.5390625,c,-1.5625
g,-2.375,g,-2.421875
g,-1.0703125,g,-1.0546875
g,-0.78125,g,-0.6953125
c,-1.234375,c,-1.2578125
g,-0.625,g,-0.63671875
c,-0.75390625,c,-0.75390625
t,-2.578125,t,-2.578125
g,-0.05810547,g,-0.06640625
t,-0.07421875,t,-0.07519531
g,-0.1796875,g,-0.19433594
g,-0.19824219,g,-0.1953125
c,-0.21679688,c,-0.21484375
t,-0.77734375,t,-0.8125
g,-3.71875,g,-3.734375
a,-0.84375,a,-0.8359375
c,-1.015625,c,-1.03125
a,-0.35742188,a,-0.36523438
c,-0.4921875,c,-0.49609375
c,-0.80078125,c,-0.83203125
t,-0.47851562,t,-0.47851562
g,-0.265625,g,-0.2890625
t,-0.66015625,t,-0.67578125
a,-0.109375,a,-0.10107422
a,-0.26171875,a,-0.25
t,-0.072265625,t,-0.08300781
c,-0.21777344,c,-0.22363281
c,-0.20507812,c,-0.22558594
c,-0.20507812,c,-0.23046875
a,-0.009216309,a,-0.010620117
g,-0.07080078,g,-0.07421875
c,-0.08984375,c,-0.07714844
a,-0.37695312,a,-0.37695312
c,-0.06201172,c,-0.06591797
t,-0.018554688,t,-0.018798828
t,-0.03955078,t,-0.03955078
t,-0.16503906,t,-0.13769531
g,-0.03125,g,-0.030151367
g,-0.026611328,g,-0.026245117
g,-0.059814453,g,-0.056396484
a,-0.0063476562,a,-0.005340576
g,-0.037353516,g,-0.032958984
g,-0.036621094,g,-0.03491211
c,-0.03466797,c,-0.031982422
c,-0.40820312,c,-0.37109375
g,-0.49023438,g,-0.54296875
a,-0.020385742,a,-0.017456055
g,-0.03125,g,-0.029418945
t,-5.96875,t,-6.15625
t,-1.390625,t,-1.359375
g,-0.3515625,g,-0.35742188
g,-0.25390625,g,-0.23339844
g,-0.19921875,g,-0.18945312
c,-2.5,c,-2.5
a,-0.4140625,a,-0.4140625
g,-0.7421875,g,-0.70703125
a,-0.8046875,a,-0.84375
t,-0.42773438,t,-0.4296875
c,-0.19824219,c,-0.20214844
a,-0.20605469,a,-0.18652344
c,-0.22070312,c,-0.22167969
a,-3.5625,a,-3.5625
a,-0.41210938,a,-0.40429688
g,-0.12695312,g,-0.13476562
g,-0.47070312,g,-0.44335938
t,-0.080566406,t,-0.095214844
c,-0.33203125,c,-0.35742188
a,-0.055908203,a,-0.060302734
g,-0.20605469,g,-0.24023438
g,-0.063964844,g,-0.061767578
a,-0.05078125,a,-0.05126953
g,-0.06933594,g,-0.06738281
t,-0.828125,t,-0.82421875
t,-0.043945312,t,-0.0390625
c,-0.49609375,c,-0.546875
g,-0.93359375,g,-0.89453125
a,-0.02746582,a,-0.024291992
g,-0.03564453,g,-0.032470703
a,-0.036376953,a,-0.03881836
c,-0.032958984,c,-0.036376953
c,-0.024291992,c,-0.024169922
a,-0.015258789,a,-0.014343262
g,-0.061035156,g,-0.06298828
c,-0.03955078,c,-0.045410156
c,-0.044189453,c,-0.040039062
t,-0.010009766,t,-0.010559082
g,-0.06689453,g,-0.060546875
g,-0.30078125,g,-0.31640625
c,-0.2265625,c,-0.25
c,-0.046142578,c,-0.047607422
a,-0.021240234,a,-0.01953125
a,-0.03112793,a,-0.032470703
t,-2.15625,t,-2.15625
a,-0.09667969,a,-0.09716797
t,-0.09326172,t,-0.09667969
g,-0.23339844,g,-0.23339844
g,-0.0625,g,-0.06201172
t,-0.16015625,t,-0.16308594
g,-0.096191406,g,-0.08544922
a,-0.0056762695,a,-0.0064086914
a,-0.0625,a,-0.05419922
a,-0.006591797,a,-0.0063171387
c,-0.051513672,c,-0.044677734
c,-0.083984375,c,-0.080566406
t,-2.59375,t,-2.359375
t,-1.2578125,t,-1.296875
g,-0.13671875,g,-0.10888672
t,-0.03149414,t,-0.029907227
c,-0.19726562,c,-0.18652344
t,-0.052246094,t,-0.052001953
c,-0.19726562,c,-0.20703125
t,-0.125,t,-0.13378906
a,-0.16894531,a,-0.16601562
c,-0.08886719,c,-0.08154297
t,-0.15332031,t,-0.14453125
a,-0.05517578,a,-0.060791016
a,-0.01965332,a,-0.020874023
a,-0.012573242,a,-0.012634277
a,-0.020263672,a,-0.02319336
a,-0.03149414,a,-0.032958984
t,-0.08496094,t,-0.075683594
a,-0.068847656,a,-0.07861328
c,-0.103515625,c,-0.11279297
a,-0.025756836,a,-0.026000977
a,-0.020507812,a,-0.019897461
a,-0.012512207,a,-0.0119018555
a,-0.020019531,a,-0.021850586
a,-0.12109375,a,-0.11328125
t,-0.5625,t,-0.5625
t,-0.125,t,-0.11767578
a,-0.06591797,a,-0.064453125
g,-0.044433594,g,-0.041748047
c,-0.043701172,c,-0.040771484
c,-0.58984375,c,-0.6171875
g,-0.6640625,g,-0.69140625
g,-0.033935547,g,-0.034179688
g,-0.049560547,g,-0.063964844
c,-0.5,c,-0.48242188
a,-1.1015625,a,-1.109375
t,-0.06347656,t,-0.059814453
g,-0.028564453,g,-0.02722168
g,-0.045166016,g,-0.047851562
t,-0.0049743652,t,-0.0056152344
g,-0.015991211,g,-0.018798828
t,-8.0625,t,-8.0625
c,-0.99609375,c,-0.9453125
a,-0.62109375,a,-0.625
c,-1.421875,c,-1.390625
g,-1.8125,g,-1.8125
t,-1.0625,t,-1.0234375
g,-0.09375,g,-0.09277344
t,-2.890625,t,-2.890625
c,-0.98828125,c,-0.94921875
t,-0.66796875,t,-0.6328125
a,-2.203125,a,-2.0625
t,-1.0703125,t,-1.1015625
a,-0.30859375,a,-0.3125
a,-1.2421875,a,-1.2421875
t,-0.35742188,t,-0.30078125
c,-0.31640625,c,-0.35351562
c,-0.23339844,c,-0.23535156
c,-0.22460938,c,-0.23730469
a,-0.056152344,a,-0.047607422
g,-0.07470703,g,-0.07763672
c,-0.118652344,c,-0.107421875
t,-0.41210938,t,-0.453125
a,-0.06201172,a,-0.057861328
c,-0.04638672,c,-0.04663086
t,-0.021484375,t,-0.022460938
c,-0.40039062,c,-0.42773438
g,-0.875,g,-0.8671875
g,-0.049560547,g,-0.05126953
g,-0.01940918,g,-0.022705078
a,-0.010131836,a,-0.010437012
g,-0.019042969,g,-0.018066406
g,-0.024780273,g,-0.02368164
c,-0.032714844,c,-0.041015625
t,-0.03491211,t,-0.036621094
g,-0.029907227,g,-0.028564453
a,-0.0056152344,a,-0.0056152344
g,-0.04296875,g,-0.03564453
g,-0.053955078,g,-0.05883789
c,-0.15527344,c,-0.15429688
a,-0.11328125,a,-0.118652344
g,-0.10449219,g,-0.123046875
a,-2.8125,a,-2.765625
a,-0.18554688,a,-0.17871094
a,-2.078125,a,-2.1875
a,-0.21191406,a,-0.234375
a,-0.16699219,a,-0.18261719
t,-0.140625,t,-0.11279297
t,-0.90625,t,-0.80078125
g,-0.54296875,g,-0.5390625
c,-0.734375,c,-0.75390625
t,-1.1015625,t,-1.046875
t,-0.20996094,t,-0.20214844
g,-0.23828125,g,-0.22753906
a,-0.05029297,a,-0.048339844
a,-0.12109375,a,-0.12060547
c,-0.08154297,c,-0.080078125
c,-0.18359375,c,-0.16210938
t,-0.73046875,t,-0.703125
g,-0.05883789,g,-0.060058594
g,-0.056396484,g,-0.06640625
g,-0.07861328,g,-0.087890625
a,-0.048583984,a,-0.048339844
g,-0.029663086,g,-0.03173828
g,-0.04321289,g,-0.040283203
c,-0.2578125,c,-0.23046875
a,-0.86328125,a,-0.7578125
g,-0.044433594,g,-0.043701172
a,-0.019165039,a,-0.020507812
g,-0.08300781,g,-0.08300781
g,-0.18164062,g,-0.17871094
t,-0.265625,t,-0.23828125
t,-0.13183594,t,-0.13964844
g,-0.030517578,g,-0.029541016
c,-0.08251953,c,-0.06982422
a,-0.08105469,a,-0.08300781
g,-0.036621094,g,-0.03881836
a,-5.28125,a,-5.34375
c,-5.78125,c,-5.84375
a,-0.22558594,a,-0.24609375
g,-0.36132812,g,-0.3359375
c,-0.9296875,c,-0.94921875
t,-0.515625,t,-0.51953125
g,-0.23046875,g,-0.26757812
a,-0.41796875,a,-0.453125
g,-0.34765625,g,-0.296875
a,-0.6953125,a,-0.6640625
t,-0.84765625,t,-0.84765625
c,-0.51953125,c,-0.49609375
a,-0.46875,a,-0.4609375
c,-0.4921875,c,-0.56640625
t,-3.859375,t,-3.78125
c,-0.23339844,c,-0.24414062
c,-0.23925781,c,-0.23925781
a,-0.06689453,a,-0.057128906
t,-2.21875,t,-2.140625
t,-0.34960938,t,-0.34179688
g,-1.0703125,g,-1.203125
c,-0.0859375,c,-0.106933594
a,-0.09863281,a,-0.10449219
c,-1.21875,c,-1.140625
t,-0.30664062,t,-0.27539062
c,-0.26171875,c,-0.25976562
c,-0.10205078,c,-0.096191406
a,-0.034179688,a,-0.03540039
g,-0.057861328,g,-0.059814453
c,-0.12695312,c,-0.12207031
c,-0.072265625,c,-0.067871094
t,-0.021484375,t,-0.024291992
g,-0.047607422,g,-0.046875
g,-0.025146484,g,-0.03125
g,-0.084472656,g,-0.08935547
c,-0.50390625,c,-0.5546875
a,-0.45703125,a,-0.39257812
a,-0.07324219,a,-0.068847656
c,-0.05053711,c,-0.040527344
a,-0.032226562,a,-0.03173828
a,-1.703125,a,-1.796875
g,-0.95703125,g,-0.99609375
a,-0.5703125,a,-0.65234375
g,-0.4453125,g,-0.46679688
c,-0.8828125,c,-0.8359375
a,-0.55859375,a,-0.4921875
a,-0.15429688,a,-0.1328125
a,-0.1640625,a,-0.16210938
a,-0.059814453,a,-0.049316406
c,-0.12792969,c,-0.125
t,-0.038085938,t,-0.038085938
t,-2.09375,t,-2.078125
t,-0.7578125,t,-0.78515625
g,-0.30273438,g,-0.3125
t,-0.20703125,t,-0.20800781
c,-1.9765625,c,-2.0
t,-0.091308594,t,-0.09277344
t,-1.5625,t,-1.6484375
t,-0.5859375,t,-0.6171875
a,-0.41015625,a,-0.40234375
a,-0.26171875,a,-0.24316406
a,-0.07519531,a,-0.07519531
a,-0.053222656,a,-0.049316406
a,-0.21484375,a,-0.23730469
a,-0.21582031,a,-0.22265625
a,-0.21582031,a,-0.21777344
a,-0.22070312,a,-0.21777344
a,-0.19726562,a,-0.203125
a,-0.171875,a,-0.17871094
a,-0.17871094,a,-0.16210938
a,-0.171875,a,-0.16699219
a,-0.1328125,a,-0.13378906
a,-0.17285156,a,-0.15234375
a,-0.15625,a,-0.15917969
a,-0.16601562,a,-0.1640625
a,-0.17871094,a,-0.2109375
a,-0.22265625,a,-0.21777344
a,-0.25,a,-0.23046875
g,-2.125,g,-2.109375
a,-0.5078125,a,-0.49609375
a,-0.31445312,a,-0.31445312
t,-2.4375,t,-2.484375
a,-1.640625,a,-1.6171875
c,-2.390625,c,-2.421875
a,-0.44726562,a,-0.4296875
a,-0.65625,a,-0.6640625
a,-0.5546875,a,-0.5390625
a,-0.6796875,a,-0.67578125
a,-0.546875,a,-0.5625
t,-1.3671875,t,-1.359375
t,-1.0859375,t,-1.09375
a,-0.66796875,a,-0.6640625
g,-1.1875,g,-1.1640625
c,-0.57421875,c,-0.59375
c,-0.87109375,c,-0.83203125
g,-1.890625,g,-1.8828125
g,-0.4296875,g,-0.44140625
g,-0.29492188,g,-0.29492188
c,-0.44726562,c,-0.4453125
g,-0.5546875,g,-0.578125
t,-0.23730469,t,-0.23632812
g,-0.05102539,g,-0.05126953
g,-0.07128906,g,-0.07910156
t,-0.0063476562,t,-0.006439209
g,-0.020751953,g,-0.02319336
g,-0.042236328,g,-0.04345703
c,-0.46679688,c,-0.51953125
g,-0.5703125,g,-0.625
c,-0.9609375,c,-1.0390625
g,-1.140625,g,-1.1796875
t,-0.953125,t,-0.87890625
g,-0.030395508,g,-0.028564453
c,-0.01977539,c,-0.024414062
c,-0.041259766,c,-0.044921875
t,-0.0075683594,t,-0.00793457
a,-3.609375,a,-3.375
t,-0.049804688,t,-0.049804688
a,-0.026733398,a,-0.026367188
a,-0.93359375,a,-0.89453125
t,-0.026855469,t,-0.023803711
c,-0.030639648,c,-0.030517578
c,-0.08300781,c,-0.07373047
c,-0.05517578,c,-0.052734375
a,-0.030517578,a,-0.026977539
g,-0.061767578,g,-0.055664062
c,-0.05493164,c,-0.052978516
t,-0.40625,t,-0.40429688
a,-0.08886719,a,-0.08886719
c,-0.06347656,c,-0.072265625
t,-0.02331543,t,-0.025390625
t,-1.1328125,t,-1.1015625
g,-0.09277344,g,-0.08984375
g,-0.05859375,g,-0.061523438
g,-0.022216797,g,-0.021118164
a,-0.040283203,a,-0.03857422
g,-0.049560547,g,-0.04321289
g,-0.03515625,g,-0.03515625
c,-0.020874023,c,-0.021118164
t,-0.04345703,t,-0.045166016
g,-0.044677734,g,-0.04711914
a,-0.007446289,a,-0.0079956055
g,-0.039794922,g,-0.04248047
g,-0.045166016,g,-0.040283203
c,-0.25390625,c,-0.25390625
a,-0.13964844,a,-0.14648438
g,-0.07861328,g,-0.08544922
g,-0.052734375,g,-0.0625
a,-0.092285156,a,-0.095214844
g,-0.04248047,g,-0.040039062
a,-0.12597656,a,-0.106933594
a,-0.040039062,a,-0.030517578
t,-0.02734375,t,-0.026000977
c,-0.50390625,c,-0.453125
a,-1.0390625,a,-1.0390625
g,-4.75,g,-4.6875
t,-0.14746094,t,-0.13476562
t,-0.33789062,t,-0.38085938
g,-0.125,g,-0.123535156
a,-0.19335938,a,-0.19433594
a,-0.390625,a,-0.3984375
c,-0.515625,c,-0.49414062
a,-2.546875,a,-2.5
c,-0.92578125,c,-0.828125
g,-1.6484375,g,-1.7421875
g,-0.92578125,g,-0.96484375
g,-2.578125,g,-2.59375
a,-1.0546875,a,-1.125
g,-0.21582031,g,-0.21386719
g,-0.45898438,g,-0.48242188
c,-0.79296875,c,-0.75390625
g,-2.21875,g,-2.3125
a,-2.828125,a,-2.78125
g,-2.328125,g,-2.203125
g,-0.3203125,g,-0.3046875
t,-0.921875,t,-0.9140625
t,-0.48632812,t,-0.48632812
t,-1.125,t,-1.171875
g,-1.578125,g,-1.6953125
c,-2.90625,c,-2.984375
a,-0.27539062,a,-0.27148438
g,-0.35742188,g,-0.33789062
t,-0.47851562,t,-0.46289062
g,-0.22558594,g,-0.19238281
a,-0.23046875,a,-0.2421875
g,-0.12988281,g,-0.122558594
c,-0.03149414,c,-0.032226562
c,-0.21191406,c,-0.19726562
g,-0.71875,g,-0.72265625
a,-0.03955078,a,-0.036132812
g,-0.0050354004,g,-0.0052490234
a,-0.053710938,a,-0.048339844
t,-0.055908203,t,-0.043945312
t,-1.3203125,t,-1.3046875
g,-0.07910156,g,-0.076171875
c,-0.46289062,c,-0.48632812
g,-0.69140625,g,-0.63671875
c,-0.022827148,c,-0.023071289
c,-0.013122559,c,-0.012451172
a,-0.020263672,a,-0.02368164
c,-0.17089844,c,-0.18066406
t,-0.01953125,t,-0.021606445
g,-0.01977539,g,-0.021850586
c,-0.056640625,c,-0.060058594
a,-0.025024414,a,-0.025634766
c,-0.0703125,c,-0.057617188
t,-0.0066223145,t,-0.006378174
c,-0.05517578,c,-0.05444336
c,-0.04248047,c,-0.041015625
a,-0.0073547363,a,-0.008056641
g,-0.09277344,g,-0.10644531
c,-0.040771484,c,-0.041259766
c,-0.033691406,c,-0.027832031
t,-0.014343262,t,-0.016967773
g,-0.03857422,g,-0.041992188
g,-0.0390625,g,-0.03100586
g,-0.06225586,g,-0.055664062
c,-0.48828125,c,-0.46679688
g,-0.92578125,g,-0.9609375
a,-0.078125,a,-0.07519531
c,-0.05053711,c,-0.06201172
a,-0.017822266,a,-0.016479492
g,-0.15722656,g,-0.15039062
a,-0.06591797,a,-0.06201172
g,-0.05883789,g,-0.059326172
c,-0.578125,c,-0.53125
a,-0.77734375,a,-0.77734375
g,-6.3125,g,-6.3125
g,-0.076171875,g,-0.08105469
a,-0.059570312,a,-0.053466797
c,-0.18066406,c,-0.20117188
t,-0.36523438,t,-0.39257812
c,-0.6953125,c,-0.74609375
c,-0.81640625,c,-0.78125
t,-1.9765625,t,-1.890625
c,-2.1875,c,-2.359375
t,-1.5625,t,-1.4921875
t,-1.015625,t,-1.0625
g,-1.140625,g,-1.171875
g,-2.34375,g,-2.5
a,-1.6328125,a,-1.734375
a,-0.6953125,a,-0.71484375
a,-0.37304688,a,-0.39453125
a,-0.20800781,a,-0.21875
a,-0.83984375,a,-0.86328125
a,-0.37890625,a,-0.37109375
a,-0.34375,a,-0.3515625
a,-0.2734375,a,-0.27929688
a,-0.38085938,a,-0.41015625
a,-0.23242188,a,-0.2265625
t,-2.53125,t,-2.578125
t,-1.3046875,t,-1.375
a,-0.578125,a,-0.625
g,-0.953125,g,-0.98046875
c,-0.40234375,c,-0.40234375
t,-0.95703125,t,-0.8828125
g,-0.43359375,g,-0.44726562
g,-0.22265625,g,-0.22949219
g,-0.19335938,g,-0.16992188
c,-0.26367188,c,-0.28320312
a,-0.6171875,a,-0.5859375
t,-0.14257812,t,-0.15917969
g,-0.11279297,g,-0.10546875
g,-0.076660156,g,-0.06982422
t,-0.011962891,t,-0.013671875
g,-0.030273438,g,-0.03857422
g,-0.017456055,g,-0.017822266
c,-0.18457031,c,-0.18457031
a,-1.1640625,a,-1.1640625
g,-1.2734375,g,-1.3046875
g,-0.18945312,g,-0.1640625
t,-1.2109375,t,-1.2578125
g,-0.099609375,g,-0.10644531
c,-0.13671875,c,-0.14257812
c,-0.08642578,c,-0.088378906
t,-0.057617188,t,-0.057861328
g,-0.125,g,-0.12792969
t,-0.05126953,t,-0.051757812
a,-0.05053711,a,-0.04711914
g,-0.90234375,g,-1.0546875
t,-0.016113281,t,-0.014160156
c,-0.096191406,c,-0.10595703
t,-3.0,t,-2.890625
c,-0.06542969,c,-0.06640625
a,-0.03515625,a,-0.032470703
g,-0.12597656,g,-0.119140625
c,-0.04345703,c,-0.046142578
t,-0.14453125,t,-0.13964844
a,-0.072265625,a,-0.064453125
c,-0.03857422,c,-0.04296875
t,-0.06298828,t,-0.060058594
a,-4.0625,a,-3.96875
g,-0.20507812,g,-0.21484375
g,-0.12792969,g,-0.12597656
g,-0.2734375,g,-0.27929688
a,-0.19335938,a,-0.16894531
g,-0.12988281,g,-0.14648438
g,-0.072265625,g,-0.07324219
c,-0.092285156,c,-0.087402344
t,-0.03466797,t,-0.0390625
g,-0.06640625,g,-0.06689453
a,-0.034179688,a,-0.034179688
g,-0.03540039,g,-0.03540039
g,-0.061279297,g,-0.057617188
c,-0.26953125,c,-0.26953125
a,-0.23144531,a,-0.22753906
g,-0.087890625,g,-0.08935547
g,-0.037353516,g,-0.041992188
a,-0.087402344,a,-0.08154297
a,-3.234375,a,-3.296875
a,-0.16992188,a,-0.13476562
a,-0.05859375,a,-0.05102539
t,-0.059326172,t,-0.05908203
c,-0.546875,c,-0.47460938
a,-0.74609375,a,-0.80078125
c,-0.23828125,c,-0.22460938
t,-0.43359375,t,-0.41015625
t,-0.05102539,t,-0.05102539
g,-0.080078125,g,-0.06689453
a,-0.041992188,a,-0.036865234
a,-0.30664062,a,-0.30664062
c,-0.1796875,c,-0.18652344
c,-0.17089844,c,-0.19140625
c,-0.49804688,c,-0.42773438
g,-0.765625,g,-0.82421875
g,-0.033691406,g,-0.029296875
g,-0.032958984,g,-0.03125
a,-0.012756348,a,-0.014709473
t,-6.09375,t,-6.09375
g,-0.18945312,g,-0.16894531
t,-1.3359375,t,-1.296875
g,-0.99609375,g,-1.0234375
g,-0.51953125,g,-0.546875
a,-0.55859375,a,-0.53125
g,-0.30078125,g,-0.29492188
t,-2.546875,t,-2.578125
t,-0.921875,t,-0.94140625
t,-0.51953125,t,-0.55859375
g,-0.49023438,g,-0.47460938
c,-0.765625,c,-0.75
a,-0.375,a,-0.31640625
g,-0.25195312,g,-0.27929688
t,-0.65234375,t,-0.6015625
g,-0.13378906,g,-0.15332031
a,-0.11376953,a,-0.11669922
c,-3.765625,c,-3.6875
c,-0.2265625,c,-0.22167969
c,-1.015625,c,-1.0234375
g,-1.390625,g,-1.3984375
a,-0.65234375,a,-0.65234375
g,-0.39257812,g,-0.38867188
a,-1.2109375,a,-1.2421875
t,-0.13769531,t,-0.13769531
c,-0.35546875,c,-0.34765625
g,-1.2734375,g,-1.2734375
t,-1.421875,t,-1.4140625
g,-0.032226562,g,-0.03515625
c,-0.09326172,c,-0.09667969
c,-0.045410156,c,-0.04248047
a,-0.14746094,a,-0.14941406
c,-0.4375,c,-0.48242188
t,-0.060791016,t,-0.057128906
g,-0.06201172,g,-0.055419922
t,-2.3125,t,-2.3125
a,-0.35546875,a,-0.33984375
c,-0.07519531,c,-0.0703125
t,-0.015136719,t,-0.014221191
c,-0.104003906,c,-0.10888672
c,-0.20996094,c,-0.2109375
a,-0.07470703,a,-0.06933594
t,-3.859375,t,-3.921875
c,-0.072265625,c,-0.076171875
c,-0.359375,c,-0.34765625
t,-0.30664062,t,-0.31835938
g,-0.54296875,g,-0.55078125
g,-0.17675781,g,-0.16113281
g,-0.6484375,g,-0.609375
c,-0.58984375,c,-0.5625
g,-1.9921875,g,-1.890625
a,-0.19628906,a,-0.20898438
c,-0.05908203,c,-0.060791016
a,-0.018432617,a,-0.016113281
a,-2.578125,a,-2.515625
a,-0.29101562,a,-0.27148438
a,-0.97265625,a,-1.046875
t,-1.9921875,t,-1.9453125
g,-1.0625,g,-1.09375
a,-0.31445312,a,-0.31640625
g,-0.4921875,g,-0.44140625
a,-0.27734375,a,-0.2890625
c,-1.109375,c,-1.1171875
t,-1.359375,t,-1.234375
c,-0.34765625,c,-0.375
t,-0.546875,t,-0.56640625
g,-0.24121094,g,-0.19921875
c,-2.109375,c,-2.046875
c,-0.12695312,c,-0.14257812
t,-0.12158203,t,-0.11767578
c,-0.24707031,c,-0.2578125
a,-0.3671875,a,-0.3515625
a,-0.6796875,a,-0.70703125
a,-0.21386719,a,-0.20019531
a,-0.21777344,a,-0.23046875
a,-0.29882812,a,-0.31445312
a,-0.29296875,a,-0.28710938
a,-0.115234375,a,-0.125
a,-0.12695312,a,-0.12109375
a,-0.09814453,a,-0.09814453
a,-0.109375,a,-0.10107422
a,-0.09082031,a,-0.09765625
a,-0.13769531,a,-0.14746094
a,-0.12109375,a,-0.11767578
a,-0.1328125,a,-0.1328125
a,-0.16699219,a,-0.16503906
a,-0.19824219,a,-0.1875
a,-0.19140625,a,-0.19433594
a,-0.20410156,a,-0.20800781
a,-0.2265625,a,-0.24902344
a,-0.24121094,a,-0.23730469
g,-1.9921875,g,-1.984375
t,-2.1875,t,-2.109375
g,-1.3203125,g,-1.296875
g,-1.0859375,g,-1.078125
g,-1.0546875,g,-1.0546875
a,-1.0859375,a,-1.109375
g,-0.78515625,g,-0.7578125
g,-0.98828125,g,-1.0
a,-0.96875,a,-1.0078125
t,-1.5078125,t,-1.5
c,-1.7421875,c,-1.7109375
a,-0.7578125,a,-0.79296875
a,-1.5078125,a,-1.53125
t,-1.578125,t,-1.5859375
g,-1.03125,g,-1.0234375
t,-1.5390625,t,-1.53125
a,-1.3671875,a,-1.3671875
c,-2.046875,c,-2.0625
t,-1.1484375,t,-1.1484375
g,-1.203125,g,-1.234375
c,-1.875,c,-1.8359375
c,-1.578125,c,-1.5546875
a,-1.09375,a,-1.0546875
g,-1.421875,g,-1.46875
t,-1.671875,t,-1.5625
c,-1.796875,c,-1.8046875
c,-1.390625,c,-1.328125
t,-0.875,t,-0.9140625
a,-1.7265625,a,-1.6640625
a,-1.390625,a,-1.4765625
t,-1.609375,t,-1.640625
g,-1.3203125,g,-1.2890625
a,-1.1953125,a,-1.1953125
a,-1.21875,a,-1.1953125
g,-1.3515625,g,-1.3359375
t,-1.484375,t,-1.53125
g,-1.328125,g,-1.296875
g,-1.28125,g,-1.2265625
a,-1.1953125,a,-1.28125
a,-1.0234375,a,-1.015625
t,-1.59375,t,-1.578125
g,-1.3203125,g,-1.3671875
a,-1.15625,a,-1.140625
t,-1.53125,t,-1.4921875
t,-1.296875,t,-1.296875
g,-1.4453125,g,-1.421875
t,-1.3359375,t,-1.3125
c,-1.796875,c,-1.7734375
c,-1.5859375,c,-1.4921875
c,-1.421875,c,-1.5078125
c,-1.640625,c,-1.5859375
a,-0.828125,a,-0.7890625
t,-1.421875,t,-1.3984375
c,-1.5078125,c,-1.4609375
a,-1.203125,a,-1.2265625
a,-1.453125,a,-1.46875
a,-0.98828125,a,-0.98828125
t,-1.4609375,t,-1.5
c,-1.6171875,c,-1.546875
a,-1.140625,a,-1.1015625
c,-1.609375,c,-1.6484375
t,-1.0859375,t,-1.125
a,-1.65625,a,-1.640625
g,-1.6015625,g,-1.5703125
t,-1.484375,t,-1.46875
a,-1.40625,a,-1.4375
g,-1.4921875,g,-1.5703125
g,-1.6015625,g,-1.6015625
a,-1.109375,a,-1.1328125
g,-1.4609375,g,-1.4609375
t,-1.5390625,t,-1.4921875
a,-1.3671875,a,-1.4140625
a,-1.1796875,a,-1.1953125
g,-1.3984375,g,-1.4140625
t,-1.3671875,t,-1.328125
t,-1.296875,t,-1.234375
g,-1.6640625,g,-1.71875
c,-1.75,c,-1.8046875
a,-1.0625,a,-1.0078125
g,-1.203125,g,-1.2265625
a,-1.234375,a,-1.2578125
g,-1.296875,g,-1.25
c,-1.7890625,c,-1.828125
c,-1.3125,c,-1.3984375
t,-1.0703125,t,-1.0703125
a,-1.8671875,a,-1.765625
g,-1.140625,g,-1.0703125
a,-1.1484375,a,-1.1796875
a,-1.046875,a,-1.0625
g,-1.328125,g,-1.328125
g,-1.3515625,g,-1.3984375
t,-1.53125,t,-1.53125
g,-1.1484375,g,-1.109375
a,-1.25,a,-1.28125
t,-1.5078125,t,-1.5078125
g,-1.140625,g,-1.1328125
g,-1.078125,g,-1.1015625
t,-1.5390625,t,-1.5
t,-1.359375,t,-1.40625
a,-1.5546875,a,-1.5546875
a,-1.296875,a,-1.28125
g,-1.15625,g,-1.15625
a,-1.09375,a,-1.09375
g,-1.03125,g,-1.0703125
a,-1.0625,a,-1.0625
g,-1.2734375,g,-1.3203125
t,-1.6796875,t,-1.640625
g,-1.171875,g,-1.171875
g,-1.25,g,-1.265625
g,-1.0859375,g,-1.046875
a,-1.0625,a,-1.0390625
t,-1.765625,t,-1.84375
t,-1.265625,t,-1.2890625
c,-1.671875,c,-1.65625
t,-1.0859375,t,-1.0859375
t,-1.609375,t,-1.5703125
g,-1.1328125,g,-1.1484375
a,-1.296875,a,-1.296875
a,-1.2578125,a,-1.234375
a,-1.1015625,a,-1.0546875
c,-1.7890625,c,-1.859375
t,-1.0859375,t,-1.109375
g,-0.9453125,g,-0.984375
c,-1.71875,c,-1.8046875
a,-1.0078125,a,-1.0234375
t,-1.5625,t,-1.5625
t,-1.3046875,t,-1.2578125
t,-0.984375,t,-0.97265625
a,-1.46875,a,-1.515625
t,-1.25,t,-1.265625
g,-1.546875,g,-1.5625
g,-1.59375,g,-1.515625
a,-1.140625,a,-1.140625
g,-1.265625,g,-1.2890625
a,-1.0703125,a,-1.0625
g,-1.3984375,g,-1.4140625
g,-1.453125,g,-1.40625
t,-1.4296875,t,-1.4296875
t,-1.359375,t,-1.40625
g,-1.3671875,g,-1.3515625
t,-1.3828125,t,-1.3828125
g,-1.0234375,g,-1.046875
g,-1.28125,g,-1.2734375
t,-1.359375,t,-1.328125
t,-1.2421875,t,-1.1953125
a,-1.578125,a,-1.640625
t,-1.203125,t,-1.1484375
t,-1.1328125,t,-1.171875
g,-1.4921875,g,-1.53125
g,-1.4375,g,-1.4296875
t,-1.3046875,t,-1.3046875
t,-1.1484375,t,-1.1171875
a,-1.5234375,a,-1.5234375
t,-1.1875,t,-1.1640625
a,-1.4609375,a,-1.4609375
a,-1.1484375,a,-1.1484375
t,-1.234375,t,-1.2109375
a,-1.3515625,a,-1.40625
a,-1.1640625,a,-1.1640625
a,-1.0703125,a,-1.03125
t,-1.2578125,t,-1.234375
a,-1.109375,a,-1.1171875
a,-1.0703125,a,-1.0078125
a,-0.80859375,a,-0.7734375
t,-1.1015625,t,-1.09375
a,-0.98046875,a,-1.03125
c,-1.9453125,c,-1.9453125
a,-0.6875,a,-0.6875
g,-1.9296875,g,-2.0
t,-1.3125,t,-1.234375
t,-1.2421875,t,-1.1796875
g,-1.5625,g,-1.5
a,-1.1875,a,-1.203125
a,-1.0234375,a,-1.0078125
g,-1.734375,g,-1.7109375
t,-1.375,t,-1.3671875
g,-1.5078125,g,-1.4375
a,-1.15625,a,-1.1171875
g,-1.4140625,g,-1.4609375
t,-1.359375,t,-1.328125
g,-1.28125,g,-1.2421875
a,-1.1953125,a,-1.2109375
g,-1.3046875,g,-1.3515625
t,-1.2890625,t,-1.2890625
a,-1.421875,a,-1.4453125
g,-1.359375,g,-1.3984375
c,-1.8984375,c,-1.8671875
t,-0.94921875,t,-0.9140625
g,-1.1171875,g,-1.140625
a,-1.2734375,a,-1.2578125
g,-0.890625,g,-0.8984375
a,-1.078125,a,-1.0390625
t,-1.4765625,t,-1.4921875
t,-1.0859375,t,-1.078125
t,-1.2890625,t,-1.265625
g,-1.359375,g,-1.3671875
g,-1.15625,g,-1.1171875
g,-1.1640625,g,-1.1640625
g,-1.1953125,g,-1.1640625
a,-0.859375,a,-0.90625
t,-1.453125,t,-1.4375
g,-1.1640625,g,-1.1484375
t,-1.453125,t,-1.4765625
a,-1.4375,a,-1.4375
t,-1.3046875,t,-1.3203125
c,-2.09375,c,-2.15625
a,-1.125,a,-1.125
g,-1.234375,g,-1.1796875
t,-1.265625,t,-1.265625
t,-1.21875,t,-1.2421875
c,-1.796875,c,-1.7421875
a,-1.1953125,a,-1.1640625
t,-1.3515625,t,-1.34375
t,-1.1484375,t,-1.1484375
c,-1.671875,c,-1.7109375
t,-0.91796875,t,-0.87890625
t,-1.0859375,t,-1.1171875
a,-1.5,a,-1.484375
c,-1.7734375,c,-1.84375
a,-1.0390625,a,-1.0234375
c,-1.78125,c,-1.734375
t,-1.1796875,t,-1.1484375
g,-1.2109375,g,-1.2109375
c,-1.703125,c,-1.6796875
t,-0.93359375,t,-1.0078125
a,-1.625,a,-1.5546875
c,-1.71875,c,-1.6640625
a,-0.9765625,a,-1.03125
a,-1.3359375,a,-1.34375
a,-0.80859375,a,-0.86328125
g,-1.6640625,g,-1.5703125
a,-1.0625,a,-1.078125
c,-1.7734375,c,-1.7265625
a,-0.65625,a,-0.6328125
t,-1.4921875,t,-1.453125
a,-1.25,a,-1.203125
c,-1.609375,c,-1.6015625
c,-1.6875,c,-1.6484375
t,-1.1171875,t,-1.1171875
g,-1.1796875,g,-1.1640625
a,-1.3671875,a,-1.3671875
g,-1.46875,g,-1.4765625
a,-1.015625,a,-1.0078125
c,-1.6484375,c,-1.640625
c,-1.5546875,c,-1.578125
a,-0.859375,a,-0.84375
g,-1.2109375,g,-1.2421875
g,-1.1484375,g,-1.1796875
t,-1.53125,t,-1.453125
a,-1.25,a,-1.25
t,-1.4140625,t,-1.390625
t,-1.09375,t,-1.078125
t,-1.0703125,t,-1.0625
a,-1.4296875,a,-1.3828125
t,-1.3046875,t,-1.3125
a,-1.375,a,-1.3828125
a,-1.046875,a,-1.046875
a,-0.95703125,a,-0.9375
g,-1.5703125,g,-1.6796875
a,-1.125,a,-1.109375
t,-1.3671875,t,-1.3671875
a,-1.1328125,a,-1.1484375
a,-1.0390625,a,-1.0390625
g,-1.84375,g,-1.8671875
a,-0.9765625,a,-0.96875
g,-1.5546875,g,-1.5859375
g,-1.5703125,g,-1.640625
t,-1.4609375,t,-1.4375
t,-1.15625,t,-1.1015625
t,-1.0546875,t,-1.1015625
a,-1.3828125,a,-1.3359375
a,-1.03125,a,-1.0
t,-1.40625,t,-1.3984375
c,-2.03125,c,-2.078125
a,-1.140625,a,-1.1796875
g,-1.4375,g,-1.4296875
c,-1.8828125,c,-1.9375
t,-1.0546875,t,-1.0390625
c,-1.6796875,c,-1.7421875
a,-1.0390625,a,-1.0390625
c,-1.6640625,c,-1.671875
a,-0.8515625,a,-0.85546875
g,-1.3046875,g,-1.3359375
t,-1.28125,t,-1.2890625
t,-1.1953125,t,-1.3046875
c,-1.8125,c,-1.796875
t,-0.83203125,t,-0.83203125
g,-1.21875,g,-1.2265625
c,-1.7890625,c,-1.8203125
t,-1.03125,t,-1.046875
g,-1.3125,g,-1.3359375
c,-1.578125,c,-1.5859375
c,-1.1875,c,-1.1875
t,-0.890625,t,-0.90625
g,-1.3046875,g,-1.3046875
t,-1.2109375,t,-1.2734375
a,-1.546875,a,-1.5234375
c,-1.6640625,c,-1.71875
a,-1.25,a,-1.2265625
g,-1.2265625,g,-1.2578125
g,-1.5390625,g,-1.5859375
c,-1.5234375,c,-1.515625
t,-1.078125,t,-1.1171875
t,-1.484375,t,-1.484375
c,-1.5,c,-1.5078125
t,-1.015625,t,-1.0546875
c,-1.5234375,c,-1.4375
t,-0.82421875,t,-0.84375
t,-1.171875,t,-1.1953125
g,-1.6015625,g,-1.6015625
t,-1.359375,t,-1.296875
g,-1.59375,g,-1.546875
g,-1.3671875,g,-1.4140625
a,-1.359375,a,-1.296875
g,-1.15625,g,-1.1640625
g,-1.4296875,g,-1.4609375
c,-1.421875,c,-1.4375
c,-1.1875,c,-1.2265625
t,-1.2421875,t,-1.2109375
a,-1.828125,a,-1.828125
a,-1.3359375,a,-1.3125
g,-1.15625,g,-1.1875
g,-1.25,g,-1.25
a,-1.0,a,-1.0
a,-1.2265625,a,-1.1171875
a,-1.03125,a,-1.0625
c,-1.7578125,c,-1.7421875
t,-1.1796875,t,-1.2265625
t,-1.265625,t,-1.3046875
a,-1.5546875,a,-1.5859375
c,-1.6328125,c,-1.6171875
a,-1.0859375,a,-1.0859375
g,-1.296875,g,-1.3515625
t,-1.375,t,-1.3671875
c,-1.734375,c,-1.75
a,-1.0078125,a,-1.0703125
t,-1.3359375,t,-1.3828125
g,-1.3046875,g,-1.34375
g,-1.3359375,g,-1.4453125
t,-1.390625,t,-1.375
g,-1.1171875,g,-1.0703125
g,-1.046875,g,-1.1015625
a,-1.515625,a,-1.5
a,-1.34375,a,-1.3046875
g,-1.234375,g,-1.234375
g,-1.1640625,g,-1.21875
t,-1.6953125,t,-1.6484375
g,-1.03125,g,-0.98828125
a,-1.40625,a,-1.390625
a,-1.1796875,a,-1.1328125
g,-1.15625,g,-1.1484375
g,-1.1484375,g,-1.1875
g,-1.28125,g,-1.2578125
g,-1.3359375,g,-1.265625
a,-0.97265625,a,-0.9453125
a,-1.0859375,a,-1.0625
a,-1.1484375,a,-1.203125
c,-1.96875,c,-1.9453125
a,-0.87109375,a,-0.890625
a,-1.34375,a,-1.3515625
g,-1.1796875,g,-1.1796875
c,-1.8671875,c,-1.8671875
a,-0.8984375,a,-0.91796875
c,-1.8671875,c,-1.8671875
a,-0.6953125,a,-0.66796875
g,-1.078125,g,-1.0625
t,-1.34375,t,-1.34375
c,-1.734375,c,-1.734375
t,-1.0234375,t,-1.03125
t,-1.3671875,t,-1.3515625
c,-1.4765625,c,-1.484375
a,-1.125,a,-1.109375
c,-1.6875,c,-1.640625
a,-1.0546875,a,-1.078125
t,-1.5625,t,-1.46875
g,-1.203125,g,-1.203125
g,-1.2109375,g,-1.140625
c,-1.5,c,-1.453125
c,-1.3515625,c,-1.328125
a,-0.9609375,a,-0.953125
g,-1.109375,g,-1.125
c,-1.7734375,c,-1.703125
a,-0.97265625,a,-1.0078125
g,-1.140625,g,-1.1328125
g,-1.40625,g,-1.421875
a,-1.4921875,a,-1.390625
g,-1.1796875,g,-1.2109375
a,-1.265625,a,-1.203125
g,-1.1328125,g,-1.1328125
a,-0.98046875,a,-1.015625
g,-0.9609375,g,-1.0078125
a,-1.0,a,-1.0546875
g,-0.76171875,g,-0.76953125
a,-0.81640625,a,-0.80859375
g,-0.8203125,g,-0.7890625
a,-0.59375,a,-0.6015625
a,-1.4609375,a,-1.421875
g,-1.328125,g,-1.2890625
g,-0.69140625,g,-0.66015625
g,-1.3203125,g,-1.328125
g,-0.9296875,g,-0.9453125
g,-1.3984375,g,-1.390625
a,-1.0,a,-0.9609375
a,-1.171875,a,-1.171875
g,-0.609375,g,-0.55859375
t,-2.1875,t,-2.234375
g,-0.671875,g,-0.64453125
c,-2.140625,c,-2.046875
t,-1.1484375,t,-1.15625
a,-2.03125,a,-2.03125
c,-2.1875,c,-2.078125
a,-0.953125,a,-0.97265625
t,-1.6171875,t,-1.59375
a,-1.4296875,a,-1.4140625
c,-1.6875,c,-1.7109375
t,-1.1640625,t,-1.2421875
t,-1.34375,t,-1.34375
t,-1.359375,t,-1.3046875
a,-1.5625,a,-1.5625
a,-1.1953125,a,-1.1484375
a,-0.953125,a,-0.96875
a,-1.0078125,a,-0.98828125
c,-1.7265625,c,-1.7578125
a,-0.90234375,a,-0.8828125
a,-1.109375,a,-1.1328125
c,-1.9921875,c,-2.0
c,-1.453125,c,-1.453125
a,-0.68359375,a,-0.68359375
g,-1.3515625,g,-1.4375
a,-0.875,a,-0.859375
t,-1.6484375,t,-1.6484375
c,-2.03125,c,-2.078125
t,-1.03125,t,-1.0859375
t,-1.234375,t,-1.25
g,-1.4765625,g,-1.5
t,-1.3828125,t,-1.34375
g,-1.421875,g,-1.40625
a,-1.140625,a,-1.1328125
g,-1.2734375,g,-1.2421875
a,-1.2109375,a,-1.171875
a,-1.2578125,a,-1.2265625
c,-1.78125,c,-1.84375
g,-2.8125,g,-2.8125
c,-1.7109375,c,-1.6640625
t,-1.0078125,t,-1.03125
t,-1.390625,t,-1.421875
a,-1.6015625,a,-1.5546875
t,-1.3203125,t,-1.3203125
c,-1.625,c,-1.640625
a,-1.0859375,a,-1.0703125
g,-1.4453125,g,-1.4140625
g,-1.5234375,g,-1.5703125
a,-1.0625,a,-0.98046875
a,-1.0234375,a,-1.0234375
a,-1.03125,a,-1.015625
c,-1.6640625,c,-1.6640625
a,-0.8046875,a,-0.83984375
g,-1.25,g,-1.203125
c,-1.78125,c,-1.8203125
a,-0.875,a,-0.859375
c,-1.8125,c,-1.8125
t,-1.0859375,t,-1.1328125
t,-1.4140625,t,-1.453125
g,-1.4453125,g,-1.4921875
g,-1.25,g,-1.1796875
g,-1.25,g,-1.2734375
g,-1.3203125,g,-1.3203125
a,-1.0,a,-0.984375
t,-1.515625,t,-1.515625
g,-1.1171875,g,-1.046875
g,-1.0546875,g,-1.015625
t,-1.5625,t,-1.5703125
g,-1.0078125,g,-1.0
c,-2.25,c,-2.21875
t,-0.8828125,t,-0.86328125
a,-1.9765625,a,-1.9609375
a,-1.3046875,a,-1.2890625
a,-1.1328125,a,-1.15625
t,-1.5078125,t,-1.5078125
c,-1.8125,c,-1.859375
a,-1.1171875,a,-1.1171875
t,-1.28125,t,-1.28125
t,-1.2578125,t,-1.2265625
a,-1.5546875,a,-1.53125
g,-1.53125,g,-1.6015625
a,-1.2109375,a,-1.1640625
a,-0.96484375,a,-1.0078125
a,-1.0546875,a,-1.0703125
t,-1.453125,t,-1.4609375
c,-1.7109375,c,-1.7109375
a,-0.94921875,a,-0.921875
c,-1.75,c,-1.8203125
c,-1.6484375,c,-1.6484375
c,-1.453125,c,-1.5234375
c,-1.5078125,c,-1.4609375
c,-1.6328125,c,-1.640625
a,-0.76171875,a,-0.76953125
t,-1.4921875,t,-1.4765625
g,-1.4296875,g,-1.4453125
a,-1.359375,a,-1.359375
t,-1.5546875,t,-1.5546875
c,-1.6640625,c,-1.6484375
c,-1.2890625,c,-1.2421875
a,-1.0859375,a,-1.0703125
g,-1.203125,g,-1.1796875
t,-1.5390625,t,-1.5625
c,-1.5625,c,-1.5625
g,-3.71875,g,-3.703125
c,-1.3984375,c,-1.3359375
c,-1.3671875,c,-1.40625
t,-0.9765625,t,-0.99609375
c,-1.515625,c,-1.5546875
c,-1.1796875,c,-1.203125
t,-1.0,t,-1.0390625
a,-1.8515625,a,-1.8671875
c,-1.6328125,c,-1.609375
c,-1.2109375,c,-1.2265625
a,-1.1875,a,-1.171875
t,-1.421875,t,-1.390625
g,-1.3203125,g,-1.34375
c,-1.4765625,c,-1.4921875
c,-1.0546875,c,-1.1171875
c,-1.2109375,c,-1.1640625
a,-1.0234375,a,-0.9921875
c,-1.5,c,-1.5078125
c,-1.0546875,c,-1.0546875
t,-1.1328125,t,-1.1953125
c,-1.0390625,c,-1.0390625
c,-1.015625,c,-1.03125
a,-1.234375,a,-1.2109375
a,-1.6015625,a,-1.6484375
c,-1.4453125,c,-1.421875
a,-1.2734375,a,-1.25
c,-1.1640625,c,-1.1640625
t,-1.2734375,t,-1.25
g,-0.9453125,g,-0.9453125
g,-1.40625,g,-1.40625
g,-1.0703125,g,-1.0703125
g,-1.2421875,g,-1.21875
a,-1.1328125,a,-1.109375
t,-1.484375,t,-1.484375
c,-1.5546875,c,-1.5
a,-1.15625,a,-1.1796875
c,-1.5703125,c,-1.5390625
a,-1.015625,a,-1.0625
a,-1.6953125,a,-1.6953125
t,-1.6015625,t,-1.59375
t,-1.2421875,t,-1.25
c,-1.5,c,-1.453125
a,-1.1796875,a,-1.1796875
g,-1.234375,g,-1.25
c,-1.53125,c,-1.6015625
a,-1.15625,a,-1.1328125
t,-1.4296875,t,-1.4296875
g,-1.328125,g,-1.359375
a,-1.4375,a,-1.4375
g,-1.28125,g,-1.2421875
a,-1.375,a,-1.46875
t,-1.4453125,t,-1.4453125
t,-1.375,t,-1.34375
t,-1.125,t,-1.125
g,-1.3125,g,-1.3359375
g,-1.109375,g,-1.1484375
g,-1.078125,g,-1.109375
t,-1.5,t,-1.515625
a,-1.640625,a,-1.640625
g,-1.1953125,g,-1.1484375
g,-1.1953125,g,-1.125
a,-1.3125,a,-1.2421875
a,-1.171875,a,-1.1640625
c,-1.890625,c,-1.8359375
a,-1.0703125,a,-1.0078125
c,-1.546875,c,-1.6484375
a,-0.91015625,a,-0.82421875
g,-0.84765625,g,-0.84765625
a,-1.2890625,a,-1.2578125
g,-1.0390625,g,-0.98828125
c,-1.4921875,c,-1.4921875
t,-1.1171875,t,-1.171875
g,-0.87890625,g,-0.90625
c,-1.6796875,c,-1.5625
a,-1.078125,a,-1.0546875
c,-1.625,c,-1.7109375
c,-1.359375,c,-1.3828125
a,-1.21875,a,-1.265625
c,-1.4296875,c,-1.40625
a,-1.0546875,a,-1.0546875
t,-1.734375,t,-1.71875
c,-1.546875,c,-1.609375
a,-1.3125,a,-1.2734375
g,-1.1796875,g,-1.1953125
a,-1.3125,a,-1.296875
g,-1.0390625,g,-1.0390625
g,-1.2734375,g,-1.2578125
a,-1.1328125,a,-1.1328125
t,-1.703125,t,-1.6953125
g,-0.99609375,g,-0.99609375
t,-1.4765625,t,-1.4296875
a,-1.6875,a,-1.6875
c,-1.75,c,-1.703125
a,-1.015625,a,-1.0
a,-1.5625,a,-1.546875
g,-1.0703125,g,-1.125
a,-1.375,a,-1.328125
t,-1.625,t,-1.578125
t,-1.5,t,-1.5234375
g,-1.2421875,g,-1.2734375
t,-1.453125,t,-1.4140625
g,-1.0546875,g,-1.0546875
g,-1.21875,g,-1.203125
t,-1.515625,t,-1.5234375
g,-1.1328125,g,-1.1015625
g,-0.89453125,g,-0.9140625
a,-1.5,a,-1.5
g,-0.93359375,g,-0.88671875
a,-1.1640625,a,-1.1484375
g,-1.0078125,g,-0.9765625
g,-1.125,g,-1.171875
a,-1.234375,a,-1.21875
g,-1.046875,g,-1.0625
t,-1.953125,t,-1.9765625
t,-1.359375,t,-1.3828125
t,-1.3203125,t,-1.3515625
a,-1.609375,a,-1.578125
g,-1.125,g,-1.1328125
a,-1.1875,a,-1.203125
g,-0.94921875,g,-0.94140625
a,-1.2265625,a,-1.203125
c,-1.78125,c,-1.7578125
c,-1.46875,c,-1.4921875
t,-1.0,t,-1.015625
g,-0.94140625,g,-0.9453125
c,-1.8515625,c,-1.8515625
a,-1.1796875,a,-1.140625
a,-1.7265625,a,-1.7109375
a,-1.140625,a,-1.125
t,-1.5546875,t,-1.484375
a,-1.5859375,a,-1.59375
t,-1.4296875,t,-1.3828125
a,-1.2890625,a,-1.2421875
g,-1.546875,g,-1.578125
g,-1.4609375,g,-1.375
g,-1.4921875,g,-1.53125
t,-1.5234375,t,-1.5078125
a,-1.390625,a,-1.4296875
a,-1.1640625,a,-1.2109375
t,-1.46875,t,-1.3515625
t,-1.2265625,t,-1.265625
g,-1.484375,g,-1.53125
a,-1.21875,a,-1.265625
a,-1.1015625,a,-1.1953125
g,-1.1953125,g,-1.21875
g,-1.09375,g,-1.171875
g,-1.234375,g,-1.265625
a,-1.03125,a,-1.0703125
t,-1.5703125,t,-1.5390625
c,-1.875,c,-1.890625
a,-1.0078125,a,-1.046875
t,-1.4296875,t,-1.4296875
c,-1.7890625,c,-1.7734375
t,-0.8984375,t,-0.9140625
a,-1.7578125,a,-1.7734375
c,-1.8203125,c,-1.8359375
a,-0.8515625,a,-0.86328125
t,-1.3828125,t,-1.3984375
g,-1.296875,g,-1.3125
g,-1.25,g,-1.2890625
a,-1.234375,a,-1.28125
t,-1.4609375,t,-1.46875
a,-1.203125,a,-1.203125
t,-1.2890625,t,-1.359375
t,-1.2578125,t,-1.234375
t,-0.97265625,t,-0.93359375
a,-1.28125,a,-1.3359375
a,-1.1953125,a,-1.1875
a,-0.91015625,a,-0.92578125
t,-1.328125,t,-1.3203125
c,-1.7890625,c,-1.765625
a,-1.0703125,a,-1.0703125
c,-1.6796875,c,-1.6640625
c,-1.578125,c,-1.578125
a,-1.0,a,-1.0234375
a,-1.265625,a,-1.2265625
a,-1.1015625,a,-1.0625
a,-1.0234375,a,-1.0625
a,-0.9921875,a,-0.96875
t,-1.375,t,-1.375
t,-1.296875,t,-1.3515625
a,-1.21875,a,-1.21875
t,-1.3203125,t,-1.3203125
g,-1.7890625,g,-1.8359375
a,-1.1796875,a,-1.203125
c,-1.8671875,c,-1.8671875
a,-0.8203125,a,-0.875
g,-1.46875,g,-1.5
g,-1.609375,g,-1.6171875
a,-0.984375,a,-1.046875
g,-1.328125,g,-1.3046875
t,-1.296875,t,-1.2890625
a,-1.28125,a,-1.3046875
g,-1.4140625,g,-1.4140625
t,-1.375,t,-1.328125
g,-1.2265625,g,-1.234375
t,-1.3828125,t,-1.3828125
t,-1.1015625,t,-1.0078125
g,-1.375,g,-1.3828125
g,-1.046875,g,-1.0546875
a,-1.1875,a,-1.2421875
g,-1.0625,g,-1.140625
a,-0.8515625,a,-0.8515625
g,-1.2578125,g,-1.2734375
a,-0.953125,a,-0.9453125
g,-1.0703125,g,-1.03125
a,-0.70703125,a,-0.69140625
a,-1.3515625,a,-1.390625
c,-2.265625,c,-2.28125
t,-1.28125,t,-1.3046875
g,-1.109375,g,-1.1015625
c,-1.9140625,c,-1.9609375
g,-3.03125,g,-3.0625
a,-1.5703125,a,-1.5625
t,-1.5703125,t,-1.6015625
g,-1.0234375,g,-0.96484375
t,-1.3515625,t,-1.3046875
a,-1.5546875,a,-1.484375
a,-1.5625,a,-1.53125
a,-1.1015625,a,-1.0234375
c,-1.703125,c,-1.6875
a,-0.80859375,a,-0.8046875
t,-1.390625,t,-1.4375
t,-1.3671875,t,-1.3203125
a,-1.5703125,a,-1.546875
a,-1.1953125,a,-1.1953125
g,-1.53125,g,-1.515625
g,-1.3828125,g,-1.359375
a,-1.015625,a,-1.0
a,-1.0390625,a,-1.0234375
t,-1.59375,t,-1.59375
g,-1.2578125,g,-1.2734375
a,-1.15625,a,-1.1484375
g,-1.3671875,g,-1.34375
g,-1.296875,g,-1.3203125
a,-1.0078125,a,-1.015625
a,-1.0,a,-1.0
g,-1.0546875,g,-1.0234375
a,-1.0546875,a,-1.0625
g,-1.1484375,g,-1.1171875
t,-1.90625,t,-1.8515625
g,-0.95703125,g,-0.91796875
a,-0.99609375,a,-1.0078125
c,-2.109375,c,-2.125
t,-1.1015625,t,-1.2265625
c,-1.90625,c,-1.9140625
g,-3.421875,g,-3.46875
g,-0.875,g,-0.9140625
t,-1.2265625,t,-1.2265625
a,-1.7265625,a,-1.7578125
g,-1.046875,g,-1.03125
g,-1.2109375,g,-1.1953125
c,-1.8125,c,-1.796875
t,-1.25,t,-1.1953125
g,-0.87890625,g,-0.94140625
t,-1.53125,t,-1.515625
a,-1.6484375,a,-1.703125
g,-1.0625,g,-1.0234375
g,-1.2265625,g,-1.2109375
t,-1.5078125,t,-1.453125
g,-0.86328125,g,-0.86328125
a,-1.359375,a,-1.359375
c,-1.5625,c,-1.5625
t,-1.171875,t,-1.171875
g,-0.96484375,g,-1.0546875
c,-1.6484375,c,-1.6953125
a,-0.953125,a,-0.9453125
a,-1.4765625,a,-1.453125
t,-1.5390625,t,-1.578125
a,-1.46875,a,-1.4453125
g,-1.2734375,g,-1.265625
g,-1.3515625,g,-1.3828125
a,-1.109375,a,-1.1953125
a,-1.0234375,a,-1.0
a,-1.15625,a,-1.15625
c,-1.75,c,-1.6796875
g,-2.828125,g,-2.765625
a,-1.15625,a,-1.1796875
t,-1.6484375,t,-1.6484375
a,-1.4296875,a,-1.4296875
a,-1.1015625,a,-1.1015625
t,-1.5234375,t,-1.5078125
a,-1.21875,a,-1.265625
g,-1.3984375,g,-1.4609375
a,-1.09375,a,-1.0546875
c,-1.8984375,c,-1.859375
t,-1.2890625,t,-1.2265625
g,-1.3515625,g,-1.3671875
t,-1.4765625,t,-1.4296875
g,-1.1171875,g,-1.0703125
a,-1.1640625,a,-1.1171875
g,-1.1484375,g,-1.1484375
t,-1.546875,t,-1.546875
c,-1.6328125,c,-1.6328125
t,-1.1015625,t,-1.078125
g,-0.94140625,g,-0.94140625
g,-1.3125,g,-1.25
t,-1.734375,t,-1.765625
g,-1.015625,g,-0.99609375
a,-1.3125,a,-1.3203125
c,-1.8203125,c,-1.8203125
a,-0.87890625,a,-0.8984375
a,-1.484375,a,-1.5625
g,-1.1796875,g,-1.140625
a,-1.1640625,a,-1.171875
t,-1.609375,t,-1.578125
t,-1.4609375,t,-1.4375
t,-1.1875,t,-1.1953125
t,-1.2109375,t,-1.2421875
c,-1.5859375,c,-1.609375
c,-1.546875,c,-1.5
t,-0.9765625,t,-0.953125
t,-1.21875,t,-1.21875
c,-1.5859375,c,-1.5390625
t,-0.859375,t,-0.859375
t,-1.140625,t,-1.1640625
t,-0.97265625,t,-0.98828125
c,-1.4765625,c,-1.484375
t,-0.83203125,t,-0.77734375
t,-0.953125,t,-0.93359375
t,-0.75390625,t,-0.765625
t,-0.84765625,t,-0.84765625
t,-0.765625,t,-0.7109375
t,-0.65234375,t,-0.66796875
t,-0.5,t,-0.48046875
c,-2.03125,c,-2.046875
c,-1.7890625,c,-1.796875
c,-1.734375,c,-1.859375
c,-1.65625,c,-1.6875
c,-1.421875,c,-1.4453125
c,-1.3828125,c,-1.3359375
c,-1.390625,c,-1.390625
c,-1.21875,c,-1.203125
c,-1.1171875,c,-1.09375
c,-0.9375,c,-0.90234375
g,-3.078125,g,-3.09375
a,-1.5234375,a,-1.546875
g,-1.2578125,g,-1.21875
a,-1.21875,a,-1.2421875
c,-1.25,c,-1.25
a,-1.203125,a,-1.1015625
g,-1.109375,g,-1.1640625
g,-1.3828125,g,-1.4609375
g,-1.1328125,g,-1.0546875
c,-1.4453125,c,-1.4609375
c,-0.98046875,c,-0.9921875
t,-0.76171875,t,-0.69921875
c,-1.1328125,c,-1.09375
t,-1.03125,t,-1.078125
t,-1.375,t,-1.3671875
t,-1.0703125,t,-1.078125
t,-1.1171875,t,-1.078125
t,-0.828125,t,-0.79296875
g,-1.5703125,g,-1.4609375
t,-0.88671875,t,-0.8828125
t,-0.77734375,t,-0.80078125
g,-1.8046875,g,-1.7734375
c,-1.4453125,c,-1.4375
c,-1.3203125,c,-1.296875
c,-0.94921875,c,-1.0234375
a,-0.26171875,a,-0.26953125
g,-0.22558594,g,-0.25390625
g,-0.24023438,g,-0.23339844
t,-2.0,t,-1.953125
g,-2.515625,g,-2.421875
g,-0.98046875,g,-0.9453125
g,-0.35546875,g,-0.32421875
a,-1.0703125,a,-1.0390625
g,-0.57421875,g,-0.640625
t,-1.15625,t,-1.1640625
g,-0.61328125,g,-0.609375
c,-0.5546875,c,-0.5546875
a,-0.41015625,a,-0.375
g,-0.24511719,g,-0.24511719
t,-0.45507812,t,-0.41796875
g,-0.19726562,g,-0.18457031
g,-0.24414062,g,-0.22167969
c,-0.25976562,c,-0.25390625
g,-0.83984375,g,-0.9140625
c,-0.41210938,c,-0.45703125
g,-0.78125,g,-0.78125
a,-0.08691406,a,-0.075683594
t,-0.0154418945,t,-0.017333984
c,-0.020629883,c,-0.024169922
a,-2.0625,a,-2.0625
c,-0.6328125,c,-0.60546875
g,-1.3125,g,-1.3984375
g,-0.15820312,g,-0.14550781
c,-0.26757812,c,-0.24804688
t,-0.08496094,t,-0.07714844
c,-0.04248047,c,-0.041503906
a,-0.05810547,a,-0.06225586
c,-0.025268555,c,-0.02722168
t,-0.15820312,t,-0.15039062
a,-3.84375,a,-3.65625
c,-0.12695312,c,-0.12011719
a,-0.049316406,a,-0.043701172
a,-0.44140625,a,-0.40039062
c,-0.27539062,c,-0.29882812
c,-0.13183594,c,-0.11425781
t,-0.029907227,t,-0.025390625
c,-0.096191406,c,-0.107910156
c,-0.53515625,c,-0.55859375
t,-3.421875,t,-3.34375
c,-0.38867188,c,-0.3671875
c,-0.20898438,c,-0.19921875
c,-2.71875,c,-2.71875
a,-1.984375,a,-1.953125
a,-1.8515625,a,-1.8515625
g,-0.75,g,-0.734375
c,-1.703125,c,-1.8359375
t,-2.703125,t,-2.734375
c,-0.96875,c,-0.94921875
a,-0.47265625,a,-0.48828125
a,-1.109375,a,-0.953125
g,-0.107910156,g,-0.11425781
g,-3.328125,g,-3.171875
g,-0.46679688,g,-0.44726562
a,-0.075683594,a,-0.078125
t,-0.19433594,t,-0.19824219
t,-1.3203125,t,-1.4140625
c,-0.09814453,c,-0.0859375
t,-0.42773438,t,-0.42773438
c,-0.32421875,c,-0.31054688
c,-0.45703125,c,-0.4765625
c,-2.359375,c,-2.46875
a,-0.96484375,a,-1.0234375
c,-0.1875,c,-0.17480469
t,-2.4375,t,-2.4375
t,-0.18847656,t,-0.18554688
c,-0.25585938,c,-0.25390625
a,-0.25390625,a,-0.26953125
g,-0.06933594,g,-0.06542969
c,-0.265625,c,-0.30078125
c,-0.061523438,c,-0.061767578
t,-0.0146484375,t,-0.012817383
c,-0.044677734,c,-0.052246094
t,-1.9375,t,-1.78125
c,-0.5703125,c,-0.546875
a,-0.49804688,a,-0.55078125
a,-0.20214844,a,-0.19042969
g,-0.75,g,-0.81640625
t,-0.43164062,t,-0.43164062
a,-0.265625,a,-0.265625
g,-0.20117188,g,-0.19824219
c,-0.099609375,c,-0.09375
t,-0.1328125,t,-0.15136719
g,-0.09326172,g,-0.10253906
g,-0.20117188,g,-0.18945312
a,-2.90625,a,-2.90625
a,-0.15429688,a,-0.125
c,-0.8984375,c,-0.93359375
t,-0.30273438,t,-0.29492188
a,-0.25390625,a,-0.2734375
c,-0.1875,c,-0.18652344
a,-0.10888672,a,-0.11669922
g,-0.203125,g,-0.18164062
g,-0.2109375,g,-0.23828125
t,-1.0546875,t,-1.0859375
g,-0.13183594,g,-0.12451172
c,-0.47265625,c,-0.515625
t,-2.265625,t,-2.265625
g,-2.359375,g,-2.40625
a,-2.140625,a,-2.203125
c,-0.359375,c,-0.36523438
c,-0.37109375,c,-0.4140625
a,-0.125,a,-0.12402344
c,-0.23339844,c,-0.23046875
c,-0.72265625,c,-0.6484375
a,-1.03125,a,-0.94140625
t,-0.78125,t,-0.75390625
g,-0.15625,g,-0.15722656
c,-0.26953125,c,-0.25
c,-0.17871094,c,-0.14355469
t,-0.640625,t,-0.61328125
g,-0.16894531,g,-0.21875
g,-0.07128906,g,-0.07714844
c,-0.18261719,c,-0.1796875
t,-0.41992188,t,-0.46484375
a,-0.54296875,a,-0.53515625
c,-4.5,c,-4.5
t,-0.96484375,t,-0.88671875
t,-0.42773438,t,-0.45703125
t,-0.54296875,t,-0.48242188
t,-0.40429688,t,-0.4140625
t,-0.45898438,t,-0.50390625
g,-1.4375,g,-1.4609375
t,-0.328125,t,-0.34375
c,-3.90625,c,-3.8125
a,-1.5625,a,-1.609375
g,-2.8125,g,-2.9375
g,-2.03125,g,-2.046875
a,-1.15625,a,-1.21875
t,-1.0078125,t,-1.0390625
t,-0.83203125,t,-0.84765625
t,-1.0859375,t,-1.0859375
t,-1.078125,t,-1.0625
c,-1.3828125,c,-1.421875
a,-1.25,a,-1.1875
a,-1.59375,a,-1.5703125
g,-1.4140625,g,-1.3984375
g,-2.609375,g,-2.46875
c,-1.1796875,c,-1.109375
t,-0.91015625,t,-0.89453125
g,-0.84765625,g,-0.86328125
g,-0.59375,g,-0.59765625
g,-0.9609375,g,-0.91015625
a,-1.6640625,a,-1.578125
a,-3.0,a,-3.171875
t,-1.0234375,t,-1.0859375
t,-0.95703125,t,-0.95703125
t,-1.75,t,-1.8046875
t,-1.0703125,t,-1.1328125
g,-1.4921875,g,-1.515625
a,-1.5,a,-1.5703125
g,-0.77734375,g,-0.76953125
a,-1.2421875,a,-1.3203125
g,-1.6015625,g,-1.7109375
g,-0.69140625,g,-0.71875
g,-1.828125,g,-1.8359375
g,-2.203125,g,-2.15625
a,-1.0859375,a,-1.109375
a,-0.91015625,a,-0.953125
t,-1.6796875,t,-1.703125
g,-2.140625,g,-2.1875
g,-1.078125,g,-1.0546875
a,-1.4140625,a,-1.375
g,-0.48046875,g,-0.45898438
g,-2.140625,g,-2.0625
a,-1.8203125,a,-1.6796875
g,-0.94140625,g,-0.9140625
a,-1.4140625,a,-1.4140625
a,-1.5078125,a,-1.5625
t,-2.03125,t,-2.046875
a,-2.140625,a,-2.15625
a,-1.265625,a,-1.1796875
t,-1.609375,t,-1.5859375
c,-2.0,c,-2.03125
t,-0.8828125,t,-0.87890625
g,-1.1171875,g,-1.1484375
a,-1.109375,a,-1.140625
a,-1.1015625,a,-1.140625
a,-1.1328125,a,-1.1953125
g,-1.4453125,g,-1.4140625
t,-1.40625,t,-1.40625
g,-1.3984375,g,-1.3359375
c,-1.65625,c,-1.6171875
a,-1.25,a,-1.3125
a,-1.4140625,a,-1.390625
g,-1.046875,g,-1.0390625
t,-1.5859375,t,-1.5859375
a,-1.609375,a,-1.6328125
a,-1.28125,a,-1.28125
g,-1.390625,g,-1.390625
g,-1.3515625,g,-1.3828125
a,-1.140625,a,-1.1640625
g,-1.2421875,g,-1.2109375
c,-1.703125,c,-1.7734375
a,-1.046875,a,-1.0625
g,-1.0078125,g,-1.0078125
g,-1.2109375,g,-1.2265625
g,-1.0859375,g,-1.0859375
a,-1.078125,a,-1.109375
a,-1.234375,a,-1.234375
g,-1.125,g,-1.125
a,-1.2109375,a,-1.2109375
t,-1.7734375,t,-1.8203125
t,-1.5859375,t,-1.6015625
t,-1.3125,t,-1.28125
c,-1.4609375,c,-1.4453125
t,-0.953125,t,-0.9375
t,-1.34375,t,-1.3125
t,-1.0390625,t,-1.0390625
t,-1.0703125,t,-1.0703125
t,-0.9140625,t,-0.890625
t,-0.80078125,t,-0.8125
c,-1.796875,c,-1.6953125
t,-0.625,t,-0.62890625
t,-0.703125,t,-0.7265625
t,-0.60546875,t,-0.57421875
t,-0.5625,t,-0.59765625
t,-0.53125,t,-0.5390625
t,-0.5546875,t,-0.56640625
t,-0.35351562,t,-0.40625
t,-0.30664062,t,-0.30664062
t,-0.20996094,t,-0.21289062
t,-0.15429688,t,-0.16601562
t,-0.15039062,t,-0.14355469
t,-0.13574219,t,-0.13476562
t,-0.1328125,t,-0.123535156
t,-0.13378906,t,-0.13085938
t,-0.1484375,t,-0.14160156
t,-0.15429688,t,-0.17578125
t,-0.16894531,t,-0.1875
t,-0.20996094,t,-0.20117188
g,-2.15625,g,-2.140625
a,-0.34375,a,-0.3671875
g,-0.15429688,g,-0.140625
t,-4.03125,t,-4.03125
c,-0.97265625,c,-0.8671875
g,-1.25,g,-1.2734375
g,-0.8359375,g,-0.80859375
a,-1.125,a,-1.2109375
g,-0.27539062,g,-0.265625
t,-0.123046875,t,-0.12597656
c,-1.1796875,c,-1.25
t,-0.33007812,t,-0.34375
g,-2.640625,g,-2.640625
g,-0.40625,g,-0.40429688
c,-0.4140625,c,-0.36132812
t,-0.091796875,t,-0.087890625
c,-0.890625,c,-0.90625
a,-2.9375,a,-3.109375
g,-0.69140625,g,-0.69140625
t,-0.66015625,t,-0.5859375
c,-0.4921875,c,-0.4921875
g,-2.3125,g,-2.28125
c,-0.66796875,c,-0.65234375
c,-0.99609375,c,-0.9765625
c,-0.74609375,c,-0.68359375
a,-0.100097656,a,-0.10644531
g,-0.1875,g,-0.20800781
g,-0.09033203,g,-0.0859375
c,-0.13769531,c,-0.1328125
t,-0.10498047,t,-0.107910156
g,-0.12402344,g,-0.12402344
g,-0.041015625,g,-0.04248047
a,-0.18359375,a,-0.18847656
g,-0.11328125,g,-0.12988281
t,-0.033447266,t,-0.03564453
g,-0.07128906,g,-0.07470703
c,-0.060302734,c,-0.059814453
a,-0.022827148,a,-0.024169922
g,-0.23730469,g,-0.22265625
t,-0.014343262,t,-0.014587402
g,-0.023803711,g,-0.022705078
g,-0.038085938,g,-0.036865234
c,-0.37890625,c,-0.359375
g,-0.59375,g,-0.6484375
a,-4.21875,a,-4.3125
g,-0.13574219,g,-0.123046875
a,-0.03491211,a,-0.036376953
t,-0.02331543,t,-0.021972656
c,-0.122558594,c,-0.12988281
t,-0.41601562,t,-0.43359375
c,-0.34570312,c,-0.36132812
c,-3.21875,c,-3.25
g,-1.15625,g,-1.15625
c,-0.13671875,c,-0.15429688
t,-0.96484375,t,-0.8984375
c,-0.65234375,c,-0.70703125
a,-0.5625,a,-0.5390625
c,-0.36914062,c,-0.35351562
t,-0.54296875,t,-0.5703125
g,-0.052001953,g,-0.061279297
c,-0.12451172,c,-0.12890625
a,-0.053466797,a,-0.052490234
a,-0.19921875,a,-0.1796875
g,-1.8046875,g,-1.7578125
c,-0.068847656,c,-0.061523438
t,-0.032226562,t,-0.03125
c,-0.061035156,c,-0.055664062
c,-0.40429688,c,-0.36914062
g,-0.44921875,g,-0.44921875
c,-0.12988281,c,-0.12695312
c,-0.056152344,c,-0.059570312
t,-0.06542969,t,-0.05834961
c,-0.068847656,c,-0.057617188
c,-0.043701172,c,-0.04272461
c,-0.28515625,c,-0.26953125
g,-0.55859375,g,-0.53125
t,-7.15625,t,-7.21875
g,-0.06689453,g,-0.07324219
t,-0.20507812,t,-0.2578125
t,-0.5625,t,-0.5390625
c,-0.90625,c,-1.03125
a,-0.09765625,a,-0.10205078
c,-1.828125,c,-1.71875
g,-2.359375,g,-2.359375
c,-0.21484375,c,-0.21582031
c,-0.79296875,c,-0.8125
a,-0.0390625,a,-0.041259766
t,-0.76171875,t,-0.765625
t,-0.21386719,t,-0.25195312
c,-0.041503906,c,-0.045410156
t,-0.06298828,t,-0.057373047
c,-0.13867188,c,-0.1484375
c,-0.07421875,c,-0.07470703
t,-0.13183594,t,-0.12890625
c,-3.625,c,-3.75
c,-0.23535156,c,-0.25
t,-0.99609375,t,-0.9921875
t,-0.9296875,t,-0.9453125
c,-0.10839844,c,-0.10986328
a,-2.234375,a,-2.34375
g,-0.3515625,g,-0.32617188
c,-0.27929688,c,-0.29492188
c,-0.1484375,c,-0.14746094
t,-0.067871094,t,-0.063964844
c,-0.049316406,c,-0.056396484
c,-0.29101562,c,-0.29101562
c,-0.51953125,c,-0.51953125
g,-1.6328125,g,-1.578125
a,-0.045166016,a,-0.048095703
g,-0.088378906,g,-0.088378906
t,-0.044677734,t,-0.04248047
a,-0.030151367,a,-0.034179688
g,-0.023803711,g,-0.020629883
c,-0.083984375,c,-0.08154297
t,-0.01159668,t,-0.010864258
g,-0.051757812,g,-0.055908203
g,-0.06542969,g,-0.061035156
g,-0.061279297,g,-0.057617188
a,-0.029541016,a,-0.032226562
c,-0.98828125,c,-0.94921875
t,-0.056884766,t,-0.052734375
a,-0.0390625,a,-0.03540039
c,-0.1015625,c,-0.09667969
a,-0.018676758,a,-0.019897461
g,-0.052734375,g,-0.044433594
g,-0.08935547,g,-0.088378906
c,-0.3984375,c,-0.3984375
g,-0.57421875,g,-0.6015625
c,-0.58984375,c,-0.5625
c,-0.59375,c,-0.66015625
c,-0.63671875,c,-0.66796875
g,-0.58984375,g,-0.5625
c,-0.04345703,c,-0.04321289
c,-0.011108398,c,-0.012756348
a,-0.049072266,a,-0.05029297
c,-0.075683594,c,-0.080078125
c,-0.049316406,c,-0.046875
a,-0.12158203,a,-0.1328125
c,-0.3671875,c,-0.33203125
g,-0.41210938,g,-0.4140625
c,-0.04296875,c,-0.053955078
c,-0.048583984,c,-0.05102539
c,-0.24121094,c,-0.25390625
a,-0.77734375,a,-0.77734375
g,-0.030883789,g,-0.030761719
c,-0.017578125,c,-0.017700195
t,-0.072753906,t,-0.072265625
a,-0.11669922,a,-0.103027344
a,-0.014465332,a,-0.014038086
t,-0.043701172,t,-0.04272461
t,-0.018798828,t,-0.019042969
g,-5.28125,g,-5.28125
t,-0.049072266,t,-0.049072266
t,-0.39453125,t,-0.39453125
t,-0.84765625,t,-0.91796875
t,-0.56640625,t,-0.5859375
t,-0.6015625,t,-0.62890625
t,-0.5078125,t,-0.55859375
t,-0.18261719,t,-0.18359375
g,-2.765625,g,-2.828125
t,-0.26953125,t,-0.29492188
a,-0.609375,a,-0.58203125
t,-0.484375,t,-0.51171875
t,-0.100097656,t,-0.109375
t,-0.05859375,t,-0.064453125
t,-0.05810547,t,-0.06347656
t,-0.111816406,t,-0.12792969
a,-0.24609375,a,-0.28515625
g,-0.15527344,g,-0.17089844
t,-0.04272461,t,-0.0390625
a,-0.072265625,a,-0.06640625
g,-0.068359375,g,-0.063964844
a,-0.028564453,a,-0.03112793
g,-0.030029297,g,-0.029907227
a,-0.041259766,a,-0.042236328
c,-0.3984375,c,-0.41992188
g,-0.4453125,g,-0.4921875
g,-0.0859375,g,-0.09082031
g,-0.100097656,g,-0.09375
g,-0.064941406,g,-0.0625
t,-0.012878418,t,-0.012390137
t,-0.05419922,t,-0.057128906
t,-0.012329102,t,-0.012390137
c,-0.13085938,c,-0.12402344
a,-0.19726562,a,-0.18164062
c,-0.05834961,c,-0.056152344
c,-0.13671875,c,-0.14355469
g,-1.625,g,-1.5703125
t,-0.013916016,t,-0.016845703
g,-0.045898438,g,-0.04711914
t,-0.012878418,t,-0.013061523
t,-0.061767578,t,-0.06982422
a,-0.703125,a,-0.640625
g,-0.06933594,g,-0.06542969
c,-0.0703125,c,-0.07470703
c,-0.020751953,c,-0.021850586
a,-0.014770508,a,-0.016601562
g,-0.036376953,g,-0.033203125
g,-0.03149414,g,-0.033691406
a,-0.13671875,a,-0.123535156
t,-0.012329102,t,-0.012939453
g,-0.064941406,g,-0.06982422
g,-0.057617188,g,-0.059814453
t,-0.061767578,t,-0.061035156
c,-0.0703125,c,-0.068847656
t,-0.013549805,t,-0.015563965
c,-0.32617188,c,-0.29296875
a,-2.046875,a,-1.9921875
a,-0.038085938,a,-0.03857422
t,-0.13378906,t,-0.14453125
c,-0.084472656,c,-0.078125
t,-0.07910156,t,-0.06347656
c,-0.061035156,c,-0.0625
c,-0.38476562,c,-0.44921875
t,-0.032958984,t,-0.02746582
g,-0.059326172,g,-0.06933594
a,-0.09326172,a,-0.0859375
c,-0.09082031,c,-0.08203125
t,-2.46875,t,-2.359375
t,-0.0546875,t,-0.052001953
t,-1.359375,t,-1.265625
g,-0.023803711,g,-0.023803711
t,-0.053466797,t,-0.064941406
g,-0.5234375,g,-0.51171875
a,-0.12792969,a,-0.15039062
t,-0.04272461,t,-0.03564453
c,-0.234375,c,-0.23339844
c,-1.1875,c,-1.1015625
g,-1.34375,g,-1.3359375
c,-0.07470703,c,-0.068847656
c,-0.080078125,c,-0.06982422
c,-0.42382812,c,-0.4140625
a,-0.90625,a,-0.90625
c,-0.056396484,c,-0.05883789
c,-0.06201172,c,-0.06225586
c,-4.5625,c,-4.4375
c,-0.94921875,c,-1.0234375
g,-1.1953125,g,-1.328125
g,-0.359375,g,-0.359375
c,-0.076660156,c,-0.083984375
c,-0.4375,c,-0.421875
t,-0.19726562,t,-0.17871094
c,-0.28710938,c,-0.27929688
c,-0.30664062,c,-0.3125
c,-0.296875,c,-0.29882812
a,-0.29101562,a,-0.28515625
a,-0.27929688,a,-0.26953125
a,-0.19921875,a,-0.18847656
g,-0.13671875,g,-0.13378906
c,-4.03125,c,-3.96875
g,-0.515625,g,-0.5
c,-0.07080078,c,-0.072753906
t,-0.071777344,t,-0.068359375
t,-3.859375,t,-3.859375
g,-0.49609375,g,-0.50390625
g,-0.48242188,g,-0.484375
g,-1.6171875,g,-1.609375
a,-1.4375,a,-1.5078125
t,-1.296875,t,-1.28125
t,-1.015625,t,-1.0703125
a,-0.984375,a,-1.015625
c,-0.6953125,c,-0.6953125
a,-0.15429688,a,-0.140625
g,-0.15039062,g,-0.14453125
g,-0.09716797,g,-0.10253906
c,-0.22558594,c,-0.23828125
g,-1.1171875,g,-0.96484375
t,-0.052001953,t,-0.05883789
g,-0.043701172,g,-0.041503906
a,-0.061767578,a,-0.05859375
g,-0.088378906,g,-0.08300781
c,-0.06542969,c,-0.05883789
c,-0.051757812,c,-0.055419922
a,-0.026000977,a,-0.026000977
c,-0.02331543,c,-0.026611328
c,-0.46679688,c,-0.5390625
g,-0.6171875,g,-0.59765625
c,-0.34570312,c,-0.36523438
g,-0.34570312,g,-0.3671875
c,-0.08203125,c,-0.07714844
c,-0.040527344,c,-0.04321289
a,-3.71875,a,-3.640625
g,-0.140625,g,-0.13085938
c,-2.28125,c,-2.28125
c,-0.26367188,c,-0.26367188
a,-2.25,a,-2.15625
g,-1.5703125,g,-1.484375
a,-1.8125,a,-1.8984375
g,-0.859375,g,-0.7890625
c,-0.94140625,c,-0.94140625
a,-1.5390625,a,-1.5390625
g,-1.3203125,g,-1.328125
g,-1.703125,g,-1.7109375
g,-1.1640625,g,-1.2109375
a,-1.296875,a,-1.328125
a,-1.5859375,a,-1.6015625
g,-0.9375,g,-0.94140625
a,-1.5703125,a,-1.5625
t,-1.9296875,t,-1.890625
t,-1.703125,t,-1.625
t,-1.390625,t,-1.390625
c,-1.171875,c,-1.125
t,-0.97265625,t,-0.9609375
t,-1.2265625,t,-1.25
c,-1.3671875,c,-1.3671875
c,-1.375,c,-1.3203125
c,-1.3515625,c,-1.3046875
c,-1.4765625,c,-1.4765625
a,-1.1328125,a,-1.1328125
c,-1.4296875,c,-1.3828125
a,-1.3046875,a,-1.28125
t,-1.59375,t,-1.59375
c,-1.3125,c,-1.2890625
t,-1.09375,t,-1.140625
c,-1.1640625,c,-1.15625
c,-0.98828125,c,-0.98828125
a,-1.15625,a,-1.15625
g,-1.171875,g,-1.171875
t,-1.59375,t,-1.625
a,-1.9140625,a,-1.9375
g,-1.1953125,g,-1.25
g,-1.578125,g,-1.609375
t,-1.546875,t,-1.515625
a,-1.640625,a,-1.65625
c,-1.4296875,c,-1.4453125
a,-1.3203125,a,-1.34375
g,-1.0546875,g,-1.078125
t,-1.390625,t,-1.3125
g,-1.09375,g,-1.125
a,-1.390625,a,-1.4140625
t,-1.484375,t,-1.5
a,-1.6953125,a,-1.6953125
t,-1.234375,t,-1.296875
g,-1.390625,g,-1.40625
a,-1.4375,a,-1.421875
a,-1.328125,a,-1.34375
g,-1.328125,g,-1.328125
t,-1.359375,t,-1.34375
g,-1.2421875,g,-1.2265625
t,-1.359375,t,-1.390625
g,-1.2578125,g,-1.25
t,-1.2265625,t,-1.265625
g,-1.03125,g,-1.046875
g,-1.375,g,-1.3359375
a,-1.46875,a,-1.484375
g,-1.03125,g,-1.0390625
g,-1.140625,g,-1.0703125
a,-1.328125,a,-1.34375
g,-0.94140625,g,-0.890625
a,-1.3671875,a,-1.3203125
a,-1.359375,a,-1.390625
a,-1.203125,a,-1.234375
a,-1.3671875,a,-1.34375
g,-1.0078125,g,-1.03125
a,-1.15625,a,-1.1953125
g,-1.09375,g,-1.0703125
g,-1.1640625,g,-1.1953125
a,-0.98046875,a,-1.0
a,-1.0546875,a,-1.0546875
a,-1.203125,a,-1.2421875
c,-1.8828125,c,-1.796875
a,-0.8984375,a,-0.859375
t,-1.6640625,t,-1.6875
c,-1.609375,c,-1.6015625
t,-1.03125,t,-1.0546875
a,-1.796875,a,-1.75
t,-1.3984375,t,-1.4453125
c,-1.6484375,c,-1.6484375
a,-1.21875,a,-1.171875
t,-1.3671875,t,-1.3984375
t,-1.1484375,t,-1.1484375
t,-0.99609375,t,-0.984375
g,-1.53125,g,-1.6171875
a,-1.3125,a,-1.34375
g,-1.2578125,g,-1.2421875
a,-1.1328125,a,-1.09375
t,-1.4453125,t,-1.4765625
g,-1.3984375,g,-1.3359375
g,-1.2421875,g,-1.171875
c,-1.6015625,c,-1.6015625
t,-0.9296875,t,-0.93359375
g,-1.109375,g,-1.1015625
c,-1.5078125,c,-1.546875
g,-2.875,g,-2.875
a,-1.703125,a,-1.6171875
a,-1.390625,a,-1.2890625
a,-1.390625,a,-1.375
g,-1.1328125,g,-1.1171875
g,-1.2265625,g,-1.1875
a,-1.1953125,a,-1.2265625
a,-1.125,a,-1.1328125
a,-1.109375,a,-1.125
a,-1.125,a,-1.0625
g,-1.265625,g,-1.3125
g,-1.2734375,g,-1.234375
c,-1.8515625,c,-1.8125
a,-0.828125,a,-0.80078125
t,-1.6328125,t,-1.6796875
c,-1.609375,c,-1.546875
c,-1.484375,c,-1.5
t,-1.1328125,t,-1.15625
c,-1.546875,c,-1.4375
a,-1.046875,a,-1.03125
g,-1.0,g,-1.0546875
g,-1.4296875,g,-1.4140625
g,-1.2109375,g,-1.234375
a,-1.1875,a,-1.1875
g,-1.296875,g,-1.3125
c,-1.640625,c,-1.59375
t,-1.140625,t,-1.09375
a,-1.8515625,a,-1.75
g,-0.96484375,g,-1.0234375
a,-1.234375,a,-1.2578125
t,-1.71875,t,-1.71875
t,-1.390625,t,-1.375
t,-1.0859375,t,-1.0390625
t,-1.171875,t,-1.2265625
a,-1.578125,a,-1.609375
c,-1.875,c,-1.8828125
t,-0.93359375,t,-0.99609375
t,-1.15625,t,-1.1953125
a,-1.765625,a,-1.734375
g,-1.3203125,g,-1.3359375
a,-1.171875,a,-1.21875
g,-1.2421875,g,-1.265625
c,-1.8671875,c,-1.8828125
a,-1.046875,a,-1.109375
a,-1.46875,a,-1.4453125
g,-1.2890625,g,-1.2734375
a,-1.125,a,-1.125
a,-1.1953125,a,-1.1953125
a,-1.078125,a,-1.0390625
t,-1.5,t,-1.5
g,-1.1953125,g,-1.1484375
a,-1.203125,a,-1.1875
a,-1.0234375,a,-1.0078125
g,-1.2890625,g,-1.2734375
g,-1.296875,g,-1.3203125
g,-1.453125,g,-1.4140625
a,-0.98828125,a,-1.0
t,-1.6953125,t,-1.671875
g,-1.046875,g,-1.0546875
a,-1.265625,a,-1.2890625
t,-1.71875,t,-1.7109375
t,-1.34375,t,-1.3515625
c,-1.7734375,c,-1.8203125
a,-1.109375,a,-1.125
g,-0.953125,g,-0.94921875
a,-1.0625,a,-1.03125
g,-1.0625,g,-1.0703125
g,-1.3125,g,-1.3125
t,-1.390625,t,-1.4296875
t,-1.2578125,t,-1.2578125
a,-1.515625,a,-1.53125
a,-1.296875,a,-1.296875
a,-1.03125,a,-1.015625
a,-1.0546875,a,-1.0859375
g,-1.2265625,g,-1.2734375
a,-1.140625,a,-1.1171875
g,-1.2578125,g,-1.359375
t,-1.6875,t,-1.7421875
g,-1.0859375,g,-1.125
g,-1.234375,g,-1.2265625
a,-1.1875,a,-1.15625
t,-1.515625,t,-1.5625
t,-1.5,t,-1.5234375
t,-1.0625,t,-1.0546875
t,-1.359375,t,-1.3359375
a,-1.53125,a,-1.484375
t,-1.578125,t,-1.5546875
g,-1.4453125,g,-1.375
a,-1.1875,a,-1.203125
a,-1.09375,a,-1.125
t,-1.40625,t,-1.375
t,-1.25,t,-1.1953125
a,-1.4609375,a,-1.4609375
c,-1.765625,c,-1.78125
t,-1.078125,t,-1.0703125
c,-1.859375,c,-1.9453125
a,-0.94921875,a,-1.015625
a,-1.296875,a,-1.3125
g,-1.3203125,g,-1.3671875
g,-1.3828125,g,-1.359375
g,-1.4296875,g,-1.4453125
a,-1.03125,a,-1.03125
g,-1.3359375,g,-1.34375
c,-1.890625,c,-1.90625
a,-0.90625,a,-0.828125
c,-1.9765625,c,-2.015625
a,-0.8046875,a,-0.875
g,-1.0078125,g,-1.046875
t,-1.390625,t,-1.390625
g,-1.0703125,g,-1.046875
g,-1.015625,g,-1.0625
a,-1.421875,a,-1.421875
a,-1.15625,a,-1.109375
g,-1.15625,g,-1.1796875
t,-1.6328125,t,-1.6484375
t,-1.359375,t,-1.359375
t,-1.3359375,t,-1.3828125
c,-1.6015625,c,-1.5703125
a,-1.0390625,a,-1.0234375
g,-0.9921875,g,-1.046875
g,-1.2265625,g,-1.1875
a,-1.1875,a,-1.1640625
a,-1.15625,a,-1.1484375
g,-1.125,g,-1.09375
t,-1.5859375,t,-1.546875
g,-1.21875,g,-1.1953125
g,-1.1796875,g,-1.2109375
t,-1.5546875,t,-1.5625
a,-1.5078125,a,-1.515625
g,-1.046875,g,-1.0546875
g,-1.046875,g,-1.0546875
a,-1.078125,a,-1.015625
g,-1.078125,g,-1.0859375
a,-1.2421875,a,-1.25
a,-1.1796875,a,-1.1015625
g,-1.0234375,g,-1.078125
g,-1.0,g,-1.0625
t,-1.8671875,t,-1.875
a,-1.359375,a,-1.3671875
g,-1.03125,g,-1.0234375
a,-1.0,a,-1.0234375
a,-1.015625,a,-0.95703125
g,-0.98046875,g,-0.9765625
a,-1.1484375,a,-1.1484375
t,-1.84375,t,-1.8671875
g,-0.859375,g,-0.83984375
g,-1.03125,g,-1.03125
c,-1.890625,c,-1.8984375
a,-0.89453125,a,-0.9140625
g,-0.8125,g,-0.8125
g,-1.03125,g,-1.0703125
g,-0.9609375,g,-0.94921875
t,-1.6875,t,-1.7421875
g,-0.93359375,g,-0.97265625
t,-1.6796875,t,-1.7578125
t,-1.4921875,t,-1.625
g,-1.0625,g,-1.0625
g,-0.99609375,g,-0.98046875
g,-0.85546875,g,-0.87890625
a,-1.15625,a,-1.1015625
a,-1.1015625,a,-1.171875
t,-1.796875,t,-1.84375
a,-1.515625,a,-1.5234375
a,-1.3359375,a,-1.3125
t,-1.5625,t,-1.5234375
t,-1.421875,t,-1.515625
t,-1.1015625,t,-1.1328125
g,-1.375,g,-1.359375
a,-1.171875,a,-1.1875
g,-1.203125,g,-1.203125
a,-1.0546875,a,-1.0703125
a,-1.03125,a,-1.0078125
a,-1.0078125,a,-0.95703125
t,-1.5703125,t,-1.5703125
c,-1.890625,c,-1.9453125
t,-1.1171875,t,-1.1171875
g,-1.21875,g,-1.234375
a,-1.296875,a,-1.296875
g,-1.15625,g,-1.0859375
c,-1.78125,c,-1.78125
t,-0.96484375,t,-0.98046875
a,-1.6328125,a,-1.6328125
c,-1.671875,c,-1.7109375
t,-1.109375,t,-1.0859375
g,-1.015625,g,-1.015625
g,-1.3203125,g,-1.28125
a,-1.1875,a,-1.15625
a,-1.1640625,a,-1.1640625
a,-0.9453125,a,-0.9453125
t,-1.6015625,t,-1.546875
g,-1.1484375,g,-1.1484375
a,-1.15625,a,-1.140625
c,-1.921875,c,-1.90625
t,-1.203125,t,-1.21875
g,-1.1796875,g,-1.234375
a,-1.1796875,a,-1.1328125
g,-1.1875,g,-1.1875
a,-1.0390625,a,-1.0625
a,-1.0078125,a,-1.015625
t,-1.5078125,t,-1.5078125
c,-1.734375,c,-1.75
a,-0.91015625,a,-0.890625
g,-1.0078125,g,-0.98046875
a,-1.078125,a,-1.0625
t,-1.6640625,t,-1.6328125
a,-1.3359375,a,-1.3203125
t,-1.453125,t,-1.4765625
a,-1.3046875,a,-1.2578125
a,-1.2265625,a,-1.234375
a,-0.97265625,a,-0.91796875
g,-1.40625,g,-1.40625
g,-1.40625,g,-1.4375
c,-1.7734375,c,-1.671875
a,-0.796875,a,-0.77734375
g,-1.0625,g,-1.03125
t,-1.7734375,t,-1.875
c,-1.7734375,c,-1.703125
c,-1.6796875,c,-1.6328125
t,-1.0859375,t,-1.078125
g,-1.078125,g,-1.1171875
g,-1.109375,g,-1.125
t,-1.7265625,t,-1.7265625
g,-1.328125,g,-1.3359375
g,-1.1484375,g,-1.1640625
t,-1.46875,t,-1.4375
c,-1.84375,c,-1.8359375
c,-1.4140625,c,-1.390625
g,-2.84375,g,-2.765625
t,-1.359375,t,-1.34375
t,-1.453125,t,-1.4453125
c,-1.4921875,c,-1.5
t,-0.921875,t,-0.91796875
g,-1.140625,g,-1.1328125
g,-1.2421875,g,-1.1875
c,-1.59375,c,-1.59375
t,-0.953125,t,-0.99609375
g,-1.0703125,g,-1.140625
c,-1.609375,c,-1.6015625
c,-1.2421875,c,-1.265625
g,-2.875,g,-2.875
t,-1.1875,t,-1.2109375
t,-1.4375,t,-1.46875
g,-1.1953125,g,-1.171875
c,-1.421875,c,-1.515625
t,-1.0625,t,-0.9921875
g,-0.94140625,g,-0.9296875
t,-1.53125,t,-1.546875
g,-1.125,g,-1.1328125
t,-1.2734375,t,-1.2734375
a,-1.9140625,a,-1.8984375
a,-1.4609375,a,-1.4609375
c,-1.5546875,c,-1.4765625
g,-2.890625,g,-2.90625
a,-1.5625,a,-1.5625
a,-1.4296875,a,-1.4609375
t,-1.4765625,t,-1.515625
c,-1.6484375,c,-1.6484375
t,-1.0859375,t,-1.125
g,-1.03125,g,-1.015625
c,-1.6328125,c,-1.6953125
c,-1.21875,c,-1.234375
a,-1.171875,a,-1.171875
a,-1.5078125,a,-1.546875
a,-1.2109375,a,-1.234375
a,-1.2578125,a,-1.2109375
c,-1.5546875,c,-1.5859375
t,-1.1640625,t,-1.2109375
t,-1.328125,t,-1.28125
a,-1.6171875,a,-1.6015625
g,-1.3671875,g,-1.3359375
t,-1.46875,t,-1.5234375
g,-1.3828125,g,-1.3203125
g,-1.3828125,g,-1.3828125
c,-1.421875,c,-1.46875
t,-0.80859375,t,-0.7734375
t,-1.3203125,t,-1.3125
g,-1.5703125,g,-1.578125
a,-1.3828125,a,-1.4140625
a,-1.2265625,a,-1.2265625
a,-1.3046875,a,-1.2578125
c,-1.6484375,c,-1.7890625
a,-1.078125,a,-1.0859375
a,-1.3671875,a,-1.3359375
c,-1.765625,c,-1.7890625
a,-0.90625,a,-0.8671875
a,-1.1640625,a,-1.1796875
a,-1.0546875,a,-1.0546875
g,-1.3359375,g,-1.28125
a,-1.1484375,a,-1.1640625
a,-0.9765625,a,-0.98828125
c,-1.921875,c,-1.9140625
a,-0.75390625,a,-0.78515625
t,-1.53125,t,-1.546875
t,-1.28125,t,-1.234375
t,-1.109375,t,-1.09375
t,-1.1328125,t,-1.078125
a,-1.3828125,a,-1.4140625
t,-1.2890625,t,-1.296875
t,-1.0078125,t,-0.984375
a,-1.5859375,a,-1.5859375
t,-1.1796875,t,-1.1875
c,-1.953125,c,-1.9140625
t,-0.81640625,t,-0.828125
c,-1.7421875,c,-1.7421875
t,-0.87109375,t,-0.890625
c,-1.609375,c,-1.609375
a,-1.1953125,a,-1.265625
t,-1.4140625,t,-1.3984375
t,-1.0078125,t,-1.0078125
g,-2.0,g,-2.03125
t,-1.0390625,t,-1.0234375
t,-1.015625,t,-1.0546875
t,-0.859375,t,-0.84765625
c,-1.6171875,c,-1.6171875
t,-0.75,t,-0.85546875
g,-1.296875,g,-1.4609375
t,-0.8984375,t,-0.8984375
g,-1.34375,g,-1.359375
g,-1.515625,g,-1.578125
g,-1.546875,g,-1.5703125
t,-0.9921875,t,-0.9765625
t,-1.0390625,t,-1.0546875
a,-1.8671875,a,-1.8984375
g,-1.234375,g,-1.2734375
g,-1.28125,g,-1.28125
a,-1.25,a,-1.1953125
a,-1.1015625,a,-1.078125
t,-1.3125,t,-1.2421875
t,-0.9921875,t,-1.015625
t,-0.9453125,t,-0.93359375
g,-1.5625,g,-1.5390625
t,-1.28125,t,-1.28125
g,-1.453125,g,-1.359375
a,-1.359375,a,-1.390625
g,-1.3046875,g,-1.2578125
a,-1.265625,a,-1.265625
g,-1.5390625,g,-1.5390625
c,-1.859375,c,-1.828125
c,-1.453125,c,-1.453125
g,-2.6875,g,-2.734375
t,-1.140625,t,-1.203125
g,-0.8828125,g,-0.875
c,-1.75,c,-1.8359375
t,-0.8046875,t,-0.83984375
g,-1.1328125,g,-1.140625
g,-1.3125,g,-1.328125
g,-1.0,g,-1.0
c,-1.484375,c,-1.484375
a,-0.94140625,a,-0.98828125
g,-1.2109375,g,-1.2421875
t,-1.4609375,t,-1.4453125
t,-1.5390625,t,-1.515625
t,-1.1953125,t,-1.1953125
t,-1.140625,t,-1.1484375
c,-1.453125,c,-1.4609375
g,-3.203125,g,-3.3125
t,-1.2265625,t,-1.234375
g,-1.203125,g,-1.171875
c,-1.7265625,c,-1.7578125
g,-2.828125,g,-2.78125
g,-1.3359375,g,-1.3359375
c,-1.5625,c,-1.53125
t,-0.921875,t,-0.9609375
g,-1.046875,g,-1.046875
t,-1.2265625,t,-1.2265625
c,-1.6328125,c,-1.578125
t,-0.984375,t,-1.0390625
c,-1.28125,c,-1.3359375
g,-3.015625,g,-3.015625
t,-1.328125,t,-1.328125
g,-1.0078125,g,-0.98828125
g,-1.1875,g,-1.1640625
t,-1.609375,t,-1.5859375
t,-1.3125,t,-1.296875
g,-1.2265625,g,-1.21875
c,-1.3125,c,-1.28125
a,-1.421875,a,-1.453125
c,-1.9140625,c,-1.8203125
c,-1.25,c,-1.25
t,-1.0234375,t,-1.046875
a,-1.984375,a,-2.015625
c,-1.4140625,c,-1.3984375
a,-1.1875,a,-1.1484375
t,-1.3984375,t,-1.34375
a,-1.5625,a,-1.546875
g,-1.3515625,g,-1.34375
t,-1.3984375,t,-1.4609375
t,-1.4296875,t,-1.4609375
g,-1.265625,g,-1.265625
c,-1.4609375,c,-1.4609375
t,-0.95703125,t,-0.8671875
a,-1.8671875,a,-1.9296875
g,-1.296875,g,-1.3125
a,-1.453125,a,-1.4765625
g,-1.1484375,g,-1.1796875
c,-1.5,c,-1.46875
t,-0.97265625,t,-0.94921875
a,-1.8515625,a,-1.8671875
c,-1.453125,c,-1.4453125
a,-1.0546875,a,-1.109375
g,-1.0,g,-0.97265625
t,-1.34375,t,-1.34375
a,-1.8125,a,-1.7734375
g,-1.265625,g,-1.21875
c,-1.34375,c,-1.40625
t,-1.1640625,t,-1.1328125
g,-1.03125,g,-1.03125
g,-1.109375,g,-1.125
g,-0.94921875,g,-0.9765625
g,-1.46875,g,-1.46875
a,-1.296875,a,-1.3125
c,-1.75,c,-1.734375
t,-1.3046875,t,-1.3125
g,-1.0078125,g,-1.0078125
a,-1.2890625,a,-1.3671875
g,-0.8828125,g,-0.8984375
c,-1.7421875,c,-1.8203125
a,-1.1875,a,-1.1640625
g,-1.09375,g,-1.1171875
c,-1.5,c,-1.5078125
t,-1.1015625,t,-1.0859375
a,-1.9453125,a,-1.984375
g,-0.9609375,g,-0.97265625
g,-1.015625,g,-1.0
g,-1.1640625,g,-1.1640625
a,-1.2578125,a,-1.2734375
t,-1.6015625,t,-1.640625
t,-1.3828125,t,-1.3984375
g,-1.28125,g,-1.2578125
g,-1.0390625,g,-1.0390625
c,-1.8125,c,-1.796875
a,-1.3125,a,-1.2890625
g,-0.84765625,g,-0.82421875
g,-1.1875,g,-1.0703125
c,-1.7109375,c,-1.6953125
t,-1.203125,t,-1.25
a,-2.234375,a,-2.1875
t,-1.609375,t,-1.6171875
c,-1.5625,c,-1.546875
t,-1.1015625,t,-1.125
c,-1.359375,c,-1.4296875
t,-0.96484375,t,-0.984375
t,-1.3125,t,-1.3515625
t,-1.234375,t,-1.21875
t,-1.3359375,t,-1.3359375
t,-1.0234375,t,-1.0078125
t,-0.92578125,t,-0.953125
t,-0.6953125,t,-0.69140625
c,-1.7109375,c,-1.71875
a,-2.03125,a,-2.03125
t,-1.015625,t,-0.97265625
g,-2.078125,g,-2.03125
t,-0.87890625,t,-0.88671875
a,-1.59375,a,-1.53125
g,-1.125,g,-1.1328125
t,-1.3359375,t,-1.3515625
c,-1.671875,c,-1.6484375
t,-1.0078125,t,-0.85546875
c,-1.4765625,c,-1.453125
a,-0.87890625,a,-0.9765625
t,-1.640625,t,-1.6171875
g,-2.046875,g,-2.03125
a,-1.2421875,a,-1.265625
a,-1.578125,a,-1.546875
g,-1.4375,g,-1.484375
a,-1.34375,a,-1.3203125
t,-1.3671875,t,-1.4140625
t,-1.4375,t,-1.4375
t,-0.859375,t,-0.88671875
c,-1.890625,c,-1.8359375
t,-0.93359375,t,-0.8984375
t,-1.015625,t,-0.99609375
t,-0.58984375,t,-0.5546875
a,-1.8046875,a,-1.7578125
t,-0.67578125,t,-0.69921875
g,-1.9375,g,-1.9609375
t,-0.6796875,t,-0.71484375
g,-1.6796875,g,-1.6875
g,-1.2578125,g,-1.234375
t,-0.8984375,t,-0.96484375
t,-0.8046875,t,-0.765625
t,-0.8515625,t,-0.87890625
c,-1.84375,c,-1.84375
a,-1.1015625,a,-1.0546875
a,-1.453125,a,-1.5078125
t,-1.7890625,t,-1.75
g,-1.78125,g,-1.828125
t,-0.859375,t,-0.859375
g,-1.40625,g,-1.453125
t,-0.56640625,t,-0.57421875
g,-1.296875,g,-1.265625
g,-1.2421875,g,-1.2578125
g,-1.34375,g,-1.328125
c,-1.453125,c,-1.46875
t,-0.98828125,t,-0.921875
g,-0.9453125,g,-1.03125
g,-1.7109375,g,-1.7421875
t,-1.6015625,t,-1.609375
t,-2.03125,t,-2.109375
t,-0.58984375,t,-0.5859375
g,-1.9296875,g,-1.9609375
g,-1.0625,g,-1.09375
a,-1.484375,a,-1.484375
t,-1.9765625,t,-1.9140625
t,-1.34375,t,-1.3203125
t,-0.8125,t,-0.81640625
c,-1.3671875,c,-1.375
c,-1.6953125,c,-1.6484375
t,-1.015625,t,-1.015625
t,-1.0546875,t,-1.0390625
a,-1.875,a,-1.7734375
t,-1.2109375,t,-1.234375
a,-1.734375,a,-1.734375
g,-1.3203125,g,-1.3359375
c,-1.59375,c,-1.5
a,-1.15625,a,-1.171875
t,-1.296875,t,-1.265625
g,-1.3828125,g,-1.3984375
g,-1.4140625,g,-1.3671875
t,-1.2890625,t,-1.2734375
g,-1.1484375,g,-1.1328125
g,-1.0078125,g,-1.0390625
c,-1.1484375,c,-1.1015625
c,-1.9140625,c,-1.84375
t,-1.0078125,t,-1.0625
c,-1.890625,c,-1.890625
a,-1.3203125,a,-1.296875
g,-0.82421875,g,-0.89453125
t,-1.6796875,t,-1.703125
t,-1.1875,t,-1.1953125
g,-1.5078125,g,-1.453125
g,-1.3125,g,-1.3515625
a,-1.3359375,a,-1.3046875
t,-1.546875,t,-1.5546875
t,-1.0703125,t,-1.09375
g,-1.7734375,g,-1.6875
c,-1.46875,c,-1.46875
t,-0.74609375,t,-0.7578125
g,-1.09375,g,-1.0390625
t,-1.171875,t,-1.21875
t,-1.1328125,t,-1.1328125
t,-0.88671875,t,-0.89453125
t,-0.69140625,t,-0.734375
g,-1.4453125,g,-1.484375
t,-1.1171875,t,-1.1484375
g,-1.40625,g,-1.390625
a,-1.5703125,a,-1.59375
t,-1.25,t,-1.2578125
c,-1.7109375,c,-1.6953125
c,-1.40625,c,-1.453125
t,-0.9375,t,-0.87890625
t,-0.984375,t,-1.03125
t,-0.96875,t,-0.98046875
t,-0.96484375,t,-1.0078125
c,-1.6875,c,-1.6640625
a,-1.453125,a,-1.4765625
t,-1.125,t,-1.109375
c,-1.6015625,c,-1.5859375
c,-1.4140625,c,-1.4453125
c,-1.171875,c,-1.1875
t,-0.87109375,t,-0.8515625
c,-1.4140625,c,-1.4140625
c,-1.15625,c,-1.1796875
t,-1.015625,t,-0.9921875
t,-1.1015625,t,-1.1015625
g,-1.7109375,g,-1.7421875
t,-1.2421875,t,-1.2265625
c,-1.0703125,c,-1.09375
c,-1.125,c,-1.171875
t,-0.91796875,t,-0.95703125
g,-1.71875,g,-1.8125
t,-1.0625,t,-1.09375
c,-1.3046875,c,-1.2734375
c,-1.1875,c,-1.1328125
c,-1.0859375,c,-1.1015625
c,-1.2265625,c,-1.2578125
a,-1.1328125,a,-1.203125
g,-1.296875,g,-1.3125
a,-1.5859375,a,-1.5390625
c,-1.4140625,c,-1.3984375
a,-1.34375,a,-1.34375
a,-1.8359375,a,-1.84375
c,-1.40625,c,-1.390625
c,-1.0859375,c,-1.0859375
a,-1.34375,a,-1.390625
c,-1.328125,c,-1.3671875
t,-1.109375,t,-1.125
g,-1.1640625,g,-1.1796875
a,-1.640625,a,-1.59375
t,-1.40625,t,-1.4921875
c,-1.296875,c,-1.3515625
t,-0.96484375,t,-0.98828125
a,-2.09375,a,-2.015625
c,-1.40625,c,-1.421875
t,-0.9453125,t,-1.0234375
t,-1.171875,t,-1.1875
t,-1.0703125,t,-1.1015625
c,-1.1796875,c,-1.2265625
t,-0.83984375,t,-0.83984375
g,-1.390625,g,-1.3671875
t,-1.234375,t,-1.1875
c,-1.296875,c,-1.296875
a,-1.5703125,a,-1.453125
c,-1.3125,c,-1.3046875
c,-1.109375,c,-1.1640625
a,-1.3359375,a,-1.40625
t,-1.25,t,-1.234375
a,-2.0,a,-1.9609375
g,-1.34375,g,-1.359375
a,-1.6640625,a,-1.71875
t,-1.5390625,t,-1.5703125
t,-1.3125,t,-1.296875
a,-1.734375,a,-1.7265625
g,-1.453125,g,-1.5
c,-1.5,c,-1.484375
c,-1.2265625,c,-1.296875
t,-0.9453125,t,-0.9296875
g,-1.3203125,g,-1.3828125
c,-1.5703125,c,-1.46875
a,-1.3515625,a,-1.421875
t,-1.1953125,t,-1.171875
t,-1.125,t,-1.1484375
t,-0.9140625,t,-0.86328125
t,-1.0078125,t,-1.0078125
t,-0.97265625,t,-0.984375
a,-1.578125,a,-1.5625
a,-1.265625,a,-1.265625
g,-1.671875,g,-1.6484375
a,-1.203125,a,-1.15625
a,-1.203125,a,-1.21875
t,-1.296875,t,-1.3203125
t,-0.96484375,t,-0.953125
t,-0.85546875,t,-0.8671875
t,-0.83984375,t,-0.87890625
t,-0.85546875,t,-0.796875
a,-1.4140625,a,-1.40625
t,-0.98046875,t,-1.0234375
a,-1.4296875,a,-1.4375
a,-1.28125,a,-1.2734375
a,-0.97265625,a,-1.0078125
c,-2.25,c,-2.25
g,-2.765625,g,-2.734375
t,-0.84765625,t,-0.8828125
g,-1.3828125,g,-1.3828125
g,-1.578125,g,-1.6328125
a,-1.2265625,a,-1.1953125
a,-1.1640625,a,-1.2265625
t,-1.125,t,-1.125
g,-1.6640625,g,-1.640625
a,-1.3359375,a,-1.328125
t,-1.078125,t,-1.0625
a,-1.4453125,a,-1.5078125
g,-1.671875,g,-1.6875
a,-1.140625,a,-1.1875
g,-1.375,g,-1.3828125
t,-1.125,t,-1.078125
a,-1.546875,a,-1.5
c,-1.9296875,c,-1.9140625
c,-1.6953125,c,-1.6953125
t,-0.85546875,t,-0.8515625
t,-1.125,t,-1.0859375
t,-1.015625,t,-1.015625
t,-1.0234375,t,-1.015625
t,-1.0078125,t,-0.984375
t,-0.88671875,t,-0.91015625
g,-1.875,g,-1.7890625
t,-0.953125,t,-0.9453125
c,-2.015625,c,-2.015625
a,-1.2421875,a,-1.28125
c,-1.75,c,-1.6953125
g,-3.328125,g,-3.296875
t,-0.9140625,t,-0.953125
t,-1.0859375,t,-1.09375
t,-0.80078125,t,-0.7421875
c,-1.8046875,c,-1.8203125
t,-0.76953125,t,-0.8046875
t,-0.890625,t,-0.953125
t,-0.8828125,t,-0.87109375
t,-0.83984375,t,-0.8359375
a,-1.71875,a,-1.765625
t,-1.0,t,-1.0234375
t,-0.6484375,t,-0.6796875
t,-0.640625,t,-0.6015625
a,-1.65625,a,-1.7421875
t,-0.69921875,t,-0.734375
c,-2.5625,c,-2.5625
a,-1.1953125,a,-1.2265625
t,-1.015625,t,-0.9921875
a,-1.6953125,a,-1.6015625
g,-1.7578125,g,-1.78125
c,-1.984375,c,-1.9921875
t,-0.87109375,t,-0.8984375
a,-1.46875,a,-1.5
t,-0.98046875,t,-0.9921875
t,-0.87890625,t,-0.90234375
t,-0.73046875,t,-0.7578125
t,-0.765625,t,-0.79296875
g,-1.6875,g,-1.6640625
a,-1.28125,a,-1.2578125
t,-1.2109375,t,-1.1875
t,-0.92578125,t,-0.95703125
t,-0.73046875,t,-0.75
t,-0.6953125,t,-0.73046875
c,-1.9609375,c,-1.96875
a,-1.265625,a,-1.2734375
t,-0.9921875,t,-0.99609375
c,-1.796875,c,-1.8046875
c,-1.8515625,c,-1.796875
a,-1.3125,a,-1.265625
t,-0.875,t,-0.86328125
t,-0.85546875,t,-0.85546875
t,-0.6640625,t,-0.6953125
t,-0.7578125,t,-0.7578125
a,-1.5234375,a,-1.5234375
t,-1.0,t,-1.046875
t,-0.8046875,t,-0.75390625
g,-2.0625,g,-2.046875
c,-1.90625,c,-1.9296875
t,-0.7265625,t,-0.7421875
g,-1.515625,g,-1.5
a,-1.3515625,a,-1.375
g,-1.4375,g,-1.4453125
t,-0.9296875,t,-0.96484375
a,-1.2890625,a,-1.28125
g,-1.65625,g,-1.6875
t,-0.99609375,t,-1.0
a,-1.609375,a,-1.5390625
t,-1.078125,t,-1.1015625
c,-1.8671875,c,-1.8671875
c,-1.734375,c,-1.7890625
c,-1.640625,c,-1.6171875
a,-1.078125,a,-1.0078125
t,-1.171875,t,-1.1953125
t,-1.125,t,-1.078125
g,-1.671875,g,-1.671875
c,-1.578125,c,-1.578125
a,-1.2109375,a,-1.15625
t,-1.0859375,t,-1.0703125
g,-1.578125,g,-1.578125
t,-0.984375,t,-0.9453125
a,-1.5,a,-1.4765625
t,-0.91015625,t,-0.91015625
a,-1.3515625,a,-1.3984375
t,-0.73828125,t,-0.73828125
a,-1.078125,a,-1.0625
c,-1.75,c,-1.8125
t,-1.4921875,t,-1.515625
a,-1.609375,a,-1.546875
t,-1.0,t,-0.9921875
a,-1.2421875,a,-1.3046875
c,-1.859375,c,-1.8671875
t,-1.1015625,t,-1.09375
g,-1.4609375,g,-1.421875
t,-0.8125,t,-0.7734375
a,-1.265625,a,-1.25
t,-0.98046875,t,-1.0
t,-0.98046875,t,-1.0
c,-1.9140625,c,-1.890625
a,-1.15625,a,-1.1640625
t,-0.9296875,t,-0.90234375
t,-0.83203125,t,-0.8515625
c,-1.7890625,c,-1.7734375
g,-3.390625,g,-3.40625
c,-1.75,c,-1.734375
t,-0.88671875,t,-0.83984375
t,-0.88671875,t,-0.921875
g,-1.9609375,g,-1.9296875
c,-1.53125,c,-1.5703125
t,-0.78125,t,-0.80078125
t,-0.87890625,t,-0.8515625
g,-1.8125,g,-1.7109375
t,-0.89453125,t,-0.8828125
g,-1.515625,g,-1.5234375
a,-1.5625,a,-1.59375
a,-1.28125,a,-1.265625
c,-1.734375,c,-1.75
a,-1.0078125,a,-1.0078125
t,-1.046875,t,-1.0625
t,-1.0234375,t,-1.0234375
t,-0.859375,t,-0.84765625
g,-1.5859375,g,-1.5859375
g,-1.6484375,g,-1.578125
g,-1.4296875,g,-1.3828125
c,-1.7421875,c,-1.796875
t,-1.03125,t,-1.03125
t,-0.921875,t,-0.86328125
t,-0.91015625,t,-0.89453125
t,-1.03125,t,-1.015625
t,-0.90625,t,-0.90625
c,-1.7734375,c,-1.7578125
c,-1.453125,c,-1.46875
a,-1.2578125,a,-1.2890625
g,-1.21875,g,-1.21875
t,-1.21875,t,-1.1875
t,-0.96875,t,-1.015625
t,-0.859375,t,-0.8125
g,-1.59375,g,-1.703125
g,-1.53125,g,-1.53125
g,-1.359375,g,-1.34375
a,-1.2265625,a,-1.265625
c,-1.84375,c,-1.875
t,-0.8828125,t,-0.9296875
g,-1.3359375,g,-1.34375
t,-0.96875,t,-0.96484375
t,-1.2265625,t,-1.1875
a,-1.7421875,a,-1.703125
a,-1.4609375,a,-1.4375
c,-1.84375,c,-1.84375
a,-1.0234375,a,-1.046875
a,-1.4375,a,-1.453125
g,-1.5625,g,-1.515625
t,-1.25,t,-1.25
a,-1.484375,a,-1.484375
g,-1.53125,g,-1.6015625
a,-1.1796875,a,-1.1875
g,-1.484375,g,-1.5078125
c,-1.75,c,-1.734375
c,-1.5390625,c,-1.5625
a,-0.94921875,a,-0.9140625
c,-1.703125,c,-1.6875
t,-1.1171875,t,-1.09375
a,-1.6796875,a,-1.6796875
t,-1.1875,t,-1.2578125
g,-1.421875,g,-1.4375
a,-1.515625,a,-1.546875
a,-1.140625,a,-1.171875
t,-1.3515625,t,-1.328125
a,-1.3125,a,-1.296875
t,-1.1953125,t,-1.15625
t,-1.1171875,t,-1.125
a,-1.4453125,a,-1.4609375
g,-1.5859375,g,-1.65625
t,-1.328125,t,-1.3125
g,-1.40625,g,-1.4765625
t,-1.09375,t,-1.09375
a,-1.6015625,a,-1.578125
t,-1.0390625,t,-1.0078125
a,-1.2890625,a,-1.3125
a,-1.3046875,a,-1.3125
g,-1.7421875,g,-1.7890625
a,-1.25,a,-1.265625
c,-2.03125,c,-1.984375
t,-1.09375,t,-1.125
t,-1.125,t,-1.15625
c,-1.78125,c,-1.78125
a,-1.0546875,a,-1.015625
t,-1.2109375,t,-1.2109375
a,-1.3671875,a,-1.359375
t,-1.1171875,t,-1.0859375
a,-1.2265625,a,-1.25
g,-1.8984375,g,-1.84375
c,-1.859375,c,-1.8671875
c,-1.5625,c,-1.65625
a,-0.75,a,-0.75390625
a,-1.28125,a,-1.359375
g,-1.4921875,g,-1.4765625
g,-1.609375,g,-1.5859375
c,-1.5625,c,-1.5703125
t,-0.96875,t,-0.99609375
g,-1.1484375,g,-1.0625
g,-1.234375,g,-1.1875
c,-1.5625,c,-1.625
a,-1.1015625,a,-1.1171875
g,-1.2890625,g,-1.2578125
a,-1.1484375,a,-1.1796875
t,-1.328125,t,-1.3203125
c,-1.9296875,c,-1.9140625
g,-3.25,g,-3.25
c,-1.46875,c,-1.4375
t,-1.03125,t,-1.0234375
t,-1.1015625,t,-1.125
g,-1.4453125,g,-1.4375
a,-0.94921875,a,-0.9296875
g,-1.1015625,g,-1.046875
c,-1.484375,c,-1.46875
c,-0.9453125,c,-0.98046875
c,-1.109375,c,-1.046875
a,-0.7109375,a,-0.6953125
g,-0.51171875,g,-0.515625
g,-0.47265625,g,-0.515625
a,-0.56640625,a,-0.5390625
g,-0.8125,g,-0.84375
t,-0.7734375,t,-0.7734375
t,-0.3828125,t,-0.40039062
t,-1.0078125,t,-1.0078125
g,-0.74609375,g,-0.765625
a,-0.53515625,a,-0.5546875
g,-0.64453125,g,-0.64453125
a,-0.75390625,a,-0.72265625
c,-0.67578125,c,-0.62890625
c,-0.47460938,c,-0.46679688
a,-0.19628906,a,-0.18457031
g,-0.13769531,g,-0.125
c,-0.35351562,c,-0.34375
c,-0.084472656,c,-0.08935547
t,-0.088378906,t,-0.07861328
g,-0.12695312,g,-0.11279297
g,-0.203125,g,-0.19921875
g,-0.65234375,g,-0.57421875
a,-4.1875,a,-4.15625
a,-0.8203125,a,-0.88671875
a,-0.080566406,a,-0.08105469
c,-0.44726562,c,-0.4921875
a,-0.20898438,a,-0.20898438
t,-1.875,t,-1.8046875
g,-1.0078125,g,-1.0390625
g,-0.16308594,g,-0.19335938
t,-0.91015625,t,-0.890625
g,-0.29101562,g,-0.29492188
a,-0.19921875,a,-0.18652344
a,-0.68359375,a,-0.6875
a,-0.1171875,a,-0.118652344
c,-0.23535156,c,-0.2265625
c,-0.13183594,c,-0.13183594
t,-2.25,t,-2.25
c,-0.6640625,c,-0.609375
t,-3.171875,t,-3.296875
a,-2.203125,a,-2.265625
t,-1.765625,t,-1.765625
t,-1.1015625,t,-1.0546875
t,-1.125,t,-1.1796875
t,-0.65625,t,-0.61328125
t,-1.5703125,t,-1.484375
a,-0.21875,a,-0.25
t,-2.890625,t,-2.765625
t,-0.8984375,t,-0.9375
t,-0.23535156,t,-0.23632812
t,-0.3828125,t,-0.37304688
a,-2.109375,a,-2.0625
a,-0.55078125,a,-0.53125
a,-0.53515625,a,-0.53515625
a,-0.37304688,a,-0.35742188
t,-1.296875,t,-1.2109375
c,-2.953125,c,-2.875
a,-0.5390625,a,-0.49804688
a,-0.99609375,a,-1.0625
a,-0.859375,a,-0.84375
a,-0.64453125,a,-0.69140625
a,-0.46289062,a,-0.45507812
t,-1.421875,t,-1.3671875
t,-0.93359375,t,-0.8984375
a,-0.4921875,a,-0.49414062
a,-1.4765625,a,-1.4765625
a,-0.84375,a,-0.80078125
a,-0.47070312,a,-0.453125
a,-0.23632812,a,-0.26171875
t,-1.7421875,t,-1.7890625
t,-1.0390625,t,-1.046875
t,-1.1015625,t,-1.1015625
t,-1.2421875,t,-1.2890625
c,-1.8671875,c,-1.84375
t,-0.8515625,t,-0.8203125
a,-1.6015625,a,-1.546875
t,-1.75,t,-1.8359375
a,-1.1484375,a,-1.0390625
a,-1.2578125,a,-1.2109375
a,-0.80859375,a,-0.82421875
a,-0.80859375,a,-0.80859375
a,-0.67578125,a,-0.69921875
a,-0.6484375,a,-0.72265625
t,-1.21875,t,-1.140625
t,-0.953125,t,-0.90625
t,-1.046875,t,-1.1171875
t,-0.7578125,t,-0.77734375
a,-1.5546875,a,-1.5546875
a,-0.93359375,a,-0.921875
a,-0.7265625,a,-0.73046875
g,-1.9296875,g,-2.0
a,-0.8828125,a,-0.92578125
a,-0.9453125,a,-0.984375
g,-1.8125,g,-1.8359375
a,-0.9375,a,-0.984375
c,-2.4375,c,-2.4375
t,-1.25,t,-1.296875
t,-1.0390625,t,-1.0078125
t,-0.921875,t,-0.89453125
g,-1.3828125,g,-1.390625
t,-0.99609375,t,-1.0234375
a,-1.375,a,-1.4609375
t,-1.1953125,t,-1.1796875
a,-1.09375,a,-1.0625
g,-1.8984375,g,-1.953125
a,-1.359375,a,-1.40625
c,-2.125,c,-2.125
a,-0.57421875,a,-0.5625
t,-1.1171875,t,-1.1171875
a,-1.0625,a,-1.0859375
c,-1.5234375,c,-1.484375
g,-3.171875,g,-3.203125
c,-1.3828125,c,-1.390625
t,-1.5,t,-1.5
t,-0.8359375,t,-0.859375
t,-0.828125,t,-0.84765625
c,-1.6875,c,-1.640625
a,-0.6171875,a,-0.60546875
t,-1.2890625,t,-1.2734375
t,-1.15625,t,-1.0859375
t,-0.69140625,t,-0.6875
t,-0.890625,t,-0.859375
t,-0.78515625,t,-0.75
c,-2.078125,c,-2.125
t,-0.90234375,t,-0.86328125
t,-0.76953125,t,-0.7265625
g,-2.109375,g,-2.21875
a,-1.2578125,a,-1.28125
g,-1.1640625,g,-1.1875
t,-1.28125,t,-1.2734375
g,-1.6875,g,-1.734375
a,-1.3125,a,-1.203125
a,-1.3203125,a,-1.3671875
t,-1.4140625,t,-1.4375
a,-1.5078125,a,-1.4609375
c,-1.875,c,-1.875
t,-0.9453125,t,-0.96875
t,-0.94921875,t,-0.94921875
a,-1.4453125,a,-1.4453125
g,-1.5390625,g,-1.5390625
g,-1.7890625,g,-1.625
t,-1.1796875,t,-1.234375
c,-1.9453125,c,-1.9609375
t,-0.9296875,t,-0.921875
c,-1.8046875,c,-1.7578125
a,-1.125,a,-1.1328125
g,-1.453125,g,-1.53125
g,-1.8046875,g,-1.8046875
g,-1.7734375,g,-1.8515625
t,-1.25,t,-1.234375
a,-1.5234375,a,-1.484375
g,-1.3125,g,-1.296875
a,-1.1640625,a,-1.1796875
t,-1.4140625,t,-1.4375
g,-1.0859375,g,-1.109375
t,-1.2890625,t,-1.1796875
a,-1.4453125,a,-1.5078125
t,-1.1484375,t,-1.1484375
t,-1.140625,t,-1.15625
t,-0.81640625,t,-0.796875
t,-1.046875,t,-1.0
a,-1.4765625,a,-1.328125
a,-1.03125,a,-1.09375
g,-1.640625,g,-1.5625
t,-1.1171875,t,-1.1171875
c,-2.0,c,-2.046875
t,-1.0078125,t,-0.94140625
t,-0.94140625,t,-0.94921875
t,-0.921875,t,-0.8984375
a,-1.453125,a,-1.4375
a,-1.1171875,a,-1.0703125
g,-1.75,g,-1.6953125
g,-1.640625,g,-1.609375
a,-1.0078125,a,-1.0
g,-1.609375,g,-1.5703125
c,-1.9453125,c,-1.96875
t,-0.8984375,t,-0.92578125
g,-1.28125,g,-1.296875
t,-0.9609375,t,-1.03125
c,-1.859375,c,-1.828125
a,-1.09375,a,-1.0859375
a,-1.5,a,-1.53125
a,-0.98046875,a,-0.9921875
c,-1.984375,c,-1.9609375
t,-1.15625,t,-1.1640625
c,-1.65625,c,-1.703125
t,-0.9765625,t,-0.88671875
t,-1.0703125,t,-1.09375
c,-1.625,c,-1.6640625
c,-1.3046875,c,-1.3046875
t,-0.83984375,t,-0.875
c,-1.3984375,c,-1.4296875
a,-1.1953125,a,-1.2578125
a,-1.4140625,a,-1.4140625
a,-0.9765625,a,-0.98828125
g,-1.46875,g,-1.53125
t,-1.3359375,t,-1.3125
g,-1.5,g,-1.515625
g,-1.3359375,g,-1.3671875
t,-1.2578125,t,-1.3046875
g,-1.453125,g,-1.421875
g,-1.1015625,g,-1.0859375
t,-1.296875,t,-1.265625
t,-0.99609375,t,-0.9921875
g,-1.3125,g,-1.3203125
t,-1.015625,t,-1.0546875
a,-1.5390625,a,-1.5390625
c,-2.015625,c,-2.015625
c,-1.578125,c,-1.609375
a,-0.95703125,a,-1.0078125
t,-1.2734375,t,-1.2265625
g,-1.15625,g,-1.1953125
t,-1.0078125,t,-1.0078125
t,-1.125,t,-1.15625
a,-1.4765625,a,-1.4609375
c,-1.578125,c,-1.6640625
t,-1.0859375,t,-1.1015625
t,-1.1015625,t,-1.1640625
t,-0.96484375,t,-0.98046875
t,-1.0390625,t,-1.0234375
t,-0.9765625,t,-0.9765625
a,-1.390625,a,-1.4140625
a,-1.09375,a,-1.0390625
t,-1.28125,t,-1.2578125
a,-1.3046875,a,-1.3046875
t,-1.03125,t,-1.1015625
a,-1.171875,a,-1.15625
a,-1.2265625,a,-1.2265625
c,-2.0625,c,-2.0625
a,-0.8828125,a,-0.87109375
g,-1.734375,g,-1.7890625
a,-1.171875,a,-1.1953125
g,-1.84375,g,-1.8515625
a,-1.2421875,a,-1.2421875
t,-1.2421875,t,-1.296875
t,-1.046875,t,-1.03125
a,-1.1875,a,-1.1328125
a,-1.2734375,a,-1.296875
t,-1.40625,t,-1.40625
t,-1.0,t,-0.953125
g,-1.8203125,g,-1.7265625
a,-1.2109375,a,-1.140625
g,-1.5078125,g,-1.5078125
c,-1.921875,c,-1.8984375
a,-1.109375,a,-1.125
a,-1.1875,a,-1.2265625
a,-1.109375,a,-1.1015625
g,-1.6796875,g,-1.609375
a,-1.3046875,a,-1.2421875
a,-0.99609375,a,-1.0390625
a,-0.8671875,a,-0.85546875
a,-0.90625,a,-0.9296875
a,-0.828125,a,-0.80859375
t,-1.53125,t,-1.4921875
t,-1.3125,t,-1.3671875
c,-1.9765625,c,-1.9765625
a,-0.95703125,a,-0.98046875
a,-1.109375,a,-1.078125
a,-0.80078125,a,-0.77734375
a,-1.015625,a,-1.0078125
g,-1.8203125,g,-1.8203125
t,-1.140625,t,-1.1875
t,-1.125,t,-1.125
g,-1.59375,g,-1.6015625
g,-1.5,g,-1.5
a,-1.125,a,-1.1171875
c,-1.953125,c,-1.96875
a,-0.81640625,a,-0.7890625
g,-1.3828125,g,-1.4296875
c,-2.03125,c,-2.03125
c,-1.5859375,c,-1.6640625
c,-1.8515625,c,-1.8671875
c,-1.671875,c,-1.6953125
c,-2.0,c,-1.921875
a,-0.61328125,a,-0.640625
c,-1.6484375,c,-1.5703125
a,-1.1640625,a,-1.078125
a,-1.46875,a,-1.3984375
c,-1.9609375,c,-2.0
t,-1.3046875,t,-1.2421875
a,-1.328125,a,-1.328125
a,-1.0703125,a,-1.140625
a,-0.96484375,a,-0.96484375
t,-1.390625,t,-1.3984375
a,-1.2109375,a,-1.1640625
g,-1.765625,g,-1.75
g,-1.71875,g,-1.6640625
t,-1.234375,t,-1.2109375
t,-1.234375,t,-1.265625
c,-1.703125,c,-1.703125
a,-1.09375,a,-1.09375
g,-1.3515625,g,-1.3359375
a,-1.171875,a,-1.1953125
a,-1.0078125,a,-1.078125
c,-1.8203125,c,-1.78125
a,-1.0078125,a,-0.953125
g,-1.2578125,g,-1.2578125
c,-1.703125,c,-1.734375
t,-1.21875,t,-1.1875
c,-1.6640625,c,-1.6953125
c,-1.34375,c,-1.2578125
c,-1.46875,c,-1.6171875
c,-1.625,c,-1.546875
c,-1.578125,c,-1.578125
a,-0.85546875,a,-0.859375
t,-1.46875,t,-1.453125
t,-1.2578125,t,-1.2578125
t,-0.98046875,t,-0.98046875
t,-1.1484375,t,-1.140625
g,-1.703125,g,-1.6875
c,-1.5546875,c,-1.5546875
a,-1.2421875,a,-1.2421875
t,-1.1953125,t,-1.1953125
t,-1.0625,t,-1.078125
t,-0.80078125,t,-0.7578125
t,-0.95703125,t,-0.95703125
g,-1.546875,g,-1.5234375
a,-1.28125,a,-1.2734375
c,-1.96875,c,-1.984375
c,-1.421875,c,-1.3515625
a,-1.21875,a,-1.2109375
g,-1.5859375,g,-1.5546875
c,-1.8203125,c,-1.890625
a,-1.078125,a,-1.078125
a,-1.4140625,a,-1.4375
t,-1.421875,t,-1.40625
g,-1.390625,g,-1.453125
t,-1.1953125,t,-1.1953125
a,-1.4921875,a,-1.5390625
t,-1.2265625,t,-1.2578125
g,-1.375,g,-1.4140625
a,-1.3515625,a,-1.3828125
a,-1.1640625,a,-1.1640625
a,-1.1640625,a,-1.1640625
g,-1.5625,g,-1.5546875
t,-1.21875,t,-1.25
t,-1.203125,t,-1.3125
c,-1.5390625,c,-1.5859375
c,-1.4140625,c,-1.46875
a,-1.15625,a,-1.125
t,-1.3125,t,-1.3125
t,-1.0390625,t,-1.0234375
t,-0.84765625,t,-0.8359375
g,-1.65625,g,-1.65625
c,-1.578125,c,-1.546875
t,-0.97265625,t,-0.91796875
c,-1.6640625,c,-1.75
a,-1.140625,a,-1.1484375
g,-1.1796875,g,-1.28125
t,-1.1015625,t,-1.0859375
g,-1.28125,g,-1.3125
t,-1.1171875,t,-1.09375
c,-1.625,c,-1.5703125
c,-1.390625,c,-1.3671875
c,-1.453125,c,-1.453125
t,-0.90625,t,-0.90625
g,-1.2890625,g,-1.3046875
c,-1.5546875,c,-1.5390625
a,-1.1796875,a,-1.1875
a,-1.609375,a,-1.609375
a,-1.09375,a,-1.109375
c,-1.5,c,-1.515625
a,-1.0703125,a,-1.0546875
c,-1.5,c,-1.4375
c,-1.4375,c,-1.4375
t,-1.0703125,t,-1.09375
g,-1.2578125,g,-1.2578125
g,-1.46875,g,-1.421875
t,-1.53125,t,-1.5
a,-1.5546875,a,-1.5390625
t,-1.234375,t,-1.25
g,-1.5390625,g,-1.578125
g,-1.5390625,g,-1.546875
t,-1.28125,t,-1.3359375
c,-1.625,c,-1.609375
a,-1.109375,a,-1.1171875
g,-1.2734375,g,-1.265625
t,-1.3359375,t,-1.390625
c,-1.734375,c,-1.765625
t,-0.9296875,t,-0.90625
t,-1.15625,t,-1.140625
t,-1.0078125,t,-1.0703125
t,-1.125,t,-1.0390625
t,-0.88671875,t,-0.94140625
a,-1.71875,a,-1.6484375
a,-1.2421875,a,-1.203125
t,-1.3984375,t,-1.359375
t,-0.87890625,t,-0.90234375
t,-0.78125,t,-0.81640625
t,-0.7578125,t,-0.7578125
a,-1.3984375,a,-1.3984375
g,-1.734375,g,-1.734375
g,-1.5390625,g,-1.5390625
c,-2.046875,c,-2.1875
a,-1.0,a,-1.0390625
t,-1.125,t,-1.0546875
t,-1.0234375,t,-1.0390625
a,-1.5625,a,-1.5625
t,-1.0703125,t,-1.1171875
a,-1.1796875,a,-1.1875
a,-1.2734375,a,-1.265625
t,-1.125,t,-1.0703125
a,-1.2890625,a,-1.2890625
g,-1.7109375,g,-1.7109375
a,-1.234375,a,-1.1953125
t,-1.2109375,t,-1.21875
a,-1.140625,a,-1.140625
t,-0.98046875,t,-0.94140625
a,-1.140625,a,-1.1640625
g,-1.890625,g,-1.875
t,-1.0546875,t,-1.0546875
g,-1.546875,g,-1.6015625
g,-1.5859375,g,-1.578125
c,-1.5625,c,-1.484375
t,-0.83984375,t,-0.87890625
t,-1.2734375,t,-1.28125
c,-2.125,c,-2.125
t,-0.8203125,t,-0.83984375
t,-1.09375,t,-1.125
g,-1.703125,g,-1.7578125
t,-1.1015625,t,-1.1015625
g,-1.546875,g,-1.609375
a,-1.328125,a,-1.3125
t,-1.2890625,t,-1.3203125
t,-1.1328125,t,-1.1171875
t,-0.8515625,t,-0.85546875
t,-0.8828125,t,-0.87109375
a,-1.5859375,a,-1.546875
a,-1.328125,a,-1.2734375
t,-1.1875,t,-1.2265625
t,-0.765625,t,-0.75390625
a,-1.34375,a,-1.3203125
g,-1.5859375,g,-1.625
c,-1.5859375,c,-1.5234375
a,-1.390625,a,-1.296875
t,-1.28125,t,-1.3515625
t,-0.8671875,t,-0.875
t,-0.76171875,t,-0.71875
c,-2.015625,c,-2.0
c,-1.5703125,c,-1.6484375
t,-0.89453125,t,-0.859375
a,-1.734375,a,-1.78125
a,-1.1484375,a,-1.1875
t,-1.2890625,t,-1.3203125
g,-1.515625,g,-1.546875
a,-1.4140625,a,-1.3671875
c,-1.859375,c,-1.828125
c,-1.6015625,c,-1.578125
a,-1.1015625,a,-1.1171875
g,-1.5390625,g,-1.578125
t,-1.2421875,t,-1.2109375
g,-1.3984375,g,-1.4140625
c,-1.78125,c,-1.796875
t,-0.84765625,t,-0.7890625
g,-1.4375,g,-1.4375
c,-1.7734375,c,-1.7265625
t,-0.90234375,t,-0.91796875
g,-1.2890625,g,-1.2890625
t,-0.99609375,t,-0.95703125
t,-1.1171875,t,-1.0859375
g,-1.4765625,g,-1.4609375
a,-1.5,a,-1.515625
t,-1.328125,t,-1.265625
c,-1.7734375,c,-1.765625
a,-1.2265625,a,-1.2109375
t,-1.25,t,-1.21875
t,-1.0546875,t,-1.0546875
t,-0.9453125,t,-0.97265625
c,-1.609375,c,-1.671875
a,-1.2578125,a,-1.28125
t,-1.1796875,t,-1.1796875
g,-1.6328125,g,-1.6484375
a,-1.4140625,a,-1.4296875
g,-1.453125,g,-1.4453125
t,-1.234375,t,-1.203125
g,-1.4375,g,-1.4375
t,-1.109375,t,-1.0546875
a,-1.6328125,a,-1.6484375
t,-1.0390625,t,-1.0234375
t,-1.0390625,t,-1.0390625
t,-0.765625,t,-0.7578125
g,-1.578125,g,-1.6328125
c,-1.6796875,c,-1.703125
c,-1.546875,c,-1.5234375
a,-1.0546875,a,-1.03125
t,-1.203125,t,-1.2109375
c,-1.6484375,c,-1.625
c,-1.6015625,c,-1.5703125
g,-3.625,g,-3.59375
t,-0.9921875,t,-0.9921875
a,-1.640625,a,-1.578125
t,-1.203125,t,-1.1796875
a,-1.5234375,a,-1.5703125
t,-1.0234375,t,-1.0625
c,-1.7265625,c,-1.6796875
t,-0.859375,t,-0.87890625
t,-1.0703125,t,-1.078125
t,-0.921875,t,-0.9453125
t,-0.921875,t,-0.921875
t,-0.8984375,t,-0.8984375
t,-0.84375,t,-0.828125
g,-2.015625,g,-2.0625
g,-1.890625,g,-1.859375
t,-0.984375,t,-1.03125
g,-1.4921875,g,-1.484375
a,-1.5078125,a,-1.4296875
a,-1.328125,a,-1.3046875
g,-1.3046875,g,-1.2421875
t,-1.1875,t,-1.1875
g,-1.2109375,g,-1.265625
t,-1.1015625,t,-1.1015625
c,-1.8984375,c,-1.921875
t,-0.6796875,t,-0.6953125
a,-1.7421875,a,-1.7265625
t,-1.1328125,t,-1.1328125
t,-0.96875,t,-1.0
c,-1.9296875,c,-1.875
a,-1.21875,a,-1.21875
a,-1.5078125,a,-1.5234375
a,-1.0078125,a,-1.0078125
t,-1.171875,t,-1.125
c,-1.8203125,c,-1.78125
a,-1.2421875,a,-1.2890625
t,-1.0703125,t,-1.09375
t,-0.92578125,t,-0.91015625
t,-0.78125,t,-0.79296875
g,-1.84375,g,-1.828125
g,-1.7265625,g,-1.703125
g,-1.4921875,g,-1.4921875
t,-1.2265625,t,-1.2265625
t,-0.9921875,t,-0.9921875
t,-0.8046875,t,-0.83984375
t,-0.80078125,t,-0.82421875
t,-0.86328125,t,-0.87109375
t,-0.71484375,t,-0.72265625
t,-0.6328125,t,-0.6328125
t,-0.53125,t,-0.5390625
t,-0.45703125,t,-0.42578125
t,-0.33007812,t,-0.34179688
t,-0.26367188,t,-0.26367188
t,-0.19726562,t,-0.19335938
t,-0.17773438,t,-0.17480469
t,-0.16503906,t,-0.16210938
g,-2.71875,g,-2.609375
t,-1.1875,t,-1.171875
t,-0.20898438,t,-0.19824219
t,-0.18359375,t,-0.17089844
t,-0.19140625,t,-0.18359375
t,-0.296875,t,-0.29882812
t,-0.4609375,t,-0.48828125
t,-0.27539062,t,-0.25
t,-0.24902344,t,-0.24414062
t,-0.17871094,t,-0.17285156
t,-0.20410156,t,-0.20117188
t,-0.18945312,t,-0.21972656
t,-0.19238281,t,-0.20800781
g,-2.203125,g,-2.1875
g,-2.375,g,-2.359375
a,-1.421875,a,-1.4296875
g,-0.38476562,g,-0.39648438
a,-0.22949219,a,-0.22851562
c,-0.85546875,c,-0.890625
a,-0.265625,a,-0.2734375
g,-0.1953125,g,-0.18554688
t,-3.09375,t,-3.21875
g,-0.49023438,g,-0.41210938
t,-0.04638672,t,-0.043701172
c,-0.8828125,c,-0.890625
t,-0.3671875,t,-0.44726562
c,-0.40820312,c,-0.34375
a,-1.25,a,-1.2265625
c,-0.11767578,c,-0.11621094
t,-0.061767578,t,-0.068359375
c,-0.15625,c,-0.16308594
t,-0.10058594,t,-0.09667969
g,-0.16894531,g,-0.15722656
t,-0.084472656,t,-0.08203125
c,-0.21191406,c,-0.21191406
a,-0.671875,a,-0.67578125
c,-0.02331543,c,-0.023925781
c,-0.053710938,c,-0.053222656
c,-0.095703125,c,-0.088378906
a,-0.022216797,a,-0.018554688
g,-0.020141602,g,-0.022460938
g,-0.048339844,g,-0.052246094
c,-0.09863281,c,-0.10498047
t,-0.020751953,t,-0.01940918
g,-0.029052734,g,-0.030883789
t,-4.0625,t,-3.875
t,-3.703125,t,-3.640625
g,-0.81640625,g,-0.859375
t,-0.3671875,t,-0.34960938
g,-1.5,g,-1.5703125
c,-1.9453125,c,-2.046875
a,-1.0703125,a,-1.1796875
g,-1.140625,g,-1.125
t,-1.625,t,-1.53125
g,-0.83984375,g,-0.8515625
g,-0.5625,g,-0.5625
t,-1.1640625,t,-1.109375
g,-0.24609375,g,-0.25976562
c,-0.68359375,c,-0.61328125
a,-1.109375,a,-1.1328125
a,-0.25,a,-0.23632812
t,-0.01953125,t,-0.01965332
c,-0.060302734,c,-0.0625
a,-1.6953125,a,-1.6953125
c,-1.1953125,c,-1.1953125
a,-0.49023438,a,-0.49414062
c,-3.46875,c,-3.34375
a,-3.5625,a,-3.515625
g,-3.140625,g,-3.15625
c,-0.9765625,c,-0.9140625
c,-1.828125,c,-1.78125
t,-0.74609375,t,-0.76171875
a,-3.375,a,-3.484375
c,-1.3671875,c,-1.421875
t,-0.76953125,t,-0.81640625
g,-1.7578125,g,-1.8046875
c,-0.5546875,c,-0.6015625
a,-0.018188477,a,-0.016723633
g,-1.4296875,g,-1.4375
c,-0.71875,c,-0.75
c,-0.23535156,c,-0.22753906
t,-0.115722656,t,-0.11279297
c,-0.265625,c,-0.27539062
c,-0.86328125,c,-0.89453125
a,-0.4765625,a,-0.47265625
c,-1.1953125,c,-1.2265625
c,-0.19433594,c,-0.19824219
t,-0.103027344,t,-0.10839844
c,-0.09814453,c,-0.100097656
c,-0.15429688,c,-0.16113281
t,-0.84765625,t,-0.8515625
g,-0.110839844,g,-0.10644531
c,-3.140625,c,-3.15625
g,-0.90234375,g,-0.953125
c,-3.296875,c,-3.484375
t,-1.2421875,t,-1.2109375
c,-0.94921875,c,-0.98828125
a,-0.625,a,-0.64453125
g,-2.015625,g,-1.9375
t,-4.03125,t,-3.9375
c,-0.859375,c,-0.96484375
t,-0.62890625,t,-0.6328125
t,-2.515625,t,-2.4375
c,-0.30664062,c,-0.30859375
t,-1.40625,t,-1.3671875
t,-2.1875,t,-2.078125
g,-1.6875,g,-1.609375
t,-1.515625,t,-1.5859375
c,-1.078125,c,-1.0703125
t,-0.122558594,t,-0.114746094
c,-0.50390625,c,-0.48046875
a,-0.84765625,a,-0.83984375
g,-1.25,g,-1.25
c,-0.73046875,c,-0.7890625
c,-0.2734375,c,-0.25976562
t,-0.45703125,t,-0.4140625
t,-2.5625,t,-2.40625
c,-0.26367188,c,-0.26757812
t,-1.1171875,t,-1.1171875
g,-0.484375,g,-0.48242188
a,-0.15234375,a,-0.16308594
g,-0.16894531,g,-0.18945312
t,-0.37695312,t,-0.35546875
a,-0.15429688,a,-0.16210938
g,-0.20507812,g,-0.19824219
c,-0.07421875,c,-0.07373047
t,-0.03930664,t,-0.0390625
g,-0.047851562,g,-0.04321289
a,-2.546875,a,-2.546875
a,-3.109375,a,-3.0625
a,-0.24316406,a,-0.20800781
t,-1.078125,t,-1.0390625
t,-0.828125,t,-0.87109375
a,-0.83984375,a,-0.828125
c,-0.3359375,c,-0.359375
g,-3.578125,g,-3.515625
a,-2.78125,a,-2.796875
g,-0.118652344,g,-0.109375
c,-0.96484375,c,-1.0078125
a,-0.19433594,a,-0.19042969
c,-0.3359375,c,-0.3515625
a,-2.125,a,-1.9921875
c,-1.65625,c,-1.6015625
g,-1.390625,g,-1.421875
c,-0.30859375,c,-0.3046875
c,-0.50390625,c,-0.54296875
a,-0.515625,a,-0.4921875
c,-0.5390625,c,-0.515625
a,-1.8203125,a,-1.890625
a,-1.015625,a,-1.09375
t,-1.0234375,t,-1.0390625
g,-0.7578125,g,-0.6953125
c,-0.78125,c,-0.83203125
c,-0.25195312,c,-0.24707031
t,-0.6953125,t,-0.71875
g,-0.56640625,g,-0.55078125
g,-0.16210938,g,-0.171875
c,-0.107910156,c,-0.11767578
t,-0.734375,t,-0.6171875
a,-0.515625,a,-0.48632812
a,-0.421875,a,-0.421875
t,-0.23242188,t,-0.21582031
t,-0.20898438,t,-0.20996094
t,-0.08544922,t,-0.08544922
t,-0.078125,t,-0.083496094
t,-0.14160156,t,-0.140625
t,-0.7578125,t,-0.73828125
a,-1.5,a,-1.4921875
a,-1.015625,a,-0.96875
a,-0.6953125,a,-0.71875
a,-0.71875,a,-0.6796875
t,-0.74609375,t,-0.7734375
t,-0.53515625,t,-0.5625
t,-0.80859375,t,-0.7578125
t,-0.5859375,t,-0.578125
g,-1.8125,g,-1.875
t,-0.35742188,t,-0.3671875
a,-0.9765625,a,-0.92578125
g,-1.5625,g,-1.46875
a,-1.03125,a,-1.03125
a,-1.953125,a,-1.953125
a,-0.37304688,a,-0.38867188
c,-1.546875,c,-1.671875
a,-0.29101562,a,-0.28515625
a,-1.7421875,a,-1.7109375
g,-0.5703125,g,-0.58203125
g,-1.609375,g,-1.6328125
t,-0.89453125,t,-0.875
c,-0.75390625,c,-0.71875
t,-0.1796875,t,-0.17382812
c,-0.83984375,c,-0.80859375
a,-0.43945312,a,-0.42773438
t,-3.4375,t,-3.4375
t,-0.50390625,t,-0.53515625
a,-1.5625,a,-1.5859375
t,-0.21679688,t,-0.19433594
g,-0.61328125,g,-0.6484375
t,-0.08300781,t,-0.07861328
t,-0.33203125,t,-0.359375
g,-0.46679688,g,-0.49023438
c,-1.1015625,c,-1.1015625
c,-0.359375,c,-0.40234375
t,-1.40625,t,-1.3984375
g,-1.625,g,-1.4609375
g,-0.24902344,g,-0.27929688
g,-0.24121094,g,-0.23535156
c,-0.107421875,c,-0.09765625
t,-0.14257812,t,-0.15625
t,-1.546875,t,-1.5390625
g,-0.6953125,g,-0.6875
t,-1.4453125,t,-1.4765625
c,-1.6328125,c,-1.671875
g,-2.84375,g,-2.890625
t,-0.38085938,t,-0.3515625
g,-0.26953125,g,-0.265625
a,-0.87890625,a,-0.859375
a,-1.765625,a,-1.7109375
c,-0.859375,c,-0.95703125
t,-0.3984375,t,-0.42773438
c,-0.7890625,c,-0.7890625
c,-1.5546875,c,-1.5703125
t,-0.3671875,t,-0.3515625
g,-0.24804688,g,-0.22949219
g,-1.0390625,g,-1.078125
g,-1.453125,g,-1.40625
c,-0.22558594,c,-0.234375
t,-0.057617188,t,-0.056396484
c,-0.14550781,c,-0.16894531
a,-0.06689453,a,-0.06689453
a,-0.13476562,a,-0.16015625
g,-0.06982422,g,-0.07421875
c,-0.52734375,c,-0.53125
a,-0.8203125,a,-0.85546875
a,-0.3671875,a,-0.37109375
t,-0.064453125,t,-0.060058594
c,-0.119140625,c,-0.14941406
t,-1.6875,t,-1.6875
t,-0.76171875,t,-0.6328125
c,-0.1796875,c,-0.171875
c,-0.265625,c,-0.22949219
t,-0.9453125,t,-0.98828125
g,-0.092285156,g,-0.10449219
c,-0.26171875,c,-0.24902344
c,-0.18164062,c,-0.15625
t,-0.018310547,t,-0.018554688
c,-0.6875,c,-0.78515625
a,-0.10498047,a,-0.10839844
g,-0.04345703,g,-0.043945312
c,-0.048583984,c,-0.05419922
c,-0.0625,c,-0.064941406
t,-0.033203125,t,-0.02746582
c,-0.05493164,c,-0.05444336
c,-0.07373047,c,-0.061279297
c,-0.25585938,c,-0.26171875
a,-0.27148438,a,-0.2578125
a,-0.033203125,a,-0.04248047
a,-0.39453125,a,-0.375
g,-0.16015625,g,-0.18847656
a,-3.609375,a,-3.609375
t,-3.546875,t,-3.5
t,-1.296875,t,-1.1328125
g,-2.96875,g,-3.0625
g,-0.16113281,g,-0.171875
g,-0.27929688,g,-0.265625
a,-1.359375,a,-1.3046875
t,-1.3359375,t,-1.3046875
t,-0.69921875,t,-0.69921875
g,-3.5625,g,-3.578125
c,-0.5234375,c,-0.5234375
a,-0.40039062,a,-0.37304688
a,-2.1875,a,-2.28125
g,-0.14355469,g,-0.14257812
t,-2.328125,t,-2.34375
a,-1.53125,a,-1.4375
t,-0.92578125,t,-0.92578125
g,-0.5390625,g,-0.5
a,-1.1484375,a,-1.1875
g,-0.16308594,g,-0.17480469
c,-0.5078125,c,-0.4765625
c,-0.12792969,c,-0.13378906
a,-0.029296875,a,-0.028686523
c,-0.22558594,c,-0.1953125
t,-0.55078125,t,-0.609375
g,-0.08154297,g,-0.091796875
c,-0.9453125,c,-0.875
a,-0.5546875,a,-0.50390625
c,-0.040527344,c,-0.040527344
c,-0.18652344,c,-0.18652344
c,-0.48828125,c,-0.48828125
g,-0.890625,g,-0.89453125
g,-0.104003906,g,-0.106933594
c,-0.083984375,c,-0.091796875
c,-0.328125,c,-0.35546875
a,-1.390625,a,-1.46875
a,-1.0625,a,-1.1328125
c,-1.7421875,c,-1.6484375
t,-1.0234375,t,-0.98828125
t,-0.87109375,t,-0.81640625
a,-2.078125,a,-2.109375
c,-2.03125,c,-2.0625
c,-1.5,c,-1.5234375
c,-1.6875,c,-1.6171875
a,-0.9609375,a,-0.95703125
t,-1.1796875,t,-1.1328125
c,-1.4609375,c,-1.390625
t,-0.62890625,t,-0.57421875
t,-1.2265625,t,-1.2109375
t,-1.0625,t,-1.0625
t,-1.1875,t,-1.1875
a,-1.921875,a,-1.9375
a,-1.1328125,a,-1.109375
t,-1.3125,t,-1.3125
t,-0.828125,t,-0.8046875
g,-2.140625,g,-2.125
a,-1.3828125,a,-1.453125
a,-1.2109375,a,-1.25
t,-1.2265625,t,-1.25
t,-0.765625,t,-0.77734375
t,-0.8828125,t,-0.8828125
t,-0.70703125,t,-0.75
t,-0.78125,t,-0.8046875
t,-0.64453125,t,-0.66015625
t,-0.6640625,t,-0.7109375
g,-2.28125,g,-2.328125
t,-0.53515625,t,-0.5859375
t,-0.60546875,t,-0.5859375
g,-2.015625,g,-2.015625
t,-0.66015625,t,-0.703125
t,-0.265625,t,-0.28320312
g,-0.859375,g,-0.8515625
a,-1.75,a,-1.796875
g,-1.171875,g,-1.140625
g,-2.359375,g,-2.40625
t,-0.54296875,t,-0.55859375
t,-1.140625,t,-1.1171875
t,-1.9921875,t,-1.8984375
g,-1.484375,g,-1.515625
a,-1.015625,a,-0.98046875
g,-0.87109375,g,-0.8046875
a,-0.54296875,a,-0.56640625
g,-1.7265625,g,-1.8984375
t,-5.03125,t,-4.875
t,-1.734375,t,-1.734375
c,-2.5,c,-2.625
t,-1.046875,t,-1.0078125
t,-0.50390625,t,-0.49609375
c,-2.40625,c,-2.546875
a,-2.0625,a,-2.0625
t,-1.0234375,t,-0.99609375
g,-1.234375,g,-1.2109375
t,-1.0625,t,-0.99609375
t,-1.3984375,t,-1.375
t,-0.62890625,t,-0.625
g,-1.6015625,g,-1.5390625
c,-1.96875,c,-2.046875
t,-1.0625,t,-1.0
g,-1.75,g,-1.734375
g,-1.125,g,-1.1015625
g,-1.109375,g,-1.1328125
t,-1.234375,t,-1.2890625
a,-1.671875,a,-1.6484375
c,-1.71875,c,-1.7734375
a,-0.55859375,a,-0.52734375
a,-1.6875,a,-1.75
t,-0.703125,t,-0.7109375
a,-1.8984375,a,-2.03125
t,-1.328125,t,-1.3515625
c,-1.4140625,c,-1.375
t,-0.48242188,t,-0.49023438
t,-1.203125,t,-1.25
t,-0.96875,t,-1.0234375
a,-1.578125,a,-1.5625
t,-1.0390625,t,-1.0625
c,-1.8515625,c,-1.796875
a,-1.2265625,a,-1.2265625
g,-1.7578125,g,-1.7265625
a,-1.4765625,a,-1.46875
t,-1.2421875,t,-1.265625
a,-1.2734375,a,-1.2421875
g,-1.7265625,g,-1.734375
g,-1.6796875,g,-1.6953125
t,-1.21875,t,-1.2578125
a,-1.4140625,a,-1.421875
a,-1.4375,a,-1.484375
c,-1.8203125,c,-1.8203125
t,-0.96875,t,-0.95703125
t,-0.98828125,t,-0.97265625
g,-1.6640625,g,-1.7421875
c,-1.7578125,c,-1.7421875
a,-1.21875,a,-1.234375
t,-1.078125,t,-1.1171875
g,-1.453125,g,-1.4765625
t,-0.91015625,t,-0.8984375
a,-1.5625,a,-1.5546875
t,-0.86328125,t,-0.83984375
t,-1.0703125,t,-1.1015625
t,-0.7265625,t,-0.73828125
t,-0.96875,t,-0.984375
c,-1.7734375,c,-1.8125
t,-0.89453125,t,-0.89453125
c,-1.765625,c,-1.7890625
c,-1.6015625,c,-1.6171875
c,-1.5859375,c,-1.5859375
g,-3.140625,g,-3.21875
g,-1.7109375,g,-1.7109375
t,-1.078125,t,-1.03125
t,-0.90234375,t,-0.96875
t,-0.7578125,t,-0.734375
a,-1.8828125,a,-1.8671875
c,-1.4453125,c,-1.53125
a,-1.140625,a,-1.1796875
c,-1.9609375,c,-1.90625
t,-1.0625,t,-1.0859375
t,-1.0078125,t,-0.99609375
t,-0.84765625,t,-0.88671875
g,-1.5703125,g,-1.53125
g,-1.421875,g,-1.3828125
t,-1.2734375,t,-1.2578125
t,-0.94921875,t,-0.92578125
t,-0.72265625,t,-0.77734375
t,-0.8515625,t,-0.84375
t,-0.82421875,t,-0.8125
c,-1.953125,c,-1.9140625
a,-1.484375,a,-1.4453125
t,-1.0,t,-1.0078125
t,-0.7578125,t,-0.75390625
t,-0.61328125,t,-0.62890625
t,-0.671875,t,-0.671875
g,-1.7734375,g,-1.75
t,-0.77734375,t,-0.765625
t,-0.76171875,t,-0.75390625
a,-1.9140625,a,-1.8984375
a,-1.484375,a,-1.515625
c,-2.0625,c,-1.9921875
a,-1.078125,a,-1.0703125
a,-1.453125,a,-1.484375
c,-2.125,c,-2.203125
g,-2.921875,g,-2.953125
t,-0.8671875,t,-0.86328125
c,-1.84375,c,-1.8671875
t,-0.77734375,t,-0.7890625
t,-1.0390625,t,-1.046875
t,-0.82421875,t,-0.8359375
t,-0.99609375,t,-1.0078125
t,-0.8203125,t,-0.83984375
a,-1.484375,a,-1.453125
a,-1.03125,a,-1.046875
g,-1.8359375,g,-1.8515625
a,-0.921875,a,-1.0
a,-1.140625,a,-1.1640625
c,-2.40625,c,-2.390625
a,-0.9453125,a,-0.8671875
g,-1.25,g,-1.296875
a,-1.15625,a,-1.171875
a,-0.9921875,a,-1.0859375
a,-1.09375,a,-1.0703125
a,-1.2109375,a,-1.2265625
t,-1.1328125,t,-1.109375
c,-2.0625,c,-2.03125
t,-0.9765625,t,-0.94140625
t,-0.9375,t,-0.94921875
a,-1.3203125,a,-1.328125
a,-1.265625,a,-1.2265625
t,-1.15625,t,-1.203125
t,-1.0234375,t,-1.0234375
t,-0.8828125,t,-0.8515625
t,-0.84765625,t,-0.8359375
g,-1.859375,g,-1.8515625
c,-2.0625,c,-2.078125
t,-0.8828125,t,-0.82421875
g,-1.640625,g,-1.578125
a,-1.4453125,a,-1.4453125
a,-1.2734375,a,-1.2734375
a,-1.1328125,a,-1.1953125
t,-1.078125,t,-1.0625
c,-1.84375,c,-1.859375
t,-0.828125,t,-0.84765625
a,-1.6328125,a,-1.5703125
a,-1.1796875,a,-1.1796875
t,-1.21875,t,-1.1640625
t,-0.9921875,t,-0.9921875
t,-0.875,t,-0.8828125
t,-0.84765625,t,-0.83984375
t,-0.87890625,t,-0.87890625
c,-1.875,c,-1.875
a,-1.2578125,a,-1.2734375
g,-1.5546875,g,-1.5390625
t,-1.1015625,t,-1.1171875
t,-0.7734375,t,-0.76171875
t,-0.75390625,t,-0.71875
t,-0.734375,t,-0.72265625
t,-0.79296875,t,-0.81640625
t,-0.79296875,t,-0.80078125
c,-1.984375,c,-1.9765625
t,-0.5703125,t,-0.609375
t,-0.56640625,t,-0.5625
t,-0.51171875,t,-0.50390625
g,-2.140625,g,-2.140625
a,-1.3515625,a,-1.3984375
t,-1.1953125,t,-1.125
g,-1.765625,g,-1.7265625
g,-1.6171875,g,-1.6171875
t,-1.0625,t,-1.0625
t,-0.859375,t,-0.82421875
t,-0.64453125,t,-0.6953125
t,-0.7421875,t,-0.7890625
g,-1.515625,g,-1.578125
a,-1.3203125,a,-1.359375
g,-1.2109375,g,-1.1875
a,-1.0625,a,-1.03125
g,-1.90625,g,-1.8671875
a,-0.7734375,a,-0.71875
g,-1.3203125,g,-1.265625
g,-1.390625,g,-1.4375
a,-1.4765625,a,-1.4296875
g,-1.7421875,g,-1.7109375
g,-1.34375,g,-1.3359375
t,-1.1171875,t,-1.1328125
a,-1.6015625,a,-1.5390625
a,-1.2578125,a,-1.328125
a,-1.1171875,a,-1.0625
a,-0.953125,a,-0.9765625
a,-1.0625,a,-1.0546875
a,-1.0078125,a,-1.046875
a,-0.86328125,a,-0.91015625
g,-1.671875,g,-1.6875
a,-1.09375,a,-1.0625
c,-2.140625,c,-2.125
t,-1.296875,t,-1.34375
a,-1.3359375,a,-1.3203125
g,-1.671875,g,-1.6640625
g,-1.6640625,g,-1.6328125
t,-1.1953125,t,-1.1875
a,-1.203125,a,-1.234375
a,-1.140625,a,-1.1484375
g,-1.609375,g,-1.515625
c,-2.078125,c,-2.09375
c,-1.6640625,c,-1.7265625
g,-3.34375,g,-3.34375
a,-1.25,a,-1.234375
t,-1.578125,t,-1.5859375
a,-1.515625,a,-1.5703125
g,-1.7265625,g,-1.71875
t,-1.2578125,t,-1.21875
t,-1.0625,t,-1.03125
a,-1.5,a,-1.4375
g,-1.4296875,g,-1.4296875
a,-1.1484375,a,-1.1328125
c,-1.953125,c,-1.90625
a,-0.77734375,a,-0.83203125
g,-1.3828125,g,-1.3359375
a,-1.015625,a,-1.046875
g,-1.4453125,g,-1.4453125
t,-1.3671875,t,-1.40625
c,-1.546875,c,-1.6640625
c,-1.6875,c,-1.65625
t,-0.91796875,t,-0.87890625
c,-1.7578125,c,-1.703125
g,-3.203125,g,-3.109375
g,-1.203125,g,-1.140625
t,-1.2265625,t,-1.2734375
a,-1.4375,a,-1.453125
g,-1.390625,g,-1.34375
a,-1.1953125,a,-1.2109375
a,-1.046875,a,-1.0859375
c,-1.8828125,c,-1.9375
t,-1.078125,t,-1.109375
t,-1.2421875,t,-1.1953125
c,-1.6953125,c,-1.65625
c,-1.515625,c,-1.4453125
c,-1.53125,c,-1.4765625
t,-0.984375,t,-0.91015625
t,-1.1640625,t,-1.140625
c,-1.2734375,c,-1.2734375
t,-0.93359375,t,-0.9140625
a,-1.8046875,a,-1.84375
a,-1.2265625,a,-1.2109375
c,-1.7421875,c,-1.7578125
a,-1.0546875,a,-1.03125
a,-1.234375,a,-1.2265625
a,-0.94140625,a,-0.9140625
a,-1.03125,a,-1.0390625
a,-1.03125,a,-1.0078125
g,-1.6640625,g,-1.671875
c,-1.6953125,c,-1.71875
a,-0.76953125,a,-0.80078125
g,-1.4609375,g,-1.484375
c,-1.5859375,c,-1.4296875
c,-1.53125,c,-1.484375
c,-1.6171875,c,-1.6171875
a,-0.82421875,a,-0.86328125
a,-1.6015625,a,-1.6015625
g,-1.4140625,g,-1.359375
a,-1.140625,a,-1.1796875
a,-1.09375,a,-1.09375
a,-1.0,a,-1.0
t,-1.3671875,t,-1.4296875
c,-1.765625,c,-1.765625
a,-0.90625,a,-0.9296875
c,-1.8515625,c,-1.875
t,-1.0625,t,-1.0625
t,-1.0859375,t,-1.0703125
c,-1.515625,c,-1.53125
t,-0.99609375,t,-0.95703125
c,-1.5625,c,-1.5625
t,-0.91796875,t,-0.8671875
t,-1.1484375,t,-1.1796875
c,-1.3828125,c,-1.390625
t,-0.9296875,t,-0.9296875
a,-1.8046875,a,-1.8359375
a,-1.140625,a,-1.1640625
c,-1.828125,c,-1.7890625
a,-0.98828125,a,-0.98828125
a,-1.109375,a,-1.171875
g,-1.6796875,g,-1.6796875
g,-1.609375,g,-1.59375
a,-1.0546875,a,-1.046875
g,-1.578125,g,-1.578125
c,-1.8203125,c,-1.7578125
a,-0.98046875,a,-1.078125
g,-1.28125,g,-1.2734375
c,-1.8359375,c,-1.8203125
c,-1.671875,c,-1.671875
t,-1.140625,t,-1.140625
g,-1.2734375,g,-1.2578125
g,-1.25,g,-1.2734375
a,-1.15625,a,-1.2109375
a,-1.0703125,a,-1.03125
g,-1.2734375,g,-1.2734375
a,-0.98828125,a,-0.9765625
t,-1.5390625,t,-1.546875
c,-1.828125,c,-1.7890625
g,-2.921875,g,-2.890625
g,-1.4609375,g,-1.4453125
g,-1.1953125,g,-1.1640625
c,-1.71875,c,-1.7421875
t,-1.0859375,t,-1.078125
g,-1.109375,g,-1.09375
t,-1.4140625,t,-1.4140625
a,-1.7578125,a,-1.65625
a,-1.6015625,a,-1.5
a,-1.3125,a,-1.296875
c,-1.4921875,c,-1.4765625
a,-0.65234375,a,-0.69921875
t,-1.5546875,t,-1.5234375
g,-1.359375,g,-1.359375
t,-1.1328125,t,-1.1953125
a,-1.2734375,a,-1.2734375
t,-1.2890625,t,-1.234375
a,-1.0625,a,-1.0234375
a,-1.4296875,a,-1.421875
g,-2.0625,g,-2.109375
g,-1.75,g,-1.796875
a,-0.92578125,a,-0.921875
a,-0.9375,a,-0.97265625
g,-1.5546875,g,-1.6015625
c,-1.921875,c,-1.9140625
a,-0.90625,a,-0.8515625
g,-1.1875,g,-1.2421875
c,-1.75,c,-1.734375
t,-1.109375,t,-1.0546875
c,-1.7734375,c,-1.828125
t,-1.0234375,t,-1.0390625
g,-0.83203125,g,-0.8515625
g,-1.328125,g,-1.296875
c,-1.625,c,-1.671875
a,-1.5234375,a,-1.5625
c,-1.609375,c,-1.640625
a,-0.89453125,a,-0.87890625
g,-0.9375,g,-0.91015625
a,-1.3671875,a,-1.359375
g,-0.875,g,-0.859375
g,-1.2890625,g,-1.3203125
g,-1.578125,g,-1.515625
g,-1.7109375,g,-1.75
g,-1.5625,g,-1.6328125
a,-1.0234375,a,-1.046875
g,-0.94140625,g,-0.875
c,-2.203125,c,-2.125
t,-1.171875,t,-1.1171875
t,-1.65625,t,-1.703125
c,-1.5078125,c,-1.5
c,-1.3984375,c,-1.375
t,-0.87109375,t,-0.8515625
g,-1.046875,g,-1.0
g,-0.984375,g,-1.03125
g,-0.96484375,g,-1.015625
t,-1.390625,t,-1.3671875
a,-1.5625,a,-1.5625
a,-1.1796875,a,-1.203125
t,-1.4609375,t,-1.484375
c,-1.8203125,c,-1.8359375
a,-1.078125,a,-1.125
g,-1.0625,g,-1.1328125
c,-1.7890625,c,-1.7109375
a,-1.015625,a,-1.046875
a,-1.6015625,a,-1.5546875
g,-1.171875,g,-1.1875
c,-1.6015625,c,-1.6015625
t,-1.171875,t,-1.125
t,-1.4296875,t,-1.46875
c,-1.3671875,c,-1.4296875
a,-1.03125,a,-1.0546875
c,-1.5859375,c,-1.625
a,-1.1875,a,-1.140625
t,-1.4140625,t,-1.4296875
a,-1.5078125,a,-1.5234375
c,-1.453125,c,-1.484375
g,-3.0,g,-2.78125
t,-1.1328125,t,-1.1953125
a,-1.515625,a,-1.4765625
a,-1.4375,a,-1.40625
g,-1.3828125,g,-1.4375
g,-1.3515625,g,-1.4140625
t,-1.578125,t,-1.625
g,-1.3125,g,-1.359375
g,-1.1875,g,-1.15625
g,-1.265625,g,-1.3125
t,-1.515625,t,-1.4921875
a,-1.4921875,a,-1.4765625
t,-1.4296875,t,-1.46875
g,-1.171875,g,-1.140625
t,-1.3125,t,-1.2734375
g,-0.7578125,g,-0.81640625
a,-1.4296875,a,-1.3984375
a,-1.3046875,a,-1.3125
g,-1.125,g,-1.1328125
t,-1.65625,t,-1.6640625
a,-1.546875,a,-1.5546875
a,-1.3046875,a,-1.2890625
a,-1.046875,a,-1.03125
c,-1.828125,c,-1.859375
a,-0.83984375,a,-0.83984375
c,-1.6640625,c,-1.6484375
a,-0.8828125,a,-0.85546875
g,-1.1640625,g,-1.1796875
t,-1.3984375,t,-1.34375
a,-1.359375,a,-1.3125
t,-1.5,t,-1.484375
g,-1.4609375,g,-1.4140625
t,-1.1171875,t,-1.1484375
g,-1.1328125,g,-1.1640625
a,-1.265625,a,-1.265625
a,-1.203125,a,-1.1875
g,-1.3984375,g,-1.34375
t,-1.4921875,t,-1.5234375
a,-1.5,a,-1.4765625
a,-1.078125,a,-1.1484375
a,-1.0078125,a,-1.0078125
c,-1.953125,c,-2.0
a,-0.75,a,-0.78125
c,-1.765625,c,-1.75
a,-0.8515625,a,-0.81640625
g,-1.171875,g,-1.1953125
t,-1.4765625,t,-1.3984375
g,-1.1171875,g,-1.109375
g,-1.2109375,g,-1.171875
a,-1.34375,a,-1.28125
c,-1.984375,c,-1.9921875
c,-1.6015625,c,-1.5625
t,-0.96484375,t,-0.9765625
t,-1.328125,t,-1.328125
a,-1.5859375,a,-1.578125
g,-1.2421875,g,-1.234375
t,-1.4609375,t,-1.515625
a,-1.6015625,a,-1.6171875
c,-1.890625,c,-1.875
a,-1.0546875,a,-1.140625
t,-1.2734375,t,-1.3046875
a,-1.390625,a,-1.40625
c,-1.6484375,c,-1.6484375
t,-1.125,t,-1.125
c,-1.578125,c,-1.6015625
a,-0.8515625,a,-0.87109375
g,-1.21875,g,-1.1796875
a,-1.046875,a,-1.0703125
t,-1.6015625,t,-1.6328125
a,-1.265625,a,-1.25
a,-1.2109375,a,-1.1484375
g,-1.6328125,g,-1.625
g,-1.53125,g,-1.4921875
a,-1.0078125,a,-0.9921875
a,-0.93359375,a,-0.9453125
g,-1.34375,g,-1.3359375
c,-1.8046875,c,-1.859375
t,-1.1875,t,-1.1640625
g,-1.0390625,g,-1.0703125
g,-1.2265625,g,-1.2265625
a,-1.1640625,a,-1.1640625
a,-1.03125,a,-1.0546875
g,-1.2734375,g,-1.234375
c,-1.859375,c,-1.9296875
t,-1.15625,t,-1.09375
t,-1.484375,t,-1.4921875
g,-1.3828125,g,-1.375
c,-1.7421875,c,-1.7890625
a,-1.0859375,a,-1.0859375
t,-1.4296875,t,-1.453125
g,-1.1328125,g,-1.15625
t,-1.2109375,t,-1.1484375
t,-1.3671875,t,-1.3515625
g,-1.3671875,g,-1.3984375
t,-1.328125,t,-1.3515625
g,-1.171875,g,-1.1953125
a,-1.28125,a,-1.375
g,-1.0859375,g,-1.125
t,-1.2734375,t,-1.28125
t,-1.3125,t,-1.2734375
g,-1.578125,g,-1.578125
t,-1.3046875,t,-1.3203125
t,-1.1875,t,-1.234375
g,-1.453125,g,-1.4375
g,-1.140625,g,-1.125
g,-1.171875,g,-1.1640625
g,-1.09375,g,-1.1640625
t,-1.3125,t,-1.28125
t,-0.84375,t,-0.8671875
g,-1.0703125,g,-1.0625
c,-1.765625,c,-1.7109375
c,-2.0625,c,-2.09375
t,-1.0703125,t,-1.0078125
g,-1.0,g,-0.94140625
c,-1.6484375,c,-1.671875
a,-0.97265625,a,-0.97265625
g,-1.0703125,g,-1.0703125
c,-1.828125,c,-1.8203125
t,-1.1328125,t,-1.0859375
g,-1.171875,g,-1.109375
c,-1.4609375,c,-1.4453125
a,-1.1953125,a,-1.171875
c,-1.4765625,c,-1.5625
g,-2.546875,g,-2.46875
g,-1.4453125,g,-1.3984375
a,-1.265625,a,-1.25
g,-0.9921875,g,-0.9921875
a,-1.375,a,-1.390625
g,-1.1953125,g,-1.1328125
a,-1.1171875,a,-1.0859375
a,-1.3203125,a,-1.3515625
a,-0.98046875,a,-0.98828125
g,-1.0390625,g,-1.0390625
g,-1.1796875,g,-1.25
g,-1.1796875,g,-1.2109375
g,-1.53125,g,-1.4921875
t,-1.6875,t,-1.6640625
a,-1.59375,a,-1.6875
c,-1.8984375,c,-1.8828125
c,-1.7109375,c,-1.6875
t,-1.09375,t,-1.1171875
g,-0.8828125,g,-0.85546875
g,-1.0546875,g,-0.9765625
g,-1.0078125,g,-1.03125
g,-1.171875,g,-1.1484375
c,-1.625,c,-1.625
c,-1.40625,c,-1.3984375
a,-1.03125,a,-1.09375
g,-0.76953125,g,-0.80078125
g,-0.921875,g,-0.9296875
c,-1.40625,c,-1.421875
a,-0.9296875,a,-0.87890625
t,-1.5546875,t,-1.4140625
g,-0.796875,g,-0.73046875
t,-2.03125,t,-2.03125
c,-1.9375,c,-1.8828125
c,-1.421875,c,-1.359375
a,-1.4921875,a,-1.453125
c,-1.75,c,-1.7109375
c,-1.5234375,c,-1.5078125
a,-1.0625,a,-1.15625
t,-1.578125,t,-1.5546875
g,-1.0546875,g,-1.03125
g,-1.125,g,-1.109375
t,-1.421875,t,-1.5
g,-0.953125,g,-0.9140625
g,-0.9140625,g,-0.8515625
c,-1.2421875,c,-1.234375
t,-0.9140625,t,-0.890625
c,-0.74609375,c,-0.75390625
c,-2.1875,c,-2.234375
a,-2.484375,a,-2.515625
c,-2.484375,c,-2.390625
c,-0.53125,c,-0.515625
t,-1.109375,t,-1.1171875
c,-1.078125,c,-1.0234375
c,-0.89453125,c,-0.953125
c,-0.9609375,c,-1.03125
c,-1.6015625,c,-1.609375
t,-2.3125,t,-2.28125
t,-2.015625,t,-1.9296875
a,-2.296875,a,-2.203125
t,-1.7421875,t,-1.671875
t,-1.1171875,t,-1.09375
t,-0.953125,t,-0.96875
a,-1.5078125,a,-1.5703125
g,-1.890625,g,-1.78125
c,-1.578125,c,-1.59375
a,-1.21875,a,-1.28125
c,-1.703125,c,-1.6953125
a,-0.96484375,a,-0.96484375
t,-1.2890625,t,-1.21875
g,-1.3359375,g,-1.3046875
c,-1.4609375,c,-1.421875
a,-1.140625,a,-1.15625
c,-1.3515625,c,-1.3515625
a,-0.54296875,a,-0.57421875
a,-2.265625,a,-2.25
t,-1.796875,t,-1.75
a,-1.3046875,a,-1.2578125
g,-1.515625,g,-1.546875
g,-1.921875,g,-1.859375
a,-1.1171875,a,-1.140625
a,-1.1484375,a,-1.1484375
a,-1.25,a,-1.28125
g,-1.4375,g,-1.4375
a,-1.1953125,a,-1.2265625
g,-1.3984375,g,-1.3984375
a,-1.140625,a,-1.1484375
t,-1.6640625,t,-1.71875
a,-1.5234375,a,-1.5078125
a,-1.171875,a,-1.1484375
g,-1.421875,g,-1.4453125
c,-1.8203125,c,-1.828125
a,-0.9453125,a,-0.90625
a,-1.484375,a,-1.4609375
t,-1.5625,t,-1.5625
g,-1.0859375,g,-1.109375
t,-1.359375,t,-1.34375
g,-1.203125,g,-1.2109375
g,-1.1484375,g,-1.1171875
a,-1.28125,a,-1.28125
g,-1.1328125,g,-1.1875
t,-1.546875,t,-1.5546875
a,-1.5078125,a,-1.5546875
g,-1.140625,g,-1.171875
c,-1.640625,c,-1.7109375
t,-1.03125,t,-1.0
c,-1.5625,c,-1.6484375
a,-0.98828125,a,-0.953125
g,-0.921875,g,-0.94140625
g,-1.109375,g,-1.140625
c,-1.390625,c,-1.4453125
c,-1.2265625,c,-1.2265625
a,-1.1015625,a,-1.0859375
a,-1.9765625,a,-1.9921875
g,-0.93359375,g,-0.9921875
g,-1.1171875,g,-1.078125
a,-1.2109375,a,-1.1796875
c,-1.75,c,-1.6875
c,-1.5234375,c,-1.4453125
t,-1.0625,t,-1.0
g,-0.84765625,g,-0.890625
c,-1.796875,c,-1.828125
c,-1.296875,c,-1.2265625
t,-0.83984375,t,-0.8515625
g,-1.0859375,g,-1.0703125
c,-1.4765625,c,-1.453125
a,-1.296875,a,-1.3671875
t,-1.5625,t,-1.6015625
a,-1.90625,a,-1.8671875
a,-1.703125,a,-1.703125
t,-1.6015625,t,-1.5859375
a,-1.6171875,a,-1.5625
a,-1.296875,a,-1.234375
a,-1.1640625,a,-1.1875
a,-1.1953125,a,-1.1328125
g,-1.53125,g,-1.484375
g,-1.2734375,g,-1.3125
t,-1.5625,t,-1.5703125
t,-1.3671875,t,-1.3671875
g,-1.3671875,g,-1.40625
g,-1.3046875,g,-1.2421875
g,-1.328125,g,-1.296875
g,-1.3671875,g,-1.375
t,-1.4140625,t,-1.4375
g,-1.296875,g,-1.234375
g,-1.0234375,g,-0.98046875
g,-1.0,g,-0.96484375
g,-0.93359375,g,-0.93359375
g,-1.203125,g,-1.234375
a,-1.2734375,a,-1.2421875
t,-1.8125,t,-1.8359375
g,-0.6328125,g,-0.6328125
c,-1.765625,c,-1.828125
c,-1.4765625,c,-1.453125
a,-1.1875,a,-1.15625
g,-0.8671875,g,-0.90625
a,-1.34375,a,-1.296875
g,-0.98046875,g,-0.984375
a,-1.2109375,a,-1.1796875
t,-1.4765625,t,-1.4921875
t,-1.4296875,t,-1.390625
c,-1.4375,c,-1.46875
a,-1.0859375,a,-1.1328125
c,-1.734375,c,-1.734375
g,-2.953125,g,-3.0
c,-1.5546875,c,-1.609375
t,-1.125,t,-1.0390625
c,-1.578125,c,-1.53125
t,-1.0234375,t,-1.0234375
g,-1.0546875,g,-1.046875
t,-1.3046875,t,-1.2890625
g,-1.0,g,-1.0234375
c,-1.3984375,c,-1.3671875
a,-1.296875,a,-1.296875
g,-0.98828125,g,-0.921875
a,-1.390625,a,-1.4296875
t,-1.84375,t,-1.8203125
g,-0.8984375,g,-0.94921875
g,-1.0625,g,-1.078125
c,-1.609375,c,-1.609375
a,-1.1875,a,-1.234375
a,-1.7578125,a,-1.8125
c,-1.65625,c,-1.59375
a,-0.921875,a,-0.96875
c,-1.59375,c,-1.5859375
c,-1.4921875,c,-1.4765625
t,-1.234375,t,-1.2109375
g,-1.0390625,g,-1.015625
g,-1.140625,g,-1.125
t,-1.6953125,t,-1.6953125
c,-1.5078125,c,-1.5078125
c,-1.296875,c,-1.3125
t,-0.9375,t,-0.9609375
a,-1.90625,a,-1.9140625
a,-1.3125,a,-1.3203125
c,-1.6796875,c,-1.703125
t,-1.015625,t,-0.98046875
g,-1.1953125,g,-1.2265625
g,-1.328125,g,-1.328125
t,-1.671875,t,-1.671875
t,-1.46875,t,-1.4609375
t,-1.1640625,t,-1.1484375
t,-1.2421875,t,-1.2109375
t,-1.1328125,t,-1.1328125
t,-0.98828125,t,-1.015625
g,-1.6640625,g,-1.6171875
c,-1.8125,c,-1.8125
t,-0.80859375,t,-0.80859375
c,-1.640625,c,-1.6484375
c,-1.2890625,c,-1.28125
c,-1.2578125,c,-1.265625
t,-0.875,t,-0.8359375
a,-2.125,a,-2.171875
t,-1.5625,t,-1.6171875
g,-1.3359375,g,-1.3828125
t,-1.3203125,t,-1.3046875
g,-1.25,g,-1.2578125
t,-1.2109375,t,-1.25
a,-1.7421875,a,-1.7890625
g,-1.46875,g,-1.4375
a,-1.6328125,a,-1.6015625
t,-1.3359375,t,-1.3359375
a,-1.4765625,a,-1.4765625
a,-1.4765625,a,-1.5078125
g,-1.2421875,g,-1.2578125
c,-1.8203125,c,-1.78125
t,-1.1796875,t,-1.2109375
a,-1.7734375,a,-1.7578125
c,-1.6171875,c,-1.5625
c,-1.421875,c,-1.3984375
c,-1.375,c,-1.3984375
c,-1.359375,c,-1.2890625
c,-1.3828125,c,-1.3359375
t,-1.1171875,t,-1.1171875
t,-1.3125,t,-1.3125
c,-1.1171875,c,-1.1171875
c,-0.9296875,c,-0.9296875
c,-1.03125,c,-0.99609375
a,-1.140625,a,-1.25
t,-1.4921875,t,-1.5078125
t,-1.25,t,-1.234375
a,-1.8515625,a,-1.8203125
g,-1.375,g,-1.3828125
c,-1.1875,c,-1.1875
t,-1.1171875,t,-1.1015625
c,-1.28125,c,-1.2890625
a,-1.328125,a,-1.2890625
t,-1.3984375,t,-1.453125
t,-1.1875,t,-1.140625
t,-0.97265625,t,-1.0078125
a,-1.75,a,-1.71875
t,-1.1875,t,-1.1484375
a,-1.609375,a,-1.625
a,-1.3984375,a,-1.3984375
a,-1.0859375,a,-1.0390625
a,-1.1796875,a,-1.1484375
a,-1.125,a,-1.140625
t,-1.21875,t,-1.234375
g,-1.3671875,g,-1.3359375
c,-1.7578125,c,-1.7734375
t,-0.94140625,t,-0.9375
t,-1.1484375,t,-1.1640625
g,-1.671875,g,-1.6171875
c,-1.6875,c,-1.71875
a,-1.109375,a,-1.140625
t,-1.1015625,t,-1.1015625
t,-1.03125,t,-1.0390625
t,-0.87109375,t,-0.8359375
c,-1.65625,c,-1.6953125
a,-1.2734375,a,-1.2890625
c,-1.6484375,c,-1.6484375
t,-0.9375,t,-0.97265625
g,-1.3671875,g,-1.3046875
t,-1.03125,t,-1.015625
g,-1.25,g,-1.2265625
g,-1.5,g,-1.5078125
a,-1.3046875,a,-1.3046875
a,-1.1015625,a,-1.1328125
t,-1.1015625,t,-1.09375
g,-1.484375,g,-1.5
g,-1.3515625,g,-1.3203125
g,-1.4140625,g,-1.3984375
a,-1.21875,a,-1.1875
a,-1.1953125,a,-1.234375
c,-1.6640625,c,-1.6640625
t,-0.98828125,t,-1.0078125
c,-1.6640625,c,-1.65625
t,-1.015625,t,-1.015625
t,-1.296875,t,-1.296875
t,-1.1484375,t,-1.1015625
t,-1.1484375,t,-1.109375
c,-1.46875,c,-1.4375
a,-1.34375,a,-1.3671875
g,-1.1328125,g,-1.15625
g,-1.421875,g,-1.4609375
a,-1.21875,a,-1.2421875
c,-1.7578125,c,-1.7578125
c,-1.296875,c,-1.2734375
t,-0.94921875,t,-0.9453125
c,-1.5546875,c,-1.5078125
t,-0.9296875,t,-0.9375
c,-1.453125,c,-1.5390625
t,-0.94140625,t,-0.921875
c,-1.390625,c,-1.4140625
t,-0.80078125,t,-0.796875
g,-1.25,g,-1.25
c,-1.484375,c,-1.4375
a,-1.3515625,a,-1.2890625
g,-0.96484375,g,-0.95703125
g,-1.9140625,g,-1.984375
a,-1.328125,a,-1.234375
g,-1.3359375,g,-1.3359375
a,-1.265625,a,-1.25
g,-1.09375,g,-1.109375
a,-1.2890625,a,-1.265625
g,-1.1328125,g,-1.1171875
c,-1.578125,c,-1.625
t,-1.109375,t,-1.1015625
a,-1.890625,a,-1.921875
g,-1.140625,g,-1.125
t,-1.7421875,t,-1.6875
c,-1.5078125,c,-1.546875
t,-0.86328125,t,-0.875
c,-1.328125,c,-1.359375
t,-0.89453125,t,-0.94921875
t,-1.3203125,t,-1.359375
t,-1.2109375,t,-1.2109375
c,-1.2421875,c,-1.28125
t,-0.8203125,t,-0.84375
t,-1.078125,t,-1.078125
t,-0.88671875,t,-0.91796875
t,-0.9140625,t,-0.94921875
g,-1.8125,g,-1.8671875
c,-1.6015625,c,-1.625
c,-1.1953125,c,-1.25
t,-0.7890625,t,-0.77734375
a,-2.203125,a,-2.1875
t,-1.1875,t,-1.3046875
t,-1.0546875,t,-1.0546875
a,-1.8515625,a,-1.796875
a,-1.2578125,a,-1.21875
a,-1.1953125,a,-1.1484375
c,-1.671875,c,-1.671875
t,-1.0859375,t,-1.1015625
t,-1.1796875,t,-1.234375
c,-1.4765625,c,-1.4765625
t,-0.91796875,t,-0.921875
g,-1.359375,g,-1.375
c,-1.609375,c,-1.671875
t,-0.9609375,t,-0.92578125
c,-1.390625,c,-1.4609375
t,-0.84765625,t,-0.84765625
a,-2.21875,a,-2.140625
g,-1.46875,g,-1.421875
c,-1.4296875,c,-1.3359375
c,-1.0546875,c,-1.015625
t,-0.92578125,t,-0.96875
c,-1.1875,c,-1.171875
a,-1.3359375,a,-1.3125
c,-1.515625,c,-1.546875
a,-1.2109375,a,-1.25
c,-1.359375,c,-1.328125
c,-1.375,c,-1.3984375
c,-1.0546875,c,-1.078125
t,-1.234375,t,-1.2109375
t,-1.265625,t,-1.296875
g,-1.6953125,g,-1.6796875
g,-1.5390625,g,-1.5234375
t,-1.3828125,t,-1.328125
g,-1.1953125,g,-1.1953125
t,-1.34375,t,-1.3125
g,-1.2578125,g,-1.203125
t,-1.15625,t,-1.1796875
c,-1.5859375,c,-1.5546875
a,-1.59375,a,-1.53125
g,-1.03125,g,-1.0859375
c,-1.4765625,c,-1.484375
g,-2.65625,g,-2.640625
t,-1.2109375,t,-1.1953125
c,-1.3046875,c,-1.2890625
c,-1.1953125,c,-1.234375
t,-0.96875,t,-1.0078125
t,-1.25,t,-1.234375
g,-1.34375,g,-1.34375
a,-1.578125,a,-1.578125
t,-1.375,t,-1.4375
t,-1.1875,t,-1.1875
t,-0.96484375,t,-0.98828125
c,-1.25,c,-1.203125
c,-1.1484375,c,-1.171875
t,-0.81640625,t,-0.8671875
c,-1.28125,c,-1.2890625
a,-1.3046875,a,-1.28125
g,-1.0859375,g,-1.0703125
c,-1.2421875,c,-1.296875
g,-3.125,g,-3.171875
t,-1.1953125,t,-1.15625
g,-1.140625,g,-1.25
a,-1.5703125,a,-1.5703125
g,-1.125,g,-1.1328125
a,-1.5078125,a,-1.5
c,-1.4375,c,-1.4609375
c,-1.28125,c,-1.34375
a,-1.265625,a,-1.3125
a,-1.7421875,a,-1.7578125
g,-1.0234375,g,-1.0234375
a,-1.390625,a,-1.46875
a,-1.3515625,a,-1.3671875
c,-1.46875,c,-1.453125
c,-1.171875,c,-1.171875
t,-1.1171875,t,-1.1328125
c,-1.390625,c,-1.390625
g,-2.875,g,-2.875
g,-1.1953125,g,-1.2109375
g,-1.109375,g,-1.1171875
t,-1.453125,t,-1.5
g,-1.2734375,g,-1.2421875
c,-1.3828125,c,-1.390625
c,-1.0546875,c,-1.0703125
a,-1.3671875,a,-1.3203125
c,-1.46875,c,-1.421875
c,-1.15625,c,-1.1484375
c,-1.3671875,c,-1.3671875
c,-1.2421875,c,-1.28125
a,-1.203125,a,-1.25
g,-1.015625,g,-1.015625
g,-1.3046875,g,-1.25
c,-1.03125,c,-1.0546875
a,-1.3671875,a,-1.375
a,-1.8125,a,-1.8125
c,-1.5546875,c,-1.5625
a,-1.1796875,a,-1.1796875
a,-1.84375,a,-1.84375
g,-1.2109375,g,-1.2265625
g,-1.265625,g,-1.265625
c,-1.265625,c,-1.234375
c,-1.140625,c,-1.140625
a,-1.0390625,a,-1.0546875
t,-1.5546875,t,-1.53125
t,-1.4140625,t,-1.390625
t,-1.1796875,t,-1.1640625
c,-1.1875,c,-1.1875
a,-1.390625,a,-1.4140625
g,-1.109375,g,-1.0625
t,-1.5859375,t,-1.65625
t,-1.3515625,t,-1.3671875
t,-1.1484375,t,-1.1875
g,-1.4765625,g,-1.5078125
t,-1.3125,t,-1.359375
t,-1.1875,t,-1.1796875
c,-1.40625,c,-1.4296875
t,-0.8046875,t,-0.765625
t,-1.140625,t,-1.125
t,-0.95703125,t,-0.96484375
t,-0.90625,t,-0.984375
g,-1.609375,g,-1.6171875
t,-1.078125,t,-1.078125
t,-0.78515625,t,-0.8125
a,-2.15625,a,-2.078125
t,-1.0390625,t,-0.984375
a,-1.765625,a,-1.765625
g,-1.2578125,g,-1.25
g,-1.671875,g,-1.65625
c,-1.7578125,c,-1.7734375
a,-1.0859375,a,-1.0234375
a,-1.8203125,a,-1.703125
t,-1.4609375,t,-1.4609375
c,-1.7890625,c,-1.8203125
c,-1.40625,c,-1.3046875
a,-1.3671875,a,-1.3203125
t,-1.296875,t,-1.296875
g,-1.59375,g,-1.6484375
a,-1.6171875,a,-1.53125
t,-1.1875,t,-1.21875
c,-1.4765625,c,-1.5625
a,-1.3125,a,-1.2265625
c,-1.2265625,c,-1.234375
a,-0.90234375,a,-0.9140625
g,-1.1015625,g,-1.0703125
a,-1.5546875,a,-1.5703125
t,-1.390625,t,-1.3828125
t,-1.578125,t,-1.5625
t,-0.875,t,-0.88671875
t,-1.0546875,t,-1.0546875
t,-1.0,t,-0.99609375
c,-1.84375,c,-1.78125
t,-0.7734375,t,-0.7734375
c,-1.5859375,c,-1.5859375
t,-0.73046875,t,-0.74609375
c,-1.484375,c,-1.484375
t,-0.65625,t,-0.609375
t,-0.9453125,t,-0.95703125
t,-0.546875,t,-0.56640625
t,-1.0,t,-1.015625
t,-0.484375,t,-0.46875
t,-0.5234375,t,-0.50390625
t,-0.19726562,t,-0.203125
t,-0.19335938,t,-0.19042969
t,-0.095214844,t,-0.10449219
t,-0.10839844,t,-0.110839844
t,-0.106933594,t,-0.09814453
t,-0.1171875,t,-0.115234375
a,-3.546875,a,-3.421875
c,-3.90625,c,-3.890625
a,-1.3203125,a,-1.375
c,-2.3125,c,-2.21875
a,-0.75,a,-0.71875
g,-0.85546875,g,-0.83203125
t,-1.3515625,t,-1.3125
t,-1.640625,t,-1.640625
t,-0.68359375,t,-0.68359375
a,-2.203125,a,-2.21875
g,-1.3125,g,-1.3203125
a,-2.390625,a,-2.390625
g,-0.99609375,g,-1.0234375
t,-1.9765625,t,-1.9609375
t,-0.96484375,t,-0.9765625
t,-1.0859375,t,-1.078125
t,-0.71484375,t,-0.71484375
a,-1.5703125,a,-1.6484375
g,-1.46875,g,-1.5859375
t,-0.7734375,t,-0.84765625
t,-1.015625,t,-0.96484375
t,-1.2734375,t,-1.2421875
t,-0.62109375,t,-0.62890625
a,-1.5078125,a,-1.5390625
c,-2.0625,c,-2.09375
a,-1.4453125,a,-1.4296875
c,-2.25,c,-2.203125
t,-1.171875,t,-1.171875
t,-0.890625,t,-0.828125
a,-1.4921875,a,-1.4453125
g,-1.5703125,g,-1.625
g,-1.296875,g,-1.234375
t,-1.1796875,t,-1.2421875
c,-2.03125,c,-2.046875
t,-0.5390625,t,-0.55859375
g,-1.046875,g,-1.0859375
t,-1.0859375,t,-1.0078125
a,-1.765625,a,-1.71875
a,-1.5234375,a,-1.4921875
t,-0.578125,t,-0.578125
c,-1.71875,c,-1.78125
c,-0.77734375,c,-0.87109375
a,-1.625,a,-1.578125
t,-2.046875,t,-2.140625
t,-0.99609375,t,-0.96875
t,-1.296875,t,-1.28125
t,-0.48046875,t,-0.44140625
g,-1.2734375,g,-1.2109375
t,-1.5859375,t,-1.703125
a,-1.9765625,a,-2.046875
t,-1.28125,t,-1.375
t,-0.51953125,t,-0.51171875
a,-1.75,a,-1.765625
a,-1.71875,a,-1.5234375
t,-1.1328125,t,-1.1484375
t,-0.953125,t,-0.94921875
c,-2.578125,c,-2.5625
t,-0.80859375,t,-0.80078125
t,-0.890625,t,-0.94140625
a,-1.7421875,a,-1.6484375
t,-1.3671875,t,-1.421875
a,-1.40625,a,-1.390625
t,-0.88671875,t,-0.84375
g,-1.984375,g,-2.046875
t,-0.671875,t,-0.6484375
g,-1.6171875,g,-1.6484375
g,-1.7109375,g,-1.6953125
c,-1.5625,c,-1.5859375
t,-1.0546875,t,-1.1171875
c,-1.9140625,c,-1.921875
a,-0.75,a,-0.78515625
g,-1.3984375,g,-1.4921875
t,-0.93359375,t,-1.0
g,-0.97265625,g,-0.890625
t,-0.890625,t,-0.90234375
a,-1.3984375,a,-1.359375
g,-1.2578125,g,-1.2890625
g,-1.6171875,g,-1.5703125
t,-1.7734375,t,-1.7734375
g,-1.0078125,g,-0.9921875
g,-1.6484375,g,-1.625
a,-1.6171875,a,-1.65625
a,-1.8046875,a,-1.828125
a,-1.546875,a,-1.5390625
t,-1.1953125,t,-1.171875
t,-1.3359375,t,-1.2578125
t,-0.94921875,t,-0.8984375
g,-1.390625,g,-1.3671875
g,-1.84375,g,-1.734375
t,-1.5234375,t,-1.5625
t,-0.7421875,t,-0.6953125
t,-1.1015625,t,-1.1953125
g,-1.4375,g,-1.3984375
t,-0.921875,t,-0.8828125
t,-0.69921875,t,-0.65234375
t,-0.54296875,t,-0.52734375
t,-0.6640625,t,-0.62109375
t,-0.67578125,t,-0.625
g,-1.515625,g,-1.5234375
c,-2.859375,c,-2.90625
a,-1.2578125,a,-1.3125
t,-0.96875,t,-0.90625
a,-1.8359375,a,-1.75
a,-1.8828125,a,-1.84375
g,-1.78125,g,-1.765625
g,-1.734375,g,-1.703125
a,-1.2109375,a,-1.1796875
t,-1.1953125,t,-1.1796875
t,-1.2109375,t,-1.1640625
t,-0.8671875,t,-0.890625
c,-1.828125,c,-1.828125
c,-1.6875,c,-1.6875
a,-1.1015625,a,-1.140625
a,-1.4765625,a,-1.3828125
t,-1.5078125,t,-1.53125
a,-1.4765625,a,-1.484375
g,-1.6171875,g,-1.6328125
t,-1.140625,t,-1.1796875
t,-1.1171875,t,-1.1328125
t,-1.0078125,t,-0.9921875
t,-0.91796875,t,-0.8828125
a,-1.390625,a,-1.4296875
c,-1.8125,c,-1.8515625
c,-1.6484375,c,-1.671875
a,-1.015625,a,-1.015625
c,-1.8125,c,-1.8359375
c,-1.484375,c,-1.5546875
a,-1.015625,a,-1.0859375
t,-1.15625,t,-1.140625
t,-1.1484375,t,-1.09375
t,-0.8515625,t,-0.86328125
c,-1.5390625,c,-1.5703125
t,-0.890625,t,-0.90625
t,-1.09375,t,-1.09375
g,-1.796875,g,-1.8515625
a,-1.328125,a,-1.328125
a,-1.1328125,a,-1.078125
a,-1.0390625,a,-1.0625
c,-1.734375,c,-1.6640625
t,-0.9140625,t,-0.9375
a,-1.640625,a,-1.703125
c,-1.78125,c,-1.78125
t,-0.94921875,t,-0.94921875
a,-1.46875,a,-1.5390625
t,-1.1640625,t,-1.171875
g,-1.578125,g,-1.5625
c,-1.7421875,c,-1.7421875
t,-0.96484375,t,-0.94140625
t,-1.171875,t,-1.171875
t,-0.87890625,t,-0.88671875
c,-1.609375,c,-1.6171875
t,-0.90625,t,-0.8671875
c,-1.6875,c,-1.671875
t,-0.82421875,t,-0.7734375
a,-1.84375,a,-1.875
t,-1.046875,t,-1.03125
t,-0.94921875,t,-0.9609375
a,-1.6640625,a,-1.625
a,-1.1875,a,-1.125
a,-1.0703125,a,-1.0234375
c,-1.90625,c,-1.875
c,-1.578125,c,-1.5625
a,-1.0703125,a,-1.1328125
c,-1.671875,c,-1.78125
a,-1.0390625,a,-0.99609375
t,-0.97265625,t,-0.9453125
t,-1.046875,t,-1.109375
t,-0.90625,t,-0.90625
g,-1.8515625,g,-1.8046875
t,-1.0859375,t,-1.0859375
a,-1.3203125,a,-1.3203125
a,-1.15625,a,-1.1953125
c,-1.828125,c,-1.8515625
t,-1.0,t,-1.0390625
t,-0.9375,t,-0.98828125
t,-0.875,t,-0.88671875
a,-1.34375,a,-1.34375
g,-1.65625,g,-1.65625
t,-1.171875,t,-1.1484375
t,-1.015625,t,-1.015625
a,-1.4765625,a,-1.46875
a,-1.2421875,a,-1.2890625
a,-0.97265625,a,-0.98046875
a,-1.0546875,a,-1.046875
t,-1.140625,t,-1.1640625
c,-2.078125,c,-2.09375
a,-1.0234375,a,-1.03125
g,-1.640625,g,-1.6328125
t,-1.2109375,t,-1.171875
c,-1.875,c,-1.875
a,-1.140625,a,-1.0625
c,-1.625,c,-1.640625
a,-1.0078125,a,-1.0
t,-1.0390625,t,-1.0859375
a,-1.2109375,a,-1.234375
t,-1.0703125,t,-1.046875
a,-1.203125,a,-1.125
t,-0.953125,t,-0.9765625
c,-2.078125,c,-2.109375
a,-1.078125,a,-1.078125
c,-1.6796875,c,-1.6484375
a,-0.84375,a,-0.84375
g,-1.609375,g,-1.53125
g,-1.7109375,g,-1.734375
g,-1.78125,g,-1.8046875
c,-1.6953125,c,-1.640625
t,-0.8671875,t,-0.87890625
a,-1.59375,a,-1.546875
t,-1.234375,t,-1.25
t,-1.0625,t,-1.1171875
t,-0.83203125,t,-0.828125
c,-1.7890625,c,-1.84375
t,-0.8671875,t,-0.8046875
g,-1.4140625,g,-1.390625
a,-1.1875,a,-1.2578125
c,-1.84375,c,-1.875
t,-0.953125,t,-0.9921875
c,-1.5234375,c,-1.5546875
t,-0.83984375,t,-0.84375
c,-1.609375,c,-1.6640625
a,-1.2578125,a,-1.2578125
a,-1.5703125,a,-1.625
t,-1.4921875,t,-1.53125
t,-1.046875,t,-1.078125
c,-1.390625,c,-1.4765625
t,-0.91015625,t,-0.9453125
g,-1.40625,g,-1.46875
t,-1.203125,t,-1.1484375
t,-1.140625,t,-1.1328125
a,-1.6328125,a,-1.625
c,-1.5859375,c,-1.5
a,-1.2421875,a,-1.3046875
t,-1.09375,t,-1.15625
t,-1.09375,t,-1.078125
g,-1.6796875,g,-1.6796875
t,-1.0390625,t,-0.9453125
c,-1.640625,c,-1.640625
t,-0.875,t,-0.92578125
a,-1.6796875,a,-1.6484375
t,-1.0859375,t,-1.078125
t,-0.87109375,t,-0.91015625
a,-1.6015625,a,-1.625
g,-1.78125,g,-1.6953125
t,-1.1328125,t,-1.1015625
g,-1.5234375,g,-1.578125
t,-1.015625,t,-1.015625
a,-1.5390625,a,-1.5
t,-0.921875,t,-0.921875
a,-1.3046875,a,-1.3046875
t,-0.8125,t,-0.8125
t,-1.0390625,t,-1.03125
g,-2.046875,g,-1.9765625
a,-1.328125,a,-1.328125
t,-1.0703125,t,-1.125
g,-1.53125,g,-1.546875
t,-0.9375,t,-0.9296875
c,-1.9921875,c,-1.9765625
a,-1.15625,a,-1.1796875
g,-1.5,g,-1.5
t,-0.9609375,t,-0.94921875
a,-1.40625,a,-1.40625
c,-1.8671875,c,-1.90625
t,-0.91015625,t,-0.921875
a,-1.5,a,-1.5
c,-1.8515625,c,-1.875
a,-0.8828125,a,-0.84765625
c,-1.9140625,c,-1.9296875
t,-1.1640625,t,-1.15625
t,-1.09375,t,-1.109375
t,-0.9453125,t,-0.96484375
t,-1.015625,t,-1.0546875
a,-1.390625,a,-1.390625
a,-1.1640625,a,-1.15625
t,-1.171875,t,-1.171875
t,-0.97265625,t,-0.953125
a,-1.359375,a,-1.4296875
c,-1.75,c,-1.7109375
t,-0.89453125,t,-0.89453125
a,-1.4375,a,-1.4375
t,-1.1015625,t,-1.0703125
t,-0.96875,t,-0.9921875
g,-1.9140625,g,-1.9609375
c,-1.7734375,c,-1.78125
t,-0.81640625,t,-0.78515625
t,-0.99609375,t,-0.9609375
c,-1.859375,c,-1.8515625
a,-1.109375,a,-1.09375
g,-1.484375,g,-1.4609375
g,-1.8125,g,-1.8046875
g,-1.5859375,g,-1.625
t,-1.1015625,t,-1.171875
a,-1.53125,a,-1.53125
t,-1.0390625,t,-1.0390625
g,-1.75,g,-1.765625
t,-0.9375,t,-0.87109375
c,-2.078125,c,-2.078125
t,-0.8203125,t,-0.859375
t,-1.0859375,t,-1.0859375
g,-1.59375,g,-1.6640625
t,-1.0703125,t,-1.1015625
a,-1.484375,a,-1.453125
a,-1.078125,a,-1.125
a,-1.0625,a,-1.0625
c,-1.875,c,-1.8671875
c,-1.5390625,c,-1.5390625
a,-0.94140625,a,-0.94921875
a,-1.265625,a,-1.265625
a,-0.9921875,a,-0.92578125
a,-1.0859375,a,-1.1171875
a,-1.09375,a,-1.09375
t,-1.265625,t,-1.21875
a,-1.0859375,a,-1.140625
a,-0.97265625,a,-0.97265625
a,-0.75390625,a,-0.78125
a,-0.7734375,a,-0.83203125
t,-1.375,t,-1.375
t,-1.21875,t,-1.1640625
a,-1.1171875,a,-1.09375
t,-1.2109375,t,-1.25
a,-1.1171875,a,-1.0859375
g,-1.9765625,g,-1.9375
g,-1.8203125,g,-1.8046875
c,-1.7890625,c,-1.7890625
c,-1.8671875,c,-1.828125
c,-1.796875,c,-1.84375
c,-1.7890625,c,-1.7578125
c,-1.7109375,c,-1.7265625
c,-1.59375,c,-1.6171875
c,-1.578125,c,-1.5234375
c,-1.203125,c,-1.1796875
g,-3.296875,g,-3.25
c,-1.3515625,c,-1.375
c,-0.90625,c,-0.95703125
c,-1.0234375,c,-1.0234375
c,-1.0703125,c,-1.0703125
t,-1.328125,t,-1.3046875
g,-1.3359375,g,-1.3984375
c,-1.2265625,c,-1.2265625
a,-1.28125,a,-1.21875
c,-1.3828125,c,-1.40625
a,-0.98046875,a,-1.0
a,-1.9609375,a,-1.9296875
c,-1.4921875,c,-1.4765625
c,-1.2578125,c,-1.1875
a,-1.078125,a,-1.125
a,-1.484375,a,-1.515625
c,-1.5625,c,-1.6796875
t,-1.25,t,-1.25
g,-1.3671875,g,-1.375
a,-1.3359375,a,-1.3359375
a,-1.1953125,a,-1.2421875
t,-1.390625,t,-1.3828125
g,-1.3125,g,-1.2890625
g,-1.5859375,g,-1.59375
a,-1.28125,a,-1.28125
c,-1.9140625,c,-1.8671875
c,-1.640625,c,-1.546875
c,-1.5,c,-1.515625
a,-0.98046875,a,-0.984375
t,-1.484375,t,-1.4765625
c,-1.4609375,c,-1.4609375
c,-1.3203125,c,-1.3046875
t,-0.921875,t,-0.95703125
c,-1.265625,c,-1.328125
t,-0.99609375,t,-0.9765625
c,-1.2890625,c,-1.3359375
a,-1.3046875,a,-1.2578125
g,-1.1015625,g,-1.1171875
c,-1.3515625,c,-1.3515625
c,-1.15625,c,-1.1328125
a,-1.1875,a,-1.2578125
a,-1.7734375,a,-1.734375
g,-1.296875,g,-1.28125
g,-1.46875,g,-1.46875
g,-1.546875,g,-1.53125
c,-1.3984375,c,-1.3984375
a,-1.125,a,-1.15625
t,-1.4375,t,-1.3984375
t,-1.2109375,t,-1.1796875
c,-1.390625,c,-1.3828125
c,-1.328125,c,-1.3359375
a,-1.2421875,a,-1.234375
a,-1.578125,a,-1.53125
a,-1.0859375,a,-1.0859375
a,-1.3046875,a,-1.296875
t,-1.46875,t,-1.421875
t,-1.265625,t,-1.296875
a,-1.5546875,a,-1.5078125
a,-1.1953125,a,-1.2109375
c,-1.640625,c,-1.640625
c,-1.4296875,c,-1.3828125
t,-1.0078125,t,-1.015625
g,-1.375,g,-1.359375
a,-1.3046875,a,-1.2890625
a,-1.1875,a,-1.1875
a,-1.1328125,a,-1.1171875
a,-1.25,a,-1.15625
a,-1.1640625,a,-1.125
c,-1.625,c,-1.6640625
t,-1.265625,t,-1.2578125
a,-1.46875,a,-1.484375
g,-1.4765625,g,-1.4296875
t,-1.578125,t,-1.59375
t,-1.1796875,t,-1.1640625
c,-1.5078125,c,-1.5625
a,-1.171875,a,-1.2265625
a,-1.3125,a,-1.3203125
g,-1.4140625,g,-1.375
c,-1.828125,c,-1.890625
c,-1.125,c,-1.171875
a,-0.9765625,a,-0.9609375
t,-1.2421875,t,-1.2265625
g,-1.5859375,g,-1.609375
a,-1.2421875,a,-1.2890625
t,-1.265625,t,-1.2734375
g,-1.1484375,g,-1.1484375
g,-1.3671875,g,-1.3515625
g,-1.5625,g,-1.6171875
a,-1.0546875,a,-1.0546875
a,-1.1015625,a,-1.1015625
g,-1.3203125,g,-1.296875
g,-1.25,g,-1.1953125
g,-1.34375,g,-1.2734375
g,-1.6640625,g,-1.6015625
g,-1.75,g,-1.765625
a,-1.078125,a,-1.0234375
g,-1.1328125,g,-1.1171875
t,-1.796875,t,-1.875
t,-1.265625,t,-1.2265625
g,-1.140625,g,-1.1171875
g,-0.9765625,g,-0.9453125
a,-1.203125,a,-1.21875
c,-2.09375,c,-2.09375
a,-0.89453125,a,-0.90625
t,-1.4453125,t,-1.4609375
g,-1.21875,g,-1.171875
t,-1.5546875,t,-1.609375
c,-1.734375,c,-1.6875
t,-0.85546875,t,-0.8359375
c,-1.484375,c,-1.5078125
a,-1.046875,a,-1.0546875
t,-1.3984375,t,-1.4609375
c,-1.6953125,c,-1.703125
a,-1.34375,a,-1.296875
c,-1.3984375,c,-1.4140625
a,-1.0703125,a,-1.078125
c,-1.71875,c,-1.671875
c,-1.34375,c,-1.265625
c,-1.2578125,c,-1.21875
t,-1.4140625,t,-1.3984375
a,-1.7578125,a,-1.7421875
c,-1.40625,c,-1.3828125
t,-1.109375,t,-1.171875
a,-1.8046875,a,-1.765625
c,-1.375,c,-1.4765625
c,-1.265625,c,-1.171875
t,-1.015625,t,-1.0546875
t,-1.2421875,t,-1.203125
t,-1.09375,t,-1.109375
t,-1.1640625,t,-1.1796875
g,-1.65625,g,-1.6796875
g,-1.390625,g,-1.40625
a,-1.171875,a,-1.171875
a,-1.078125,a,-1.09375
t,-1.421875,t,-1.421875
t,-1.015625,t,-1.0234375
a,-1.5234375,a,-1.515625
c,-1.703125,c,-1.7734375
t,-1.03125,t,-1.03125
g,-1.25,g,-1.2734375
a,-1.1875,a,-1.2421875
t,-1.4453125,t,-1.4375
a,-1.3984375,a,-1.4140625
g,-1.609375,g,-1.5859375
a,-1.1640625,a,-1.171875
a,-0.9765625,a,-0.99609375
c,-1.8359375,c,-1.828125
a,-0.91796875,a,-0.8828125
g,-1.234375,g,-1.3203125
a,-1.203125,a,-1.1875
c,-1.90625,c,-1.90625
t,-1.140625,t,-1.1328125
c,-1.5078125,c,-1.609375
t,-1.015625,t,-1.03125
t,-1.1875,t,-1.2578125
a,-1.4921875,a,-1.515625
a,-1.078125,a,-1.09375
a,-0.9453125,a,-1.0
g,-1.515625,g,-1.578125
t,-1.3984375,t,-1.3984375
c,-1.5234375,c,-1.4921875
t,-1.078125,t,-1.09375
g,-1.375,g,-1.375
a,-1.2109375,a,-1.25
a,-1.1015625,a,-1.1171875
a,-1.1015625,a,-1.0859375
a,-1.1484375,a,-1.09375
g,-1.6171875,g,-1.6015625
a,-1.125,a,-1.1328125
a,-0.85546875,a,-0.85546875
a,-0.84765625,a,-0.85546875
c,-1.90625,c,-1.921875
a,-0.80078125,a,-0.83203125
t,-1.515625,t,-1.546875
t,-1.1484375,t,-1.140625
t,-0.9375,t,-0.90234375
a,-1.3515625,a,-1.40625
c,-1.6171875,c,-1.671875
a,-0.828125,a,-0.86328125
a,-1.265625,a,-1.2578125
c,-1.8984375,c,-1.9375
c,-1.6328125,c,-1.6484375
t,-1.0546875,t,-1.03125
a,-1.4453125,a,-1.4453125
c,-1.7890625,c,-1.8046875
c,-1.5390625,c,-1.4921875
c,-1.390625,c,-1.4140625
t,-1.0546875,t,-1.015625
c,-1.4609375,c,-1.5234375
t,-0.83984375,t,-0.92578125
c,-1.421875,c,-1.4140625
t,-0.92578125,t,-0.94140625
g,-1.390625,g,-1.3671875
a,-1.3984375,a,-1.3828125
a,-1.2109375,a,-1.1796875
g,-1.3828125,g,-1.375
c,-1.6484375,c,-1.59375
c,-1.1015625,c,-1.140625
t,-1.0703125,t,-1.015625
g,-1.2734375,g,-1.2890625
c,-1.734375,c,-1.7109375
t,-0.91796875,t,-0.9375
a,-1.8671875,a,-1.8671875
c,-1.53125,c,-1.6015625
c,-1.2421875,c,-1.2890625
t,-0.9375,t,-0.90234375
g,-1.3828125,g,-1.3125
g,-1.40625,g,-1.3828125
g,-1.34375,g,-1.265625
a,-1.1953125,a,-1.2109375
g,-1.15625,g,-1.125
c,-1.625,c,-1.6015625
t,-0.89453125,t,-0.94921875
t,-1.4375,t,-1.390625
c,-1.578125,c,-1.546875
a,-1.203125,a,-1.2265625
t,-1.5,t,-1.484375
c,-1.5546875,c,-1.453125
t,-0.77734375,t,-0.78125
g,-1.3515625,g,-1.3828125
c,-1.5703125,c,-1.5234375
a,-1.140625,a,-1.1796875
t,-1.3984375,t,-1.3671875
g,-1.4296875,g,-1.4765625
a,-1.5625,a,-1.5234375
t,-1.4375,t,-1.4375
a,-1.453125,a,-1.484375
a,-1.265625,a,-1.2265625
a,-1.1640625,a,-1.2109375
a,-1.140625,a,-1.1171875
c,-1.6171875,c,-1.6171875
c,-1.3671875,c,-1.4140625
t,-1.046875,t,-1.0703125
t,-1.1875,t,-1.1875
g,-1.4375,g,-1.453125
g,-1.3828125,g,-1.3828125
t,-1.4296875,t,-1.4453125
c,-1.5078125,c,-1.4921875
t,-0.9609375,t,-0.96875
c,-1.3984375,c,-1.3515625
c,-1.3984375,c,-1.3671875
a,-1.1015625,a,-1.1171875
c,-1.703125,c,-1.6875
a,-1.09375,a,-1.1171875
a,-1.3359375,a,-1.3125
c,-1.6953125,c,-1.71875
c,-1.328125,c,-1.2890625
c,-1.3671875,c,-1.3671875
c,-1.3984375,c,-1.4453125
t,-1.203125,t,-1.25
t,-1.359375,t,-1.3828125
a,-1.6953125,a,-1.6484375
t,-1.5234375,t,-1.5234375
g,-1.5859375,g,-1.5625
g,-1.4375,g,-1.46875
t,-1.4765625,t,-1.453125
a,-1.53125,a,-1.5546875
a,-1.28125,a,-1.3046875
c,-1.5625,c,-1.5390625
c,-1.390625,c,-1.34375
c,-1.46875,c,-1.4453125
a,-0.9921875,a,-1.0078125
a,-1.4296875,a,-1.4609375
a,-1.03125,a,-1.03125
c,-1.53125,c,-1.5078125
a,-1.0078125,a,-1.0703125
t,-1.234375,t,-1.296875
t,-1.109375,t,-1.1171875
c,-1.5234375,c,-1.4609375
c,-1.1875,c,-1.1875
t,-0.9921875,t,-0.98828125
t,-1.140625,t,-1.15625
t,-1.109375,t,-1.109375
c,-1.421875,c,-1.4140625
t,-0.984375,t,-0.9453125
g,-1.53125,g,-1.5234375
t,-1.140625,t,-1.140625
t,-1.1015625,t,-1.078125
g,-1.6640625,g,-1.6875
a,-1.53125,a,-1.4921875
t,-1.3515625,t,-1.3046875
a,-1.6015625,a,-1.5625
a,-1.28125,a,-1.3046875
t,-1.2578125,t,-1.3125
a,-1.4453125,a,-1.46875
a,-1.1953125,a,-1.2421875
c,-1.71875,c,-1.7109375
t,-1.0703125,t,-1.0234375
c,-1.625,c,-1.625
t,-0.9921875,t,-1.0
t,-1.1484375,t,-1.1484375
t,-1.0234375,t,-1.0234375
c,-1.453125,c,-1.4375
a,-1.3359375,a,-1.3359375
a,-1.3671875,a,-1.3671875
c,-1.8359375,c,-1.8046875
t,-0.9609375,t,-1.0
a,-1.578125,a,-1.625
g,-1.671875,g,-1.75
t,-1.3828125,t,-1.3046875
t,-1.125,t,-1.15625
g,-1.7421875,g,-1.7421875
c,-1.640625,c,-1.6875
c,-1.4140625,c,-1.3671875
a,-1.125,a,-1.109375
a,-1.3671875,a,-1.3125
t,-1.3984375,t,-1.4296875
t,-1.0,t,-1.0390625
a,-1.453125,a,-1.484375
g,-1.71875,g,-1.7578125
a,-1.28125,a,-1.2265625
a,-1.0390625,a,-1.0546875
a,-1.0234375,a,-1.0234375
a,-1.078125,a,-1.078125
t,-1.265625,t,-1.2734375
c,-1.8984375,c,-1.84375
t,-0.95703125,t,-1.0078125
t,-1.0234375,t,-1.0625
t,-0.94921875,t,-0.94921875
a,-1.5234375,a,-1.4609375
a,-1.1484375,a,-1.0859375
a,-0.99609375,a,-1.015625
t,-1.2890625,t,-1.2890625
c,-1.6640625,c,-1.6640625
t,-0.87890625,t,-0.8984375
t,-1.0625,t,-1.125
c,-1.609375,c,-1.5546875
c,-1.421875,c,-1.375
t,-0.890625,t,-0.87109375
a,-1.703125,a,-1.703125
t,-1.1640625,t,-1.2109375
g,-1.53125,g,-1.5234375
a,-1.3203125,a,-1.3203125
c,-1.6796875,c,-1.625
c,-1.453125,c,-1.453125
t,-0.875,t,-0.875
a,-1.796875,a,-1.8046875
g,-1.4609375,g,-1.4375
a,-1.1328125,a,-1.1328125
a,-0.94921875,a,-0.90625
a,-1.046875,a,-1.0390625
c,-1.734375,c,-1.7109375
c,-1.421875,c,-1.4375
t,-1.09375,t,-1.0859375
c,-1.4453125,c,-1.4609375
c,-1.4140625,c,-1.3671875
c,-1.328125,c,-1.3125
t,-1.0078125,t,-1.0078125
a,-1.6328125,a,-1.703125
c,-1.46875,c,-1.53125
c,-1.1171875,c,-1.1328125
c,-1.234375,c,-1.1953125
c,-1.3203125,c,-1.2734375
c,-1.328125,c,-1.3671875
a,-0.97265625,a,-0.93359375
c,-1.328125,c,-1.3125
t,-1.1875,t,-1.125
t,-1.265625,t,-1.2578125
t,-1.140625,t,-1.1796875
g,-1.6640625,g,-1.734375
a,-1.5859375,a,-1.5390625
g,-1.484375,g,-1.5
t,-1.390625,t,-1.40625
t,-1.109375,t,-1.09375
g,-1.6640625,g,-1.7109375
t,-1.2109375,t,-1.1640625
c,-1.578125,c,-1.546875
c,-1.4453125,c,-1.4921875
t,-0.79296875,t,-0.83203125
g,-1.515625,g,-1.46875
c,-1.6875,c,-1.7734375
c,-1.1875,c,-1.2578125
t,-0.828125,t,-0.77734375
t,-1.0859375,t,-1.1328125
t,-0.9765625,t,-1.0390625
c,-1.234375,c,-1.234375
c,-1.0703125,c,-1.0859375
t,-0.9140625,t,-0.9140625
g,-1.6328125,g,-1.609375
a,-1.5703125,a,-1.5625
c,-1.515625,c,-1.5078125
a,-1.3125,a,-1.3125
g,-1.2578125,g,-1.2890625
a,-1.6328125,a,-1.7109375
a,-1.2109375,a,-1.21875
c,-1.453125,c,-1.546875
t,-1.09375,t,-1.15625
c,-1.484375,c,-1.546875
a,-1.0546875,a,-1.109375
t,-1.4296875,t,-1.421875
g,-1.4765625,g,-1.4765625
t,-1.2421875,t,-1.2421875
a,-1.734375,a,-1.6875
c,-1.5859375,c,-1.5859375
a,-1.1328125,a,-1.1328125
t,-1.2265625,t,-1.2265625
c,-1.6015625,c,-1.6484375
t,-1.015625,t,-1.0234375
t,-1.1796875,t,-1.1640625
a,-1.59375,a,-1.6796875
c,-1.5703125,c,-1.5703125
a,-1.09375,a,-1.0859375
t,-1.3203125,t,-1.3046875
a,-1.3828125,a,-1.3984375
t,-1.1875,t,-1.1875
a,-1.359375,a,-1.2890625
t,-0.94921875,t,-0.9375
t,-1.203125,t,-1.21875
g,-1.8359375,g,-1.7890625
a,-1.3203125,a,-1.2578125
t,-1.1640625,t,-1.25
t,-1.0,t,-1.0546875
g,-1.9140625,g,-1.859375
a,-1.2734375,a,-1.3125
t,-1.109375,t,-1.1171875
g,-1.546875,g,-1.6875
c,-2.015625,c,-1.9375
c,-1.5,c,-1.546875
t,-0.8828125,t,-0.87890625
c,-1.8203125,c,-1.796875
a,-1.234375,a,-1.203125
t,-1.28125,t,-1.2421875
g,-1.515625,g,-1.515625
t,-1.0703125,t,-1.0390625
c,-1.7734375,c,-1.7890625
t,-0.9140625,t,-0.875
c,-1.53125,c,-1.5
c,-1.390625,c,-1.390625
c,-1.328125,c,-1.2890625
t,-1.0703125,t,-0.97265625
a,-1.71875,a,-1.765625
a,-1.375,a,-1.390625
a,-1.125,a,-1.140625
a,-1.078125,a,-1.03125
t,-1.34375,t,-1.4140625
g,-1.578125,g,-1.6015625
t,-1.125,t,-1.09375
a,-1.640625,a,-1.6953125
t,-1.21875,t,-1.15625
a,-1.375,a,-1.3671875
a,-1.3515625,a,-1.3671875
a,-1.046875,a,-1.078125
a,-1.0546875,a,-1.0625
c,-1.796875,c,-1.8828125
a,-0.82421875,a,-0.8125
a,-1.1875,a,-1.1953125
a,-0.890625,a,-0.84375
g,-1.796875,g,-1.84375
c,-1.671875,c,-1.640625
t,-1.1171875,t,-1.1796875
g,-1.1796875,g,-1.1796875
t,-1.078125,t,-1.03125
a,-1.4609375,a,-1.4921875
c,-1.75,c,-1.7578125
c,-1.640625,c,-1.6171875
c,-1.375,c,-1.421875
c,-1.625,c,-1.625
a,-0.8515625,a,-0.8671875
c,-1.40625,c,-1.4375
c,-1.359375,c,-1.359375
a,-1.1015625,a,-1.109375
c,-1.296875,c,-1.296875
c,-1.25,c,-1.15625
t,-1.2109375,t,-1.25
t,-1.3125,t,-1.28125
g,-1.5625,g,-1.5390625
g,-1.34375,g,-1.328125
g,-1.5625,g,-1.546875
g,-1.40625,g,-1.3984375
a,-1.125,a,-1.0859375
c,-1.5546875,c,-1.5546875
a,-1.0859375,a,-1.125
t,-1.4140625,t,-1.3984375
g,-1.3515625,g,-1.3828125
t,-1.3359375,t,-1.390625
c,-1.6953125,c,-1.6640625
a,-1.296875,a,-1.296875
t,-1.2421875,t,-1.1953125
c,-1.546875,c,-1.484375
a,-1.2109375,a,-1.2421875
g,-1.3046875,g,-1.40625
g,-1.4921875,g,-1.5234375
a,-1.2265625,a,-1.2421875
c,-1.6015625,c,-1.6171875
c,-1.3984375,c,-1.3515625
t,-1.046875,t,-1.0078125
c,-1.390625,c,-1.375
c,-1.3203125,c,-1.3359375
t,-0.9765625,t,-1.0
g,-1.3046875,g,-1.2734375
t,-1.46875,t,-1.421875
g,-1.203125,g,-1.234375
g,-1.46875,g,-1.484375
c,-1.328125,c,-1.390625
t,-0.9296875,t,-0.9375
g,-1.1328125,g,-1.1171875
t,-1.359375,t,-1.34375
g,-1.078125,g,-1.1015625
t,-1.1328125,t,-1.1171875
c,-1.4296875,c,-1.4453125
a,-1.3359375,a,-1.453125
t,-1.2890625,t,-1.3046875
a,-1.5390625,a,-1.5703125
g,-1.21875,g,-1.171875
g,-1.328125,g,-1.3125
a,-1.1953125,a,-1.2265625
g,-1.2265625,g,-1.2109375
c,-1.53125,c,-1.53125
g,-3.03125,g,-3.046875
t,-1.2890625,t,-1.34375
c,-1.5,c,-1.515625
t,-0.77734375,t,-0.80859375
t,-1.265625,t,-1.25
t,-1.1171875,t,-1.125
a,-1.9140625,a,-1.859375
a,-1.359375,a,-1.359375
c,-1.703125,c,-1.6875
t,-1.0546875,t,-1.0546875
t,-1.21875,t,-1.2265625
t,-1.1015625,t,-1.1328125
g,-1.4296875,g,-1.390625
g,-1.390625,g,-1.390625
c,-1.6328125,c,-1.6328125
a,-1.3046875,a,-1.2890625
a,-1.5390625,a,-1.5390625
a,-1.296875,a,-1.25
a,-1.203125,a,-1.234375
t,-1.2734375,t,-1.3125
a,-1.484375,a,-1.484375
a,-1.1328125,a,-1.1796875
a,-1.0234375,a,-0.99609375
c,-1.78125,c,-1.796875
t,-1.171875,t,-1.1953125
t,-1.125,t,-1.125
t,-0.96484375,t,-0.9765625
c,-1.625,c,-1.625
t,-0.9140625,t,-0.9140625
a,-1.5546875,a,-1.515625
a,-1.1015625,a,-1.1015625
a,-1.0703125,a,-1.0078125
t,-1.2265625,t,-1.2890625
t,-1.078125,t,-1.125
g,-1.7109375,g,-1.75
a,-1.3125,a,-1.3125
t,-1.34375,t,-1.359375
t,-1.03125,t,-1.0546875
g,-1.8515625,g,-1.7734375
a,-1.21875,a,-1.2421875
a,-1.078125,a,-1.0546875
a,-1.0078125,a,-1.015625
c,-1.7578125,c,-1.765625
c,-1.5,c,-1.5234375
t,-0.9921875,t,-1.046875
g,-1.421875,g,-1.359375
t,-1.21875,t,-1.2421875
c,-1.6640625,c,-1.6328125
t,-0.80078125,t,-0.80078125
t,-1.0703125,t,-1.0546875
a,-1.6328125,a,-1.59375
g,-1.609375,g,-1.5859375
c,-1.8203125,c,-1.8046875
t,-0.91015625,t,-1.0234375
a,-1.53125,a,-1.5703125
c,-1.5234375,c,-1.5390625
t,-0.86328125,t,-0.86328125
t,-1.0703125,t,-1.0859375
c,-1.7265625,c,-1.765625
t,-0.8828125,t,-0.90234375
g,-1.453125,g,-1.328125
g,-1.5859375,g,-1.609375
t,-1.46875,t,-1.4609375
t,-1.078125,t,-1.0625
t,-0.86328125,t,-0.86328125
a,-1.8125,a,-1.8046875
c,-1.71875,c,-1.6875
a,-1.1171875,a,-1.1328125
g,-1.28125,g,-1.21875
t,-1.2578125,t,-1.1875
c,-1.7421875,c,-1.78125
t,-0.90234375,t,-0.8671875
t,-1.125,t,-1.1484375
a,-1.5625,a,-1.5
a,-1.1640625,a,-1.21875
a,-1.0234375,a,-1.015625
g,-1.671875,g,-1.65625
t,-1.265625,t,-1.28125
t,-1.0859375,t,-1.0859375
a,-1.4375,a,-1.4609375
g,-1.6875,g,-1.703125
a,-1.1875,a,-1.171875
t,-1.421875,t,-1.3984375
a,-1.2890625,a,-1.28125
a,-1.140625,a,-1.1484375
t,-1.1953125,t,-1.171875
g,-1.6640625,g,-1.6328125
t,-1.0703125,t,-1.0703125
a,-1.3828125,a,-1.3671875
a,-1.1484375,a,-1.1484375
a,-1.03125,a,-1.0625
t,-1.15625,t,-1.1484375
t,-1.15625,t,-1.15625
g,-1.796875,g,-1.78125
t,-1.0625,t,-1.0625
c,-1.9140625,c,-1.984375
c,-1.5859375,c,-1.5546875
a,-1.0390625,a,-1.078125
g,-1.453125,g,-1.421875
c,-1.921875,c,-1.8359375
t,-0.99609375,t,-1.0
t,-1.0390625,t,-1.0390625
t,-0.93359375,t,-0.93359375
g,-1.3828125,g,-1.3828125
g,-1.4375,g,-1.5
t,-1.328125,t,-1.296875
t,-1.015625,t,-1.0546875
t,-0.8359375,t,-0.8125
a,-1.84375,a,-1.84375
t,-1.1484375,t,-1.0859375
t,-0.76171875,t,-0.7734375
t,-0.67578125,t,-0.703125
t,-0.78515625,t,-0.7734375
t,-0.7265625,t,-0.73828125
g,-1.9296875,g,-1.9375
t,-0.88671875,t,-0.90625
c,-2.171875,c,-2.15625
c,-1.671875,c,-1.71875
t,-0.78515625,t,-0.75390625
t,-0.85546875,t,-0.81640625
a,-1.671875,a,-1.6328125
g,-1.5625,g,-1.5234375
t,-1.1015625,t,-1.1328125
a,-1.3515625,a,-1.3359375
g,-1.65625,g,-1.7109375
t,-1.2578125,t,-1.25
t,-0.890625,t,-0.89453125
c,-1.9375,c,-1.9140625
c,-1.4375,c,-1.375
a,-1.0390625,a,-1.078125
t,-1.203125,t,-1.203125
a,-1.4609375,a,-1.4375
t,-1.0078125,t,-1.0
a,-1.3515625,a,-1.3515625
a,-1.3203125,a,-1.3125
a,-0.953125,a,-1.0
t,-1.09375,t,-1.0703125
t,-1.15625,t,-1.140625
t,-0.87109375,t,-0.87109375
t,-0.90234375,t,-0.89453125
a,-1.140625,a,-1.1796875
g,-1.96875,g,-1.9375
a,-1.171875,a,-1.1171875
a,-0.828125,a,-0.84765625
t,-1.15625,t,-1.1484375
c,-2.015625,c,-2.03125
a,-0.87890625,a,-0.9140625
g,-1.578125,g,-1.578125
c,-1.875,c,-1.875
t,-0.93359375,t,-0.984375
t,-0.9921875,t,-1.015625
t,-0.78515625,t,-0.78515625
t,-0.8984375,t,-0.921875
c,-1.703125,c,-1.6875
a,-1.140625,a,-1.171875
a,-1.1953125,a,-1.1953125
t,-1.3125,t,-1.3125
t,-0.92578125,t,-0.890625
t,-0.7734375,t,-0.8046875
a,-1.5390625,a,-1.5078125
a,-1.1015625,a,-1.0390625
t,-1.21875,t,-1.2265625
a,-1.2265625,a,-1.2734375
c,-1.8984375,c,-1.828125
a,-1.0,a,-0.98828125
c,-1.8828125,c,-1.8828125
t,-1.046875,t,-1.0234375
a,-1.4375,a,-1.5234375
c,-1.90625,c,-1.90625
t,-1.0234375,t,-1.0546875
t,-1.0546875,t,-1.0703125
t,-0.80078125,t,-0.86328125
c,-1.84375,c,-1.796875
c,-1.4609375,c,-1.4140625
t,-0.89453125,t,-0.875
c,-1.5859375,c,-1.6328125
t,-0.91015625,t,-0.89453125
t,-0.9765625,t,-0.9921875
a,-1.6953125,a,-1.6953125
g,-1.6953125,g,-1.640625
a,-1.2265625,a,-1.1953125
t,-1.2578125,t,-1.2421875
c,-1.828125,c,-1.890625
c,-1.4609375,c,-1.484375
a,-1.125,a,-1.1796875
c,-1.859375,c,-1.75
a,-0.9375,a,-0.9140625
a,-1.4375,a,-1.4140625
t,-1.234375,t,-1.21875
t,-1.0546875,t,-1.0859375
a,-1.40625,a,-1.375
a,-1.1875,a,-1.2734375
a,-0.953125,a,-0.953125
t,-1.2109375,t,-1.203125
a,-1.125,a,-1.1484375
t,-1.1328125,t,-1.15625
a,-1.1015625,a,-1.140625
t,-0.94140625,t,-0.94140625
t,-1.0703125,t,-1.0703125
t,-0.8046875,t,-0.796875
g,-1.953125,g,-1.9609375
a,-1.2265625,a,-1.1640625
t,-1.2265625,t,-1.15625
g,-1.734375,g,-1.6953125
c,-1.90625,c,-1.90625
t,-0.8984375,t,-0.8359375
a,-1.4296875,a,-1.390625
a,-1.1796875,a,-1.1328125
c,-1.8515625,c,-1.890625
a,-0.91015625,a,-0.91015625
a,-1.2109375,a,-1.1640625
t,-1.109375,t,-1.1171875
t,-1.0390625,t,-1.03125
c,-1.7890625,c,-1.7578125
t,-0.82421875,t,-0.82421875
g,-1.5,g,-1.5
t,-1.0625,t,-1.0625
t,-1.0078125,t,-1.0078125
t,-0.8046875,t,-0.78125
t,-0.8203125,t,-0.8046875
a,-1.5625,a,-1.53125
t,-0.98046875,t,-0.98828125
g,-1.9453125,g,-1.984375
t,-0.8515625,t,-0.828125
t,-0.9765625,t,-1.046875
t,-0.76953125,t,-0.78125
t,-0.83984375,t,-0.8125
t,-0.7890625,t,-0.7578125
c,-1.859375,c,-1.859375
g,-3.5625,g,-3.4375
t,-0.7578125,t,-0.7265625
t,-0.74609375,t,-0.7578125
t,-0.640625,t,-0.65234375
t,-0.69921875,t,-0.6796875
t,-0.640625,t,-0.65234375
t,-0.5703125,t,-0.609375
t,-0.47460938,t,-0.46679688
t,-0.34570312,t,-0.3203125
t,-0.26757812,t,-0.28125
t,-0.19628906,t,-0.20410156
t,-0.18359375,t,-0.18945312
t,-0.16992188,t,-0.16015625
g,-2.65625,g,-2.78125
a,-0.47460938,a,-0.51171875
g,-0.20507812,g,-0.21777344
a,-0.057617188,a,-0.061279297
c,-0.36132812,c,-0.359375
a,-0.23339844,a,-0.21875
a,-3.25,a,-3.203125
g,-0.92578125,g,-1.0
a,-2.25,a,-2.203125
g,-3.078125,g,-3.140625
t,-0.7734375,t,-0.72265625
t,-0.35351562,t,-0.38476562
t,-0.49023438,t,-0.5078125
c,-1.0859375,c,-1.046875
g,-2.375,g,-2.390625
c,-0.28710938,c,-0.31640625
t,-0.27539062,t,-0.26367188
c,-0.28710938,c,-0.32617188
t,-0.028686523,t,-0.03149414
t,-0.8359375,t,-0.796875
g,-0.66015625,g,-0.66015625
t,-0.17675781,t,-0.18554688
t,-0.25,t,-0.20898438
g,-0.061523438,g,-0.05908203
c,-0.107910156,c,-0.107910156
c,-0.043945312,c,-0.04711914
c,-0.041503906,c,-0.035888672
a,-0.06347656,a,-0.061035156
g,-0.021240234,g,-0.018798828
g,-0.024414062,g,-0.022705078
c,-0.03857422,c,-0.036132812
t,-0.015380859,t,-0.016723633
g,-0.03564453,g,-0.032226562
g,-0.044189453,g,-0.05078125
a,-0.119628906,a,-0.12109375
g,-0.041992188,g,-0.041259766
t,-0.020996094,t,-0.020507812
g,-0.06738281,g,-0.06982422
c,-0.053955078,c,-0.05419922
a,-0.009887695,a,-0.010070801
g,-0.28710938,g,-0.3359375
t,-0.013183594,t,-0.0119018555
g,-0.02734375,g,-0.026489258
g,-0.044921875,g,-0.049560547
c,-0.421875,c,-0.40234375
g,-0.7109375,g,-0.77734375
c,-0.5234375,c,-0.51953125
g,-0.62109375,g,-0.5703125
a,-0.036376953,a,-0.040039062
t,-0.008117676,t,-0.0066833496
c,-0.045410156,c,-0.03857422
t,-0.091308594,t,-0.0703125
t,-1.328125,t,-1.328125
g,-0.08984375,g,-0.099121094
g,-0.040283203,g,-0.041748047
c,-0.053710938,c,-0.056152344
t,-0.033935547,t,-0.036132812
c,-0.052246094,c,-0.04321289
a,-0.008728027,a,-0.008605957
c,-0.033447266,c,-0.033447266
c,-3.0,c,-3.0
a,-1.5234375,a,-1.5703125
c,-0.06640625,c,-0.068359375
a,-0.1171875,a,-0.13671875
a,-0.22460938,a,-0.27539062
c,-0.41210938,c,-0.44140625
c,-0.16992188,c,-0.14453125
t,-0.016723633,t,-0.018676758
c,-0.10644531,c,-0.11816406
c,-0.54296875,c,-0.59375
a,-0.70703125,a,-0.7421875
c,-0.1875,c,-0.1875
c,-0.104003906,c,-0.10449219
t,-0.030273438,t,-0.029907227
c,-0.036132812,c,-0.036621094
c,-0.052734375,c,-0.052001953
c,-0.5703125,c,-0.57421875
a,-0.8203125,a,-0.85546875
g,-0.10107422,g,-0.095214844
g,-0.11279297,g,-0.106933594
t,-0.08544922,t,-0.08886719
t,-0.013916016,t,-0.012878418
c,-0.053466797,c,-0.052001953
a,-0.02368164,a,-0.025756836
a,-0.067871094,a,-0.07080078
g,-0.046875,g,-0.044189453
c,-0.48828125,c,-0.51171875
a,-0.65625,a,-0.6796875
a,-0.02722168,a,-0.03515625
t,-0.008422852,t,-0.008422852
t,-0.055664062,t,-0.05834961
c,-0.07470703,c,-0.072753906
t,-0.022460938,t,-0.022949219
t,-3.25,t,-3.1875
c,-0.21289062,c,-0.20703125
t,-0.13867188,t,-0.15234375
g,-0.07519531,g,-0.07080078
c,-0.0625,c,-0.05883789
c,-0.10205078,c,-0.106933594
t,-0.008666992,t,-0.009765625
c,-0.026367188,c,-0.03149414
a,-0.13085938,a,-0.13671875
g,-0.04663086,g,-0.045654297
c,-0.09716797,c,-0.08886719
c,-0.047607422,c,-0.05419922
t,-0.024780273,t,-0.02709961
c,-0.048095703,c,-0.0625
c,-0.04272461,c,-0.040771484
c,-0.34375,c,-0.33984375
g,-0.69921875,g,-0.79296875
a,-0.029785156,a,-0.029785156
g,-0.057128906,g,-0.045410156
t,-0.01977539,t,-0.018920898
a,-0.026611328,a,-0.023071289
g,-0.01586914,g,-0.017211914
c,-0.037109375,c,-0.033935547
t,-0.0072631836,t,-0.0069885254
g,-0.07714844,g,-0.08105469
g,-0.040771484,g,-0.03857422
g,-0.05419922,g,-0.051513672
a,-0.009887695,a,-0.008972168
t,-0.5078125,t,-0.5078125
t,-0.029907227,t,-0.02722168
a,-0.014892578,a,-0.015625
c,-0.10595703,c,-0.11230469
a,-0.027709961,a,-0.02722168
g,-0.029785156,g,-0.029785156
g,-0.052734375,g,-0.04663086
c,-0.38867188,c,-0.38671875
a,-0.53125,a,-0.609375
t,-1.0859375,t,-0.97265625
g,-0.21386719,g,-0.22753906
c,-0.51953125,c,-0.5390625
g,-0.70703125,g,-0.7734375
c,-0.05810547,c,-0.056152344
c,-0.013671875,c,-0.0154418945
a,-0.011352539,a,-0.013122559
c,-0.07080078,c,-0.0625
c,-0.04272461,c,-0.045166016
a,-0.061035156,a,-0.06347656
c,-0.234375,c,-0.23339844
g,-0.4453125,g,-0.46875
c,-0.060302734,c,-0.068359375
c,-0.044433594,c,-0.045166016
c,-0.375,c,-0.375
g,-0.55078125,g,-0.60546875
g,-0.01953125,g,-0.020629883
c,-0.024536133,c,-0.024291992
t,-0.045410156,t,-0.05419922
a,-0.064453125,a,-0.068359375
a,-0.024047852,a,-0.028808594
t,-0.012329102,t,-0.012145996
t,-0.0134887695,t,-0.0126953125
t,-0.0064697266,t,-0.0067749023
t,-0.013793945,t,-0.015014648
g,-2.890625,g,-2.890625
t,-0.012451172,t,-0.012756348
a,-0.15039062,a,-0.13378906
t,-0.075683594,t,-0.08251953
t,-0.035888672,t,-0.033691406
t,-0.009094238,t,-0.010375977
t,-0.0057678223,t,-0.005584717
t,-0.020263672,t,-0.020019531
a,-0.18847656,a,-0.17382812
g,-0.12792969,g,-0.13183594
t,-0.018798828,t,-0.018188477
a,-0.016235352,a,-0.0154418945
g,-0.017822266,g,-0.016601562
a,-0.014831543,a,-0.014526367
g,-0.020874023,g,-0.022705078
a,-0.02746582,a,-0.025634766
c,-0.44140625,c,-0.43945312
g,-0.44921875,g,-0.49609375
g,-0.106933594,g,-0.09423828
g,-0.10644531,g,-0.084472656
g,-0.06982422,g,-0.064453125
t,-0.022338867,t,-0.020996094
t,-0.024169922,t,-0.025878906
t,-0.017456055,t,-0.016601562
c,-0.0859375,c,-0.08544922
a,-0.15917969,a,-0.16503906
c,-0.06933594,c,-0.078125
c,-0.103027344,c,-0.092285156
a,-0.16210938,a,-0.19335938
t,-0.024902344,t,-0.02319336
g,-0.0546875,g,-0.05883789
t,-0.0071105957,t,-0.007507324
t,-0.017456055,t,-0.017578125
g,-0.15820312,g,-0.14746094
a,-3.8125,a,-3.859375
t,-1.7421875,t,-1.8359375
c,-0.08691406,c,-0.08251953
a,-0.11621094,a,-0.115722656
g,-0.06201172,g,-0.06298828
g,-0.73046875,g,-0.75
c,-0.11376953,c,-0.12109375
t,-0.061523438,t,-0.05908203
g,-0.031982422,g,-0.034179688
g,-0.04711914,g,-0.04296875
t,-0.22363281,t,-0.21289062
c,-0.06298828,c,-0.060791016
t,-0.017089844,t,-0.019165039
t,-1.515625,t,-1.515625
g,-0.09277344,g,-0.100097656
a,-0.007751465,a,-0.006591797
a,-0.046142578,a,-0.044677734
c,-0.016967773,c,-0.016723633
t,-0.040527344,t,-0.04321289
c,-0.088378906,c,-0.08642578
c,-0.09375,c,-0.10888672
t,-0.064941406,t,-0.061279297
g,-0.061767578,g,-0.0703125
a,-0.13867188,a,-0.14746094
c,-0.16210938,c,-0.18261719
c,-0.068359375,c,-0.075683594
t,-0.015075684,t,-0.013366699
c,-0.07324219,c,-0.07421875
a,-0.16015625,a,-0.1796875
g,-0.78125,g,-0.77734375
g,-0.044433594,g,-0.042236328
t,-0.034423828,t,-0.036376953
g,-0.07421875,g,-0.07714844
a,-0.008117676,a,-0.006500244
t,-0.0074157715,t,-0.0069274902
c,-0.0625,c,-0.052001953
c,-0.41210938,c,-0.453125
a,-0.50390625,a,-0.46875
c,-0.029541016,c,-0.025878906
c,-0.046875,c,-0.04321289
c,-0.40039062,c,-0.40234375
a,-0.703125,a,-0.76171875
c,-0.030273438,c,-0.028442383
c,-0.06225586,c,-0.06738281
t,-0.042236328,t,-0.040039062
c,-0.47851562,c,-0.5
g,-0.76953125,g,-0.73828125
g,-0.02758789,g,-0.02709961
c,-0.016723633,c,-0.016845703
c,-0.091796875,c,-0.08154297
t,-0.011474609,t,-0.0126953125
c,-0.040283203,c,-0.040527344
c,-0.03564453,c,-0.03540039
c,-0.060302734,c,-0.061035156
a,-0.02758789,a,-0.030883789
a,-0.044921875,a,-0.051513672
a,-0.040039062,a,-0.04248047
g,-0.032226562,g,-0.036865234
t,-0.011352539,t,-0.011169434
g,-0.041259766,g,-0.047607422
t,-3.53125,t,-3.59375
t,-0.029663086,t,-0.02722168
g,-0.13378906,g,-0.12451172
g,-0.09765625,g,-0.08251953
g,-0.048095703,g,-0.04638672
a,-0.00793457,a,-0.009460449
t,-0.0077819824,t,-0.009399414
t,-0.015563965,t,-0.017700195
a,-0.029541016,a,-0.034179688
c,-0.25585938,c,-0.2265625
a,-0.011352539,a,-0.010986328
g,-0.045654297,g,-0.040283203
g,-0.05126953,g,-0.05444336
c,-0.3671875,c,-0.34960938
g,-0.52734375,g,-0.578125
t,-0.055908203,t,-0.06640625
g,-0.03540039,g,-0.038330078
a,-0.06298828,a,-0.06542969
a,-2.875,a,-2.875
c,-0.0546875,c,-0.061767578
c,-0.11816406,c,-0.13378906
a,-0.140625,a,-0.16796875
c,-0.061035156,c,-0.061035156
c,-0.38671875,c,-0.37304688
a,-0.73046875,a,-0.703125
t,-1.2109375,t,-1.21875
g,-0.03173828,g,-0.033447266
c,-0.12695312,c,-0.12597656
c,-0.042236328,c,-0.047851562
t,-0.8515625,t,-0.85546875
g,-0.11621094,g,-0.10986328
g,-0.028808594,g,-0.028808594
c,-0.103027344,c,-0.103515625
c,-0.99609375,c,-1.15625
a,-0.57421875,a,-0.546875
g,-1.6328125,g,-1.59375
t,-0.703125,t,-0.734375
t,-0.36328125,t,-0.36914062
c,-2.15625,c,-2.203125
t,-0.33984375,t,-0.37109375
g,-1.0703125,g,-1.046875
t,-0.48632812,t,-0.49609375
t,-1.8046875,t,-1.8046875
a,-2.28125,a,-2.234375
t,-0.8515625,t,-0.87890625
t,-1.0390625,t,-1.0390625
t,-0.75390625,t,-0.80859375
t,-0.50390625,t,-0.578125
t,-0.48046875,t,-0.48046875
a,-1.4609375,a,-1.4296875
a,-1.3203125,a,-1.3203125
a,-0.96484375,a,-1.0
a,-0.6328125,a,-0.6640625
c,-2.515625,c,-2.484375
c,-2.140625,c,-2.0625
c,-1.9140625,c,-2.015625
a,-0.875,a,-0.8359375
a,-1.0546875,a,-1.0234375
g,-1.34375,g,-1.2265625
t,-1.25,t,-1.28125
t,-1.328125,t,-1.3515625
t,-0.9140625,t,-0.9296875
c,-1.4609375,c,-1.5078125
c,-1.2109375,c,-1.234375
c,-1.125,c,-1.1484375
t,-1.234375,t,-1.21875
g,-1.15625,g,-1.203125
g,-1.109375,g,-1.078125
t,-1.5390625,t,-1.609375
c,-1.828125,c,-1.8671875
a,-2.0625,a,-2.015625
t,-1.5,t,-1.4765625
a,-1.65625,a,-1.6796875
t,-1.1796875,t,-1.1484375
c,-1.9296875,c,-2.046875
t,-0.6796875,t,-0.6953125
t,-1.1015625,t,-1.09375
g,-1.6796875,g,-1.71875
g,-1.6953125,g,-1.7265625
t,-1.140625,t,-1.1484375
t,-1.1171875,t,-1.125
g,-1.8828125,g,-1.8828125
g,-1.4921875,g,-1.4609375
a,-1.40625,a,-1.390625
t,-1.109375,t,-1.1484375
g,-1.6484375,g,-1.703125
a,-1.3828125,a,-1.40625
a,-1.3359375,a,-1.3828125
g,-1.375,g,-1.40625
c,-1.6796875,c,-1.6328125
g,-3.03125,g,-3.015625
t,-1.1796875,t,-1.1796875
a,-1.8515625,a,-1.890625
t,-1.15625,t,-1.171875
t,-1.140625,t,-1.125
t,-0.8046875,t,-0.86328125
t,-0.8984375,t,-0.91015625
c,-1.6875,c,-1.671875
a,-1.1953125,a,-1.109375
a,-1.5078125,a,-1.6015625
t,-1.3984375,t,-1.4140625
a,-1.3828125,a,-1.34375
g,-1.8125,g,-1.765625
a,-1.2265625,a,-1.2265625
t,-1.2578125,t,-1.2421875
t,-1.0859375,t,-1.1015625
a,-1.5390625,a,-1.5
c,-1.875,c,-1.9140625
c,-1.71875,c,-1.671875
c,-1.609375,c,-1.6015625
t,-0.95703125,t,-0.95703125
g,-1.2421875,g,-1.2421875
g,-1.5625,g,-1.5390625
a,-1.2578125,a,-1.28125
a,-1.1484375,a,-1.1484375
a,-1.140625,a,-1.1875
g,-1.734375,g,-1.734375
g,-1.5,g,-1.5234375
c,-1.6875,c,-1.671875
t,-1.03125,t,-1.1015625
a,-1.578125,a,-1.625
g,-1.4140625,g,-1.4296875
t,-1.4296875,t,-1.40625
g,-1.453125,g,-1.3828125
a,-1.1953125,a,-1.2109375
g,-1.375,g,-1.296875
t,-1.2734375,t,-1.2734375
a,-1.484375,a,-1.5078125
c,-1.6953125,c,-1.6953125
g,-3.109375,g,-3.0625
g,-1.6484375,g,-1.6484375
t,-1.109375,t,-1.1640625
a,-1.640625,a,-1.6328125
t,-1.203125,t,-1.2109375
t,-1.015625,t,-1.0703125
c,-1.7890625,c,-1.7890625
t,-0.91015625,t,-0.9453125
t,-1.234375,t,-1.203125
c,-1.71875,c,-1.640625
t,-0.91796875,t,-0.90234375
a,-1.8984375,a,-1.8984375
c,-1.734375,c,-1.765625
a,-1.109375,a,-1.1484375
t,-1.21875,t,-1.1953125
t,-1.1640625,t,-1.1796875
t,-0.84765625,t,-0.88671875
t,-0.86328125,t,-0.88671875
a,-1.5,a,-1.5234375
g,-1.71875,g,-1.6953125
a,-1.3359375,a,-1.359375
c,-2.046875,c,-2.0
t,-1.0234375,t,-1.0546875
t,-1.015625,t,-0.9375
t,-0.91015625,t,-0.91015625
t,-0.890625,t,-0.94140625
c,-1.84375,c,-1.8046875
t,-0.84375,t,-0.84765625
t,-0.8828125,t,-0.87109375
a,-1.765625,a,-1.7734375
g,-1.625,g,-1.640625
t,-1.2421875,t,-1.1875
c,-1.875,c,-1.890625
t,-0.7265625,t,-0.7109375
t,-0.94921875,t,-0.91015625
g,-1.828125,g,-1.75
c,-1.828125,c,-1.8671875
t,-0.73046875,t,-0.7109375
a,-1.7734375,a,-1.7890625
c,-1.8515625,c,-1.8828125
t,-0.9140625,t,-0.84375
t,-0.94921875,t,-0.95703125
c,-1.5625,c,-1.625
a,-1.2578125,a,-1.2421875
a,-1.515625,a,-1.5703125
g,-1.6328125,g,-1.6328125
g,-1.2890625,g,-1.359375
a,-1.078125,a,-1.078125
c,-1.5546875,c,-1.59375
a,-0.77734375,a,-0.83203125
g,-1.2578125,g,-1.2734375
c,-1.734375,c,-1.734375
t,-0.9296875,t,-0.9296875
a,-1.3828125,a,-1.3671875
g,-1.34375,g,-1.34375
g,-1.40625,g,-1.375
c,-1.609375,c,-1.6484375
t,-1.109375,t,-1.03125
g,-1.1484375,g,-1.1953125
c,-1.890625,c,-1.984375
a,-1.0546875,a,-1.1328125
t,-1.1875,t,-1.21875
a,-1.3203125,a,-1.28125
t,-1.171875,t,-1.2265625
a,-1.4375,a,-1.546875
a,-1.40625,a,-1.4765625
a,-1.0546875,a,-1.046875
a,-1.1640625,a,-1.203125
t,-1.2421875,t,-1.25
t,-1.1484375,t,-1.1796875
c,-1.75,c,-1.8046875
t,-0.91015625,t,-0.91796875
t,-0.98828125,t,-1.0
g,-1.6640625,g,-1.8203125
g,-1.4453125,g,-1.4375
c,-1.703125,c,-1.796875
t,-0.85546875,t,-0.890625
c,-1.6796875,c,-1.7109375
a,-1.171875,a,-1.1875
t,-1.1328125,t,-1.1171875
a,-1.546875,a,-1.5390625
c,-1.7578125,c,-1.7421875
t,-1.0,t,-0.984375
t,-0.88671875,t,-0.9140625
t,-1.09375,t,-1.0859375
t,-0.7890625,t,-0.79296875
t,-1.3125,t,-1.296875
c,-1.8125,c,-1.765625
c,-1.546875,c,-1.5703125
c,-1.203125,c,-1.296875
c,-1.2734375,c,-1.2734375
a,-0.8984375,a,-0.9609375
t,-1.2734375,t,-1.2421875
a,-1.6875,a,-1.640625
a,-1.2578125,a,-1.2578125
a,-0.98046875,a,-1.0078125
t,-1.2890625,t,-1.3203125
t,-1.1171875,t,-1.09375
t,-0.87890625,t,-0.9140625
c,-1.7265625,c,-1.765625
t,-0.921875,t,-0.87109375
a,-1.40625,a,-1.453125
t,-1.2421875,t,-1.2265625
g,-1.859375,g,-1.8671875
a,-1.3515625,a,-1.359375
g,-1.8828125,g,-1.8125
a,-1.203125,a,-1.203125
a,-1.0625,a,-1.0625
a,-0.89453125,a,-0.89453125
g,-1.8359375,g,-1.8046875
t,-1.203125,t,-1.140625
c,-1.7734375,c,-1.84375
t,-0.80859375,t,-0.80078125
a,-1.671875,a,-1.6328125
a,-1.1015625,a,-1.1015625
t,-1.25,t,-1.25
g,-1.5859375,g,-1.53125
a,-1.1875,a,-1.1640625
t,-1.265625,t,-1.265625
a,-1.2578125,a,-1.2734375
a,-1.0703125,a,-1.1015625
c,-1.8046875,c,-1.7890625
t,-1.0625,t,-1.0625
g,-1.6171875,g,-1.59375
a,-1.1953125,a,-1.171875
t,-1.328125,t,-1.328125
t,-1.015625,t,-1.03125
t,-0.89453125,t,-0.90234375
t,-0.8984375,t,-0.8984375
c,-1.6875,c,-1.71875
t,-0.85546875,t,-0.8203125
t,-0.97265625,t,-0.921875
t,-0.8359375,t,-0.88671875
a,-1.7109375,a,-1.6796875
t,-1.0,t,-1.0
t,-0.78125,t,-0.77734375
t,-0.6875,t,-0.69921875
t,-0.7578125,t,-0.7421875
g,-1.8515625,g,-1.8359375
t,-0.7734375,t,-0.7734375
a,-1.5390625,a,-1.4921875
a,-1.1796875,a,-1.2265625
c,-2.03125,c,-1.984375
t,-0.953125,t,-0.87890625
t,-0.86328125,t,-0.875
a,-1.4921875,a,-1.5078125
g,-1.59375,g,-1.59375
t,-1.203125,t,-1.234375
c,-2.09375,c,-2.046875
t,-0.76953125,t,-0.75390625
t,-0.8828125,t,-0.89453125
t,-0.78515625,t,-0.81640625
t,-0.83203125,t,-0.84375
t,-0.7734375,t,-0.81640625
g,-1.9921875,g,-2.0
c,-2.03125,c,-2.0625
t,-0.80859375,t,-0.77734375
t,-0.68359375,t,-0.65234375
a,-1.875,a,-1.8359375
g,-1.5625,g,-1.546875
a,-1.3671875,a,-1.34375
g,-1.4375,g,-1.375
g,-1.5546875,g,-1.609375
c,-1.671875,c,-1.6015625
t,-0.96484375,t,-1.0
c,-1.8046875,c,-1.7734375
t,-0.80078125,t,-0.8046875
c,-1.5625,c,-1.53125
t,-0.69921875,t,-0.66796875
g,-1.1796875,g,-1.203125
a,-1.296875,a,-1.2734375
g,-1.15625,g,-1.15625
g,-1.6171875,g,-1.6171875
a,-1.2734375,a,-1.2734375
t,-1.328125,t,-1.3125
g,-1.5546875,g,-1.5
g,-1.3359375,g,-1.3203125
g,-1.546875,g,-1.5
a,-1.125,a,-1.1484375
g,-1.5390625,g,-1.515625
g,-1.34375,g,-1.34375
g,-1.515625,g,-1.53125
g,-1.5546875,g,-1.59375
g,-1.546875,g,-1.546875
t,-1.2578125,t,-1.3125
t,-1.28125,t,-1.2890625
c,-1.8671875,c,-1.890625
t,-0.91015625,t,-0.93359375
t,-1.140625,t,-1.1953125
c,-1.796875,c,-1.796875
c,-1.3515625,c,-1.3359375
t,-0.8203125,t,-0.8203125
c,-1.7265625,c,-1.6953125
c,-1.203125,c,-1.1875
c,-1.265625,c,-1.21875
a,-1.1484375,a,-1.140625
t,-1.5,t,-1.484375
c,-1.2890625,c,-1.2734375
c,-1.0703125,c,-1.0703125
c,-0.91015625,c,-0.97265625
t,-0.9921875,t,-1.03125
a,-1.875,a,-1.796875
g,-1.4765625,g,-1.5
g,-1.609375,g,-1.5859375
a,-0.98828125,a,-1.0
a,-1.1328125,a,-1.109375
t,-1.4609375,t,-1.515625
t,-1.171875,t,-1.171875
t,-0.98046875,t,-0.96875
t,-1.0234375,t,-1.0390625
t,-1.09375,t,-1.09375
c,-1.5234375,c,-1.5234375
t,-0.75390625,t,-0.75390625
t,-0.88671875,t,-0.91015625
t,-0.7421875,t,-0.703125
t,-0.75,t,-0.76171875
t,-0.6484375,t,-0.640625
t,-0.640625,t,-0.625
t,-0.46679688,t,-0.46679688
t,-0.34375,t,-0.33789062
a,-2.828125,a,-2.828125
a,-0.78125,a,-0.91015625
a,-0.7890625,a,-0.77734375
t,-1.265625,t,-1.28125
t,-0.87109375,t,-0.92578125
c,-2.046875,c,-2.0625
c,-1.59375,c,-1.6171875
t,-0.875,t,-0.83984375
a,-1.6640625,a,-1.609375
a,-1.203125,a,-1.265625
t,-1.1953125,t,-1.203125
c,-1.8203125,c,-1.8046875
a,-1.3046875,a,-1.28125
c,-1.5859375,c,-1.5859375
t,-0.88671875,t,-0.9375
a,-1.625,a,-1.6328125
g,-1.828125,g,-1.75
a,-1.3671875,a,-1.3203125
c,-1.875,c,-1.859375
c,-1.625,c,-1.6484375
a,-1.1875,a,-1.203125
c,-2.0,c,-1.984375
c,-1.6484375,c,-1.671875
a,-1.2578125,a,-1.171875
g,-1.625,g,-1.5859375
g,-1.28125,g,-1.3125
a,-1.3046875,a,-1.328125
a,-1.1015625,a,-1.0703125
g,-1.4609375,g,-1.46875
a,-1.171875,a,-1.1875
t,-1.40625,t,-1.4453125
t,-1.3515625,t,-1.3671875
g,-1.6171875,g,-1.65625
t,-1.2109375,t,-1.1953125
t,-0.99609375,t,-0.97265625
t,-0.7578125,t,-0.734375
g,-1.7421875,g,-1.8359375
t,-1.109375,t,-1.078125
t,-0.82421875,t,-0.8046875
t,-0.625,t,-0.60546875
t,-0.84375,t,-0.85546875
g,-1.7109375,g,-1.765625
t,-0.6875,t,-0.66015625
t,-0.44921875,t,-0.48632812
t,-0.29296875,t,-0.28125
t,-0.31835938,t,-0.32421875
g,-1.59375,g,-1.59375
t,-0.29492188,t,-0.31445312
t,-0.21386719,t,-0.22265625
t,-0.09667969,t,-0.095703125
t,-0.13476562,t,-0.13769531
t,-0.60546875,t,-0.62890625
a,-2.453125,a,-2.5
t,-1.2890625,t,-1.2421875
t,-0.23828125,t,-0.23535156
c,-3.0,c,-3.125
t,-0.546875,t,-0.5234375
t,-0.609375,t,-0.58984375
c,-2.640625,c,-2.5
a,-1.234375,a,-1.1875
g,-1.25,g,-1.234375
g,-1.734375,g,-1.65625
g,-1.765625,g,-1.7421875
a,-1.2890625,a,-1.3203125
c,-2.015625,c,-1.9921875
c,-1.9140625,c,-1.9609375
c,-1.796875,c,-1.7578125
c,-1.5234375,c,-1.5703125
a,-0.96484375,a,-1.0390625
t,-1.21875,t,-1.171875
t,-0.87890625,t,-0.8359375
t,-0.703125,t,-0.70703125
a,-2.1875,a,-2.125
t,-0.953125,t,-0.9140625
a,-1.234375,a,-1.2890625
c,-1.8515625,c,-1.8984375
a,-0.65625,a,-0.6875
t,-0.7890625,t,-0.82421875
a,-1.109375,a,-1.0703125
c,-1.65625,c,-1.6328125
g,-3.109375,g,-3.140625
t,-0.625,t,-0.60546875
t,-1.421875,t,-1.4140625
a,-1.9453125,a,-1.875
a,-1.1328125,a,-1.125
a,-1.1484375,a,-1.140625
t,-1.0703125,t,-1.1328125
a,-1.0703125,a,-1.0703125
a,-1.296875,a,-1.3984375
a,-0.9609375,a,-0.98046875
t,-0.84375,t,-0.8515625
a,-1.0859375,a,-1.1171875
c,-2.140625,c,-2.046875
t,-1.0234375,t,-1.0546875
g,-1.796875,g,-1.8203125
t,-0.88671875,t,-0.84765625
t,-1.09375,t,-1.0078125
t,-0.7890625,t,-0.75
g,-2.03125,g,-1.9921875
c,-2.09375,c,-2.09375
c,-1.6015625,c,-1.625
a,-0.90625,a,-0.94140625
a,-1.28125,a,-1.265625
t,-1.25,t,-1.2734375
g,-1.4765625,g,-1.5078125
t,-0.91015625,t,-0.9140625
a,-1.390625,a,-1.359375
t,-0.8828125,t,-0.87109375
c,-2.140625,c,-2.125
a,-1.2109375,a,-1.15625
a,-1.3125,a,-1.3125
c,-1.875,c,-1.9453125
c,-1.7421875,c,-1.6875
a,-0.9453125,a,-0.95703125
t,-1.109375,t,-1.140625
t,-0.98046875,t,-0.98046875
t,-0.78125,t,-0.78515625
t,-0.8046875,t,-0.79296875
g,-1.7265625,g,-1.734375
c,-1.796875,c,-1.796875
t,-0.8359375,t,-0.87109375
t,-0.875,t,-0.83984375
c,-1.6640625,c,-1.6171875
t,-0.71875,t,-0.64453125
t,-0.875,t,-0.8984375
a,-1.6328125,a,-1.6796875
t,-1.15625,t,-1.15625
t,-0.80859375,t,-0.83984375
t,-0.75,t,-0.75
a,-1.515625,a,-1.5703125
t,-0.94921875,t,-0.8828125
t,-0.62109375,t,-0.625
t,-0.58984375,t,-0.56640625
t,-0.79296875,t,-0.78125
t,-0.59765625,t,-0.6171875
g,-1.9453125,g,-1.9453125
t,-0.6875,t,-0.73046875
t,-0.64453125,t,-0.6328125
c,-2.6875,c,-2.796875
c,-1.671875,c,-1.6953125
t,-0.52734375,t,-0.48828125
t,-0.64453125,t,-0.64453125
t,-0.61328125,t,-0.61328125
g,-1.6953125,g,-1.7265625
g,-1.6328125,g,-1.6953125
t,-0.96875,t,-0.9453125
t,-0.72265625,t,-0.7109375
c,-2.015625,c,-1.9609375
t,-0.61328125,t,-0.65625
t,-0.8515625,t,-0.82421875
t,-0.68359375,t,-0.65234375
t,-0.74609375,t,-0.7578125
t,-0.65234375,t,-0.640625
c,-1.75,c,-1.8203125
a,-1.6171875,a,-1.6953125
t,-0.92578125,t,-0.91796875
g,-2.109375,g,-2.078125
g,-1.671875,g,-1.6640625
c,-1.6796875,c,-1.6953125
t,-0.7109375,t,-0.69140625
t,-0.9296875,t,-1.0546875
t,-0.7578125,t,-0.78125
g,-1.5859375,g,-1.5546875
c,-1.9453125,c,-1.9453125
t,-0.82421875,t,-0.78515625
t,-0.93359375,t,-0.9296875
t,-0.73828125,t,-0.75
g,-1.796875,g,-1.71875
g,-1.7578125,g,-1.7890625
t,-0.99609375,t,-0.9453125
g,-1.6484375,g,-1.6015625
c,-2.046875,c,-2.046875
t,-0.70703125,t,-0.70703125
c,-1.7421875,c,-1.8828125
c,-1.5234375,c,-1.5
t,-0.78125,t,-0.765625
t,-0.9140625,t,-0.890625
a,-1.8125,a,-1.765625
g,-1.546875,g,-1.484375
a,-1.328125,a,-1.3046875
t,-1.328125,t,-1.28125
t,-1.0078125,t,-1.015625
t,-0.82421875,t,-0.83984375
t,-0.8359375,t,-0.859375
c,-1.7109375,c,-1.671875
a,-1.25,a,-1.2890625
g,-1.609375,g,-1.609375
t,-1.1875,t,-1.21875
c,-1.8671875,c,-1.8515625
a,-1.3046875,a,-1.2734375
g,-1.453125,g,-1.4921875
a,-1.3671875,a,-1.4296875
t,-1.3203125,t,-1.3671875
g,-1.4140625,g,-1.4296875
t,-1.0390625,t,-1.0546875
a,-1.609375,a,-1.671875
t,-1.0625,t,-1.078125
t,-0.96875,t,-0.96875
t,-0.75,t,-0.7265625
g,-1.6640625,g,-1.6875
t,-0.94140625,t,-0.90234375
c,-1.984375,c,-2.0
c,-1.703125,c,-1.609375
t,-0.8671875,t,-0.88671875
t,-0.890625,t,-0.88671875
g,-1.7109375,g,-1.6953125
g,-1.6328125,g,-1.6875
g,-1.6015625,g,-1.515625
t,-1.203125,t,-1.1796875
a,-1.4765625,a,-1.4296875
c,-1.6875,c,-1.71875
c,-1.5234375,c,-1.453125
t,-0.87109375,t,-0.86328125
t,-1.03125,t,-1.015625
g,-1.453125,g,-1.5234375
t,-1.0546875,t,-1.1015625
a,-1.5546875,a,-1.5546875
a,-1.375,a,-1.328125
t,-1.1484375,t,-1.1875
c,-1.671875,c,-1.671875
a,-1.2109375,a,-1.25
g,-1.6171875,g,-1.65625
t,-1.1015625,t,-1.1171875
a,-1.453125,a,-1.3984375
t,-1.140625,t,-1.1640625
t,-0.91015625,t,-0.8828125
a,-1.515625,a,-1.546875
c,-1.78125,c,-1.8046875
c,-1.3984375,c,-1.46875
t,-0.9375,t,-0.9375
t,-1.0234375,t,-1.0390625
t,-0.8984375,t,-0.8984375
t,-0.984375,t,-0.984375
c,-1.515625,c,-1.515625
t,-0.90234375,t,-0.8671875
t,-0.9375,t,-0.921875
c,-1.4375,c,-1.4140625
t,-0.78515625,t,-0.78515625
g,-1.78125,g,-1.8203125
t,-0.890625,t,-0.9140625
c,-1.5078125,c,-1.546875
g,-3.390625,g,-3.40625
c,-1.59375,c,-1.5859375
t,-0.72265625,t,-0.7265625
t,-1.1015625,t,-1.0546875
t,-0.78125,t,-0.8046875
g,-1.625,g,-1.65625
t,-0.91015625,t,-0.91015625
t,-0.94140625,t,-0.94921875
t,-0.78515625,t,-0.7578125
t,-0.79296875,t,-0.79296875
c,-1.5703125,c,-1.5234375
t,-0.66796875,t,-0.7109375
g,-1.8046875,g,-1.765625
t,-0.82421875,t,-0.86328125
t,-0.77734375,t,-0.765625
c,-1.7109375,c,-1.7265625
g,-3.828125,g,-3.84375
t,-0.70703125,t,-0.734375
t,-0.86328125,t,-0.8515625
t,-0.64453125,t,-0.68359375
t,-0.76171875,t,-0.81640625
g,-1.7578125,g,-1.796875
a,-1.6796875,a,-1.6796875
a,-1.375,a,-1.3359375
a,-0.93359375,a,-0.94921875
t,-1.109375,t,-1.125
t,-1.0,t,-1.0234375
a,-1.65625,a,-1.6796875
c,-1.828125,c,-1.796875
t,-0.8515625,t,-0.82421875
t,-0.86328125,t,-0.875
g,-1.9765625,g,-1.828125
t,-0.9921875,t,-0.9921875
t,-0.84375,t,-0.8515625
t,-0.75,t,-0.75
c,-1.75,c,-1.8046875
c,-1.421875,c,-1.40625
t,-0.71875,t,-0.6875
g,-1.625,g,-1.6640625
g,-1.6875,g,-1.71875
t,-1.1796875,t,-1.109375
c,-1.6328125,c,-1.6171875
t,-0.69921875,t,-0.7265625
g,-1.5234375,g,-1.546875
g,-1.6875,g,-1.7421875
c,-1.78125,c,-1.78125
a,-1.4921875,a,-1.5078125
a,-1.546875,a,-1.5859375
t,-1.1171875,t,-1.1015625
a,-1.484375,a,-1.515625
a,-1.3515625,a,-1.3203125
c,-1.7109375,c,-1.71875
a,-1.0,a,-0.99609375
g,-1.5703125,g,-1.53125
t,-1.0546875,t,-1.1015625
t,-1.1796875,t,-1.1171875
g,-1.5546875,g,-1.5078125
a,-1.4375,a,-1.453125
g,-1.5859375,g,-1.5078125
a,-1.234375,a,-1.1796875
t,-1.3359375,t,-1.3125
a,-1.4609375,a,-1.453125
t,-1.140625,t,-1.09375
g,-1.546875,g,-1.5625
a,-1.34375,a,-1.4609375
g,-1.546875,g,-1.46875
g,-1.4296875,g,-1.5
a,-1.0390625,a,-1.0546875
g,-1.53125,g,-1.546875
t,-1.2578125,t,-1.2265625
t,-1.0703125,t,-1.1015625
t,-1.0,t,-1.03125
g,-1.53125,g,-1.59375
a,-1.2421875,a,-1.234375
g,-1.3359375,g,-1.40625
c,-1.84375,c,-1.8828125
t,-0.8828125,t,-0.828125
g,-1.265625,g,-1.28125
c,-1.6328125,c,-1.5859375
c,-1.359375,c,-1.375
a,-1.1875,a,-1.1875
t,-0.99609375,t,-0.97265625
c,-1.46875,c,-1.515625
t,-0.80859375,t,-0.8125
g,-1.2265625,g,-1.2734375
t,-1.1953125,t,-1.1875
c,-1.4453125,c,-1.4609375
t,-0.90234375,t,-0.98046875
a,-2.015625,a,-2.015625
t,-1.1640625,t,-1.1953125
g,-1.5,g,-1.515625
t,-0.8359375,t,-0.82421875
a,-1.6015625,a,-1.6015625
t,-1.078125,t,-1.0859375
c,-1.578125,c,-1.609375
t,-0.8046875,t,-0.83984375
t,-1.2421875,t,-1.25
g,-1.65625,g,-1.65625
c,-1.5625,c,-1.5625
t,-0.859375,t,-0.875
t,-1.078125,t,-1.0546875
t,-0.82421875,t,-0.87109375
a,-1.8046875,a,-1.8125
a,-1.40625,a,-1.40625
g,-1.6328125,g,-1.65625
a,-1.2265625,a,-1.2421875
c,-1.7109375,c,-1.7265625
t,-1.015625,t,-1.0703125
g,-1.328125,g,-1.34375
c,-1.796875,c,-1.859375
a,-1.1484375,a,-1.125
c,-1.9453125,c,-2.0
t,-0.98828125,t,-1.046875
c,-1.578125,c,-1.5546875
t,-0.9140625,t,-0.8984375
t,-1.234375,t,-1.25
c,-1.421875,c,-1.4453125
t,-1.0,t,-1.0
a,-1.9921875,a,-1.9609375
t,-1.375,t,-1.328125
t,-1.1015625,t,-1.1171875
g,-1.75,g,-1.7890625
a,-1.421875,a,-1.4453125
t,-1.21875,t,-1.21875
a,-1.3671875,a,-1.4296875
t,-1.171875,t,-1.1796875
c,-1.7421875,c,-1.78125
a,-1.15625,a,-1.203125
c,-1.71875,c,-1.71875
t,-0.95703125,t,-0.9296875
g,-1.21875,g,-1.2109375
g,-1.84375,g,-1.859375
c,-1.6015625,c,-1.6171875
c,-1.4296875,c,-1.484375
t,-0.859375,t,-0.93359375
t,-0.97265625,t,-1.0078125
g,-1.3671875,g,-1.375
a,-1.3046875,a,-1.2578125
t,-1.265625,t,-1.265625
t,-1.09375,t,-1.109375
t,-0.73828125,t,-0.7265625
t,-0.8984375,t,-0.91015625
g,-1.671875,g,-1.7265625
t,-0.8984375,t,-0.92578125
g,-1.828125,g,-1.875
a,-1.328125,a,-1.296875
t,-1.2109375,t,-1.2578125
t,-0.87109375,t,-0.93359375
t,-0.74609375,t,-0.7578125
c,-1.765625,c,-1.765625
t,-0.734375,t,-0.72265625
t,-1.046875,t,-1.0078125
t,-0.75390625,t,-0.75390625
a,-1.734375,a,-1.71875
t,-0.93359375,t,-0.9453125
t,-0.6796875,t,-0.6328125
t,-0.51171875,t,-0.5
c,-1.828125,c,-1.8671875
t,-0.515625,t,-0.50390625
t,-0.56640625,t,-0.5859375
c,-2.125,c,-2.1875
a,-1.28125,a,-1.234375
g,-1.4296875,g,-1.4375
g,-2.046875,g,-2.109375
a,-1.078125,a,-1.03125
c,-1.796875,c,-1.796875
c,-1.5859375,c,-1.609375
a,-1.1875,a,-1.203125
c,-1.6796875,c,-1.8046875
c,-1.2578125,c,-1.2578125
c,-1.390625,c,-1.296875
t,-0.8984375,t,-0.953125
t,-1.453125,t,-1.4375
c,-1.2890625,c,-1.3359375
a,-1.578125,a,-1.6015625
t,-1.234375,t,-1.25
t,-1.1484375,t,-1.1328125
t,-0.9765625,t,-0.98828125
t,-0.86328125,t,-0.875
c,-1.453125,c,-1.40625
t,-0.77734375,t,-0.77734375
a,-1.921875,a,-1.8828125
c,-1.7734375,c,-1.7578125
t,-0.84765625,t,-0.8125
g,-1.5234375,g,-1.546875
t,-0.875,t,-0.890625
t,-1.0,t,-1.0
t,-0.78125,t,-0.78125
g,-1.953125,g,-2.03125
c,-1.7890625,c,-1.8046875
t,-0.765625,t,-0.73046875
t,-0.7578125,t,-0.7890625
c,-1.5390625,c,-1.515625
c,-1.328125,c,-1.265625
t,-0.73828125,t,-0.75390625
t,-0.796875,t,-0.8203125
t,-0.80078125,t,-0.77734375
t,-0.79296875,t,-0.79296875
t,-0.80078125,t,-0.8359375
t,-0.68359375,t,-0.75
t,-0.55859375,t,-0.578125
t,-0.40234375,t,-0.40429688
t,-0.296875,t,-0.27148438
g,-2.984375,g,-3.03125
a,-1.046875,a,-1.078125
g,-0.32421875,g,-0.36523438
a,-0.080078125,a,-0.08544922
t,-1.671875,t,-1.609375
g,-0.40625,g,-0.45117188
g,-0.16503906,g,-0.16308594
a,-0.27539062,a,-0.2734375
g,-0.12109375,g,-0.115722656
t,-0.029174805,t,-0.029541016
c,-0.22167969,c,-0.22070312
t,-0.044921875,t,-0.04345703
c,-0.37304688,c,-0.37304688
a,-0.91796875,a,-0.89453125
c,-0.044189453,c,-0.036865234
t,-0.025512695,t,-0.02331543
c,-0.100097656,c,-0.10205078
t,-0.017333984,t,-0.015075684
g,-0.038330078,g,-0.038085938
t,-0.041992188,t,-0.041992188
c,-0.2734375,c,-0.26757812
a,-0.62109375,a,-0.64453125
c,-0.017700195,c,-0.016723633
t,-3.40625,t,-3.40625
c,-0.12597656,c,-0.12109375
a,-0.026733398,a,-0.026123047
g,-0.03930664,g,-0.033203125
g,-0.08300781,g,-0.08496094
c,-0.33984375,c,-0.3515625
t,-0.11230469,t,-0.11376953
g,-0.06982422,g,-0.08496094
g,-0.16210938,g,-0.16796875
a,-0.046875,a,-0.045166016
g,-0.044433594,g,-0.056152344
t,-0.043701172,t,-0.045654297
g,-0.060791016,g,-0.063964844
c,-0.052490234,c,-0.057617188
a,-0.009887695,a,-0.009277344
g,-0.25195312,g,-0.265625
t,-0.018310547,t,-0.0134887695
g,-0.016479492,g,-0.016235352
a,-3.53125,a,-3.484375
t,-1.140625,t,-1.140625
c,-4.15625,c,-4.21875
t,-1.203125,t,-1.1328125
t,-1.265625,t,-1.265625
g,-0.71875,g,-0.7265625
g,-3.59375,g,-3.703125
c,-0.095214844,c,-0.1015625
t,-0.063964844,t,-0.07373047
c,-0.06591797,c,-0.0625
a,-0.014587402,a,-0.014465332
t,-4.8125,t,-4.75
t,-0.08691406,t,-0.10546875
g,-0.62890625,g,-0.640625
c,-0.087402344,c,-0.09423828
a,-0.057128906,a,-0.064941406
a,-0.359375,a,-0.39257812
c,-0.17480469,c,-0.18066406
c,-0.044433594,c,-0.05029297
t,-0.072265625,t,-0.07324219
c,-0.10498047,c,-0.106933594
t,-1.015625,t,-0.98046875
g,-0.13671875,g,-0.13964844
c,-0.076660156,c,-0.071777344
c,-0.047851562,c,-0.05444336
t,-0.028198242,t,-0.023925781
c,-0.043945312,c,-0.052246094
c,-0.057861328,c,-0.07470703
c,-0.46484375,c,-0.44335938
g,-0.78515625,g,-0.81640625
g,-0.34375,g,-0.36328125
g,-0.056884766,g,-0.055664062
t,-0.032714844,t,-0.03149414
t,-0.106933594,t,-0.096191406
c,-0.026855469,c,-0.029541016
c,-6.75,c,-6.6875
a,-0.41992188,a,-0.37109375
g,-0.05883789,g,-0.061523438
c,-0.4453125,c,-0.5390625
a,-0.33007812,a,-0.33398438
a,-0.22851562,a,-0.20996094
t,-0.051757812,t,-0.04638672
t,-0.079589844,t,-0.079589844
c,-0.13183594,c,-0.16601562
t,-0.18554688,t,-0.19628906
c,-0.34375,c,-0.33984375
c,-0.19921875,c,-0.20019531
t,-0.09814453,t,-0.09326172
g,-0.05102539,g,-0.051513672
c,-0.049804688,c,-0.04736328
c,-0.034179688,c,-0.033203125
t,-0.008178711,t,-0.008178711
c,-0.037841797,c,-0.04248047
a,-0.017089844,a,-0.017089844
g,-0.019165039,g,-0.018432617
c,-0.030639648,c,-0.029052734
c,-0.029296875,c,-0.029418945
t,-0.020263672,t,-0.020751953
c,-0.048339844,c,-0.045898438
c,-0.049316406,c,-0.041503906
c,-0.37109375,c,-0.37304688
a,-0.59375,a,-0.54296875
a,-0.020385742,a,-0.019165039
g,-0.3046875,g,-0.33789062
t,-0.041503906,t,-0.046142578
a,-0.06982422,a,-0.064941406
t,-6.03125,t,-6.09375
c,-0.32421875,c,-0.36328125
t,-0.052001953,t,-0.052001953
g,-0.029541016,g,-0.025878906
g,-0.34570312,g,-0.35351562
g,-0.109375,g,-0.10058594
a,-0.1875,a,-0.1875
c,-1.5,c,-1.453125
t,-0.61328125,t,-0.59375
a,-0.07714844,a,-0.07714844
c,-0.1328125,c,-0.1171875
a,-0.052001953,a,-0.057617188
g,-0.03930664,g,-0.041992188
g,-0.048339844,g,-0.048583984
t,-1.109375,t,-1.0703125
g,-0.06591797,g,-0.0625
t,-0.94140625,t,-0.90625
g,-0.15527344,g,-0.14550781
c,-0.765625,c,-0.81640625
a,-0.3828125,a,-0.44335938
c,-0.056884766,c,-0.057128906
c,-0.15136719,c,-0.13476562
a,-0.026123047,a,-0.025878906
c,-0.032714844,c,-0.030395508
c,-0.060791016,c,-0.057861328
a,-0.056884766,a,-0.06689453
t,-0.84765625,t,-0.84375
g,-0.11328125,g,-0.119140625
c,-0.09326172,c,-0.10449219
c,-0.076171875,c,-0.06738281
c,-0.50390625,c,-0.50390625
g,-1.03125,g,-0.9609375
g,-0.025146484,g,-0.024658203
c,-0.052001953,c,-0.059326172
t,-0.11425781,t,-0.091308594
a,-0.18457031,a,-0.18652344
a,-0.076660156,a,-0.087402344
g,-5.46875,g,-5.40625
t,-0.09033203,t,-0.08300781
t,-0.05834961,t,-0.0546875
t,-0.106933594,t,-0.12011719
t,-0.609375,t,-0.60546875
g,-0.96484375,g,-1.046875
t,-0.33398438,t,-0.32617188
a,-0.4921875,a,-0.421875
t,-0.15234375,t,-0.15722656
t,-0.11816406,t,-0.12060547
t,-0.06933594,t,-0.06640625
t,-0.14453125,t,-0.11767578
t,-0.09375,t,-0.08935547
a,-0.18164062,a,-0.18652344
a,-2.03125,a,-1.984375
t,-0.12890625,t,-0.119628906
a,-0.16601562,a,-0.17089844
g,-0.39453125,g,-0.4375
a,-0.19726562,a,-0.20605469
g,-0.12695312,g,-0.12988281
a,-0.05102539,a,-0.055908203
c,-0.22949219,c,-0.21875
g,-1.09375,g,-1.0625
g,-0.16015625,g,-0.140625
g,-0.25976562,g,-0.23144531
g,-0.109375,g,-0.111816406
t,-0.015563965,t,-0.014953613
t,-0.059326172,t,-0.059570312
t,-0.013244629,t,-0.011169434
t,-2.40625,t,-2.46875
g,-0.62109375,g,-0.6328125
c,-0.07421875,c,-0.07324219
c,-0.21679688,c,-0.21777344
a,-0.10888672,a,-0.10888672
c,-3.84375,c,-3.84375
a,-2.09375,a,-2.1875
t,-0.08642578,t,-0.087402344
t,-0.10449219,t,-0.09814453
g,-0.114746094,g,-0.11328125
g,-1.359375,g,-1.328125
c,-0.30664062,c,-0.27539062
a,-4.1875,a,-4.1875
g,-0.9765625,g,-1.0390625
g,-0.71875,g,-0.75390625
c,-1.125,c,-1.1171875
t,-1.2265625,t,-1.2421875
g,-0.71484375,g,-0.7421875
g,-0.65625,g,-0.609375
t,-1.5703125,t,-1.6328125
c,-0.78515625,c,-0.734375
t,-0.060546875,t,-0.06298828
c,-0.64453125,c,-0.7109375
a,-0.9765625,a,-1.0546875
a,-0.014526367,a,-0.016235352
a,-0.020507812,a,-0.020141602
c,-0.106933594,c,-0.11376953
t,-0.06347656,t,-0.06542969
c,-0.041503906,c,-0.046875
c,-0.23535156,c,-0.23730469
t,-0.06689453,t,-0.059326172
g,-0.13769531,g,-0.119140625
a,-0.26171875,a,-0.26171875
t,-2.65625,t,-2.609375
g,-4.53125,g,-4.59375
t,-0.20410156,t,-0.20605469
c,-0.27734375,c,-0.28515625
a,-0.328125,a,-0.31835938
a,-1.09375,a,-1.1015625
g,-0.6953125,g,-0.66796875
t,-1.1328125,t,-1.1015625
g,-0.6953125,g,-0.72265625
a,-1.1328125,a,-1.1171875
t,-0.35351562,t,-0.37304688
c,-0.39453125,c,-0.3828125
c,-0.9296875,c,-0.8203125
a,-0.52734375,a,-0.546875
c,-0.09814453,c,-0.09375
c,-0.07519531,c,-0.07080078
c,-0.43945312,c,-0.43945312
a,-0.7734375,a,-0.765625
c,-0.10449219,c,-0.09326172
c,-0.099609375,c,-0.10253906
c,-2.59375,c,-2.703125
c,-1.015625,c,-1.0546875
a,-0.25585938,a,-0.25390625
c,-2.65625,c,-2.65625
c,-0.26367188,c,-0.22558594
c,-0.96875,c,-1.03125
a,-1.3828125,a,-1.5
c,-1.53125,c,-1.578125
c,-0.34375,c,-0.37890625
t,-0.7578125,t,-0.7578125
c,-1.078125,c,-1.09375
t,-1.890625,t,-1.921875
g,-0.45703125,g,-0.48046875
c,-0.38671875,c,-0.359375
a,-3.546875,a,-3.53125
t,-0.49023438,t,-0.47070312
c,-0.35351562,c,-0.38867188
c,-0.609375,c,-0.55078125
c,-0.81640625,c,-0.80859375
a,-0.75,a,-0.69140625
a,-1.359375,a,-1.359375
a,-0.9921875,a,-1.0703125
g,-1.265625,g,-1.375
t,-0.56640625,t,-0.5703125
g,-0.5625,g,-0.59375
c,-0.54296875,c,-0.58203125
t,-0.18554688,t,-0.16113281
g,-0.17382812,g,-0.18554688
g,-0.21972656,g,-0.23242188
g,-0.123046875,g,-0.125
a,-0.060302734,a,-0.060791016
t,-0.17871094,t,-0.18359375
t,-0.17089844,t,-0.15917969
a,-0.19042969,a,-0.19042969
c,-0.42382812,c,-0.46289062
a,-0.026611328,a,-0.02722168
g,-0.08203125,g,-0.08203125
g,-0.13476562,g,-0.13378906
a,-3.453125,a,-3.4375
a,-1.640625,a,-1.640625
t,-0.64453125,t,-0.61328125
g,-0.46679688,g,-0.515625
a,-0.87109375,a,-0.9140625
g,-0.45117188,g,-0.49804688
c,-0.45898438,c,-0.49023438
t,-0.73046875,t,-0.76953125
g,-1.1875,g,-1.2109375
c,-1.1484375,c,-1.1171875
c,-1.109375,c,-1.1171875
g,-2.671875,g,-2.75
t,-0.9140625,t,-0.95703125
g,-0.63671875,g,-0.625
c,-1.3046875,c,-1.2734375
c,-1.0234375,c,-1.0078125
c,-0.87890625,c,-0.91796875
a,-1.078125,a,-1.0859375
g,-0.58984375,g,-0.625
c,-0.640625,c,-0.62890625
c,-0.62890625,c,-0.62890625
t,-1.109375,t,-1.1015625
c,-1.2421875,c,-1.2890625
c,-1.1484375,c,-1.15625
c,-1.140625,c,-1.1796875
c,-1.3515625,c,-1.359375
c,-1.375,c,-1.3125
c,-1.515625,c,-1.5703125
t,-1.6328125,t,-1.59375
a,-1.8203125,a,-1.8125
c,-1.0390625,c,-1.0703125
c,-0.90234375,c,-0.90234375
c,-0.984375,c,-0.9296875
c,-1.0234375,c,-1.03125
c,-1.171875,c,-1.21875
c,-1.1640625,c,-1.125
t,-1.25,t,-1.25
t,-1.4375,t,-1.421875
t,-1.421875,t,-1.4140625
t,-1.3046875,t,-1.328125
t,-1.0546875,t,-1.0390625
t,-0.82421875,t,-0.84375
t,-0.64453125,t,-0.609375
c,-1.671875,c,-1.703125
t,-0.38476562,t,-0.37109375
t,-0.43164062,t,-0.3984375
t,-0.32226562,t,-0.32226562
c,-1.703125,c,-1.7578125
g,-5.0625,g,-4.96875
a,-1.953125,a,-2.046875
g,-0.6640625,g,-0.6953125
a,-0.83203125,a,-0.77734375
c,-0.5859375,c,-0.5703125
a,-0.49023438,a,-0.50390625
g,-0.21484375,g,-0.203125
a,-1.3046875,a,-1.3046875
g,-0.100097656,g,-0.09863281
a,-3.734375,a,-3.609375
t,-1.5078125,t,-1.609375
t,-0.14257812,t,-0.16210938
a,-1.7578125,a,-1.6484375
t,-2.265625,t,-2.265625
a,-1.9453125,a,-1.8671875
g,-0.5625,g,-0.52734375
g,-0.2734375,g,-0.26171875
t,-1.25,t,-1.1328125
g,-0.5078125,g,-0.5078125
t,-0.03491211,t,-0.03540039
g,-0.09814453,g,-0.09277344
a,-0.078125,a,-0.068359375
g,-0.16308594,g,-0.16015625
c,-0.099609375,c,-0.095703125
c,-0.13085938,c,-0.11621094
a,-0.06982422,a,-0.07763672
c,-0.057861328,c,-0.05078125
t,-0.99609375,t,-1.03125
g,-0.119628906,g,-0.12109375
g,-4.15625,g,-4.1875
a,-2.015625,a,-2.15625
c,-0.78125,c,-0.78125
c,-0.96484375,c,-1.0234375
c,-0.875,c,-0.84375
a,-1.15625,a,-1.1328125
g,-0.5859375,g,-0.55859375
c,-1.0234375,c,-1.0234375
c,-0.84765625,c,-0.82421875
t,-0.9375,t,-0.93359375
g,-1.0703125,g,-1.0546875
t,-1.3671875,t,-1.390625
t,-1.359375,t,-1.3359375
t,-0.98828125,t,-0.98828125
t,-0.82421875,t,-0.82421875
t,-0.99609375,t,-1.0078125
a,-1.8125,a,-1.8515625
t,-1.078125,t,-1.078125
t,-0.7890625,t,-0.80078125
c,-2.015625,c,-1.9453125
c,-1.4609375,c,-1.4296875
t,-0.65625,t,-0.64453125
t,-0.7578125,t,-0.7578125
t,-0.71875,t,-0.71875
t,-0.84765625,t,-0.859375
a,-1.6328125,a,-1.6328125
c,-1.734375,c,-1.7109375
c,-1.53125,c,-1.53125
a,-1.3125,a,-1.21875
a,-1.4765625,a,-1.4921875
a,-1.1171875,a,-1.15625
t,-1.0703125,t,-1.109375
c,-1.875,c,-1.9609375
t,-0.875,t,-0.91015625
c,-1.53125,c,-1.546875
c,-1.296875,c,-1.34375
a,-1.3515625,a,-1.3515625
a,-1.4140625,a,-1.4140625
g,-1.3046875,g,-1.3359375
g,-1.515625,g,-1.546875
a,-1.28125,a,-1.3125
a,-1.25,a,-1.2109375
t,-1.3515625,t,-1.3203125
a,-1.6015625,a,-1.6328125
t,-1.2265625,t,-1.2265625
c,-1.6484375,c,-1.6484375
t,-0.83984375,t,-0.85546875
t,-1.140625,t,-1.09375
c,-1.4609375,c,-1.4375
c,-1.25,c,-1.265625
c,-1.3046875,c,-1.3046875
t,-0.9296875,t,-0.9453125
t,-1.1015625,t,-1.1015625
c,-1.140625,c,-1.140625
c,-1.015625,c,-1.0234375
a,-1.5234375,a,-1.546875
a,-1.6015625,a,-1.6015625
g,-1.5234375,g,-1.5703125
t,-1.2109375,t,-1.1953125
g,-1.3984375,g,-1.3671875
c,-1.28125,c,-1.34375
g,-3.78125,g,-3.703125
a,-1.6015625,a,-1.546875
a,-1.328125,a,-1.3515625
t,-1.2578125,t,-1.28125
g,-1.2890625,g,-1.296875
t,-1.078125,t,-0.99609375
a,-1.703125,a,-1.703125
a,-1.484375,a,-1.4375
c,-1.6015625,c,-1.5625
c,-1.328125,c,-1.3046875
t,-0.9921875,t,-1.0078125
t,-1.1015625,t,-1.0859375
a,-1.6875,a,-1.671875
a,-1.359375,a,-1.375
g,-1.515625,g,-1.515625
t,-1.3046875,t,-1.328125
c,-1.484375,c,-1.453125
a,-1.265625,a,-1.2421875
g,-1.2890625,g,-1.2265625
t,-1.28125,t,-1.265625
t,-1.2109375,t,-1.2421875
a,-1.5703125,a,-1.578125
a,-1.328125,a,-1.328125
c,-1.515625,c,-1.53125
c,-1.4140625,c,-1.5078125
t,-0.953125,t,-0.9375
c,-1.4140625,c,-1.4765625
t,-0.92578125,t,-0.9453125
t,-1.1015625,t,-1.078125
t,-1.078125,t,-1.046875
g,-1.515625,g,-1.4765625
t,-1.1640625,t,-1.109375
g,-1.4375,g,-1.515625
a,-1.453125,a,-1.4296875
t,-1.40625,t,-1.390625
t,-1.0859375,t,-1.0234375
a,-1.6640625,a,-1.7421875
c,-1.5,c,-1.46875
t,-0.94921875,t,-0.9140625
t,-1.140625,t,-1.1640625
t,-0.94921875,t,-0.9765625
t,-1.0,t,-1.015625
c,-1.546875,c,-1.609375
t,-0.7890625,t,-0.78515625
t,-0.9453125,t,-0.97265625
a,-1.71875,a,-1.7109375
t,-1.1015625,t,-1.0859375
c,-1.625,c,-1.6796875
t,-0.73828125,t,-0.72265625
g,-1.7109375,g,-1.65625
c,-1.671875,c,-1.5859375
a,-1.3359375,a,-1.3359375
a,-1.578125,a,-1.53125
a,-0.9765625,a,-0.96875
g,-1.515625,g,-1.5859375
t,-1.1640625,t,-1.1640625
g,-1.3828125,g,-1.3828125
a,-1.5625,a,-1.515625
c,-1.734375,c,-1.6640625
t,-0.90625,t,-0.91015625
t,-1.0703125,t,-1.0625
a,-1.578125,a,-1.609375
a,-1.28125,a,-1.2578125
t,-1.3125,t,-1.3125
g,-1.5546875,g,-1.578125
a,-1.3125,a,-1.2421875
t,-1.3125,t,-1.28125
c,-1.8359375,c,-1.8125
t,-0.859375,t,-0.859375
t,-0.99609375,t,-0.97265625
a,-1.4453125,a,-1.5
a,-1.203125,a,-1.15625
g,-1.625,g,-1.640625
t,-1.234375,t,-1.203125
a,-1.3359375,a,-1.3359375
c,-1.6796875,c,-1.6640625
t,-0.92578125,t,-0.9375
t,-0.93359375,t,-0.8984375
t,-0.92578125,t,-0.88671875
t,-1.0390625,t,-0.99609375
t,-0.8984375,t,-0.95703125
t,-0.8515625,t,-0.8515625
t,-0.75,t,-0.76171875
t,-0.65625,t,-0.67578125
t,-0.515625,t,-0.55859375
t,-0.42773438,t,-0.42382812
t,-0.27539062,t,-0.28710938
g,-2.890625,g,-2.9375
a,-1.1953125,a,-1.1484375
g,-0.51171875,g,-0.5234375
a,-0.15527344,a,-0.15820312
c,-0.44726562,c,-0.44921875
a,-0.31445312,a,-0.2890625
g,-0.15917969,g,-0.16503906
g,-1.1328125,g,-1.0859375
g,-0.16113281,g,-0.15332031
t,-0.030761719,t,-0.032714844
c,-0.71484375,c,-0.65625
t,-0.024291992,t,-0.025268555
c,-0.32226562,c,-0.27539062
a,-0.51171875,a,-0.49609375
c,-0.020751953,c,-0.01965332
t,-0.06738281,t,-0.06347656
g,-1.5859375,g,-1.6328125
t,-0.012512207,t,-0.013061523
c,-3.4375,c,-3.4375
a,-2.40625,a,-2.453125
c,-0.56640625,c,-0.59375
c,-0.66015625,c,-0.671875
c,-0.7578125,c,-0.74609375
t,-1.9140625,t,-2.15625
g,-0.022460938,g,-0.021484375
g,-0.23339844,g,-0.2109375
c,-0.40234375,c,-0.3984375
t,-0.2734375,t,-0.2578125
g,-0.34960938,g,-0.32617188
g,-1.359375,g,-1.3828125
a,-1.5625,a,-1.4140625
g,-0.8046875,g,-0.80859375
t,-0.19042969,t,-0.1953125
g,-0.125,g,-0.13085938
c,-0.23339844,c,-0.23535156
a,-0.045654297,a,-0.046875
g,-0.18847656,g,-0.22070312
t,-0.030883789,t,-0.029907227
g,-0.030273438,g,-0.033447266
g,-0.053222656,g,-0.056640625
c,-0.27734375,c,-0.27734375
a,-0.75390625,a,-0.75
c,-0.36523438,c,-0.3984375
g,-0.73828125,g,-0.7109375
a,-0.061523438,a,-0.055664062
t,-0.013122559,t,-0.013183594
c,-0.04296875,c,-0.04321289
t,-0.1875,t,-0.22070312
c,-0.36328125,c,-0.36328125
t,-3.484375,t,-3.53125
g,-0.047607422,g,-0.05102539
a,-6.03125,a,-5.96875
t,-0.56640625,t,-0.54296875
c,-0.625,c,-0.5703125
t,-1.59375,t,-1.640625
c,-0.0859375,c,-0.09765625
c,-2.0,c,-1.9296875
a,-1.1875,a,-1.1171875
c,-2.625,c,-2.6875
t,-1.3046875,t,-1.375
c,-1.125,c,-1.1796875
a,-0.5859375,a,-0.5703125
c,-0.4921875,c,-0.45898438
t,-0.5234375,t,-0.546875
g,-0.14941406,g,-0.15917969
c,-0.35742188,c,-0.39257812
a,-0.13476562,a,-0.13476562
a,-0.13964844,a,-0.12890625
t,-2.4375,t,-2.375
c,-0.05908203,c,-0.05859375
t,-0.0078125,t,-0.0074157715
c,-0.064941406,c,-0.06591797
c,-0.5390625,c,-0.51171875
t,-3.296875,t,-3.171875
c,-0.44726562,c,-0.4609375
t,-0.890625,t,-0.890625
t,-1.109375,t,-1.1875
c,-0.51953125,c,-0.5390625
c,-0.26171875,c,-0.24804688
c,-2.640625,c,-2.59375
t,-2.046875,t,-2.0625
g,-2.375,g,-2.265625
g,-1.78125,g,-1.7890625
t,-0.9609375,t,-1.015625
t,-1.125,t,-1.1328125
c,-1.03125,c,-1.015625
a,-0.40234375,a,-0.3125
a,-0.33789062,a,-0.34179688
g,-0.4140625,g,-0.37695312
c,-1.2265625,c,-1.234375
g,-1.9140625,g,-1.8203125
g,-3.171875,g,-3.234375
c,-4.625,c,-4.625
c,-4.03125,c,-4.09375
c,-0.625,c,-0.65234375
t,-0.23242188,t,-0.22070312
c,-0.19433594,c,-0.20703125
c,-0.25,c,-0.25
c,-0.4296875,c,-0.4375
a,-0.265625,a,-0.28320312
c,-1.96875,c,-2.046875
c,-0.65234375,c,-0.62109375
t,-0.23535156,t,-0.20898438
t,-1.671875,t,-1.671875
a,-1.8125,a,-1.6640625
g,-0.091308594,g,-0.08935547
c,-0.12011719,c,-0.09863281
c,-0.076660156,c,-0.07373047
t,-0.03491211,t,-0.038330078
t,-3.71875,t,-3.96875
c,-0.20703125,c,-0.22949219
t,-1.34375,t,-1.34375
g,-0.70703125,g,-0.80859375
g,-2.484375,g,-2.484375
g,-0.48632812,g,-0.44921875
t,-0.31445312,t,-0.3046875
a,-0.76953125,a,-0.7578125
g,-1.25,g,-1.203125
c,-0.57421875,c,-0.5546875
t,-0.061279297,t,-0.053710938
g,-0.17089844,g,-0.17675781
g,-0.24023438,g,-0.25195312
g,-0.18945312,g,-0.17382812
a,-0.12402344,a,-0.12207031
c,-0.6953125,c,-0.69140625
t,-0.15136719,t,-0.13671875
a,-0.047607422,a,-0.045654297
c,-0.103515625,c,-0.10449219
a,-0.016235352,a,-0.018798828
g,-0.044677734,g,-0.052246094
a,-3.015625,a,-3.078125
t,-1.3828125,t,-1.421875
g,-0.13574219,g,-0.14453125
t,-1.5703125,t,-1.609375
g,-0.30859375,g,-0.34765625
a,-2.109375,a,-2.15625
a,-1.8515625,a,-1.8046875
c,-0.0390625,c,-0.036132812
c,-0.071777344,c,-0.08105469
a,-0.15332031,a,-0.14257812
c,-0.08105469,c,-0.080078125
c,-0.38085938,c,-0.35546875
a,-0.42773438,a,-0.42578125
c,-1.0,c,-0.95703125
g,-0.609375,g,-0.61328125
c,-0.20214844,c,-0.2109375
c,-0.015991211,c,-0.014343262
c,-0.56640625,c,-0.5625
a,-0.640625,a,-0.64453125
g,-0.02331543,g,-0.023925781
c,-0.067871094,c,-0.06591797
t,-0.17089844,t,-0.15234375
a,-0.14746094,a,-0.15722656
a,-0.04345703,a,-0.052001953
t,-0.060791016,t,-0.059326172
t,-0.037841797,t,-0.03173828
t,-0.037841797,t,-0.04345703
t,-0.021728516,t,-0.024658203
t,-0.06542969,t,-0.0625
g,-0.921875,g,-0.96484375
t,-0.06591797,t,-0.06347656
a,-0.06591797,a,-0.061767578
c,-5.03125,c,-4.96875
t,-0.10058594,t,-0.109375
t,-0.06542969,t,-0.06640625
t,-0.061035156,t,-0.059814453
t,-0.24707031,t,-0.27734375
t,-2.15625,t,-2.25
g,-0.98828125,g,-0.97265625
t,-0.51953125,t,-0.49804688
a,-0.625,a,-0.6328125
g,-0.30273438,g,-0.27539062
a,-0.106933594,a,-0.104003906
g,-0.49023438,g,-0.42578125
a,-0.13085938,a,-0.12988281
t,-0.96484375,t,-0.9375
g,-0.27148438,g,-0.2734375
g,-0.088378906,g,-0.083496094
g,-0.13183594,g,-0.12695312
g,-0.1640625,g,-0.15429688
t,-0.044189453,t,-0.044921875
t,-0.11621094,t,-0.103027344
t,-0.015258789,t,-0.015197754
t,-1.9140625,t,-1.859375
g,-0.3671875,g,-0.40625
c,-0.104003906,c,-0.09863281
c,-0.16796875,c,-0.16894531
a,-0.12402344,a,-0.13671875
t,-0.028076172,t,-0.026611328
g,-0.07128906,g,-0.068847656
t,-0.015258789,t,-0.016113281
t,-0.032470703,t,-0.030639648
g,-0.045166016,g,-0.04296875
c,-1.140625,c,-1.1796875
c,-0.09082031,c,-0.080566406
c,-0.17089844,c,-0.16113281
a,-0.016967773,a,-0.016723633
g,-0.072265625,g,-0.068359375
g,-0.03173828,g,-0.03564453
c,-0.037109375,c,-0.038085938
t,-0.002532959,t,-0.002670288
g,-0.114746094,g,-0.12158203
g,-0.048339844,g,-0.047851562
g,-7.15625,g,-7.09375
a,-2.109375,a,-2.03125
t,-0.23144531,t,-0.22753906
t,-1.21875,t,-1.3046875
a,-1.2734375,a,-1.234375
t,-1.6015625,t,-1.6171875
t,-4.375,t,-4.1875
a,-3.515625,a,-3.578125
a,-2.546875,a,-2.546875
g,-3.671875,g,-3.671875
t,-1.71875,t,-1.765625
a,-1.90625,a,-1.9296875
c,-1.8203125,c,-1.8125
t,-0.48242188,t,-0.49804688
t,-1.03125,t,-0.98828125
t,-0.5859375,t,-0.52734375
t,-2.328125,t,-2.484375
t,-1.2421875,t,-1.2578125
a,-1.2421875,a,-1.234375
t,-1.5390625,t,-1.5859375
c,-2.65625,c,-2.71875
a,-1.6640625,a,-1.71875
t,-1.109375,t,-1.1953125
a,-1.546875,a,-1.4296875
c,-2.28125,c,-2.28125
a,-1.21875,a,-1.1640625
g,-1.1484375,g,-1.171875
c,-2.75,c,-2.78125
a,-0.77734375,a,-0.765625
a,-0.94921875,a,-0.91796875
g,-1.5234375,g,-1.5078125
a,-0.40234375,a,-0.40234375
t,-0.8828125,t,-0.87109375
t,-1.3515625,t,-1.3984375
g,-1.7109375,g,-1.6796875
a,-1.84375,a,-1.796875
c,-1.9921875,c,-1.921875
a,-1.7109375,a,-1.6640625
t,-1.921875,t,-1.8828125
t,-0.953125,t,-0.94921875
t,-0.8125,t,-0.83203125
t,-0.890625,t,-0.90234375
a,-1.5234375,a,-1.546875
t,-1.3828125,t,-1.359375
a,-1.5859375,a,-1.5859375
t,-1.1171875,t,-1.1015625
t,-1.0703125,t,-1.03125
g,-1.9765625,g,-1.9765625
g,-1.796875,g,-1.78125
a,-1.6640625,a,-1.6796875
a,-1.109375,a,-1.140625
t,-1.515625,t,-1.546875
a,-1.65625,a,-1.59375
c,-1.8828125,c,-1.8984375
a,-0.5234375,a,-0.5078125
t,-1.109375,t,-1.1015625
t,-1.140625,t,-1.140625
t,-0.67578125,t,-0.6953125
g,-1.7109375,g,-1.7421875
t,-0.6171875,t,-0.62890625
c,-2.34375,c,-2.328125
t,-0.84765625,t,-0.82421875
c,-1.78125,c,-1.765625
t,-0.921875,t,-0.96484375
a,-1.5078125,a,-1.484375
t,-0.9296875,t,-0.95703125
a,-1.21875,a,-1.1484375
t,-0.80078125,t,-0.8046875
a,-0.7578125,a,-0.75
a,-1.5703125,a,-1.5234375
c,-2.046875,c,-2.0625
g,-3.46875,g,-3.53125
g,-1.96875,g,-2.046875
a,-1.3046875,a,-1.296875
g,-1.4375,g,-1.3984375
a,-1.1875,a,-1.15625
t,-1.40625,t,-1.3125
t,-0.86328125,t,-0.8828125
a,-1.2265625,a,-1.3515625
a,-1.5,a,-1.546875
c,-1.7734375,c,-1.8046875
a,-1.171875,a,-1.1875
g,-1.1796875,g,-1.2578125
g,-1.65625,g,-1.640625
a,-1.171875,a,-1.1875
a,-1.2421875,a,-1.203125
a,-1.1484375,a,-1.1640625
a,-1.0390625,a,-1.0390625
t,-1.2734375,t,-1.3203125
g,-1.4375,g,-1.421875
a,-1.078125,a,-1.1171875
c,-2.046875,c,-2.046875
a,-0.84765625,a,-0.8828125
a,-1.2265625,a,-1.2734375
g,-1.546875,g,-1.578125
c,-1.7734375,c,-1.8359375
c,-1.6796875,c,-1.6328125
t,-1.0859375,t,-1.1015625
g,-1.2734375,g,-1.2578125
g,-1.046875,g,-1.078125
g,-1.40625,g,-1.421875
t,-1.2265625,t,-1.1953125
g,-1.2421875,g,-1.2109375
c,-1.890625,c,-1.859375
g,-2.515625,g,-2.53125
g,-0.82421875,g,-0.8125
t,-0.50390625,t,-0.45507812
g,-0.19921875,g,-0.19921875
g,-0.22753906,g,-0.2421875
c,-0.296875,c,-0.31640625
t,-0.087890625,t,-0.09423828
c,-0.10058594,c,-0.09423828
a,-0.016113281,a,-0.0146484375
t,-1.53125,t,-1.6796875
g,-0.099609375,g,-0.10498047
c,-0.080078125,c,-0.07080078
c,-0.04711914,c,-0.053466797
t,-0.006134033,t,-0.0064086914
g,-0.08300781,g,-0.078125
t,-0.0043945312,t,-0.0045166016
a,-0.017700195,a,-0.019042969
a,-0.030517578,a,-0.034423828
t,-0.0019683838,t,-0.0015563965
c,-0.041503906,c,-0.043701172
c,-0.064941406,c,-0.05859375
c,-0.053710938,c,-0.056152344
a,-0.0067749023,a,-0.0069274902
g,-0.061767578,g,-0.05810547
c,-0.071777344,c,-0.07421875
a,-0.16015625,a,-0.16015625
c,-0.057861328,c,-0.056396484
t,-0.014953613,t,-0.013916016
t,-0.025756836,t,-0.02734375
t,-0.042236328,t,-0.038085938
g,-0.03100586,g,-0.03173828
g,-0.01965332,g,-0.021484375
g,-0.033447266,g,-0.02331543
a,-0.0063171387,a,-0.006072998
g,-0.03100586,g,-0.029907227
g,-0.040527344,g,-0.037109375
c,-0.04248047,c,-0.048583984
t,-0.92578125,t,-0.921875
g,-0.12451172,g,-0.10986328
a,-0.013305664,a,-0.012207031
g,-0.05810547,g,-0.051513672
g,-0.041503906,g,-0.040039062
t,-1.46875,t,-1.515625
g,-0.12695312,g,-0.13378906
g,-0.07421875,g,-0.07519531
g,-0.09033203,g,-0.09033203
a,-1.0859375,a,-1.1484375
g,-0.076660156,g,-0.076660156
g,-0.14453125,g,-0.14355469
a,-0.019042969,a,-0.021850586
t,-0.056396484,t,-0.05053711
c,-0.34179688,c,-0.3125
a,-0.3359375,a,-0.3515625
c,-0.096191406,c,-0.107421875
t,-0.2890625,t,-0.28125
t,-0.030761719,t,-0.029907227
g,-0.078125,g,-0.079589844
a,-0.007446289,a,-0.008361816
g,-0.09765625,g,-0.09765625
g,-1.3828125,g,-1.4609375
t,-1.1875,t,-1.3203125
c,-0.15917969,c,-0.16308594
a,-0.03515625,a,-0.037353516
g,-0.036132812,g,-0.04296875
g,-0.048583984,g,-0.046142578
a,-0.0053100586,a,-0.0048217773
g,-0.021606445,g,-0.021850586
t,-0.05517578,t,-0.055419922
t,-0.0006599426,t,-0.000831604
c,-0.31445312,c,-0.28515625
g,-0.70703125,g,-0.64453125
a,-0.011962891,a,-0.011291504
g,-0.01953125,g,-0.021972656
a,-0.028442383,a,-0.030273438
c,-0.030517578,c,-0.03149414
c,-0.027832031,c,-0.03125
a,-0.014526367,a,-0.015625
g,-0.05444336,g,-0.053710938
t,-3.96875,t,-3.84375
t,-3.53125,t,-3.71875
t,-0.19433594,t,-0.19140625
t,-2.671875,t,-2.71875
g,-0.2265625,g,-0.21972656
c,-0.59765625,c,-0.57421875
c,-0.08496094,c,-0.07324219
a,-0.20507812,a,-0.22460938
a,-0.23535156,a,-0.24023438
g,-1.2734375,g,-1.34375
a,-2.125,a,-2.078125
t,-0.18261719,t,-0.18359375
g,-0.39257812,g,-0.39453125
a,-3.984375,a,-4.03125
t,-0.34960938,t,-0.375
g,-1.109375,g,-1.1484375
a,-1.171875,a,-1.1484375
a,-0.265625,a,-0.27929688
a,-0.47851562,a,-0.45507812
g,-3.390625,g,-3.296875
c,-0.51953125,c,-0.4765625
c,-0.8125,c,-0.82421875
c,-0.50390625,c,-0.5078125
a,-0.5390625,a,-0.578125
t,-0.67578125,t,-0.7578125
g,-3.40625,g,-3.234375
t,-1.6875,t,-1.78125
c,-0.87890625,c,-0.87890625
t,-0.27148438,t,-0.28320312
a,-1.671875,a,-1.734375
c,-0.56640625,c,-0.56640625
t,-1.8828125,t,-1.859375
a,-0.45703125,a,-0.46484375
a,-0.32617188,a,-0.34570312
a,-0.3515625,a,-0.31835938
a,-0.40625,a,-0.34570312
a,-0.19335938,a,-0.21386719
t,-0.3203125,t,-0.33007812
a,-0.084472656,a,-0.07763672
c,-0.26367188,c,-0.25976562
a,-0.009155273,a,-0.008728027
a,-0.015991211,a,-0.01361084
a,-0.0053710938,a,-0.0057678223
a,-0.011962891,a,-0.011291504
a,-0.10986328,a,-0.103515625
t,-0.40625,t,-0.46289062
t,-0.13183594,t,-0.15332031
a,-0.05419922,a,-0.06982422
g,-0.08300781,g,-0.099121094
c,-0.03881836,c,-0.04321289
c,-0.48828125,c,-0.48828125
c,-3.953125,c,-4.125
a,-1.3359375,a,-1.3359375
g,-0.13476562,g,-0.12011719
c,-1.4296875,c,-1.453125
t,-2.96875,t,-2.96875
t,-1.2578125,t,-1.28125
g,-0.125,g,-0.12597656
a,-2.078125,a,-2.171875
t,-1.8828125,t,-1.96875
g,-1.6875,g,-1.7578125
g,-0.7890625,g,-0.78515625
t,-1.6640625,t,-1.625
g,-0.5234375,g,-0.51953125
g,-1.9921875,g,-2.09375
g,-1.09375,g,-1.1015625
c,-1.4921875,c,-1.5390625
g,-1.8828125,g,-1.8671875
c,-0.72265625,c,-0.69140625
c,-0.08300781,c,-0.08300781
t,-0.25195312,t,-0.25195312
a,-2.78125,a,-2.78125
t,-0.072753906,t,-0.07763672
a,-0.038085938,a,-0.044677734
a,-0.13183594,a,-0.11816406
t,-0.01184082,t,-0.0099487305
c,-0.024658203,c,-0.024658203
c,-0.076171875,c,-0.080566406
c,-0.11669922,c,-0.12109375
a,-0.01361084,a,-0.014221191
g,-0.092285156,g,-0.0859375
c,-0.12109375,c,-0.119628906
t,-0.78125,t,-0.81640625
a,-0.08154297,a,-0.095214844
t,-2.75,t,-2.703125
t,-0.06591797,t,-0.064941406
t,-0.52734375,t,-0.546875
g,-0.46289062,g,-0.47070312
a,-2.53125,a,-2.484375
g,-0.09814453,g,-0.10107422
a,-0.17089844,a,-0.16113281
g,-0.93359375,g,-0.98828125
a,-2.484375,a,-2.546875
c,-0.734375,c,-0.6953125
t,-1.8984375,t,-1.8203125
g,-0.18066406,g,-0.18652344
a,-0.075683594,a,-0.07763672
g,-0.3046875,g,-0.34570312
g,-0.5,g,-0.46289062
c,-0.13183594,c,-0.13183594
a,-0.27539062,a,-0.28515625
g,-0.096191406,g,-0.09863281
g,-0.13964844,g,-0.140625
a,-0.09667969,a,-0.09375
g,-0.11328125,g,-0.11328125
a,-0.25,a,-0.25
a,-0.02331543,a,-0.020507812
t,-0.01550293,t,-0.016723633
c,-0.65625,c,-0.6640625
a,-0.6953125,a,-0.75
c,-0.06225586,c,-0.06640625
t,-0.045898438,t,-0.041992188
t,-0.04321289,t,-0.045166016
g,-0.064941406,g,-0.0546875
a,-0.03491211,a,-0.03466797
a,-0.22070312,a,-0.20800781
c,-0.16796875,c,-0.16308594
c,-0.15136719,c,-0.15234375
t,-1.0859375,t,-1.0078125
g,-0.13964844,g,-0.13183594
g,-0.05029297,g,-0.050048828
g,-0.06738281,g,-0.067871094
c,-4.59375,c,-4.65625
a,-0.6796875,a,-0.67578125
g,-0.44921875,g,-0.47851562
c,-0.7734375,c,-0.76953125
a,-0.34765625,a,-0.29492188
g,-0.42773438,g,-0.43945312
a,-0.41601562,a,-0.40234375
g,-0.4921875,g,-0.4921875
g,-1.4296875,g,-1.4765625
t,-0.953125,t,-0.85546875
t,-0.33007812,t,-0.36523438
g,-0.1640625,g,-0.18554688
c,-0.22167969,c,-0.26953125
a,-0.044433594,a,-0.044433594
g,-0.06982422,g,-0.06982422
t,-0.04638672,t,-0.042236328
g,-0.044921875,g,-0.037353516
a,-0.015380859,a,-0.013549805
g,-0.039794922,g,-0.0390625
c,-0.029052734,c,-0.034423828
c,-0.5859375,c,-0.62109375
g,-0.5390625,g,-0.5390625
a,-0.078125,a,-0.078125
g,-0.028198242,g,-0.025512695
a,-0.017700195,a,-0.0154418945
t,-0.028686523,t,-0.030639648
c,-0.47460938,c,-0.45703125
a,-0.76171875,a,-0.765625
t,-0.84375,t,-0.84375
g,-0.08642578,g,-0.08544922
c,-0.012817383,c,-0.01184082
c,-0.022338867,c,-0.022338867
a,-0.064941406,a,-0.06738281
c,-0.37695312,c,-0.4609375
t,-0.011413574,t,-0.012023926
g,-0.052246094,g,-0.05493164
c,-0.06738281,c,-0.06298828
a,-0.005432129,a,-0.006072998
c,-0.037109375,c,-0.037353516
t,-0.006286621,t,-0.0062561035
c,-0.05126953,c,-0.050048828
c,-0.04321289,c,-0.043945312
a,-0.010375977,a,-0.008544922
g,-0.072753906,g,-0.07714844
c,-0.05053711,c,-0.060302734
c,-0.036621094,c,-0.032714844
t,-0.020751953,t,-0.022827148
g,-0.044677734,g,-0.044677734
g,-0.037353516,g,-0.03515625
g,-0.07080078,g,-0.076171875
t,-1.0,t,-0.95703125
g,-0.17871094,g,-0.19042969
g,-3.671875,g,-3.796875
c,-0.0859375,c,-0.09033203
a,-0.16796875,a,-0.1875
t,-2.171875,t,-2.078125
a,-1.5,a,-1.4453125
g,-0.546875,g,-0.52734375
c,-1.1171875,c,-1.09375
g,-2.3125,g,-2.234375
a,-0.38671875,a,-0.38085938
g,-0.24316406,g,-0.20605469
a,-0.17675781,a,-0.16992188
c,-0.18554688,c,-0.17089844
t,-1.25,t,-1.2421875
c,-0.15136719,c,-0.17089844
t,-1.1328125,t,-1.125
t,-3.03125,t,-3.03125
g,-0.77734375,g,-0.6953125
t,-1.6875,t,-1.796875
c,-1.46875,c,-1.453125
t,-0.76953125,t,-0.8515625
c,-0.66796875,c,-0.71875
a,-0.55078125,a,-0.62109375
a,-0.106933594,a,-0.123046875
g,-3.8125,g,-3.90625
a,-1.234375,a,-1.2578125
g,-1.6328125,g,-1.71875
a,-0.18945312,a,-0.18945312
a,-1.8671875,a,-1.8125
a,-0.64453125,a,-0.6640625
a,-0.90234375,a,-0.98828125
c,-3.15625,c,-3.125
a,-1.1015625,a,-1.15625
a,-0.66015625,a,-0.66015625
a,-0.19433594,a,-0.19433594
a,-0.28320312,a,-0.29882812
c,-2.03125,c,-2.015625
a,-0.24121094,a,-0.23144531
a,-0.08154297,a,-0.07324219
a,-0.115234375,a,-0.11279297
a,-0.14648438,a,-0.14160156
c,-1.5390625,c,-1.484375
a,-0.27148438,a,-0.29492188
a,-0.06982422,a,-0.06982422
a,-0.115234375,a,-0.115234375
a,-0.125,a,-0.118652344
a,-0.49609375,a,-0.41992188
a,-0.32421875,a,-0.3125
a,-0.16015625,a,-0.17285156
a,-0.19433594,a,-0.20019531
a,-0.203125,a,-0.20898438
a,-0.16015625,a,-0.1484375
c,-3.625,c,-3.5625
a,-0.44140625,a,-0.3984375
g,-1.96875,g,-1.96875
g,-2.03125,g,-2.140625
a,-0.953125,a,-0.9140625
a,-0.65625,a,-0.6640625
a,-0.86328125,a,-0.8828125
a,-0.78515625,a,-0.78515625
t,-1.6484375,t,-1.6875
g,-1.46875,g,-1.4140625
a,-0.8046875,a,-0.84765625
c,-2.28125,c,-2.234375
a,-0.69921875,a,-0.75
a,-1.125,a,-1.0703125
a,-0.59375,a,-0.57421875
a,-0.76171875,a,-0.734375
a,-0.8515625,a,-0.8515625
g,-1.625,g,-1.65625
t,-1.5859375,t,-1.453125
a,-0.98828125,a,-0.95703125
a,-0.796875,a,-0.796875
t,-1.4453125,t,-1.4453125
a,-1.0703125,a,-1.078125
t,-1.34375,t,-1.2734375
t,-1.1015625,t,-1.0078125
a,-1.2265625,a,-1.1875
c,-1.9140625,c,-1.859375
a,-0.77734375,a,-0.8125
a,-1.0625,a,-1.0625
c,-2.1875,c,-2.28125
t,-1.15625,t,-1.1484375
c,-1.8984375,c,-1.921875
a,-0.83203125,a,-0.79296875
g,-1.28125,g,-1.25
t,-1.296875,t,-1.265625
g,-1.5859375,g,-1.546875
a,-1.1640625,a,-1.1484375
a,-1.171875,a,-1.171875
t,-1.171875,t,-1.1796875
t,-1.015625,t,-1.0390625
t,-0.9140625,t,-0.94140625
t,-0.99609375,t,-1.015625
a,-1.15625,a,-1.125
t,-1.203125,t,-1.25
a,-1.171875,a,-1.1875
a,-0.9453125,a,-0.90625
c,-2.0625,c,-2.125
a,-0.7734375,a,-0.84375
a,-0.984375,a,-1.0390625
a,-0.765625,a,-0.84375
c,-2.0625,c,-2.09375
t,-1.28125,t,-1.3125
t,-1.1015625,t,-1.09375
t,-0.9609375,t,-0.9921875
t,-1.0234375,t,-1.03125
t,-0.94140625,t,-0.94140625
t,-0.89453125,t,-0.90625
g,-2.015625,g,-2.015625
g,-2.0625,g,-2.046875
a,-1.0625,a,-1.046875
a,-0.98046875,a,-1.03125
t,-1.5390625,t,-1.5390625
t,-0.90234375,t,-0.90234375
c,-2.046875,c,-2.03125
a,-1.0234375,a,-1.015625
t,-1.3125,t,-1.265625
t,-0.83984375,t,-0.8203125
g,-1.75,g,-1.8359375
a,-1.3125,a,-1.2890625
c,-2.0625,c,-2.0625
t,-0.953125,t,-0.98828125
a,-1.3359375,a,-1.328125
a,-1.1171875,a,-1.1171875
t,-1.125,t,-1.0859375
a,-1.28125,a,-1.2890625
c,-2.0625,c,-2.0625
t,-0.98828125,t,-1.0
a,-1.2734375,a,-1.2734375
t,-1.0,t,-1.0078125
a,-1.015625,a,-1.015625
c,-2.078125,c,-2.0625
c,-1.8515625,c,-1.796875
a,-0.80078125,a,-0.7890625
a,-1.1953125,a,-1.140625
a,-0.88671875,a,-0.921875
t,-1.2265625,t,-1.1953125
c,-2.28125,c,-2.28125
c,-1.53125,c,-1.6015625
a,-0.94921875,a,-0.921875
a,-1.125,a,-1.125
a,-0.8671875,a,-0.84375
a,-0.9921875,a,-0.98046875
t,-1.2734375,t,-1.2734375
a,-1.0703125,a,-1.046875
c,-1.796875,c,-1.84375
t,-1.1171875,t,-1.078125
c,-1.90625,c,-1.8671875
t,-1.1171875,t,-1.1171875
c,-1.859375,c,-1.859375
t,-1.015625,t,-1.03125
a,-1.3828125,a,-1.3203125
g,-1.609375,g,-1.6875
t,-1.15625,t,-1.1796875
a,-1.2109375,a,-1.171875
t,-1.234375,t,-1.25
a,-1.2578125,a,-1.1875
c,-1.8515625,c,-1.859375
c,-1.7734375,c,-1.796875
a,-0.98828125,a,-0.984375
a,-1.21875,a,-1.2265625
a,-0.93359375,a,-0.97265625
t,-1.0703125,t,-1.125
c,-1.984375,c,-1.9921875
c,-1.4375,c,-1.4609375
a,-1.0390625,a,-1.0390625
a,-1.203125,a,-1.1875
c,-1.8046875,c,-1.8046875
t,-1.1015625,t,-1.0625
c,-1.578125,c,-1.609375
t,-0.94921875,t,-0.9140625
a,-1.375,a,-1.3359375
c,-1.921875,c,-1.921875
c,-1.4921875,c,-1.4921875
c,-1.5390625,c,-1.4921875
t,-0.99609375,t,-0.98046875
a,-1.4140625,a,-1.4609375
t,-1.2265625,t,-1.2109375
a,-1.2734375,a,-1.3125
g,-1.5,g,-1.515625
t,-1.3046875,t,-1.375
a,-1.3203125,a,-1.2890625
t,-1.21875,t,-1.21875
a,-1.3203125,a,-1.2890625
a,-1.2265625,a,-1.2421875
a,-0.96875,a,-1.0
t,-1.1015625,t,-1.1484375
t,-1.0390625,t,-1.0859375
g,-1.890625,g,-1.8203125
g,-1.6953125,g,-1.6484375
a,-1.0859375,a,-1.1015625
t,-1.3046875,t,-1.265625
t,-1.09375,t,-1.09375
c,-1.7265625,c,-1.7578125
t,-0.8828125,t,-0.8828125
a,-1.3984375,a,-1.390625
t,-1.1015625,t,-1.1015625
t,-0.87109375,t,-0.8828125
t,-0.80078125,t,-0.796875
g,-1.90625,g,-1.8984375
g,-1.640625,g,-1.640625
a,-1.1640625,a,-1.25
c,-2.109375,c,-2.203125
t,-1.078125,t,-1.0234375
t,-0.93359375,t,-0.921875
g,-1.6484375,g,-1.671875
t,-1.1640625,t,-1.1328125
c,-1.953125,c,-1.921875
t,-0.80859375,t,-0.80078125
c,-1.75,c,-1.7890625
a,-1.1796875,a,-1.234375
c,-1.7890625,c,-1.8359375
t,-0.88671875,t,-0.90625
a,-1.734375,a,-1.78125
a,-1.1875,a,-1.203125
t,-1.25,t,-1.265625
c,-1.8046875,c,-1.8515625
c,-1.3671875,c,-1.4375
c,-1.390625,c,-1.34375
t,-1.0234375,t,-1.0
c,-1.6484375,c,-1.734375
a,-1.234375,a,-1.171875
t,-1.3046875,t,-1.3046875
a,-1.6015625,a,-1.5859375
c,-1.609375,c,-1.6171875
a,-1.015625,a,-1.0
g,-1.484375,g,-1.421875
t,-1.1953125,t,-1.15625
g,-1.46875,g,-1.4296875
t,-1.15625,t,-1.140625
g,-1.4296875,g,-1.46875
t,-1.0,t,-1.0078125
t,-1.1171875,t,-1.1015625
t,-0.875,t,-0.8984375
t,-0.9453125,t,-0.9453125
a,-1.5703125,a,-1.5390625
t,-1.046875,t,-1.046875
t,-0.83203125,t,-0.83203125
t,-0.703125,t,-0.703125
t,-0.7265625,t,-0.7265625
t,-0.7578125,t,-0.7265625
t,-0.64453125,t,-0.64453125
a,-1.5546875,a,-1.6015625
t,-0.99609375,t,-1.03125
t,-0.546875,t,-0.5546875
g,-2.296875,g,-2.234375
a,-1.390625,a,-1.40625
a,-1.3828125,a,-1.3515625
g,-1.578125,g,-1.609375
t,-1.078125,t,-1.0546875
a,-1.328125,a,-1.328125
a,-1.3125,a,-1.28125
a,-1.1171875,a,-1.0546875
a,-1.015625,a,-1.0859375
a,-1.0,a,-0.9921875
a,-0.98828125,a,-1.0390625
a,-0.890625,a,-0.8828125
t,-1.1484375,t,-1.140625
t,-0.953125,t,-1.015625
t,-0.91015625,t,-0.88671875
g,-1.859375,g,-1.8046875
t,-0.9296875,t,-0.953125
c,-2.046875,c,-1.984375
a,-1.1171875,a,-1.125
t,-1.046875,t,-1.046875
t,-0.83203125,t,-0.83984375
t,-0.7421875,t,-0.7265625
t,-0.765625,t,-0.73046875
a,-1.515625,a,-1.5078125
a,-1.1796875,a,-1.109375
c,-1.9609375,c,-1.984375
c,-1.8671875,c,-1.8359375
a,-0.89453125,a,-0.94140625
t,-0.9921875,t,-0.98046875
t,-0.87890625,t,-0.90625
t,-0.70703125,t,-0.69140625
t,-0.75,t,-0.7578125
t,-0.77734375,t,-0.71875
a,-1.3359375,a,-1.3359375
a,-1.0625,a,-1.0
g,-1.859375,g,-1.78125
t,-1.0546875,t,-1.125
a,-1.0625,a,-1.0625
t,-0.89453125,t,-1.0078125
a,-1.3671875,a,-1.3671875
t,-0.73828125,t,-0.74609375
a,-1.1171875,a,-1.1171875
g,-1.953125,g,-1.96875
t,-0.90234375,t,-0.859375
t,-0.99609375,t,-1.0
c,-2.15625,c,-2.09375
a,-1.0546875,a,-1.0390625
g,-1.609375,g,-1.625
t,-0.9375,t,-0.8984375
a,-1.328125,a,-1.3046875
a,-1.265625,a,-1.1953125
t,-1.0234375,t,-1.0234375
a,-1.2890625,a,-1.265625
t,-0.984375,t,-0.97265625
t,-0.8984375,t,-0.8515625
a,-1.265625,a,-1.296875
a,-1.1640625,a,-1.1796875
g,-1.9375,g,-1.9296875
t,-1.0546875,t,-0.9921875
a,-1.171875,a,-1.1640625
t,-0.9609375,t,-0.9609375
g,-2.046875,g,-1.9453125
t,-0.73828125,t,-0.73046875
t,-0.96484375,t,-0.92578125
c,-2.09375,c,-2.125
a,-1.015625,a,-1.0
t,-0.984375,t,-1.0390625
g,-1.59375,g,-1.6015625
t,-0.765625,t,-0.75
t,-1.1953125,t,-1.1484375
g,-1.84375,g,-1.828125
t,-0.953125,t,-1.0
t,-0.8671875,t,-0.91796875
g,-1.75,g,-1.6875
c,-1.7578125,c,-1.7890625
g,-3.75,g,-3.765625
c,-1.59375,c,-1.65625
a,-0.8671875,a,-0.83984375
a,-1.703125,a,-1.703125
t,-1.15625,t,-1.1875
a,-1.6484375,a,-1.6484375
g,-1.6796875,g,-1.6328125
a,-1.28125,a,-1.3359375
t,-1.25,t,-1.234375
c,-2.046875,c,-2.015625
t,-0.93359375,t,-0.9609375
t,-0.98828125,t,-0.96484375
c,-1.9609375,c,-1.921875
g,-3.734375,g,-3.8125
g,-1.4296875,g,-1.4296875
a,-1.2421875,a,-1.25
a,-1.125,a,-1.1171875
g,-1.359375,g,-1.3671875
t,-1.171875,t,-1.1796875
t,-1.078125,t,-1.046875
t,-0.8671875,t,-0.85546875
t,-0.86328125,t,-0.86328125
t,-0.96484375,t,-0.9140625
c,-1.7265625,c,-1.8125
g,-3.875,g,-3.78125
t,-0.9375,t,-0.93359375
c,-1.875,c,-1.8515625
t,-0.80859375,t,-0.84375
t,-0.84375,t,-0.87890625
g,-1.75,g,-1.765625
c,-1.78125,c,-1.7890625
a,-1.203125,a,-1.203125
a,-1.4765625,a,-1.4765625
c,-1.7109375,c,-1.78125
c,-1.453125,c,-1.5
t,-0.8046875,t,-0.87109375
g,-1.4765625,g,-1.4296875
a,-1.453125,a,-1.4609375
a,-1.1640625,a,-1.125
a,-1.140625,a,-1.171875
c,-1.6015625,c,-1.609375
t,-1.0234375,t,-1.0078125
c,-1.5,c,-1.46875
t,-0.95703125,t,-0.95703125
a,-1.5625,a,-1.5
c,-1.7734375,c,-1.7734375
c,-1.203125,c,-1.25
c,-1.4375,c,-1.4609375
a,-1.140625,a,-1.171875
t,-1.2890625,t,-1.3125
t,-1.078125,t,-1.0625
a,-1.65625,a,-1.625
g,-1.7421875,g,-1.7421875
c,-1.4140625,c,-1.4296875
a,-1.125,a,-1.078125
a,-1.3125,a,-1.34375
a,-1.0546875,a,-1.0078125
t,-1.328125,t,-1.3046875
t,-1.125,t,-1.078125
c,-1.5625,c,-1.6015625
c,-1.3515625,c,-1.375
c,-1.4453125,c,-1.4453125
a,-0.96875,a,-0.953125
t,-1.2578125,t,-1.3203125
t,-1.078125,t,-1.09375
t,-0.90234375,t,-0.91015625
c,-1.375,c,-1.375
t,-0.94140625,t,-0.921875
c,-1.453125,c,-1.4765625
c,-1.296875,c,-1.359375
t,-0.91796875,t,-0.91796875
t,-1.0234375,t,-1.0078125
a,-1.7578125,a,-1.7421875
c,-1.5703125,c,-1.5859375
a,-1.28125,a,-1.2578125
c,-1.75,c,-1.671875
t,-1.0546875,t,-1.125
t,-1.046875,t,-1.046875
a,-1.6796875,a,-1.609375
g,-1.625,g,-1.6171875
c,-1.4140625,c,-1.453125
c,-1.484375,c,-1.46875
c,-1.390625,c,-1.390625
t,-0.83203125,t,-0.88671875
t,-1.0546875,t,-1.0390625
g,-1.90625,g,-1.90625
g,-1.5625,g,-1.5625
t,-1.1875,t,-1.2265625
a,-1.5,a,-1.515625
a,-1.28125,a,-1.2265625
t,-1.2578125,t,-1.234375
c,-1.6640625,c,-1.6640625
a,-1.109375,a,-1.1171875
t,-1.1171875,t,-1.1328125
c,-1.6640625,c,-1.6640625
a,-1.2265625,a,-1.2265625
t,-1.1796875,t,-1.1796875
t,-0.95703125,t,-0.921875
c,-1.609375,c,-1.6640625
t,-0.890625,t,-0.890625
t,-1.015625,t,-1.0546875
t,-0.890625,t,-0.8359375
t,-0.90625,t,-0.9296875
t,-0.84765625,t,-0.84765625
t,-0.71875,t,-0.7578125
t,-0.63671875,t,-0.63671875
t,-0.53125,t,-0.51953125
t,-0.34765625,t,-0.35351562
t,-0.19726562,t,-0.20507812
t,-0.14550781,t,-0.16015625
t,-0.10449219,t,-0.10839844
t,-0.09277344,t,-0.09863281
t,-0.09277344,t,-0.09814453
t,-0.12451172,t,-0.095703125
t,-0.111328125,t,-0.103027344
g,-2.875,g,-2.875
a,-0.37109375,a,-0.33398438
g,-0.16601562,g,-0.16113281
a,-0.04736328,a,-0.049804688
t,-1.734375,t,-1.6328125
g,-0.28710938,g,-0.2890625
g,-0.11230469,g,-0.10449219
a,-0.14355469,a,-0.15527344
g,-0.06933594,g,-0.08251953
t,-0.011047363,t,-0.0119018555
t,-1.5625,t,-1.515625
t,-0.025390625,t,-0.021606445
t,-1.265625,t,-1.3515625
a,-1.9609375,a,-2.015625
c,-0.12988281,c,-0.13671875
t,-0.515625,t,-0.5078125
c,-0.29296875,c,-0.26367188
t,-0.11767578,t,-0.13183594
t,-0.47070312,t,-0.5
g,-0.24023438,g,-0.25390625
t,-0.41601562,t,-0.40039062
t,-0.32226562,t,-0.27929688
g,-0.54296875,g,-0.546875
c,-0.38867188,c,-0.41210938
c,-0.18359375,c,-0.17285156
c,-0.16894531,c,-0.16699219
a,-0.057617188,a,-0.06298828
g,-0.03881836,g,-0.036621094
g,-0.04736328,g,-0.048828125
c,-0.053222656,c,-0.053466797
t,-0.015197754,t,-0.015197754
g,-0.04272461,g,-0.05029297
g,-0.046142578,g,-0.049072266
a,-0.068847656,a,-0.07324219
g,-0.037597656,g,-0.036865234
t,-0.021118164,t,-0.023925781
g,-0.08935547,g,-0.10595703
c,-0.068847656,c,-0.064453125
a,-0.008728027,a,-0.009277344
a,-1.25,a,-1.2109375
t,-0.032958984,t,-0.037353516
g,-0.044677734,g,-0.044921875
g,-0.09716797,g,-0.095214844
t,-1.0703125,t,-1.109375
g,-0.09472656,g,-0.08935547
c,-0.34375,c,-0.27734375
a,-0.76171875,a,-0.72265625
a,-0.1015625,a,-0.09716797
t,-0.015258789,t,-0.014221191
c,-0.0546875,c,-0.06201172
t,-0.08251953,t,-0.087402344
c,-0.26953125,c,-0.296875
g,-0.6484375,g,-0.65234375
a,-3.671875,a,-3.546875
c,-0.09765625,c,-0.103515625
t,-0.06982422,t,-0.06689453
c,-0.17578125,c,-0.1640625
a,-0.075683594,a,-0.07470703
c,-0.02709961,c,-0.025634766
c,-2.765625,c,-2.65625
a,-1.734375,a,-1.6796875
c,-0.1484375,c,-0.1484375
a,-0.19433594,a,-0.19140625
a,-0.52734375,a,-0.5078125
c,-0.671875,c,-0.6328125
c,-0.22460938,c,-0.203125
t,-0.01977539,t,-0.018066406
c,-0.15039062,c,-0.14257812
c,-0.37695312,c,-0.37695312
g,-0.953125,g,-1.015625
c,-0.14648438,c,-0.13867188
c,-0.05859375,c,-0.05810547
t,-0.007537842,t,-0.0087890625
c,-0.034179688,c,-0.03857422
c,-0.06738281,c,-0.06933594
c,-0.50390625,c,-0.53515625
a,-0.78125,a,-0.78125
g,-0.12597656,g,-0.119140625
g,-0.10546875,g,-0.09326172
t,-0.052246094,t,-0.052246094
t,-0.017944336,t,-0.021118164
c,-0.052978516,c,-0.049560547
a,-0.03491211,a,-0.030151367
a,-0.061523438,a,-0.060791016
g,-0.03540039,g,-0.03540039
c,-0.515625,c,-0.515625
a,-0.71484375,a,-0.7421875
a,-0.030029297,a,-0.036132812
t,-0.0073547363,t,-0.008361816
t,-0.05908203,t,-0.061767578
c,-0.08154297,c,-0.08203125
t,-0.022216797,t,-0.026733398
a,-6.375,a,-6.4375
c,-0.7890625,c,-0.96484375
c,-1.28125,c,-1.1953125
t,-2.03125,t,-1.9296875
c,-0.072753906,c,-0.06982422
a,-1.2109375,a,-1.3125
g,-0.74609375,g,-0.83203125
c,-0.22558594,c,-0.2421875
c,-0.18164062,c,-0.18359375
t,-0.13085938,t,-0.12695312
c,-0.04711914,c,-0.03881836
c,-0.041992188,c,-0.0390625
c,-0.6484375,c,-0.67578125
g,-1.0546875,g,-1.0546875
a,-0.03491211,a,-0.03564453
g,-0.08984375,g,-0.10107422
t,-0.06933594,t,-0.06591797
a,-0.03564453,a,-0.04272461
g,-0.010986328,g,-0.009887695
c,-0.0390625,c,-0.033203125
t,-0.0053710938,t,-0.0043640137
g,-0.04736328,g,-0.056640625
g,-0.0625,g,-0.06225586
g,-0.048095703,g,-0.05078125
a,-0.008483887,a,-0.008300781
t,-0.625,t,-0.6484375
t,-0.029663086,t,-0.033691406
a,-0.017089844,a,-0.018188477
c,-0.12597656,c,-0.13378906
a,-0.021240234,a,-0.01977539
g,-0.030761719,g,-0.030761719
t,-4.25,t,-4.3125
c,-0.77734375,c,-0.80859375
a,-0.59375,a,-0.59765625
t,-0.828125,t,-0.8515625
g,-0.453125,g,-0.453125
c,-0.6640625,c,-0.66796875
a,-0.66796875,a,-0.671875
c,-0.14257812,c,-0.14550781
c,-0.21875,c,-0.19238281
a,-0.114746094,a,-0.115234375
c,-0.11425781,c,-0.10839844
c,-0.07373047,c,-0.072753906
a,-0.075683594,a,-0.06689453
c,-0.51953125,c,-0.42773438
g,-0.65625,g,-0.62890625
c,-0.08984375,c,-0.10644531
c,-0.075683594,c,-0.07373047
c,-0.5078125,c,-0.46289062
g,-0.6015625,g,-0.65625
g,-0.043701172,g,-0.037109375
c,-0.06640625,c,-0.0703125
t,-0.041015625,t,-0.041015625
a,-0.041992188,a,-0.04711914
a,-0.012512207,a,-0.012329102
t,-0.009277344,t,-0.008605957
t,-0.014892578,t,-0.012268066
t,-0.009887695,t,-0.009277344
t,-0.024291992,t,-0.020996094
g,-2.71875,g,-2.65625
t,-0.017211914,t,-0.014770508
a,-0.10888672,a,-0.11328125
t,-0.09814453,t,-0.099121094
t,-0.040039062,t,-0.042236328
t,-0.01184082,t,-0.009887695
t,-0.005859375,t,-0.0053100586
t,-0.022705078,t,-0.023803711
a,-0.17675781,a,-0.1875
g,-0.08984375,g,-0.107910156
t,-0.020019531,t,-0.017822266
a,-0.019165039,a,-0.01965332
g,-0.018676758,g,-0.018432617
a,-0.015625,a,-0.015380859
g,-0.017089844,g,-0.01953125
a,-0.024047852,a,-0.021850586
a,-5.53125,a,-5.4375
g,-0.21386719,g,-0.20507812
g,-0.16992188,g,-0.15332031
g,-0.10888672,g,-0.10058594
g,-0.5859375,g,-0.609375
t,-0.24902344,t,-0.23730469
t,-0.107421875,t,-0.103515625
t,-0.13671875,t,-0.12890625
c,-0.83203125,c,-0.8046875
t,-2.09375,t,-2.140625
c,-0.4453125,c,-0.44921875
c,-0.66015625,c,-0.7421875
a,-0.12792969,a,-0.1328125
t,-0.040771484,t,-0.048828125
g,-0.08886719,g,-0.09277344
t,-0.021362305,t,-0.020507812
t,-0.057861328,t,-0.049804688
g,-0.05029297,g,-0.053466797
a,-3.015625,a,-3.109375
g,-4.875,g,-5.09375
g,-2.3125,g,-2.375
c,-3.09375,c,-3.140625
t,-0.9375,t,-0.8515625
g,-0.7890625,g,-0.78515625
g,-0.69140625,g,-0.734375
t,-2.25,t,-2.203125
c,-1.6875,c,-1.59375
t,-0.029296875,t,-0.02319336
c,-0.671875,c,-0.671875
g,-1.0546875,g,-1.1171875
a,-0.015136719,a,-0.017211914
a,-0.015319824,a,-0.016113281
c,-0.08105469,c,-0.091308594
t,-0.049316406,t,-0.05078125
c,-0.053710938,c,-0.044677734
c,-0.15527344,c,-0.15039062
t,-0.05859375,t,-0.0625
g,-0.04345703,g,-0.041259766
a,-0.18945312,a,-0.2109375
c,-0.265625,c,-0.26367188
c,-0.067871094,c,-0.08154297
t,-0.016113281,t,-0.01940918
c,-0.076660156,c,-0.0859375
a,-0.13671875,a,-0.12792969
g,-0.546875,g,-0.51171875
g,-0.057617188,g,-0.060302734
t,-0.03149414,t,-0.033447266
g,-0.049072266,g,-0.056640625
a,-0.0034332275,a,-0.0033111572
t,-0.010498047,t,-0.008850098
c,-0.053222656,c,-0.052246094
t,-1.1328125,t,-1.140625
g,-0.17675781,g,-0.1875
c,-0.051513672,c,-0.053955078
c,-0.03173828,c,-0.027832031
c,-0.4296875,c,-0.42773438
a,-0.69921875,a,-0.63671875
c,-0.036865234,c,-0.040771484
c,-0.043701172,c,-0.044189453
t,-0.025878906,t,-0.021484375
c,-0.45703125,c,-0.48046875
g,-1.0859375,g,-1.0859375
g,-0.068847656,g,-0.067871094
c,-0.01361084,c,-0.014953613
c,-0.078125,c,-0.078125
t,-0.024414062,t,-0.024414062
c,-0.05126953,c,-0.05029297
c,-0.04248047,c,-0.041992188
c,-0.08642578,c,-0.076660156
a,-0.016601562,a,-0.017578125
a,-0.042236328,a,-0.04321289
a,-0.025878906,a,-0.028808594
g,-0.029296875,g,-0.029907227
t,-0.013916016,t,-0.014831543
g,-0.043945312,g,-0.037841797
c,-0.043701172,c,-0.055419922
t,-0.008728027,t,-0.008911133
g,-0.06347656,g,-0.07128906
g,-0.07421875,g,-0.06933594
g,-0.03173828,g,-0.034179688
a,-0.0076293945,a,-0.006286621
t,-0.00970459,t,-0.00970459
t,-0.0134887695,t,-0.014404297
a,-0.014953613,a,-0.015136719
c,-0.17578125,c,-0.16699219
a,-0.008361816,a,-0.008422852
g,-0.032714844,g,-0.03930664
g,-0.07519531,g,-0.07763672
c,-0.31445312,c,-0.33007812
g,-0.59765625,g,-0.57421875
t,-0.026245117,t,-0.024414062
g,-0.040771484,g,-0.038085938
a,-0.021972656,a,-0.022827148
g,-0.041992188,g,-0.048339844
c,-0.02709961,c,-0.028686523
c,-0.049316406,c,-0.059570312
a,-0.017089844,a,-0.019165039
c,-0.026977539,c,-0.026855469
t,-1.1953125,t,-1.234375
g,-0.08300781,g,-0.07421875
c,-0.37695312,c,-0.375
g,-0.78515625,g,-0.81640625
c,-0.049072266,c,-0.049072266
c,-0.041259766,c,-0.036865234
t,-1.171875,t,-1.1796875
g,-0.05053711,g,-0.040771484
g,-0.044189453,g,-0.04321289
c,-0.038330078,c,-0.036865234
c,-0.18066406,c,-0.18066406
c,-1.5859375,c,-1.6015625
a,-0.70703125,a,-0.76171875
t,-1.0234375,t,-1.03125
t,-1.1328125,t,-1.140625
c,-1.53125,c,-1.515625
t,-0.6171875,t,-0.6171875
t,-1.0859375,t,-1.1484375
t,-0.9609375,t,-0.9609375
c,-1.46875,c,-1.4765625
t,-0.671875,t,-0.671875
a,-2.09375,a,-1.96875
a,-1.34375,a,-1.390625
t,-1.078125,t,-1.1328125
t,-0.890625,t,-0.87890625
c,-1.6328125,c,-1.65625
t,-0.68359375,t,-0.69921875
a,-1.703125,a,-1.7734375
t,-1.0625,t,-1.078125
a,-1.625,a,-1.6171875
a,-1.2578125,a,-1.2265625
a,-0.96484375,a,-0.96484375
t,-0.97265625,t,-0.98046875
t,-0.9375,t,-1.0078125
t,-0.78515625,t,-0.76171875
g,-1.921875,g,-1.96875
a,-1.3828125,a,-1.390625
c,-2.109375,c,-2.046875
t,-0.875,t,-0.93359375
a,-1.6015625,a,-1.546875
c,-1.828125,c,-1.8671875
t,-0.96875,t,-0.9453125
t,-0.8515625,t,-0.8515625
a,-1.5390625,a,-1.5625
g,-1.484375,g,-1.546875
t,-1.125,t,-1.0703125
t,-0.9375,t,-0.94921875
a,-1.6640625,a,-1.6875
c,-1.671875,c,-1.6484375
c,-1.515625,c,-1.515625
t,-0.8828125,t,-0.875
t,-1.015625,t,-1.0
a,-1.78125,a,-1.6953125
c,-1.6484375,c,-1.7265625
a,-1.109375,a,-1.1484375
t,-1.1953125,t,-1.171875
a,-1.2578125,a,-1.2421875
a,-1.4375,a,-1.4296875
a,-1.1328125,a,-1.09375
t,-1.1328125,t,-1.09375
a,-1.21875,a,-1.203125
a,-1.1640625,a,-1.1953125
a,-0.953125,a,-0.953125
t,-0.98828125,t,-1.015625
t,-1.1328125,t,-1.0859375
c,-1.8828125,c,-1.9140625
t,-0.8515625,t,-0.86328125
t,-0.87109375,t,-0.91015625
a,-1.3359375,a,-1.3359375
t,-1.0390625,t,-1.09375
a,-1.375,a,-1.390625
g,-1.9453125,g,-1.8671875
t,-1.171875,t,-1.140625
t,-0.921875,t,-0.953125
a,-1.5390625,a,-1.53125
g,-1.9453125,g,-1.984375
t,-0.984375,t,-1.015625
g,-1.6171875,g,-1.6015625
t,-0.921875,t,-0.9609375
t,-0.7890625,t,-0.83203125
a,-1.3828125,a,-1.4765625
t,-0.98828125,t,-0.97265625
t,-0.8515625,t,-0.8515625
t,-0.7421875,t,-0.7265625
t,-0.71484375,t,-0.72265625
t,-0.8046875,t,-0.76953125
g,-1.875,g,-1.875
c,-2.109375,c,-1.9921875
t,-0.80859375,t,-0.83203125
t,-0.7890625,t,-0.76953125
c,-1.859375,c,-1.859375
c,-1.453125,c,-1.5
a,-1.359375,a,-1.359375
t,-0.97265625,t,-0.94921875
g,-1.828125,g,-1.96875
c,-1.9453125,c,-1.953125
c,-1.4921875,c,-1.4921875
t,-0.77734375,t,-0.77734375
t,-0.99609375,t,-0.97265625
t,-0.84765625,t,-0.8359375
t,-0.984375,t,-0.9609375
t,-0.8515625,t,-0.83984375
t,-0.7734375,t,-0.7734375
g,-2.03125,g,-2.03125
t,-0.8125,t,-0.8125
t,-0.58984375,t,-0.57421875
g,-1.9921875,g,-1.8671875
t,-0.640625,t,-0.68359375
t,-0.3828125,t,-0.39453125
g,-1.1640625,g,-1.1640625
t,-0.5546875,t,-0.5703125
t,-0.22363281,t,-0.19921875
c,-2.65625,c,-2.515625
a,-1.9453125,a,-1.84375
t,-0.5859375,t,-0.6015625
g,-1.3203125,g,-1.3828125
c,-1.8125,c,-1.8125
t,-0.90625,t,-0.921875
c,-2.171875,c,-2.125
t,-0.8828125,t,-0.8671875
t,-0.83984375,t,-0.86328125
a,-1.7109375,a,-1.7109375
c,-1.46875,c,-1.4921875
t,-0.890625,t,-0.8671875
t,-1.0703125,t,-1.0
g,-1.7890625,g,-1.7890625
g,-1.8671875,g,-1.8671875
a,-1.4453125,a,-1.3984375
a,-1.1875,a,-1.1953125
t,-1.1875,t,-1.2265625
g,-1.640625,g,-1.6875
c,-1.5546875,c,-1.546875
g,-3.390625,g,-3.375
t,-0.98046875,t,-0.97265625
t,-0.94921875,t,-0.9296875
c,-1.6640625,c,-1.6484375
t,-0.7578125,t,-0.75390625
a,-1.8984375,a,-1.890625
t,-1.0703125,t,-1.0859375
t,-1.109375,t,-1.09375
t,-0.765625,t,-0.765625
t,-0.87109375,t,-0.87109375
g,-1.7421875,g,-1.75
t,-0.8515625,t,-0.8671875
c,-2.0625,c,-2.0625
t,-0.8046875,t,-0.76953125
a,-1.9140625,a,-1.9140625
c,-1.6171875,c,-1.640625
c,-1.671875,c,-1.75
t,-0.79296875,t,-0.79296875
a,-1.5625,a,-1.65625
t,-0.82421875,t,-0.8359375
g,-1.515625,g,-1.5078125
c,-1.921875,c,-1.921875
a,-1.0078125,a,-1.0078125
c,-1.9140625,c,-1.796875
a,-0.91015625,a,-0.94140625
t,-0.95703125,t,-0.95703125
c,-2.078125,c,-2.0
c,-1.3125,c,-1.359375
t,-1.09375,t,-1.1171875
g,-1.484375,g,-1.4296875
t,-0.94921875,t,-0.9375
t,-1.140625,t,-1.1640625
g,-1.734375,g,-1.71875
g,-1.8046875,g,-1.8671875
g,-1.703125,g,-1.671875
t,-1.0703125,t,-1.0390625
t,-0.96484375,t,-0.99609375
t,-0.703125,t,-0.72265625
t,-0.796875,t,-0.79296875
t,-0.89453125,t,-0.85546875
t,-0.734375,t,-0.7578125
t,-0.62109375,t,-0.61328125
t,-0.45703125,t,-0.46875
t,-0.39257812,t,-0.40625
t,-0.29882812,t,-0.28710938
t,-0.25390625,t,-0.25976562
t,-0.20117188,t,-0.19042969
t,-0.17480469,t,-0.17480469
t,-0.18359375,t,-0.18164062
g,-2.328125,g,-2.265625
g,-2.484375,g,-2.40625
g,-1.03125,g,-1.09375
g,-1.5234375,g,-1.515625
g,-1.296875,g,-1.3359375
t,-1.125,t,-1.1875
t,-1.4140625,t,-1.375
t,-0.70703125,t,-0.66796875
t,-0.703125,t,-0.6796875
t,-0.78125,t,-0.7734375
t,-0.8125,t,-0.8046875
t,-0.42773438,t,-0.42773438
t,-0.47460938,t,-0.46289062
g,-1.9375,g,-1.9375
t,-1.0078125,t,-1.046875
t,-0.28515625,t,-0.29101562
t,-0.22460938,t,-0.21484375
t,-0.080566406,t,-0.072753906
t,-0.29492188,t,-0.28125
t,-0.3203125,t,-0.3203125
t,-0.27929688,t,-0.2890625
t,-0.20507812,t,-0.2421875
t,-0.27539062,t,-0.29492188
g,-1.84375,g,-1.8828125
t,-1.4140625,t,-1.3671875
t,-0.36328125,t,-0.38476562
t,-0.13378906,t,-0.12597656
t,-0.11816406,t,-0.13085938
t,-0.2890625,t,-0.2890625
t,-0.29296875,t,-0.31445312
t,-0.33398438,t,-0.31054688
t,-0.25390625,t,-0.27734375
t,-0.29296875,t,-0.30078125
c,-3.453125,c,-3.5
c,-2.0625,c,-2.046875
c,-1.1640625,c,-1.1796875
a,-1.5078125,a,-1.5078125
g,-0.765625,g,-0.69921875
a,-1.9140625,a,-1.9921875
c,-2.25,c,-2.25
a,-1.796875,a,-1.890625
a,-2.609375,a,-2.59375
g,-0.98046875,g,-0.96875
g,-0.875,g,-0.84765625
t,-0.578125,t,-0.55078125
c,-1.234375,c,-1.234375
t,-0.5234375,t,-0.49414062
c,-0.8046875,c,-0.84765625
a,-0.5546875,a,-0.58203125
a,-5.53125,a,-5.59375
t,-0.52734375,t,-0.578125
t,-1.703125,t,-1.8046875
t,-0.37695312,t,-0.35742188
g,-1.2265625,g,-1.140625
t,-0.46679688,t,-0.44726562
t,-0.14453125,t,-0.122558594
a,-3.40625,a,-3.453125
c,-2.46875,c,-2.546875
c,-0.65234375,c,-0.625
c,-0.36132812,c,-0.34765625
a,-0.23144531,a,-0.23925781
g,-0.390625,g,-0.36523438
g,-0.17871094,g,-0.18359375
c,-0.1796875,c,-0.21875
t,-0.059570312,t,-0.063964844
g,-0.048583984,g,-0.049072266
g,-0.140625,g,-0.14453125
a,-0.08154297,a,-0.08984375
g,-0.041992188,g,-0.040039062
t,-0.025268555,t,-0.025146484
g,-0.09472656,g,-0.07910156
c,-0.068359375,c,-0.067871094
a,-0.011413574,a,-0.010559082
g,-0.19335938,g,-0.20214844
c,-5.0,c,-5.0625
g,-0.39453125,g,-0.42773438
g,-0.10253906,g,-0.107910156
c,-0.8984375,c,-0.8671875
g,-0.6796875,g,-0.6484375
c,-0.71484375,c,-0.73828125
c,-3.3125,c,-3.40625
a,-0.2109375,a,-0.18652344
t,-0.26953125,t,-0.29882812
c,-0.3984375,c,-0.37890625
t,-0.16210938,t,-0.17773438
c,-0.14648438,c,-0.13964844
c,-2.9375,c,-3.046875
a,-1.4609375,a,-1.40625
c,-0.5078125,c,-0.51171875
t,-0.65625,t,-0.60546875
c,-0.734375,c,-0.78125
a,-0.765625,a,-0.859375
c,-0.61328125,c,-0.52734375
t,-0.73046875,t,-0.69921875
g,-0.25976562,g,-0.27539062
c,-0.31054688,c,-0.3125
a,-0.12011719,a,-0.13085938
t,-4.875,t,-4.875
c,-0.7265625,c,-0.66015625
c,-0.23339844,c,-0.20898438
t,-0.3984375,t,-0.35351562
c,-0.14746094,c,-0.15527344
a,-4.71875,a,-4.71875
a,-1.8359375,a,-1.7890625
c,-0.81640625,c,-0.83203125
t,-1.6484375,t,-1.65625
t,-0.57421875,t,-0.5546875
c,-0.59765625,c,-0.609375
c,-1.6953125,c,-1.7109375
t,-0.90625,t,-0.90625
g,-0.32226562,g,-0.29296875
g,-0.375,g,-0.375
g,-0.19140625,g,-0.19140625
c,-0.94921875,c,-0.91015625
c,-2.890625,c,-2.59375
c,-1.21875,c,-1.15625
a,-0.15332031,a,-0.17285156
g,-0.765625,g,-0.7578125
g,-0.5,g,-0.50390625
t,-1.25,t,-1.3203125
g,-0.515625,g,-0.55859375
a,-0.62109375,a,-0.6484375
t,-0.039794922,t,-0.041992188
c,-0.359375,c,-0.33398438
c,-0.5390625,c,-0.51171875
t,-0.38085938,t,-0.38085938
c,-0.19628906,c,-0.18847656
t,-2.625,t,-2.578125
c,-0.48046875,c,-0.43359375
g,-1.8359375,g,-1.78125
c,-0.13769531,c,-0.15429688
c,-0.075683594,c,-0.075683594
t,-0.15917969,t,-0.16113281
c,-0.30664062,c,-0.3046875
a,-0.20410156,a,-0.19238281
g,-0.15820312,g,-0.13964844
c,-0.14648438,c,-0.15722656
c,-0.16894531,c,-0.16113281
c,-5.25,c,-5.125
c,-0.48046875,c,-0.49609375
t,-1.875,t,-1.96875
g,-2.03125,g,-2.015625
c,-1.7890625,c,-1.8671875
a,-1.4921875,a,-1.5625
g,-0.72265625,g,-0.76953125
g,-1.828125,g,-1.7109375
t,-1.78125,t,-1.7578125
a,-2.40625,a,-2.46875
g,-2.578125,g,-2.53125
c,-1.6875,c,-1.6953125
t,-0.83203125,t,-0.90234375
g,-0.89453125,g,-0.8984375
g,-0.8359375,g,-0.80078125
g,-0.5078125,g,-0.5078125
a,-0.46679688,a,-0.4609375
c,-0.80078125,c,-0.796875
t,-0.25195312,t,-0.23925781
a,-0.17578125,a,-0.15722656
t,-1.8671875,t,-1.9140625
a,-0.103515625,a,-0.10449219
g,-0.359375,g,-0.32617188
g,-0.24316406,g,-0.22460938
c,-0.51171875,c,-0.515625
a,-0.8984375,a,-0.86328125
t,-0.625,t,-0.59765625
g,-0.16699219,g,-0.17285156
t,-1.15625,t,-1.1328125
g,-0.037353516,g,-0.037353516
c,-0.096191406,c,-0.096191406
c,-0.107910156,c,-0.107910156
a,-0.025268555,a,-0.025756836
c,-0.060791016,c,-0.071777344
c,-0.12451172,c,-0.09863281
a,-0.084472656,a,-0.09667969
t,-1.1015625,t,-1.1015625
g,-0.16699219,g,-0.18554688
c,-0.18847656,c,-0.1796875
c,-0.111328125,c,-0.111328125
c,-0.65625,c,-0.65234375
a,-0.59765625,a,-0.57421875
g,-0.06225586,g,-0.057861328
c,-0.052246094,c,-0.056396484
t,-0.5859375,t,-0.6328125
a,-0.45898438,a,-0.4453125
a,-0.40039062,a,-0.3984375
a,-2.96875,a,-2.8125
t,-0.4921875,t,-0.5390625
t,-0.515625,t,-0.5625
t,-0.21484375,t,-0.24121094
g,-2.921875,g,-2.96875
g,-3.34375,g,-3.40625
t,-1.1875,t,-1.2265625
t,-0.65625,t,-0.6796875
t,-0.29882812,t,-0.3125
t,-0.26953125,t,-0.21777344
t,-0.5390625,t,-0.51171875
t,-0.47265625,t,-0.49414062
t,-0.34960938,t,-0.33007812
g,-2.421875,g,-2.328125
t,-0.359375,t,-0.390625
t,-0.58984375,t,-0.56640625
t,-0.09472656,t,-0.09765625
g,-2.421875,g,-2.65625
t,-0.22558594,t,-0.23242188
t,-0.10205078,t,-0.0859375
t,-0.017211914,t,-0.018310547
g,-0.8984375,g,-0.96875
t,-0.18457031,t,-0.19042969
t,-0.024169922,t,-0.025390625
t,-0.0072631836,t,-0.008483887
t,-0.9140625,t,-0.91796875
t,-0.27929688,t,-0.27734375
g,-1.6875,g,-1.6328125
a,-1.75,a,-1.7109375
g,-0.12988281,g,-0.14453125
a,-0.06542969,a,-0.0625
c,-0.765625,c,-0.7734375
a,-0.390625,a,-0.37109375
g,-0.010864258,g,-0.010986328
a,-0.5703125,a,-0.5859375
g,-0.041503906,g,-0.04248047
t,-0.026245117,t,-0.025146484
c,-0.234375,c,-0.21191406
t,-0.044189453,t,-0.045166016
c,-0.44726562,c,-0.40625
a,-0.83984375,a,-0.84375
c,-0.026733398,c,-0.030273438
t,-0.028808594,t,-0.026977539
c,-0.14160156,c,-0.15039062
t,-0.015319824,t,-0.014221191
g,-0.06591797,g,-0.05859375
t,-0.05517578,t,-0.05493164
c,-0.31054688,c,-0.30859375
a,-0.8515625,a,-0.88671875
c,-0.016723633,c,-0.015563965
c,-0.036376953,c,-0.036376953
c,-0.07421875,c,-0.08642578
a,-0.032226562,a,-0.032226562
g,-0.014343262,g,-0.013305664
g,-0.026489258,g,-0.029296875
c,-0.08203125,c,-0.08154297
t,-0.014526367,t,-0.019042969
g,-0.029296875,g,-0.033935547
g,-0.111328125,g,-0.11035156
a,-0.012390137,a,-0.012390137
g,-0.041748047,g,-0.041748047
t,-0.03100586,t,-0.03100586
g,-0.048339844,g,-0.05444336
c,-0.041015625,c,-0.049316406
a,-0.010986328,a,-0.01184082
g,-0.18847656,g,-0.20996094
t,-0.018432617,t,-0.016601562
g,-0.020507812,g,-0.020141602
g,-0.041992188,g,-0.039794922
c,-0.3203125,c,-0.3046875
a,-0.8515625,a,-0.78515625
c,-0.51171875,c,-0.48828125
a,-1.34375,a,-1.375
a,-0.075683594,a,-0.06689453
t,-0.037109375,t,-0.037353516
c,-0.079589844,c,-0.08935547
t,-0.15332031,t,-0.18359375
c,-0.33984375,c,-0.32226562
a,-0.93359375,a,-0.8984375
g,-0.029663086,g,-0.036865234
c,-0.022705078,c,-0.02355957
t,-0.036621094,t,-0.037841797
c,-0.088378906,c,-0.091796875
a,-0.021362305,a,-0.022338867
c,-0.053466797,c,-0.05419922
t,-0.020629883,t,-0.02331543
g,-0.056396484,g,-0.056396484
c,-0.037109375,c,-0.03881836
a,-0.014343262,a,-0.018188477
a,-0.056884766,a,-0.056640625
t,-3.234375,t,-3.265625
c,-0.037109375,c,-0.037841797
t,-0.0029907227,t,-0.0030212402
c,-0.0546875,c,-0.055908203
t,-1.0546875,t,-1.0390625
g,-0.17871094,g,-0.19042969
c,-0.01965332,c,-0.01965332
c,-0.17480469,c,-0.17578125
g,-7.34375,g,-7.21875
c,-0.0859375,c,-0.08935547
c,-0.009521484,c,-0.009643555
c,-1.1953125,c,-1.328125
g,-1.0703125,g,-1.171875
g,-0.19042969,g,-0.19238281
g,-0.23730469,g,-0.21484375
t,-1.53125,t,-1.53125
t,-0.3203125,t,-0.29296875
c,-0.7734375,c,-0.78515625
a,-0.052001953,a,-0.05883789
a,-0.46289062,a,-0.45898438
g,-0.13964844,g,-0.15332031
t,-1.5703125,t,-1.578125
g,-0.10986328,g,-0.12792969
a,-0.03564453,a,-0.041748047
t,-0.014831543,t,-0.016845703
t,-0.041259766,t,-0.041015625
c,-0.052978516,c,-0.049560547
t,-0.032958984,t,-0.033203125
c,-0.083984375,c,-0.08984375
c,-0.118652344,c,-0.11816406
t,-0.037353516,t,-0.044433594
g,-0.06738281,g,-0.071777344
c,-0.03149414,c,-0.03149414
c,-0.018676758,c,-0.018554688
t,-0.0037078857,t,-0.0042419434
c,-0.034179688,c,-0.034179688
a,-0.0115356445,a,-0.01171875
g,-0.011779785,g,-0.012268066
c,-0.030029297,c,-0.029663086
c,-0.026367188,c,-0.02331543
t,-0.016357422,t,-0.01586914
c,-0.044433594,c,-0.047851562
c,-0.051757812,c,-0.05419922
c,-0.43164062,c,-0.37109375
a,-0.85546875,a,-0.88671875
a,-0.021484375,a,-0.025756836
g,-0.16113281,g,-0.15234375
c,-4.46875,c,-4.53125
a,-0.021728516,a,-0.022460938
g,-0.06347656,g,-0.06542969
c,-0.41210938,c,-0.3984375
t,-0.02355957,t,-0.021850586
g,-0.21875,g,-0.22949219
g,-0.20507812,g,-0.22460938
g,-0.083496094,g,-0.08154297
a,-0.10058594,a,-0.09716797
t,-0.8671875,t,-0.8671875
t,-0.114746094,t,-0.110839844
a,-0.016113281,a,-0.015625
c,-0.04638672,c,-0.040527344
a,-0.028320312,a,-0.03173828
g,-0.040527344,g,-0.03881836
g,-0.04638672,g,-0.049316406
t,-1.2421875,t,-1.2421875
g,-0.23828125,g,-0.2265625
a,-4.25,a,-4.15625
c,-1.296875,c,-1.1484375
t,-0.90234375,t,-0.9765625
g,-0.29101562,g,-0.28515625
c,-0.51171875,c,-0.515625
c,-0.20117188,c,-0.21191406
a,-0.09814453,a,-0.088378906
c,-0.48632812,c,-0.48632812
c,-0.25390625,c,-0.24316406
a,-0.13964844,a,-0.1484375
c,-0.123535156,c,-0.13671875
g,-0.27929688,g,-0.29296875
c,-0.09033203,c,-0.09667969
c,-0.068359375,c,-0.06933594
a,-3.984375,a,-4.125
g,-0.123535156,g,-0.1171875
c,-2.734375,c,-2.84375
t,-5.09375,t,-4.90625
a,-2.640625,a,-2.6875
a,-0.96484375,a,-0.953125
g,-0.90625,g,-0.9140625
t,-0.66015625,t,-0.65625
t,-0.75390625,t,-0.73046875
t,-0.54296875,t,-0.51953125
t,-0.90625,t,-0.92578125
g,-0.71484375,g,-0.68359375
t,-0.31054688,t,-0.31445312
a,-0.33789062,a,-0.35742188
g,-3.265625,g,-3.203125
t,-0.46289062,t,-0.4765625
t,-1.2890625,t,-1.25
t,-0.76171875,t,-0.73046875
t,-0.28125,t,-0.28125
a,-0.9765625,a,-1.078125
g,-0.11621094,g,-0.107421875
t,-0.17382812,t,-0.14648438
a,-0.3828125,a,-0.390625
g,-0.028808594,g,-0.03173828
a,-0.07421875,a,-0.07373047
g,-0.05126953,g,-0.053222656
a,-0.04736328,a,-0.04663086
t,-0.58984375,t,-0.53515625
g,-0.13867188,g,-0.13183594
g,-0.08496094,g,-0.08935547
g,-0.11328125,g,-0.09863281
g,-0.19140625,g,-0.16894531
t,-0.07373047,t,-0.06738281
t,-0.03125,t,-0.033203125
t,-0.025390625,t,-0.028076172
c,-0.100097656,c,-0.10107422
a,-0.13769531,a,-0.14453125
c,-0.06933594,c,-0.064941406
c,-0.049804688,c,-0.059570312
t,-5.1875,t,-5.25
t,-0.17578125,t,-0.15039062
g,-0.35546875,g,-0.36914062
t,-0.027832031,t,-0.02746582
t,-0.11376953,t,-0.11035156
g,-0.22070312,g,-0.203125
g,-0.734375,g,-0.70703125
c,-0.36328125,c,-0.36328125
c,-0.13085938,c,-0.11376953
a,-0.125,a,-0.10986328
t,-5.4375,t,-5.375
g,-0.23339844,g,-0.22851562
c,-0.6640625,c,-0.61328125
t,-0.104003906,t,-0.10986328
g,-0.08154297,g,-0.08984375
g,-0.053710938,g,-0.052978516
t,-0.78125,t,-0.72265625
c,-0.23046875,c,-0.23535156
t,-0.1875,t,-0.21875
c,-0.35742188,c,-0.32617188
g,-1.03125,g,-1.078125
a,-0.027832031,a,-0.032958984
a,-0.053710938,a,-0.0546875
c,-0.025634766,c,-0.026000977
t,-0.047851562,t,-0.044921875
c,-0.055419922,c,-0.060791016
c,-0.14746094,c,-0.13183594
t,-0.064941406,t,-0.06347656
g,-0.07080078,g,-0.07080078
a,-0.15039062,a,-0.13476562
c,-0.24707031,c,-0.20800781
c,-0.07470703,c,-0.07470703
t,-0.010864258,t,-0.010925293
c,-0.08105469,c,-0.09082031
g,-2.203125,g,-2.09375
t,-0.640625,t,-0.671875
g,-0.023071289,g,-0.02331543
a,-0.104003906,a,-0.09326172
t,-0.06542969,t,-0.06542969
c,-0.040039062,c,-0.037597656
t,-1.0859375,t,-1.046875
g,-0.06542969,g,-0.060302734
c,-0.030639648,c,-0.033203125
c,-0.016113281,c,-0.015075684
t,-1.375,t,-1.375
g,-0.07421875,g,-0.08203125
c,-0.055419922,c,-0.05908203
t,-3.125,t,-3.0
t,-0.049804688,t,-0.049316406
c,-0.7421875,c,-0.6796875
t,-1.7421875,t,-1.7578125
g,-0.37695312,g,-0.38476562
c,-0.103515625,c,-0.08886719
c,-0.2421875,c,-0.24316406
t,-0.061279297,t,-0.05810547
c,-0.064453125,c,-0.064453125
c,-0.53125,c,-0.53125
c,-0.5546875,c,-0.52734375
a,-0.40429688,a,-0.4375
a,-0.62109375,a,-0.59375
a,-1.3046875,a,-1.296875
g,-0.30664062,g,-0.31445312
t,-0.14550781,t,-0.13964844
g,-0.25585938,g,-0.25390625
c,-0.28125,c,-0.28125
t,-0.01953125,t,-0.018188477
g,-0.079589844,g,-0.087402344
g,-0.05883789,g,-0.063964844
a,-3.84375,a,-3.90625
a,-0.016967773,a,-0.015991211
t,-0.039794922,t,-0.041015625
t,-0.20410156,t,-0.18652344
a,-0.29101562,a,-0.29882812
c,-0.36914062,c,-0.34570312
a,-0.045410156,a,-0.041992188
g,-0.09423828,g,-0.10546875
g,-0.10888672,g,-0.11035156
c,-0.37695312,c,-0.33984375
a,-0.42578125,a,-0.42578125
t,-0.046875,t,-0.04711914
g,-0.06640625,g,-0.06982422
a,-0.05078125,a,-0.056152344
g,-0.061767578,g,-0.07080078
c,-0.046142578,c,-0.050048828
c,-0.06738281,c,-0.059814453
a,-0.012878418,a,-0.013244629
c,-0.047851562,c,-0.056640625
c,-0.41601562,c,-0.45898438
a,-0.5703125,a,-0.6015625
c,-0.5390625,c,-0.5625
g,-0.6328125,g,-0.53515625
c,-0.12597656,c,-0.12109375
c,-0.07373047,c,-0.07421875
c,-0.48828125,c,-0.48828125
g,-0.73046875,g,-0.671875
g,-0.034423828,g,-0.034423828
c,-0.07519531,c,-0.06298828
c,-0.56640625,c,-0.59765625
a,-1.09375,a,-1.1796875
g,-1.1015625,g,-1.1171875
a,-1.578125,a,-1.6484375
a,-1.3203125,a,-1.3046875
t,-1.28125,t,-1.296875
t,-1.0625,t,-1.0859375
t,-1.1875,t,-1.2265625
t,-0.95703125,t,-0.96484375
t,-1.1328125,t,-1.078125
g,-1.8046875,g,-1.71875
t,-0.8046875,t,-0.8046875
a,-1.671875,a,-1.71875
t,-0.73828125,t,-0.76953125
t,-0.671875,t,-0.69140625
t,-0.40625,t,-0.41601562
t,-0.5859375,t,-0.578125
t,-0.37890625,t,-0.35546875
a,-1.1171875,a,-1.1015625
g,-1.09375,g,-1.0703125
t,-0.34765625,t,-0.35742188
a,-0.40234375,a,-0.39648438
g,-0.55859375,g,-0.5078125
a,-0.16699219,a,-0.16796875
c,-2.546875,c,-2.546875
a,-0.13378906,a,-0.13671875
c,-1.21875,c,-1.2578125
a,-0.31054688,a,-0.33789062
a,-2.4375,a,-2.5
g,-0.66015625,g,-0.6875
g,-1.390625,g,-1.375
t,-1.046875,t,-1.0390625
t,-1.15625,t,-1.109375
c,-1.8515625,c,-1.7578125
t,-0.79296875,t,-0.7578125
t,-1.1953125,t,-1.0859375
a,-1.578125,a,-1.6171875
c,-1.6328125,c,-1.703125
c,-1.390625,c,-1.3984375
c,-1.5,c,-1.5390625
t,-0.875,t,-0.84765625
g,-1.125,g,-1.1640625
t,-1.078125,t,-1.125
t,-1.2265625,t,-1.3046875
g,-1.515625,g,-1.4375
c,-1.2421875,c,-1.2578125
c,-1.140625,c,-1.125
t,-0.86328125,t,-0.90234375
a,-1.6796875,a,-1.7421875
g,-1.21875,g,-1.15625
g,-1.1171875,g,-1.125
c,-1.171875,c,-1.21875
t,-0.75,t,-0.71484375
g,-1.0625,g,-1.0625
g,-1.109375,g,-1.109375
t,-1.5859375,t,-1.5703125
c,-1.234375,c,-1.1640625
t,-0.5859375,t,-0.5703125
g,-1.8984375,g,-1.9140625
g,-0.94140625,g,-0.96484375
a,-0.63671875,a,-0.68359375
a,-0.921875,a,-0.9140625
g,-2.109375,g,-2.0625
t,-0.76171875,t,-0.8203125
c,-1.21875,c,-1.171875
c,-1.0234375,c,-1.0625
t,-1.1015625,t,-1.1015625
g,-0.97265625,g,-1.046875
g,-0.578125,g,-0.578125
a,-1.1171875,a,-1.09375
c,-2.078125,c,-2.015625
t,-0.96875,t,-0.96875
c,-1.1953125,c,-1.1484375
a,-0.44140625,a,-0.4375
a,-0.18847656,a,-0.18554688
g,-1.796875,g,-1.796875
c,-1.2109375,c,-1.125
a,-0.95703125,a,-0.89453125
a,-0.5703125,a,-0.62109375
t,-0.38476562,t,-0.39257812
t,-2.09375,t,-2.09375
c,-0.6015625,c,-0.6640625
a,-2.890625,a,-2.828125
c,-0.30273438,c,-0.26953125
c,-0.47851562,c,-0.50390625
t,-0.5859375,t,-0.58984375
g,-0.2265625,g,-0.2265625
c,-1.1796875,c,-1.2265625
c,-0.22558594,c,-0.24121094
t,-0.111328125,t,-0.125
t,-1.921875,t,-1.9140625
g,-0.73046875,g,-0.73828125
g,-0.37304688,g,-0.34765625
c,-0.22851562,c,-0.2421875
c,-0.14941406,c,-0.15039062
t,-0.024414062,t,-0.025390625
c,-0.10205078,c,-0.10107422
c,-0.12060547,c,-0.1015625
c,-0.07470703,c,-0.084472656
a,-0.020263672,a,-0.021728516
a,-0.07421875,a,-0.07080078
a,-0.02355957,a,-0.022460938
a,-2.96875,a,-2.859375
t,-0.41210938,t,-0.42578125
g,-0.15820312,g,-0.16015625
c,-0.29296875,c,-0.29882812
t,-0.24511719,t,-0.23144531
g,-0.20703125,g,-0.23046875
g,-0.38671875,g,-0.36132812
g,-0.26757812,g,-0.265625
a,-0.1484375,a,-0.14453125
t,-0.24023438,t,-0.26757812
t,-0.15332031,t,-0.17285156
a,-0.122558594,a,-0.12695312
c,-0.30859375,c,-0.30078125
a,-0.012817383,a,-0.0126953125
a,-3.125,a,-3.0625
g,-0.18652344,g,-0.20800781
c,-0.4765625,c,-0.515625
c,-2.890625,c,-2.859375
a,-5.34375,a,-5.34375
c,-1.125,c,-1.1171875
c,-0.8671875,c,-0.9375
a,-0.40625,a,-0.38671875
t,-1.28125,t,-1.2890625
g,-0.40820312,g,-0.39257812
c,-0.625,c,-0.60546875
c,-0.31054688,c,-0.29492188
c,-0.671875,c,-0.61328125
g,-1.2890625,g,-1.21875
g,-0.171875,g,-0.18066406
c,-0.22167969,c,-0.19433594
c,-0.546875,c,-0.578125
t,-0.97265625,t,-1.0078125
a,-1.5625,a,-1.6171875
a,-1.5703125,a,-1.546875
a,-1.09375,a,-1.0234375
t,-1.3671875,t,-1.3671875
c,-1.7109375,c,-1.6953125
c,-1.3984375,c,-1.4140625
t,-0.9375,t,-0.97265625
g,-1.1171875,g,-1.0703125
t,-1.390625,t,-1.5078125
t,-1.203125,t,-1.1953125
g,-1.6328125,g,-1.703125
t,-1.0859375,t,-1.109375
t,-1.015625,t,-1.0078125
t,-0.921875,t,-0.94921875
t,-0.91796875,t,-0.828125
g,-1.734375,g,-1.828125
t,-0.828125,t,-0.82421875
t,-0.7578125,t,-0.73828125
t,-0.27734375,t,-0.28125
t,-0.42773438,t,-0.43945312
g,-1.984375,g,-1.9375
t,-0.37304688,t,-0.36328125
t,-0.27539062,t,-0.28710938
t,-0.043701172,t,-0.05053711
t,-0.061767578,t,-0.056884766
a,-2.859375,a,-2.8125
t,-0.8125,t,-0.80859375
t,-0.28320312,t,-0.31054688
t,-0.18652344,t,-0.18945312
t,-0.17089844,t,-0.19628906
g,-2.171875,g,-2.15625
t,-0.41210938,t,-0.38671875
t,-0.3828125,t,-0.39648438
t,-0.16503906,t,-0.18261719
t,-0.07080078,t,-0.068359375
g,-0.9296875,g,-0.96875
t,-0.19824219,t,-0.203125
t,-0.07373047,t,-0.06640625
t,-0.040283203,t,-0.042236328
t,-0.03955078,t,-0.052978516
g,-0.51953125,g,-0.515625
t,-0.16992188,t,-0.16308594
t,-0.06347656,t,-0.06542969
t,-0.060302734,t,-0.061035156
t,-0.035888672,t,-0.038330078
g,-0.49023438,g,-0.515625
t,-0.21777344,t,-0.21777344
t,-0.0703125,t,-0.06982422
t,-0.076660156,t,-0.07324219
g,-3.71875,g,-3.546875
t,-0.859375,t,-0.859375
t,-0.09375,t,-0.099121094
t,-0.024169922,t,-0.021118164
t,-0.29882812,t,-0.3125
t,-0.34179688,t,-0.31054688
t,-0.28320312,t,-0.29492188
g,-1.5078125,g,-1.515625
a,-0.71875,a,-0.703125
g,-0.12695312,g,-0.12011719
a,-0.106933594,a,-0.110839844
c,-0.26757812,c,-0.26953125
a,-0.69921875,a,-0.703125
g,-0.10644531,g,-0.111816406
a,-0.359375,a,-0.34570312
g,-0.072753906,g,-0.06542969
t,-0.028686523,t,-0.02709961
c,-0.27929688,c,-0.25195312
t,-0.044189453,t,-0.04345703
c,-0.50390625,c,-0.50390625
g,-0.92578125,g,-0.85546875
c,-0.04736328,c,-0.049804688
t,-0.0035095215,t,-0.003250122
a,-4.15625,a,-4.0625
t,-0.017333984,t,-0.016357422
g,-0.23925781,g,-0.21679688
t,-0.064453125,t,-0.060546875
c,-2.0625,c,-2.015625
t,-3.90625,t,-3.8125
c,-0.091308594,c,-0.08984375
t,-1.171875,t,-1.2578125
c,-0.16113281,c,-0.15527344
a,-1.7265625,a,-1.8125
g,-0.921875,g,-0.93359375
g,-0.29492188,g,-0.29882812
c,-0.65625,c,-0.640625
t,-0.10205078,t,-0.10498047
g,-0.90234375,g,-0.87890625
t,-4.5,t,-4.4375
a,-0.33984375,a,-0.34375
g,-0.12695312,g,-0.12695312
t,-0.23242188,t,-0.26171875
g,-0.57421875,g,-0.49804688
c,-0.65234375,c,-0.68359375
a,-0.11035156,a,-0.11376953
g,-0.15234375,g,-0.15527344
t,-0.12207031,t,-0.12792969
g,-0.25195312,g,-0.22363281
g,-0.2421875,g,-0.24804688
c,-0.32421875,c,-0.32421875
g,-0.83203125,g,-0.7109375
c,-0.65234375,c,-0.64453125
g,-0.48828125,g,-0.49023438
a,-0.045410156,a,-0.04736328
t,-0.0050964355,t,-0.0053100586
c,-0.029663086,c,-0.025634766
t,-0.18652344,t,-0.17285156
t,-1.1953125,t,-1.1953125
g,-0.09716797,g,-0.11425781
g,-0.05126953,g,-0.047851562
c,-0.036865234,c,-0.04711914
t,-0.064453125,t,-0.061279297
c,-0.07421875,c,-0.071777344
a,-0.017700195,a,-0.015136719
c,-0.041015625,c,-0.03857422
t,-0.046875,t,-0.041503906
g,-0.03857422,g,-0.033691406
c,-0.024658203,c,-0.022827148
c,-5.21875,c,-5.15625
a,-0.040771484,a,-0.03955078
c,-0.24511719,c,-0.2421875
c,-0.099609375,c,-0.10595703
t,-0.2578125,t,-0.25195312
c,-0.19140625,c,-0.20117188
t,-1.28125,t,-1.2734375
g,-1.0234375,g,-1.0546875
c,-0.19433594,c,-0.21386719
c,-0.10546875,c,-0.095214844
t,-0.16015625,t,-0.17089844
c,-0.045410156,c,-0.04321289
c,-0.06738281,c,-0.06738281
c,-0.5,c,-0.48046875
a,-0.66015625,a,-0.59765625
g,-0.55078125,g,-0.60546875
g,-0.125,g,-0.13574219
t,-0.1328125,t,-0.1328125
t,-0.046142578,t,-0.044189453
c,-0.100097656,c,-0.12109375
a,-0.044677734,a,-0.045898438
a,-0.10058594,a,-0.09277344
g,-0.04296875,g,-0.038330078
t,-1.03125,t,-1.0234375
g,-0.15527344,g,-0.13085938
a,-0.008605957,a,-0.008972168
t,-0.005645752,t,-0.0055236816
t,-0.053955078,t,-0.057373047
c,-0.061523438,c,-0.06201172
t,-0.032226562,t,-0.03149414
c,-0.0703125,c,-0.063964844
c,-0.10058594,c,-0.09667969
t,-0.09033203,t,-0.09716797
g,-0.0859375,g,-0.080078125
c,-0.043945312,c,-0.045898438
c,-0.021728516,c,-0.022094727
t,-0.004760742,t,-0.005004883
c,-0.037841797,c,-0.033691406
a,-0.01586914,a,-0.016601562
g,-0.010620117,g,-0.010864258
c,-0.032958984,c,-0.03564453
c,-0.030517578,c,-0.030273438
t,-0.010131836,t,-0.009887695
c,-0.04663086,c,-0.043701172
c,-0.061767578,c,-0.060058594
c,-0.36328125,c,-0.34375
a,-0.7734375,a,-0.77734375
a,-0.021484375,a,-0.023925781
g,-0.13574219,g,-0.17089844
t,-0.03112793,t,-0.034423828
a,-0.040283203,a,-0.041259766
g,-0.041259766,g,-0.051757812
c,-0.03491211,c,-0.032714844
t,-0.0050964355,t,-0.0047912598
g,-0.06201172,g,-0.060791016
g,-0.057128906,g,-0.05859375
g,-0.040283203,g,-0.034179688
a,-0.0126953125,a,-0.014038086
t,-0.37304688,t,-0.35351562
t,-0.048339844,t,-0.048339844
a,-0.02368164,a,-0.021606445
c,-0.07080078,c,-0.06689453
a,-0.032714844,a,-0.031982422
g,-0.03125,g,-0.03955078
g,-0.05029297,g,-0.059570312
c,-0.38476562,c,-0.3671875
a,-0.546875,a,-0.55078125
t,-0.9140625,t,-0.95703125
g,-0.25585938,g,-0.21191406
t,-1.2578125,t,-1.1640625
g,-0.087402344,g,-0.10498047
c,-0.05834961,c,-0.060546875
t,-3.234375,t,-3.234375
a,-0.076660156,a,-0.07519531
c,-0.0546875,c,-0.060791016
t,-2.125,t,-2.1875
a,-0.2578125,a,-0.265625
t,-0.87890625,t,-0.9453125
g,-0.33398438,g,-0.3203125
t,-2.421875,t,-2.421875
c,-0.13085938,c,-0.15136719
c,-0.6484375,c,-0.6484375
g,-1.6953125,g,-1.78125
g,-0.8125,g,-0.90234375
c,-0.2421875,c,-0.25976562
t,-0.043701172,t,-0.04711914
a,-0.6171875,a,-0.640625
a,-0.52734375,a,-0.546875
t,-0.013671875,t,-0.0134887695
t,-0.0087890625,t,-0.007507324
t,-0.021972656,t,-0.021484375
t,-0.036621094,t,-0.037353516
t,-0.12011719,t,-0.1015625
g,-0.79296875,g,-0.8203125
t,-0.076171875,t,-0.078125
a,-0.07861328,a,-0.076660156
t,-0.023925781,t,-0.024902344
t,-0.0390625,t,-0.036865234
t,-0.012329102,t,-0.014282227
t,-0.010559082,t,-0.010925293
t,-0.036132812,t,-0.036132812
a,-0.15722656,a,-0.17773438
g,-0.048339844,g,-0.052734375
t,-0.020996094,t,-0.019042969
a,-0.031982422,a,-0.030639648
g,-0.021972656,g,-0.023071289
a,-0.0138549805,a,-0.013183594
g,-0.014587402,g,-0.017089844
a,-0.029296875,a,-0.027709961
c,-0.35742188,c,-0.41601562
a,-1.1484375,a,-1.2421875
g,-0.053222656,g,-0.05810547
g,-0.09423828,g,-0.1015625
g,-0.103027344,g,-0.10595703
t,-0.020996094,t,-0.019897461
t,-0.064941406,t,-0.07324219
t,-0.022705078,t,-0.022460938
c,-0.12207031,c,-0.122558594
a,-0.234375,a,-0.23925781
c,-0.023071289,c,-0.021484375
c,-0.13378906,c,-0.14257812
a,-0.16699219,a,-0.16601562
t,-0.03491211,t,-0.04638672
g,-0.07421875,g,-0.087890625
t,-0.013183594,t,-0.015075684
t,-0.017822266,t,-0.017578125
g,-0.17675781,g,-0.20605469
g,-0.06201172,g,-0.06640625
c,-0.20019531,c,-0.2109375
c,-0.024169922,c,-0.024169922
a,-0.024047852,a,-0.024291992
g,-0.033935547,g,-0.030883789
g,-0.024780273,g,-0.02746582
c,-0.34765625,c,-0.32226562
t,-0.010314941,t,-0.010437012
g,-0.051757812,g,-0.056152344
g,-0.059814453,g,-0.07324219
t,-0.012451172,t,-0.012451172
c,-0.029785156,c,-0.024780273
t,-0.030883789,t,-0.03173828
c,-0.5,c,-0.41015625
g,-0.57421875,g,-0.5
a,-0.00340271,a,-0.0033569336
a,-0.010803223,a,-0.011108398
c,-0.033691406,c,-0.034423828
t,-0.011108398,t,-0.011169434
c,-0.03125,c,-0.032714844
c,-0.07128906,c,-0.07128906
t,-0.045410156,t,-0.048828125
g,-0.05126953,g,-0.048095703
a,-0.060791016,a,-0.07714844
c,-0.078125,c,-0.076660156
c,-0.087402344,c,-0.08886719
t,-0.0054626465,t,-0.0058898926
c,-0.064453125,c,-0.067871094
g,-2.265625,g,-2.375
t,-0.5859375,t,-0.5859375
g,-0.016723633,g,-0.017700195
a,-0.046875,a,-0.052001953
t,-0.06225586,t,-0.06542969
c,-0.068847656,c,-0.060791016
c,-0.33398438,c,-0.33398438
a,-0.9296875,a,-1.046875
c,-0.028076172,c,-0.022705078
c,-0.018310547,c,-0.017211914
c,-0.31640625,c,-0.28710938
a,-0.95703125,a,-1.0390625
c,-0.013671875,c,-0.012451172
c,-0.045166016,c,-0.040771484
t,-0.020141602,t,-0.021240234
c,-0.484375,c,-0.51171875
g,-0.3984375,g,-0.44140625
g,-0.03173828,g,-0.040527344
c,-0.014587402,c,-0.017578125
c,-0.064941406,c,-0.061767578
a,-4.28125,a,-4.28125
c,-0.06738281,c,-0.06738281
c,-0.08886719,c,-0.10058594
c,-0.15039062,c,-0.14160156
a,-0.019897461,a,-0.01965332
a,-0.18847656,a,-0.18652344
a,-0.37695312,a,-0.359375
g,-0.328125,g,-0.33398438
t,-0.091796875,t,-0.091796875
g,-0.059814453,g,-0.06298828
c,-0.10253906,c,-0.095214844
t,-0.020874023,t,-0.022216797
g,-0.07080078,g,-0.07128906
g,-0.09472656,g,-0.11669922
g,-0.048583984,g,-0.043945312
a,-0.0035705566,a,-0.003479004
t,-0.0078125,t,-0.007385254
t,-0.015258789,t,-0.014770508
a,-0.01574707,a,-0.016235352
c,-0.22363281,c,-0.22167969
a,-0.008544922,a,-0.008911133
g,-0.034179688,g,-0.034423828
g,-0.06689453,g,-0.06591797
c,-0.31445312,c,-0.34765625
g,-0.4921875,g,-0.59765625
t,-0.044921875,t,-0.04736328
g,-0.040771484,g,-0.03515625
a,-0.027954102,a,-0.032470703
g,-0.04272461,g,-0.05053711
t,-3.71875,t,-3.84375
g,-4.5,g,-4.3125
g,-2.046875,g,-2.046875
t,-1.890625,t,-1.9453125
t,-1.6953125,t,-1.71875
t,-2.0625,t,-2.078125
t,-1.84375,t,-1.84375
t,-0.86328125,t,-0.8515625
a,-1.2421875,a,-1.2265625
t,-0.4765625,t,-0.453125
t,-0.9375,t,-0.9375
t,-0.14453125,t,-0.12988281
c,-2.828125,c,-3.03125
t,-0.21875,t,-0.22265625
t,-0.41796875,t,-0.43945312
a,-2.40625,a,-2.46875
g,-1.9921875,g,-2.046875
g,-2.171875,g,-2.265625
c,-0.72265625,c,-0.7265625
c,-3.171875,c,-3.015625
g,-3.734375,g,-3.6875
g,-0.087890625,g,-0.087890625
t,-1.703125,t,-1.6796875
t,-1.984375,t,-1.984375
t,-0.65234375,t,-0.65234375
c,-2.140625,c,-2.09375
c,-2.4375,c,-2.4375
t,-1.0234375,t,-1.0078125
c,-4.75,c,-4.8125
c,-1.8359375,c,-1.765625
a,-1.6953125,a,-1.6640625
t,-1.3203125,t,-1.3984375
a,-1.6640625,a,-1.6875
t,-1.3828125,t,-1.359375
g,-1.3671875,g,-1.375
a,-2.734375,a,-2.859375
t,-1.4140625,t,-1.4921875
c,-0.99609375,c,-0.96875
t,-0.83203125,t,-0.796875
t,-0.96484375,t,-0.96484375
g,-1.7578125,g,-1.75
c,-1.8671875,c,-1.84375
a,-2.625,a,-2.703125
g,-2.859375,g,-2.953125
t,-0.87109375,t,-0.8515625
a,-1.4140625,a,-1.359375
g,-1.4765625,g,-1.4609375
a,-0.94140625,a,-0.87890625
c,-3.046875,c,-2.984375
a,-0.765625,a,-0.82421875
t,-1.71875,t,-1.7109375
t,-1.4140625,t,-1.359375
a,-2.859375,a,-2.859375
a,-1.8828125,a,-1.96875
t,-1.4375,t,-1.4375
t,-1.1796875,t,-1.1171875
t,-1.0234375,t,-1.09375
c,-2.046875,c,-2.046875
t,-0.6796875,t,-0.65234375
t,-0.8359375,t,-0.828125
t,-0.59375,t,-0.5859375
c,-1.953125,c,-1.96875
c,-2.0625,c,-2.0
t,-0.6328125,t,-0.6171875
t,-0.45703125,t,-0.46679688
t,-0.7734375,t,-0.76953125
t,-0.71484375,t,-0.69921875
t,-0.56640625,t,-0.6015625
a,-2.53125,a,-2.546875
a,-0.76953125,a,-0.71484375
t,-1.5859375,t,-1.625
t,-0.77734375,t,-0.7265625
a,-1.828125,a,-1.8359375
a,-1.296875,a,-1.296875
a,-0.89453125,a,-0.9609375
a,-0.83984375,a,-0.86328125
t,-1.2734375,t,-1.2109375
a,-1.5,a,-1.375
c,-2.078125,c,-2.09375
t,-1.078125,t,-1.078125
g,-1.546875,g,-1.546875
t,-0.8828125,t,-0.92578125
t,-1.140625,t,-1.078125
t,-0.890625,t,-0.87890625
g,-2.3125,g,-2.28125
t,-0.921875,t,-0.9296875
a,-1.3046875,a,-1.3359375
t,-0.86328125,t,-0.86328125
t,-1.1328125,t,-1.125
t,-0.46875,t,-0.47460938
c,-1.9921875,c,-1.9296875
a,-1.75,a,-1.8203125
c,-2.015625,c,-2.0
a,-1.1328125,a,-1.140625
t,-0.875,t,-0.8984375
t,-1.1796875,t,-1.234375
t,-0.734375,t,-0.7578125
t,-0.78515625,t,-0.76171875
g,-1.640625,g,-1.734375
a,-1.3046875,a,-1.3671875
t,-1.4140625,t,-1.453125
g,-1.8125,g,-1.6640625
t,-0.84375,t,-0.8828125
t,-1.0546875,t,-1.0703125
t,-0.76953125,t,-0.7578125
g,-1.40625,g,-1.40625
t,-0.76171875,t,-0.79296875
t,-0.8125,t,-0.7578125
a,-2.0,a,-1.9453125
a,-1.65625,a,-1.6796875
g,-1.578125,g,-1.5546875
a,-1.21875,a,-1.3046875
t,-0.95703125,t,-0.99609375
t,-1.0078125,t,-0.94921875
t,-0.859375,t,-0.859375
g,-1.640625,g,-1.640625
t,-0.91015625,t,-0.90234375
t,-0.7890625,t,-0.81640625
t,-0.5390625,t,-0.51953125
t,-0.7421875,t,-0.73828125
a,-1.734375,a,-1.75
t,-0.95703125,t,-0.94921875
a,-1.640625,a,-1.59375
t,-0.85546875,t,-0.85546875
t,-0.89453125,t,-0.8671875
g,-2.0625,g,-1.9375
t,-0.7109375,t,-0.765625
t,-0.88671875,t,-0.875
t,-0.703125,t,-0.72265625
t,-0.81640625,t,-0.81640625
t,-0.75390625,t,-0.81640625
t,-0.7734375,t,-0.75
g,-1.71875,g,-1.671875
t,-0.6640625,t,-0.65234375
t,-0.43164062,t,-0.38867188
t,-0.22460938,t,-0.23339844
t,-0.31445312,t,-0.28515625
g,-2.015625,g,-2.015625
t,-0.5390625,t,-0.48828125
c,-3.890625,c,-3.828125
t,-0.64453125,t,-0.62109375
t,-0.24609375,t,-0.24511719
g,-1.171875,g,-1.21875
t,-0.6875,t,-0.671875
g,-2.890625,g,-2.84375
t,-0.390625,t,-0.43554688
g,-0.8828125,g,-0.84765625
a,-2.328125,a,-2.40625
t,-0.92578125,t,-0.91796875
a,-1.203125,a,-1.1875
g,-1.421875,g,-1.4609375
t,-0.73046875,t,-0.765625
c,-2.453125,c,-2.390625
t,-0.609375,t,-0.59375
t,-0.9375,t,-0.89453125
a,-1.96875,a,-2.0
a,-1.578125,a,-1.5859375
a,-0.9296875,a,-0.83984375
t,-1.265625,t,-1.2734375
c,-2.71875,c,-2.78125
c,-1.59375,c,-1.59375
c,-1.4375,c,-1.421875
t,-0.95703125,t,-0.99609375
a,-1.4765625,a,-1.53125
g,-1.1953125,g,-1.2265625
t,-1.125,t,-1.0625
t,-1.0390625,t,-1.078125
a,-1.8125,a,-1.796875
g,-1.875,g,-1.9453125
a,-1.390625,a,-1.4375
t,-1.375,t,-1.3125
a,-1.3046875,a,-1.2734375
a,-1.234375,a,-1.28125
t,-1.0859375,t,-1.0703125
a,-1.3828125,a,-1.4375
a,-1.1796875,a,-1.1484375
c,-1.9375,c,-1.9375
t,-0.91015625,t,-0.9453125
g,-1.640625,g,-1.6171875
g,-1.734375,g,-1.78125
a,-1.1875,a,-1.171875
g,-1.4296875,g,-1.3984375
a,-1.125,a,-1.109375
g,-1.5546875,g,-1.578125
t,-1.359375,t,-1.359375
a,-1.4140625,a,-1.359375
c,-1.953125,c,-2.03125
c,-1.859375,c,-1.859375
a,-1.0078125,a,-1.0078125
t,-1.15625,t,-1.125
g,-1.09375,g,-1.1171875
t,-1.0078125,t,-0.94921875
t,-1.0703125,t,-1.078125
t,-0.9609375,t,-0.94921875
c,-1.6640625,c,-1.609375
t,-0.96484375,t,-0.94921875
a,-1.6328125,a,-1.578125
t,-1.1484375,t,-1.140625
a,-1.40625,a,-1.4296875
t,-0.97265625,t,-0.97265625
a,-1.2890625,a,-1.2890625
t,-0.85546875,t,-0.8828125
c,-2.0625,c,-2.0625
t,-0.80859375,t,-0.80859375
c,-1.7109375,c,-1.734375
t,-0.8203125,t,-0.84375
c,-1.6328125,c,-1.6484375
a,-1.171875,a,-1.2265625
g,-1.296875,g,-1.25
t,-0.85546875,t,-0.875
g,-1.5078125,g,-1.4921875
a,-1.453125,a,-1.578125
c,-1.6484375,c,-1.6328125
t,-0.859375,t,-0.83984375
t,-1.0625,t,-1.046875
g,-1.8125,g,-1.7890625
c,-1.7734375,c,-1.6953125
a,-1.171875,a,-1.1015625
c,-1.7890625,c,-1.8359375
a,-0.98828125,a,-1.1328125
g,-1.2890625,g,-1.3046875
t,-1.03125,t,-1.0078125
g,-1.1953125,g,-1.2109375
c,-1.703125,c,-1.6953125
t,-0.81640625,t,-0.8359375
a,-1.796875,a,-1.7890625
g,-1.546875,g,-1.5859375
c,-1.75,c,-1.734375
a,-1.0625,a,-1.0078125
g,-1.5390625,g,-1.5234375
a,-1.359375,a,-1.359375
t,-1.265625,t,-1.2109375
a,-1.4609375,a,-1.453125
g,-1.5078125,g,-1.4375
t,-1.328125,t,-1.28125
g,-1.5859375,g,-1.53125
c,-1.703125,c,-1.796875
t,-0.87109375,t,-0.8515625
a,-1.6171875,a,-1.6328125
a,-1.4296875,a,-1.3671875
a,-1.1171875,a,-1.1484375
a,-1.15625,a,-1.1875
a,-1.1171875,a,-1.1171875
a,-1.140625,a,-1.078125
t,-1.2890625,t,-1.2890625
t,-1.21875,t,-1.2265625
a,-1.3203125,a,-1.2734375
t,-1.171875,t,-1.1875
t,-0.90625,t,-0.90625
t,-0.734375,t,-0.7578125
a,-1.3984375,a,-1.390625
t,-1.0,t,-0.97265625
t,-0.796875,t,-0.77734375
a,-1.5,a,-1.453125
t,-0.9765625,t,-0.9921875
t,-0.765625,t,-0.765625
a,-1.5234375,a,-1.5078125
t,-0.8515625,t,-0.87890625
t,-0.7578125,t,-0.796875
a,-1.4765625,a,-1.4609375
t,-0.88671875,t,-0.859375
t,-0.7734375,t,-0.73046875
a,-1.4375,a,-1.421875
t,-0.859375,t,-0.8125
t,-0.78515625,t,-0.78515625
t,-0.67578125,t,-0.65234375
t,-0.66796875,t,-0.66015625
g,-1.96875,g,-1.96875
t,-0.75390625,t,-0.73828125
t,-0.5546875,t,-0.5703125
a,-1.6953125,a,-1.6484375
t,-0.69921875,t,-0.66796875
t,-0.62890625,t,-0.62109375
g,-1.90625,g,-1.96875
t,-0.51953125,t,-0.51953125
t,-0.4375,t,-0.40625
g,-1.6796875,g,-1.671875
t,-0.58984375,t,-0.58984375
t,-0.46875,t,-0.51171875
g,-1.40625,g,-1.3515625
t,-0.33789062,t,-0.328125
t,-0.31835938,t,-0.33007812
g,-1.203125,g,-1.1640625
t,-0.27148438,t,-0.30273438
t,-0.15332031,t,-0.14257812
g,-1.078125,g,-1.078125
t,-0.19628906,t,-0.21289062
t,-0.11425781,t,-0.099609375
a,-1.984375,a,-1.984375
g,-2.96875,g,-2.96875
a,-1.921875,a,-1.984375
c,-2.734375,c,-2.734375
a,-0.38085938,a,-0.40429688
g,-1.1171875,g,-1.09375
g,-1.0390625,g,-1.0390625
g,-1.1796875,g,-1.1953125
t,-0.27539062,t,-0.265625
c,-1.4765625,c,-1.4453125
t,-0.140625,t,-0.13574219
t,-0.8828125,t,-0.83984375
c,-2.78125,c,-2.71875
c,-0.23925781,c,-0.24023438
t,-0.27539062,t,-0.28320312
c,-1.8359375,c,-1.9296875
t,-0.3125,t,-0.31835938
g,-1.171875,g,-1.1484375
t,-0.20898438,t,-0.22949219
c,-0.96484375,c,-0.95703125
a,-1.3125,a,-1.3515625
c,-0.2578125,c,-0.25390625
c,-0.18554688,c,-0.17578125
c,-0.16601562,c,-0.16015625
a,-0.055664062,a,-0.060546875
g,-0.052246094,g,-0.056640625
g,-0.14355469,g,-0.14257812
c,-0.13964844,c,-0.16894531
t,-0.022949219,t,-0.024780273
a,-2.953125,a,-3.0625
g,-0.24414062,g,-0.25585938
a,-0.01977539,a,-0.024291992
g,-0.064453125,g,-0.063964844
g,-4.90625,g,-4.78125
g,-0.4765625,g,-0.42578125
c,-0.546875,c,-0.5546875
a,-0.18652344,a,-0.17773438
a,-2.59375,a,-2.421875
t,-1.0859375,t,-1.0859375
g,-1.28125,g,-1.2265625
g,-0.703125,g,-0.71875
g,-2.15625,g,-2.1875
a,-1.0390625,a,-1.0859375
t,-0.7734375,t,-0.80078125
g,-1.2734375,g,-1.4609375
a,-1.3984375,a,-1.3671875
t,-1.375,t,-1.390625
c,-1.453125,c,-1.4921875
a,-1.53125,a,-1.4921875
t,-1.0703125,t,-1.109375
a,-1.9609375,a,-1.9296875
g,-1.03125,g,-1.046875
c,-1.125,c,-1.15625
t,-0.953125,t,-0.984375
t,-1.734375,t,-1.7265625
a,-1.6015625,a,-1.609375
c,-0.92578125,c,-0.92578125
t,-0.47460938,t,-0.49804688
g,-0.859375,g,-0.89453125
c,-1.5078125,c,-1.46875
a,-0.9140625,a,-0.9296875
g,-0.95703125,g,-0.97265625
c,-1.0390625,c,-1.015625
c,-0.80078125,c,-0.76953125
t,-0.51171875,t,-0.52734375
c,-0.99609375,c,-0.97265625
c,-1.2265625,c,-1.21875
a,-0.94140625,a,-0.9296875
a,-1.421875,a,-1.375
c,-1.046875,c,-1.1328125
a,-1.5390625,a,-1.609375
a,-1.6171875,a,-1.59375
c,-1.90625,c,-1.8671875
t,-1.1875,t,-1.2578125
g,-1.34375,g,-1.28125
g,-1.109375,g,-1.078125
g,-0.734375,g,-0.76171875
c,-1.1015625,c,-1.1953125
t,-0.37695312,t,-0.38085938
c,-0.875,c,-0.83984375
a,-0.27539062,a,-0.265625
t,-2.3125,t,-2.3125
g,-0.84375,g,-0.8046875
t,-1.4453125,t,-1.4296875
a,-2.171875,a,-2.25
a,-0.515625,a,-0.484375
t,-0.22363281,t,-0.22070312
t,-1.4921875,t,-1.5
c,-0.79296875,c,-0.81640625
t,-0.625,t,-0.63671875
c,-2.875,c,-2.796875
c,-0.73828125,c,-0.859375
t,-0.28320312,t,-0.26757812
g,-0.51953125,g,-0.53515625
c,-0.47265625,c,-0.5234375
c,-0.21582031,c,-0.22167969
t,-0.07128906,t,-0.076660156
c,-0.25195312,c,-0.24023438
a,-0.2265625,a,-0.20800781
g,-0.05419922,g,-0.064941406
c,-0.057861328,c,-0.059814453
t,-3.0625,t,-3.0
t,-0.18066406,t,-0.18066406
c,-0.22851562,c,-0.1953125
c,-0.096191406,c,-0.10644531
c,-0.2734375,c,-0.30664062
a,-0.36914062,a,-0.36328125
a,-0.087890625,a,-0.10449219
g,-1.0625,g,-1.015625
t,-0.23339844,t,-0.23828125
a,-0.671875,a,-0.671875
g,-0.22167969,g,-0.22167969
c,-0.17773438,c,-0.1796875
t,-0.029907227,t,-0.029052734
g,-0.09423828,g,-0.12109375
g,-0.140625,g,-0.14550781
g,-0.12597656,g,-0.13476562
a,-0.13671875,a,-0.125
t,-0.6796875,t,-0.71484375
t,-0.13964844,t,-0.13964844
a,-0.079589844,a,-0.078125
c,-0.18359375,c,-0.19042969
a,-0.011169434,a,-0.012817383
g,-0.045166016,g,-0.03955078
g,-0.10546875,g,-0.107910156
c,-0.41210938,c,-0.390625
a,-0.44921875,a,-0.47070312
t,-0.38085938,t,-0.36328125
g,-0.115234375,g,-0.12597656
a,-0.73828125,a,-0.78125
g,-0.13378906,g,-0.13964844
c,-0.045654297,c,-0.04736328
c,-0.03564453,c,-0.029541016
a,-0.005432129,a,-0.0058898926
c,-0.056884766,c,-0.052246094
c,-0.49023438,c,-0.4921875
a,-0.66796875,a,-0.6953125
t,-0.8515625,t,-0.8515625
g,-0.08691406,g,-0.084472656
t,-2.25,t,-2.25
c,-0.19824219,c,-0.18847656
t,-0.60546875,t,-0.6640625
g,-0.21679688,g,-0.20800781
g,-0.16210938,g,-0.16113281
a,-3.71875,a,-3.65625
c,-0.97265625,c,-1.0078125
a,-0.93359375,a,-0.91796875
a,-0.8515625,a,-0.8515625
a,-1.5234375,a,-1.6328125
a,-1.0,a,-0.98828125
a,-1.359375,a,-1.3203125
t,-1.6328125,t,-1.6953125
a,-1.0703125,a,-1.140625
t,-1.2109375,t,-1.171875
t,-1.2265625,t,-1.3046875
t,-0.58203125,t,-0.5078125
c,-2.34375,c,-2.265625
c,-2.03125,c,-1.9296875
a,-0.9609375,a,-1.0
g,-1.3515625,g,-1.296875
g,-1.953125,g,-1.8984375
t,-1.1953125,t,-1.2109375
g,-1.375,g,-1.34375
c,-1.3984375,c,-1.390625
a,-1.03125,a,-1.09375
g,-0.77734375,g,-0.71875
t,-0.73828125,t,-0.765625
g,-0.94140625,g,-0.90625
g,-0.60546875,g,-0.6171875
c,-0.30859375,c,-0.34960938
t,-0.26953125,t,-0.2578125
c,-0.11328125,c,-0.103027344
a,-0.036865234,a,-0.03955078
t,-1.2109375,t,-1.1875
g,-0.19921875,g,-0.22265625
c,-0.10644531,c,-0.1015625
c,-0.06689453,c,-0.084472656
t,-0.010681152,t,-0.011474609
g,-0.099121094,g,-0.092285156
t,-0.004333496,t,-0.004547119
a,-0.02722168,a,-0.026245117
a,-0.01953125,a,-0.017333984
t,-0.0026550293,t,-0.0022888184
t,-3.0625,t,-3.0625
c,-0.15722656,c,-0.16601562
c,-0.1328125,c,-0.11816406
c,-3.90625,c,-3.90625
a,-0.5390625,a,-0.5546875
c,-1.0703125,c,-0.984375
a,-2.28125,a,-2.3125
c,-0.97265625,c,-1.015625
t,-1.015625,t,-1.0546875
t,-0.6796875,t,-0.71484375
g,-0.7890625,g,-0.8125
g,-0.35742188,g,-0.3515625
g,-0.13476562,g,-0.14355469
a,-2.03125,a,-2.03125
g,-0.3046875,g,-0.2890625
g,-0.06298828,g,-0.071777344
c,-0.1015625,c,-0.100097656
c,-2.984375,c,-2.953125
g,-0.76171875,g,-0.79296875
a,-0.011413574,a,-0.011779785
g,-0.048339844,g,-0.045410156
c,-4.34375,c,-4.40625
g,-4.15625,g,-4.15625
a,-1.1875,a,-1.2265625
g,-0.17773438,g,-0.15820312
g,-0.20410156,g,-0.1953125
c,-1.09375,c,-1.0078125
t,-1.03125,t,-0.9921875
g,-1.0078125,g,-0.8671875
g,-0.859375,g,-0.875
a,-0.6484375,a,-0.76171875
g,-0.96484375,g,-0.94140625
g,-1.0859375,g,-1.0234375
a,-1.03125,a,-0.9921875
t,-0.31445312,t,-0.33203125
c,-0.44921875,c,-0.45898438
a,-1.109375,a,-1.125
c,-0.27734375,c,-0.30273438
t,-0.69140625,t,-0.66796875
t,-0.26367188,t,-0.25585938
g,-0.13671875,g,-0.140625
a,-0.021240234,a,-0.019897461
g,-0.29492188,g,-0.31054688
c,-0.609375,c,-0.68359375
c,-0.140625,c,-0.1484375
t,-1.71875,t,-1.6171875
a,-0.77734375,a,-0.8125
g,-0.072265625,g,-0.072265625
g,-0.0703125,g,-0.06640625
a,-0.083984375,a,-0.08691406
g,-0.42773438,g,-0.41210938
t,-0.22753906,t,-0.21875
t,-0.053955078,t,-0.056884766
c,-0.80078125,c,-0.8125
a,-0.49414062,a,-0.47070312
a,-0.053222656,a,-0.06591797
g,-0.03930664,g,-0.036865234
a,-0.15429688,a,-0.14355469
c,-0.07519531,c,-0.08251953
c,-0.114746094,c,-0.12792969
a,-0.017333984,a,-0.018188477
g,-0.045166016,g,-0.045654297
c,-0.044921875,c,-0.044189453
t,-4.09375,t,-4.09375
t,-0.068847656,t,-0.076171875
g,-0.06298828,g,-0.06933594
g,-0.33398438,g,-0.39453125
c,-1.1875,c,-1.140625
t,-1.53125,t,-1.53125
a,-0.20703125,a,-0.234375
a,-0.10644531,a,-0.09667969
g,-2.546875,g,-2.578125
a,-0.4609375,a,-0.45898438
t,-0.6171875,t,-0.56640625
g,-0.19824219,g,-0.20800781
g,-0.118652344,g,-0.123046875
c,-2.84375,c,-2.84375
g,-2.28125,g,-2.171875
a,-0.62109375,a,-0.61328125
g,-1.4453125,g,-1.359375
a,-0.013244629,a,-0.010864258
c,-0.34179688,c,-0.33007812
c,-0.34179688,c,-0.32617188
c,-0.1875,c,-0.19824219
c,-0.75,c,-0.68359375
g,-1.0859375,g,-1.1640625
t,-0.055664062,t,-0.055664062
c,-0.064941406,c,-0.06298828
c,-3.71875,c,-3.78125
c,-0.22265625,c,-0.19628906
t,-0.26367188,t,-0.296875
a,-0.63671875,a,-0.64453125
c,-0.29296875,c,-0.29296875
a,-1.765625,a,-1.765625
a,-0.40039062,a,-0.40039062
a,-0.47265625,a,-0.44921875
a,-0.21289062,a,-0.20605469
a,-0.11279297,a,-0.104003906
a,-0.26757812,a,-0.27929688
t,-0.86328125,t,-0.91015625
t,-0.9921875,t,-1.0
t,-2.796875,t,-2.796875
t,-1.671875,t,-1.671875
a,-0.51171875,a,-0.55078125
a,-0.20410156,a,-0.21289062
a,-0.55859375,a,-0.5703125
a,-0.087402344,a,-0.087402344
a,-0.45703125,a,-0.48046875
c,-4.25,c,-4.15625
t,-1.8046875,t,-1.8046875
a,-0.51171875,a,-0.48828125
g,-1.140625,g,-1.0703125
c,-0.7265625,c,-0.6953125
c,-0.26953125,c,-0.28515625
a,-0.57421875,a,-0.59375
g,-0.21289062,g,-0.19433594
g,-0.14257812,g,-0.15429688
c,-0.8828125,c,-0.890625
a,-0.95703125,a,-0.9609375
t,-0.33203125,t,-0.32421875
g,-0.19628906,g,-0.17871094
g,-0.06933594,g,-0.08203125
t,-0.022338867,t,-0.01928711
g,-0.03857422,g,-0.043701172
g,-0.041992188,g,-0.041748047
c,-0.4375,c,-0.48242188
a,-0.5390625,a,-0.53515625
t,-1.515625,t,-1.5390625
g,-0.12988281,g,-0.13671875
c,-0.69921875,c,-0.734375
a,-0.28320312,a,-0.3515625
c,-0.078125,c,-0.07519531
c,-0.05053711,c,-0.045410156
t,-0.01965332,t,-0.021728516
a,-2.421875,a,-2.46875
t,-0.022583008,t,-0.022460938
a,-0.036132812,a,-0.032226562
t,-4.5625,t,-4.5625
t,-0.037109375,t,-0.039794922
c,-0.18945312,c,-0.19238281
c,-0.22460938,c,-0.2265625
c,-0.5703125,c,-0.5703125
a,-0.17480469,a,-0.20214844
a,-1.65625,a,-1.59375
c,-0.40039062,c,-0.38085938
t,-0.57421875,t,-0.6015625
a,-0.39648438,a,-0.40625
c,-0.47460938,c,-0.52734375
t,-0.34179688,t,-0.31835938
c,-1.0234375,c,-0.98828125
a,-0.67578125,a,-0.6484375
g,-0.14550781,g,-0.14648438
t,-3.71875,t,-3.71875
g,-1.859375,g,-1.9140625
g,-0.625,g,-0.61328125
g,-0.24121094,g,-0.23535156
c,-1.9140625,c,-1.9453125
t,-0.7734375,t,-0.78515625
g,-0.29882812,g,-0.296875
a,-0.1953125,a,-0.1953125
g,-0.36132812,g,-0.35546875
g,-0.375,g,-0.38671875
t,-0.30273438,t,-0.30273438
g,-0.61328125,g,-0.63671875
g,-0.18066406,g,-0.17089844
g,-0.32226562,g,-0.31640625
a,-0.13183594,a,-0.12890625
g,-0.0625,g,-0.06689453
g,-0.20898438,g,-0.23339844
g,-5.53125,g,-5.59375
t,-0.080078125,t,-0.08984375
c,-0.88671875,c,-0.87890625
a,-0.23242188,a,-0.24804688
t,-1.9296875,t,-1.8046875
t,-0.78125,t,-0.7578125
t,-0.20800781,t,-0.24121094
g,-0.91796875,g,-0.88671875
a,-0.09863281,a,-0.09277344
a,-0.73046875,a,-0.7578125
c,-0.35742188,c,-0.33203125
a,-3.359375,a,-3.5
c,-0.515625,c,-0.4609375
a,-0.34179688,a,-0.34570312
g,-0.53515625,g,-0.49414062
g,-1.2890625,g,-1.4609375
a,-0.9609375,a,-0.890625
a,-2.3125,a,-2.328125
t,-1.75,t,-1.7421875
t,-0.65234375,t,-0.609375
t,-0.82421875,t,-0.79296875
g,-0.15722656,g,-0.16699219
a,-0.19824219,a,-0.20507812
g,-0.096191406,g,-0.104003906
g,-2.78125,g,-2.828125
g,-5.78125,g,-5.78125
g,-1.5546875,g,-1.703125
a,-0.80859375,a,-0.890625
g,-0.36132812,g,-0.38671875
a,-1.7890625,a,-1.7265625
a,-1.25,a,-1.3046875
a,-1.1953125,a,-1.2578125
a,-1.5234375,a,-1.4921875
a,-1.0703125,a,-1.125
a,-0.640625,a,-0.6328125
a,-0.82421875,a,-0.76953125
g,-2.0625,g,-2.109375
a,-0.578125,a,-0.5546875
a,-0.6171875,a,-0.640625
g,-3.359375,g,-3.203125
a,-0.65625,a,-0.65625
g,-2.28125,g,-2.171875
a,-0.32617188,a,-0.30078125
g,-1.1953125,g,-1.2578125
a,-0.23632812,a,-0.22851562
a,-0.78515625,a,-0.84765625
a,-0.2421875,a,-0.23632812
g,-1.078125,g,-1.0234375
a,-0.21191406,a,-0.19726562
g,-1.0859375,g,-1.0
a,-0.1875,a,-0.19628906
a,-1.0625,a,-1.0703125
g,-2.421875,g,-2.46875
t,-2.390625,t,-2.46875
g,-1.375,g,-1.2890625
a,-1.125,a,-1.125
a,-0.96875,a,-0.90234375
g,-1.15625,g,-1.1484375
g,-1.1171875,g,-1.15625
a,-1.046875,a,-1.0546875
a,-1.0859375,a,-1.078125
g,-1.0,g,-1.0
g,-1.0234375,g,-1.046875
a,-0.71484375,a,-0.73046875
a,-0.859375,a,-0.89453125
g,-0.875,g,-0.8515625
a,-0.99609375,a,-0.92578125
a,-0.80078125,a,-0.8125
a,-0.8359375,a,-0.80859375
g,-0.76953125,g,-0.76953125
g,-1.1875,g,-1.1953125
a,-0.60546875,a,-0.59375
a,-0.63671875,a,-0.64453125
g,-0.921875,g,-0.87890625
g,-1.1015625,g,-1.0625
a,-0.71875,a,-0.6796875
g,-1.015625,g,-1.0234375
g,-0.8671875,g,-0.78515625
g,-1.046875,g,-0.99609375
a,-0.61328125,a,-0.6015625
g,-0.67578125,g,-0.69140625
g,-0.7265625,g,-0.703125
g,-0.69140625,g,-0.734375
a,-0.55078125,a,-0.53515625
g,-0.45898438,g,-0.4375
a,-0.9765625,a,-0.94140625
g,-0.34570312,g,-0.31445312
a,-0.5234375,a,-0.54296875
a,-1.6640625,a,-1.65625
g,-1.2109375,g,-1.1796875
a,-1.171875,a,-1.203125
a,-0.52734375,a,-0.48242188
a,-0.73046875,a,-0.765625
g,-0.84375,g,-0.83984375
a,-0.5078125,a,-0.51953125
a,-0.42382812,a,-0.45898438
a,-0.45703125,a,-0.421875
c,-2.96875,c,-2.9375
g,-3.765625,g,-3.90625
a,-0.8828125,a,-0.84375
a,-0.56640625,a,-0.5859375
a,-0.77734375,a,-0.8046875
g,-1.203125,g,-1.1328125
a,-0.66796875,a,-0.67578125
a,-0.640625,a,-0.59765625
a,-0.52734375,a,-0.5078125
g,-1.0703125,g,-1.1015625
g,-1.5390625,g,-1.5390625
a,-0.43945312,a,-0.46289062
a,-0.3125,a,-0.3125
a,-0.56640625,a,-0.59375
a,-0.63671875,a,-0.6328125
g,-1.5,g,-1.5078125
a,-0.515625,a,-0.5625
a,-0.46484375,a,-0.51953125
a,-0.41796875,a,-0.40234375
a,-0.59375,a,-0.62109375
g,-1.7265625,g,-1.6875
g,-1.5,g,-1.4453125
a,-0.43359375,a,-0.41601562
a,-0.40039062,a,-0.40625
g,-1.3046875,g,-1.3046875
g,-1.15625,g,-1.1953125
a,-0.40234375,a,-0.4140625
a,-0.41992188,a,-0.41210938
a,-0.6953125,a,-0.7265625
g,-0.9296875,g,-0.9453125
a,-0.40429688,a,-0.40820312
a,-0.44726562,a,-0.44726562
a,-0.3828125,a,-0.40429688
a,-0.71484375,a,-0.73046875
t,-2.40625,t,-2.40625
t,-1.875,t,-1.8515625
g,-1.484375,g,-1.5234375
g,-1.390625,g,-1.5078125
t,-1.703125,t,-1.703125
a,-1.1015625,a,-1.078125
c,-2.390625,c,-2.46875
c,-1.859375,c,-1.828125
a,-0.7265625,a,-0.7265625
g,-1.0546875,g,-1.0078125
g,-1.203125,g,-1.2265625
a,-1.03125,a,-1.03125
a,-0.80859375,a,-0.80859375
a,-0.97265625,a,-0.98046875
g,-1.2421875,g,-1.2265625
c,-2.0625,c,-2.078125
a,-0.47851562,a,-0.5078125
g,-1.015625,g,-1.0
g,-1.265625,g,-1.2265625
a,-0.8828125,a,-0.8984375
a,-0.81640625,a,-0.765625
a,-0.8984375,a,-0.8984375
g,-1.1328125,g,-1.1484375
g,-1.2421875,g,-1.28125
g,-1.265625,g,-1.3125
a,-0.59765625,a,-0.60546875
a,-0.8125,a,-0.73046875
a,-0.703125,a,-0.75390625
t,-1.9921875,t,-1.9921875
g,-0.98828125,g,-0.98046875
g,-1.0703125,g,-1.0625
a,-0.68359375,a,-0.68359375
a,-0.765625,a,-0.78515625
g,-1.1171875,g,-1.125
t,-1.890625,t,-1.875
a,-1.1640625,a,-1.078125
a,-0.875,a,-0.85546875
a,-0.828125,a,-0.84375
a,-0.84375,a,-0.8515625
a,-0.86328125,a,-0.83203125
a,-0.80859375,a,-0.8203125
a,-0.71484375,a,-0.70703125
t,-1.921875,t,-1.9140625
a,-0.9609375,a,-0.94921875
a,-0.609375,a,-0.6015625
t,-1.859375,t,-1.828125
a,-0.91796875,a,-0.93359375
a,-0.6875,a,-0.6875
t,-1.578125,t,-1.6640625
a,-0.95703125,a,-0.9296875
a,-0.80078125,a,-0.80078125
t,-1.4296875,t,-1.453125
a,-1.0078125,a,-1.015625
a,-0.84375,a,-0.8671875
t,-1.453125,t,-1.453125
a,-0.90625,a,-0.9140625
a,-0.84765625,a,-0.8125
a,-0.59375,a,-0.62109375
a,-0.671875,a,-0.68359375
t,-1.5078125,t,-1.4375
g,-1.65625,g,-1.6171875
a,-0.76171875,a,-0.7890625
a,-0.6015625,a,-0.62109375
a,-0.55078125,a,-0.55859375
a,-0.67578125,a,-0.6796875
t,-1.4765625,t,-1.4453125
t,-1.4296875,t,-1.4765625
g,-1.8515625,g,-1.8359375
g,-1.71875,g,-1.7734375
t,-1.4140625,t,-1.4296875
t,-1.125,t,-1.125
a,-1.0546875,a,-1.09375
g,-1.7890625,g,-1.78125
t,-1.3046875,t,-1.2890625
c,-2.359375,c,-2.359375
a,-0.69140625,a,-0.71875
c,-2.234375,c,-2.296875
t,-1.140625,t,-1.109375
a,-1.3828125,a,-1.3828125
t,-1.171875,t,-1.171875
t,-1.0703125,t,-1.0703125
a,-1.1953125,a,-1.1640625
a,-0.92578125,a,-0.96484375
c,-2.078125,c,-2.109375
a,-0.73046875,a,-0.6953125
a,-0.953125,a,-0.95703125
t,-1.5625,t,-1.515625
t,-1.2109375,t,-1.21875
t,-0.98828125,t,-0.98046875
g,-1.734375,g,-1.7890625
t,-1.25,t,-1.2109375
a,-1.1484375,a,-1.203125
t,-1.109375,t,-1.125
c,-2.125,c,-2.09375
c,-1.7109375,c,-1.703125
t,-1.0390625,t,-1.0625
t,-0.97265625,t,-1.0
a,-1.2421875,a,-1.2890625
t,-1.2421875,t,-1.234375
a,-1.1796875,a,-1.1484375
a,-0.984375,a,-1.0
t,-1.296875,t,-1.25
c,-2.109375,c,-2.03125
t,-0.9453125,t,-0.9453125
g,-1.5546875,g,-1.578125
g,-1.734375,g,-1.6875
a,-1.0390625,a,-1.046875
a,-0.875,a,-0.875
a,-0.8359375,a,-0.8515625
c,-1.96875,c,-1.984375
a,-0.82421875,a,-0.8359375
t,-1.2265625,t,-1.265625
t,-1.03125,t,-1.0078125
a,-1.21875,a,-1.1796875
t,-1.2109375,t,-1.1640625
a,-1.1484375,a,-1.1640625
a,-0.9921875,a,-1.0390625
t,-1.25,t,-1.25
t,-1.046875,t,-1.046875
t,-0.96875,t,-0.93359375
c,-1.9453125,c,-1.9453125
a,-0.94140625,a,-0.90234375
a,-1.015625,a,-1.03125
a,-0.7578125,a,-0.75390625
a,-0.84375,a,-0.84375
g,-1.9140625,g,-1.8828125
a,-0.94140625,a,-0.921875
a,-0.765625,a,-0.78515625
a,-0.6640625,a,-0.66015625
a,-0.71484375,a,-0.7265625
a,-0.64453125,a,-0.6484375
a,-0.578125,a,-0.5859375
t,-1.75,t,-1.734375
a,-0.79296875,a,-0.79296875
t,-1.625,t,-1.625
t,-1.1171875,t,-1.1171875
c,-2.109375,c,-1.984375
t,-1.0078125,t,-1.015625
t,-1.046875,t,-1.0703125
t,-0.9453125,t,-0.953125
g,-1.7578125,g,-1.7890625
g,-1.7109375,g,-1.6953125
a,-1.0390625,a,-1.015625
t,-1.2734375,t,-1.3203125
c,-2.203125,c,-2.171875
a,-1.0390625,a,-1.0
t,-1.109375,t,-1.1328125
a,-1.28125,a,-1.2421875
g,-1.5390625,g,-1.4609375
g,-1.5,g,-1.46875
t,-1.1796875,t,-1.140625
t,-1.1796875,t,-1.140625
c,-1.84375,c,-1.828125
t,-0.85546875,t,-0.83203125
g,-1.3671875,g,-1.34375
a,-1.140625,a,-1.1484375
g,-1.3046875,g,-1.2265625
g,-1.4921875,g,-1.5546875
t,-1.2734375,t,-1.2890625
c,-1.6953125,c,-1.71875
a,-0.92578125,a,-0.9140625
g,-1.2734375,g,-1.2734375
a,-1.1015625,a,-0.9609375
a,-1.0234375,a,-1.0
c,-2.1875,c,-2.203125
a,-0.875,a,-0.8984375
g,-1.328125,g,-1.3203125
c,-1.9609375,c,-1.8671875
a,-0.8515625,a,-0.85546875
t,-1.3515625,t,-1.3984375
t,-1.109375,t,-1.09375
c,-1.8515625,c,-1.8203125
c,-1.515625,c,-1.515625
c,-1.5859375,c,-1.5390625
g,-3.609375,g,-3.609375
t,-1.2265625,t,-1.265625
a,-1.53125,a,-1.6015625
g,-1.3203125,g,-1.3515625
t,-1.2734375,t,-1.3046875
c,-1.53125,c,-1.5703125
t,-0.98828125,t,-0.98828125
a,-1.703125,a,-1.71875
g,-1.3828125,g,-1.359375
a,-1.1328125,a,-1.1640625
t,-1.5546875,t,-1.53125
g,-1.3046875,g,-1.3359375
a,-1.2578125,a,-1.2109375
a,-1.2109375,a,-1.1640625
g,-1.40625,g,-1.40625
t,-1.4921875,t,-1.46875
c,-1.6640625,c,-1.609375
a,-0.87890625,a,-0.890625
a,-1.4140625,a,-1.3984375
g,-1.234375,g,-1.234375
t,-1.4609375,t,-1.4921875
t,-1.1953125,t,-1.1796875
t,-0.98828125,t,-0.98828125
t,-1.0546875,t,-1.109375
a,-1.390625,a,-1.40625
t,-1.2421875,t,-1.2890625
c,-1.8984375,c,-1.9296875
t,-0.84375,t,-0.8515625
g,-1.609375,g,-1.625
a,-1.2734375,a,-1.2734375
t,-1.34375,t,-1.3515625
c,-1.765625,c,-1.828125
t,-0.90625,t,-0.90625
t,-1.0390625,t,-1.0078125
a,-1.53125,a,-1.515625
a,-1.0390625,a,-1.0703125
t,-1.4375,t,-1.4140625
t,-1.015625,t,-1.03125
g,-1.828125,g,-1.8359375
a,-1.2109375,a,-1.2109375
a,-0.9765625,a,-0.97265625
a,-0.94921875,a,-0.9140625
t,-1.21875,t,-1.1953125
a,-1.2890625,a,-1.3515625
a,-1.0390625,a,-1.1015625
a,-0.91796875,a,-0.90625
t,-1.171875,t,-1.15625
a,-1.1171875,a,-1.0859375
t,-1.1328125,t,-1.1328125
a,-1.0625,a,-1.0703125
g,-2.015625,g,-1.9921875
c,-1.703125,c,-1.6640625
t,-1.140625,t,-1.125
g,-1.46875,g,-1.46875
g,-1.5078125,g,-1.515625
c,-1.8125,c,-1.8125
c,-1.5234375,c,-1.546875
t,-1.046875,t,-1.03125
t,-1.09375,t,-1.078125
g,-1.1171875,g,-1.1171875
a,-1.0,a,-0.96484375
a,-0.7890625,a,-0.72265625
c,-1.4765625,c,-1.4296875
a,-1.234375,a,-1.203125
a,-1.46875,a,-1.4453125
a,-0.9921875,a,-0.9921875
t,-1.2890625,t,-1.3359375
c,-1.7578125,c,-1.6953125
t,-1.0703125,t,-1.109375
a,-1.390625,a,-1.4296875
c,-1.6875,c,-1.6484375
t,-1.0703125,t,-1.015625
c,-1.6796875,c,-1.7421875
a,-0.94140625,a,-0.94140625
t,-1.2578125,t,-1.2734375
g,-1.640625,g,-1.6484375
g,-1.6015625,g,-1.6484375
t,-1.234375,t,-1.234375
a,-1.3046875,a,-1.3515625
t,-1.2578125,t,-1.2578125
g,-1.7578125,g,-1.703125
t,-1.1328125,t,-1.0859375
g,-1.296875,g,-1.34375
g,-1.453125,g,-1.4765625
a,-1.3828125,a,-1.3359375
t,-1.3046875,t,-1.234375
a,-1.3515625,a,-1.3828125
g,-1.71875,g,-1.6875
g,-1.6875,g,-1.6484375
a,-1.1640625,a,-1.2109375
a,-0.96875,a,-0.9765625
t,-1.4140625,t,-1.390625
t,-1.0703125,t,-1.1015625
a,-1.5,a,-1.5
a,-1.0859375,a,-1.1015625
a,-0.94140625,a,-0.94140625
t,-1.265625,t,-1.2421875
t,-1.125,t,-1.140625
g,-1.765625,g,-1.7265625
t,-1.1484375,t,-1.1484375
a,-1.40625,a,-1.359375
g,-1.5546875,g,-1.6015625
g,-1.65625,g,-1.6953125
g,-1.6875,g,-1.6875
g,-1.6953125,g,-1.6171875
c,-1.7265625,c,-1.734375
a,-0.984375,a,-0.9765625
t,-1.15625,t,-1.1640625
t,-1.140625,t,-1.1796875
c,-1.921875,c,-1.9453125
a,-0.91015625,a,-1.0078125
c,-1.6171875,c,-1.6328125
t,-1.109375,t,-1.0859375
t,-0.984375,t,-0.99609375
g,-1.6328125,g,-1.6328125
a,-1.453125,a,-1.3984375
t,-1.3203125,t,-1.2734375
g,-1.328125,g,-1.3046875
g,-1.46875,g,-1.4140625
c,-1.4375,c,-1.484375
a,-1.046875,a,-1.1015625
t,-1.2265625,t,-1.1875
t,-1.0,t,-0.9609375
c,-1.828125,c,-1.75
a,-1.046875,a,-1.046875
t,-1.140625,t,-1.1953125
t,-1.03125,t,-1.0
c,-1.625,c,-1.6484375
t,-0.87890625,t,-0.87890625
t,-1.046875,t,-1.0390625
a,-1.5859375,a,-1.5859375
g,-1.546875,g,-1.53125
a,-1.203125,a,-1.1796875
a,-1.03125,a,-1.0078125
c,-1.953125,c,-2.0
a,-1.015625,a,-1.0703125
t,-1.3046875,t,-1.3046875
t,-1.03125,t,-1.0703125
t,-0.9453125,t,-0.921875
a,-1.3984375,a,-1.453125
c,-1.6484375,c,-1.6484375
c,-1.5546875,c,-1.5546875
t,-0.94921875,t,-0.9375
a,-1.484375,a,-1.4765625
t,-1.1640625,t,-1.1171875
g,-1.609375,g,-1.640625
t,-1.0625,t,-1.0546875
c,-1.6875,c,-1.6640625
t,-0.86328125,t,-0.87890625
a,-1.546875,a,-1.5703125
g,-1.7109375,g,-1.625
c,-1.6796875,c,-1.6640625
t,-0.98828125,t,-1.0
t,-1.0625,t,-1.0546875
t,-0.8984375,t,-0.88671875
t,-1.0078125,t,-0.93359375
g,-1.671875,g,-1.671875
g,-1.4765625,g,-1.4765625
a,-1.2265625,a,-1.2421875
g,-1.3828125,g,-1.328125
t,-1.4375,t,-1.4140625
a,-1.484375,a,-1.4609375
a,-1.234375,a,-1.21875
a,-1.0625,a,-1.078125
g,-1.484375,g,-1.4375
t,-1.234375,t,-1.1875
c,-1.6484375,c,-1.609375
a,-1.0859375,a,-1.0859375
c,-1.7578125,c,-1.7421875
a,-0.9375,a,-0.9609375
t,-1.171875,t,-1.1484375
a,-1.3359375,a,-1.328125
a,-1.3359375,a,-1.328125
c,-1.6953125,c,-1.6796875
c,-1.59375,c,-1.59375
t,-0.99609375,t,-0.99609375
c,-1.59375,c,-1.625
t,-1.0234375,t,-1.0546875
a,-1.5,a,-1.453125
a,-1.046875,a,-1.1171875
c,-1.7578125,c,-1.765625
c,-1.421875,c,-1.453125
a,-1.09375,a,-1.1328125
g,-1.53125,g,-1.53125
g,-1.421875,g,-1.421875
t,-1.4765625,t,-1.4765625
a,-1.3046875,a,-1.296875
a,-1.3359375,a,-1.296875
g,-1.4609375,g,-1.4140625
t,-1.3125,t,-1.34375
t,-1.2734375,t,-1.2734375
t,-1.0859375,t,-1.09375
c,-1.6015625,c,-1.609375
c,-1.4375,c,-1.5078125
t,-0.921875,t,-0.9765625
g,-1.25,g,-1.2265625
t,-1.2890625,t,-1.265625
g,-1.3515625,g,-1.3515625
g,-1.4921875,g,-1.46875
c,-1.5390625,c,-1.5234375
t,-0.87890625,t,-0.87890625
t,-1.1875,t,-1.1875
t,-1.0234375,t,-1.0234375
a,-1.625,a,-1.6171875
t,-1.2421875,t,-1.2421875
t,-0.8671875,t,-0.95703125
t,-0.765625,t,-0.78125
a,-1.4296875,a,-1.4453125
g,-1.8125,g,-1.7890625
g,-1.5859375,g,-1.6640625
a,-0.94921875,a,-0.9375
t,-1.2734375,t,-1.2890625
t,-1.0859375,t,-1.0078125
t,-0.80078125,t,-0.828125
t,-0.890625,t,-0.90234375
a,-1.4140625,a,-1.3828125
a,-1.0,a,-1.015625
a,-0.984375,a,-1.015625
t,-1.1953125,t,-1.203125
a,-1.265625,a,-1.234375
c,-1.734375,c,-1.796875
t,-1.0859375,t,-1.0859375
c,-2.0625,c,-2.078125
a,-1.015625,a,-0.97265625
t,-1.1875,t,-1.1484375
t,-0.99609375,t,-1.015625
t,-0.84765625,t,-0.84765625
t,-0.89453125,t,-0.88671875
c,-1.75,c,-1.828125
a,-1.09375,a,-1.078125
g,-1.6484375,g,-1.6484375
t,-1.125,t,-1.1484375
g,-1.6015625,g,-1.6328125
t,-0.99609375,t,-1.0859375
a,-1.484375,a,-1.5390625
a,-1.296875,a,-1.359375
t,-1.1484375,t,-1.1484375
t,-0.95703125,t,-0.99609375
t,-0.87890625,t,-0.90625
t,-0.8515625,t,-0.8359375
g,-1.765625,g,-1.7578125
t,-1.0234375,t,-1.0234375
t,-0.81640625,t,-0.81640625
a,-1.5859375,a,-1.5859375
t,-0.89453125,t,-0.8984375
g,-1.8046875,g,-1.8203125
t,-0.734375,t,-0.74609375
g,-1.6953125,g,-1.640625
t,-0.6640625,t,-0.62890625
g,-0.98828125,g,-1.03125
g,-2.015625,g,-2.0625
a,-1.5078125,a,-1.5859375
t,-1.1640625,t,-1.1875
t,-1.2578125,t,-1.3359375
a,-1.453125,a,-1.40625
a,-1.46875,a,-1.5
g,-1.5078125,g,-1.484375
a,-1.2578125,a,-1.265625
t,-1.3515625,t,-1.4453125
g,-1.296875,g,-1.4296875
a,-1.4453125,a,-1.3671875
c,-2.03125,c,-2.015625
t,-0.89453125,t,-0.87109375
c,-1.890625,c,-1.8671875
t,-0.84375,t,-0.9140625
t,-1.078125,t,-1.0625
g,-1.53125,g,-1.546875
g,-1.4921875,g,-1.5625
t,-1.203125,t,-1.2109375
a,-1.5234375,a,-1.5078125
c,-1.9140625,c,-1.8984375
t,-0.96875,t,-0.9921875
a,-1.53125,a,-1.578125
a,-1.2109375,a,-1.2421875
c,-2.015625,c,-1.953125
a,-0.984375,a,-0.984375
t,-1.015625,t,-1.0859375
a,-1.46875,a,-1.453125
c,-1.71875,c,-1.765625
a,-0.8984375,a,-0.86328125
t,-1.0625,t,-1.0078125
t,-1.2265625,t,-1.28125
t,-0.83203125,t,-0.80859375
t,-1.0078125,t,-0.953125
c,-1.8046875,c,-1.8125
t,-1.015625,t,-1.0
g,-1.5,g,-1.46875
a,-1.2421875,a,-1.2109375
t,-1.203125,t,-1.1953125
t,-0.96875,t,-0.95703125
a,-1.5,a,-1.546875
a,-1.140625,a,-1.171875
a,-1.0390625,a,-1.0390625
c,-2.03125,c,-2.046875
c,-1.5546875,c,-1.5546875
t,-0.87890625,t,-0.9140625
a,-1.5,a,-1.546875
t,-1.234375,t,-1.2421875
c,-1.7734375,c,-1.765625
t,-0.87890625,t,-0.9140625
g,-1.53125,g,-1.5546875
a,-1.296875,a,-1.2578125
a,-1.109375,a,-1.1171875
c,-1.953125,c,-1.96875
a,-0.96484375,a,-0.90234375
t,-1.0625,t,-1.0859375
g,-1.5546875,g,-1.5234375
a,-1.390625,a,-1.4375
g,-1.6796875,g,-1.6484375
t,-1.1875,t,-1.15625
t,-1.0234375,t,-1.0390625
g,-1.7265625,g,-1.703125
t,-1.2109375,t,-1.1484375
t,-1.046875,t,-1.0625
t,-0.8984375,t,-0.8984375
t,-0.94921875,t,-0.94921875
t,-0.875,t,-0.8984375
a,-1.453125,a,-1.515625
t,-1.0625,t,-1.0234375
t,-0.75,t,-0.78515625
t,-0.5859375,t,-0.59765625
c,-1.9921875,c,-1.9375
t,-0.609375,t,-0.59765625
t,-0.70703125,t,-0.67578125
a,-1.8046875,a,-1.8203125
c,-2.015625,c,-1.9921875
c,-1.59375,c,-1.6171875
c,-1.5703125,c,-1.5703125
t,-0.87109375,t,-0.859375
t,-0.82421875,t,-0.82421875
t,-0.8125,t,-0.8125
c,-1.609375,c,-1.5703125
c,-1.28125,c,-1.3125
a,-1.3828125,a,-1.3515625
g,-1.4140625,g,-1.4140625
A,-3.828125,A,-3.5625
G,-2.203125,G,-2.3125
C,-1.03125,C,-1.03125
G,-2.96875,G,-2.9375
A,-1.4375,A,-1.484375
T,-1.8359375,T,-1.90625
G,-1.03125,G,-1.015625
A,-1.4140625,A,-1.421875
T,-1.5703125,T,-1.5703125
T,-1.6328125,T,-1.5859375
C,-1.4765625,C,-1.4921875
T,-1.0546875,T,-1.0546875
G,-0.88671875,G,-0.88671875
A,-1.3671875,A,-1.3671875
C,-1.59375,C,-1.59375
A,-1.1328125,A,-1.1328125
T,-1.5546875,T,-1.5546875
T,-1.296875,T,-1.2890625
T,-1.265625,T,-1.265625
G,-1.3828125,G,-1.3828125
G,-1.34375,G,-1.359375
G,-1.078125,G,-1.078125
A,-1.125,A,-1.125
T,-1.5078125,T,-1.5078125
G,-0.99609375,G,-1.0546875
A,-1.375,A,-1.375
T,-1.53125,T,-1.53125
A,-1.90625,A,-1.90625
C,-1.6484375,C,-1.6484375
A,-1.078125,A,-1.078125
G,-0.9140625,G,-0.9140625
C,-1.5234375,C,-1.5234375
A,-1.1328125,A,-1.1328125
C,-1.625,C,-1.625
T,-1.265625,T,-1.265625
G,-0.984375,G,-0.984375
A,-1.4921875,A,-1.4921875
T,-1.78125,T,-1.78125
A,-1.734375,A,-1.734375
A,-1.34375,A,-1.34375
A,-1.15625,A,-1.15625
A,-1.15625,A,-1.15625
G,-1.25,G,-1.25
C,-1.625,C,-1.6015625
A,-0.90234375,A,-0.90234375
T,-1.5625,T,-1.5625
A,-1.6328125,A,-1.6484375
T,-1.1875,T,-1.1875
G,-1.1953125,G,-1.1953125
A,-1.203125,A,-1.203125
T,-1.671875,T,-1.671875
A,-1.6875,A,-1.6875
A,-1.1015625,A,-1.1015625
A,-0.98046875,A,-0.98046875
G,-1.2109375,G,-1.2109375
C,-1.734375,C,-1.734375
T,-1.2109375,T,-1.2109375
G,-1.0078125,G,-1.0078125
T,-1.40625,T,-1.40625
G,-1.0390625,G,-1.0390625
G,-1.140625,G,-1.140625
C,-1.53125,C,-1.53125
T,-1.03125,T,-1.03125
T,-1.453125,T,-1.453125
C,-1.234375,C,-1.234375
A,-1.0078125,A,-1.0078125
T,-1.46875,T,-1.46875
T,-1.3046875,T,-1.3046875
T,-1.109375,T,-1.109375
A,-1.625,A,-1.625
A,-1.2578125,A,-1.2578125
G,-1.578125,G,-1.578125
g,-4.59375,g,-4.59375
t,-0.0074157715,t,-0.0078125
a,-0.19433594,a,-0.19140625
t,-1.484375,t,-1.5390625
g,-0.35546875,g,-0.36132812
a,-1.671875,a,-1.71875
a,-1.046875,a,-1.125
a,-1.203125,a,-1.265625
t,-1.34375,t,-1.3203125
g,-1.265625,g,-1.2421875
c,-1.8046875,c,-1.6875
t,-0.859375,t,-0.859375
t,-1.015625,t,-1.0625
g,-1.5078125,g,-1.5
c,-1.765625,c,-1.8046875
t,-0.8515625,t,-0.8984375
t,-0.99609375,t,-1.0625
a,-1.734375,a,-1.7265625
g,-1.5234375,g,-1.4921875
t,-1.1640625,t,-1.171875
c,-1.9453125,c,-1.9140625
g,-3.359375,g,-3.390625
t,-1.109375,t,-1.1484375
t,-1.0859375,t,-1.0546875
t,-0.8984375,t,-0.87109375
t,-0.90625,t,-0.86328125
c,-1.6875,c,-1.6328125
t,-0.7890625,t,-0.7890625
t,-0.890625,t,-0.8984375
a,-1.9296875,a,-1.9296875
t,-1.171875,t,-1.1796875
t,-0.87890625,t,-0.83984375
t,-0.765625,t,-0.77734375
t,-0.79296875,t,-0.78125
c,-1.71875,c,-1.703125
t,-0.71484375,t,-0.71484375
c,-1.6875,c,-1.671875
g,-3.5,g,-3.46875
t,-0.9921875,t,-0.9453125
t,-0.875,t,-0.875
a,-1.8671875,a,-1.875
t,-1.046875,t,-1.0078125
t,-0.875,t,-0.875
c,-1.8984375,c,-1.953125
a,-1.2890625,a,-1.234375
t,-0.953125,t,-0.94140625
t,-0.84765625,t,-0.8125
t,-0.6171875,t,-0.6171875
g,-1.828125,g,-1.8203125
g,-1.859375,g,-1.7734375
a,-1.390625,a,-1.390625
a,-1.0703125,a,-1.1171875
a,-1.046875,a,-1.0234375
g,-1.765625,g,-1.75
g,-1.6484375,g,-1.625
a,-1.09375,a,-1.046875
a,-0.9609375,a,-0.99609375
t,-1.265625,t,-1.3125
t,-0.94140625,t,-0.94140625
g,-1.796875,g,-1.78125
a,-1.2109375,a,-1.2890625
t,-1.2265625,t,-1.2421875
a,-1.40625,a,-1.4140625
a,-1.1796875,a,-1.234375
c,-1.8203125,c,-1.796875
a,-0.92578125,a,-0.85546875
t,-1.0703125,t,-1.0625
a,-1.4140625,a,-1.34375
c,-1.90625,c,-1.8984375
g,-3.3125,g,-3.28125
a,-1.453125,a,-1.4765625
t,-1.2734375,t,-1.25
a,-1.3671875,a,-1.453125
a,-1.171875,a,-1.15625
a,-1.046875,a,-1.1328125
g,-1.875,g,-1.8671875
t,-1.15625,t,-1.1953125
g,-1.6484375,g,-1.515625
t,-1.1171875,t,-1.078125
t,-1.0078125,t,-0.98046875
a,-1.5078125,a,-1.46875
a,-1.1875,a,-1.21875
a,-1.03125,a,-1.03125
g,-1.828125,g,-1.7421875
t,-1.2265625,t,-1.234375
a,-1.4375,a,-1.34375
c,-1.9609375,c,-1.9375
a,-0.94921875,a,-0.91015625
t,-1.0,t,-0.9921875
g,-1.5234375,g,-1.4921875
t,-1.0234375,t,-1.0078125
t,-1.0390625,t,-1.0546875
a,-1.515625,a,-1.515625
t,-1.0390625,t,-1.046875
t,-1.046875,t,-1.0234375
c,-1.9375,c,-1.8828125
a,-1.03125,a,-1.046875
g,-1.546875,g,-1.5390625
t,-1.0078125,t,-0.99609375
t,-0.99609375,t,-0.96484375
t,-0.8046875,t,-0.796875
t,-0.828125,t,-0.83203125
c,-1.7265625,c,-1.765625
a,-1.1484375,a,-1.1484375
t,-1.078125,t,-1.0703125
t,-0.8515625,t,-0.8359375
t,-0.703125,t,-0.6796875
t,-0.77734375,t,-0.734375
g,-1.8046875,g,-1.7421875
a,-1.34375,a,-1.296875
a,-1.0390625,a,-1.046875
g,-1.5625,g,-1.5859375
a,-1.1015625,a,-1.0859375
t,-1.2421875,t,-1.2265625
t,-1.0390625,t,-1.0390625
a,-1.375,a,-1.3828125
g,-1.7421875,g,-1.7890625
a,-1.0390625,a,-0.99609375
t,-1.25,t,-1.2265625
g,-1.65625,g,-1.65625
g,-1.5625,g,-1.515625
t,-1.1953125,t,-1.171875
a,-1.5625,a,-1.484375
g,-1.5625,g,-1.5859375
t,-1.046875,t,-1.0859375
a,-1.375,a,-1.3125
t,-1.125,t,-1.1171875
g,-1.5,g,-1.5078125
a,-1.3515625,a,-1.3359375
g,-1.453125,g,-1.390625
t,-1.0625,t,-1.109375
t,-1.1328125,t,-1.0625
a,-1.453125,a,-1.4765625
g,-1.765625,g,-1.71875
t,-1.2734375,t,-1.2578125
t,-0.9921875,t,-1.015625
a,-1.3203125,a,-1.3203125
a,-1.1875,a,-1.1875
a,-0.97265625,a,-0.94140625
t,-1.1171875,t,-1.140625
c,-2.0625,c,-2.09375
a,-1.21875,a,-1.234375
g,-1.59375,g,-1.640625
g,-1.6640625,g,-1.6953125
t,-1.2265625,t,-1.25
g,-1.5234375,g,-1.5234375
a,-1.171875,a,-1.171875
t,-1.171875,t,-1.21875
a,-1.3515625,a,-1.3046875
t,-1.125,t,-1.1875
c,-2.015625,c,-2.0625
c,-1.75,c,-1.7421875
t,-0.9296875,t,-0.9140625
c,-1.6875,c,-1.6953125
c,-1.6328125,c,-1.7109375
t,-0.9765625,t,-0.99609375
t,-1.109375,t,-1.0390625
t,-0.984375,t,-0.984375
a,-1.5859375,a,-1.609375
g,-1.6015625,g,-1.625
a,-1.09375,a,-1.125
a,-0.890625,a,-0.8515625
g,-1.5625,g,-1.578125
t,-1.359375,t,-1.359375
t,-1.0703125,t,-1.0859375
g,-1.65625,g,-1.671875
a,-1.234375,a,-1.203125
t,-1.234375,t,-1.25
a,-1.375,a,-1.3515625
g,-1.6328125,g,-1.6328125
c,-1.7109375,c,-1.7265625
c,-1.5703125,c,-1.640625
t,-0.97265625,t,-0.93359375
a,-1.6328125,a,-1.6328125
t,-1.28125,t,-1.28125
a,-1.3671875,a,-1.4140625
t,-1.125,t,-1.0859375
a,-1.375,a,-1.375
t,-0.984375,t,-0.97265625
g,-1.6171875,g,-1.5703125
t,-0.91796875,t,-0.875
c,-2.03125,c,-2.03125
a,-0.984375,a,-1.0234375
t,-1.1953125,t,-1.1953125
c,-1.828125,c,-1.8515625
c,-1.546875,c,-1.5703125
t,-0.98046875,t,-0.96484375
t,-0.97265625,t,-1.0
t,-0.83984375,t,-0.875
g,-1.6953125,g,-1.6953125
t,-1.046875,t,-1.046875
g,-1.578125,g,-1.578125
g,-1.6796875,g,-1.6640625
a,-1.2734375,a,-1.2734375
g,-1.4375,g,-1.4765625
g,-1.5390625,g,-1.5546875
c,-1.5703125,c,-1.5234375
a,-0.94921875,a,-0.9375
a,-1.5234375,a,-1.515625
t,-1.390625,t,-1.421875
t,-1.2109375,t,-1.2421875
t,-0.9140625,t,-0.953125
a,-1.5234375,a,-1.5078125
a,-1.1328125,a,-1.1640625
a,-0.9296875,a,-0.92578125
t,-1.21875,t,-1.234375
a,-1.2109375,a,-1.2109375
a,-1.03125,a,-1.0390625
a,-0.93359375,a,-0.9609375
a,-0.9375,a,-0.91015625
t,-1.1953125,t,-1.2265625
t,-1.1171875,t,-1.109375
t,-0.90234375,t,-0.93359375
a,-1.203125,a,-1.1953125
a,-0.95703125,a,-0.96484375
a,-0.8046875,a,-0.83984375
a,-0.81640625,a,-0.87109375
c,-1.9921875,c,-1.984375
a,-0.78125,a,-0.7890625
t,-1.1796875,t,-1.203125
t,-0.9140625,t,-0.93359375
t,-0.81640625,t,-0.7734375
a,-1.28125,a,-1.234375
t,-0.953125,t,-0.9609375
t,-0.890625,t,-0.88671875
c,-2.1875,c,-2.140625
c,-1.625,c,-1.625
t,-0.7734375,t,-0.80859375
g,-1.6484375,g,-1.640625
g,-1.6953125,g,-1.703125
c,-1.859375,c,-1.8203125
t,-0.85546875,t,-0.83984375
g,-1.65625,g,-1.7421875
g,-1.4140625,g,-1.4375
g,-1.5078125,g,-1.5703125
t,-1.15625,t,-1.1171875
a,-1.3828125,a,-1.3828125
t,-0.82421875,t,-0.8125
g,-0.58984375,g,-0.5859375
g,-0.5625,g,-0.61328125
t,-0.17285156,t,-0.17089844
g,-0.13769531,g,-0.14355469
g,-0.15332031,g,-0.16601562
c,-0.34375,c,-0.31054688
t,-0.515625,t,-0.5234375
c,-0.1328125,c,-0.140625
a,-0.04272461,a,-0.05053711
c,-0.34960938,c,-0.37109375
t,-3.453125,t,-3.390625
c,-0.21386719,c,-0.22460938
c,-0.08203125,c,-0.09033203
t,-0.013183594,t,-0.014038086
g,-0.18945312,g,-0.17871094
t,-0.15429688,t,-0.15917969
a,-0.029174805,a,-0.032714844
a,-0.08251953,a,-0.10986328
t,-0.00982666,t,-0.011047363
c,-0.055419922,c,-0.055419922
c,-0.06738281,c,-0.059814453
c,-0.21191406,c,-0.203125
a,-0.011657715,a,-0.011657715
g,-0.049560547,g,-0.042236328
c,-0.09033203,c,-0.087890625
a,-0.14257812,a,-0.16894531
c,-0.042236328,c,-0.0390625
t,-0.010070801,t,-0.010803223
t,-0.040771484,t,-0.043945312
t,-0.107910156,t,-0.11376953
g,-0.024169922,g,-0.022216797
a,-4.21875,a,-4.03125
g,-0.10498047,g,-0.111816406
a,-0.08642578,a,-0.076171875
g,-0.13574219,g,-0.13769531
g,-0.08691406,g,-0.0859375
c,-0.234375,c,-0.23828125
t,-0.78515625,t,-0.72265625
g,-0.15234375,g,-0.14746094
a,-0.020629883,a,-0.021118164
g,-0.19335938,g,-0.19335938
g,-0.03149414,g,-0.029296875
c,-0.19628906,c,-0.20703125
g,-1.421875,g,-1.375
g,-0.123046875,g,-0.12597656
g,-0.07470703,g,-0.07421875
t,-1.140625,t,-1.2421875
g,-0.06640625,g,-0.06201172
g,-0.100097656,g,-0.10644531
a,-0.010009766,a,-0.010192871
t,-0.0038757324,t,-0.003829956
c,-0.11328125,c,-0.10107422
a,-0.10888672,a,-0.10986328
c,-0.15625,c,-0.15625
c,-0.921875,c,-0.88671875
t,-0.055419922,t,-0.056884766
g,-0.040039062,g,-0.036376953
a,-0.022949219,a,-0.024169922
g,-0.02722168,g,-0.026977539
g,-0.06738281,g,-0.068359375
t,-0.05493164,t,-0.048828125
c,-0.123046875,c,-0.13085938
a,-0.106933594,a,-0.11230469
g,-0.02355957,g,-0.025512695
g,-0.05517578,g,-0.061767578
a,-0.0062561035,a,-0.00592041
g,-0.025512695,g,-0.030761719
t,-0.030883789,t,-0.031982422
t,-0.0013885498,t,-0.0013198853
t,-1.46875,t,-1.375
g,-0.05493164,g,-0.059814453
a,-0.020141602,a,-0.017578125
g,-0.06689453,g,-0.0625
a,-0.072753906,a,-0.080566406
c,-0.07470703,c,-0.08300781
c,-0.068847656,c,-0.07714844
a,-0.016845703,a,-0.015319824
g,-0.052246094,g,-0.053710938
c,-0.0234375,c,-0.023925781
c,-0.03125,c,-0.030029297
t,-0.044921875,t,-0.048583984
g,-0.049072266,g,-0.050048828
g,-0.13085938,g,-0.14648438
c,-0.23828125,c,-0.22363281
c,-0.05419922,c,-0.056640625
a,-0.012268066,a,-0.014282227
a,-0.027709961,a,-0.028564453
c,-0.13671875,c,-0.11328125
a,-0.040527344,a,-0.04296875
t,-0.03112793,t,-0.036621094
g,-0.08251953,g,-0.07324219
g,-0.03173828,g,-0.032958984
t,-0.18261719,t,-0.19042969
g,-0.05419922,g,-0.061035156
a,-0.0047912598,a,-0.004638672
a,-0.0058288574,a,-0.006134033
a,-0.0077209473,a,-0.008911133
c,-0.060058594,c,-0.057617188
c,-0.10449219,c,-0.11035156
c,-0.09716797,c,-0.09765625
c,-0.44726562,c,-0.453125
g,-0.6484375,g,-0.6640625
t,-0.028808594,t,-0.029296875
c,-0.04296875,c,-0.036376953
t,-0.040039062,t,-0.03564453
t,-2.890625,t,-2.671875
t,-0.06201172,t,-0.06542969
a,-0.203125,a,-0.1953125
c,-0.11816406,c,-0.103515625
t,-0.026245117,t,-0.026977539
a,-0.07910156,a,-0.07861328
a,-0.020385742,a,-0.017700195
a,-0.048095703,a,-0.057128906
a,-0.111816406,a,-0.109375
a,-0.11230469,a,-0.11621094
t,-0.30273438,t,-0.24414062
a,-0.08154297,a,-0.07910156
c,-0.14550781,c,-0.14160156
a,-0.03125,a,-0.033447266
a,-0.023803711,a,-0.024658203
a,-0.009399414,a,-0.008117676
a,-0.018798828,a,-0.020996094
a,-0.10986328,a,-0.10498047
t,-0.4296875,t,-0.4296875
t,-0.05078125,t,-0.05078125
a,-0.10888672,a,-0.10839844
g,-0.048583984,g,-0.04345703
c,-0.041748047,c,-0.038330078
c,-0.51171875,c,-0.48828125
a,-0.76171875,a,-0.79296875
a,-3.46875,a,-3.46875
g,-0.12451172,g,-0.12890625
c,-0.9375,c,-0.97265625
a,-0.28710938,a,-0.34765625
t,-0.27734375,t,-0.3046875
g,-0.055908203,g,-0.056640625
g,-0.23730469,g,-0.25390625
t,-0.09375,t,-0.099609375
g,-0.1015625,g,-0.11230469
g,-0.11230469,g,-0.10595703
c,-1.0625,c,-1.0234375
a,-0.56640625,a,-0.51953125
c,-0.53125,c,-0.5234375
g,-1.09375,g,-1.0546875
t,-0.58203125,t,-0.6328125
g,-0.07861328,g,-0.084472656
c,-0.08642578,c,-0.08691406
c,-0.041015625,c,-0.04638672
t,-0.014587402,t,-0.014587402
g,-0.09667969,g,-0.11425781
t,-0.01953125,t,-0.020996094
a,-0.0390625,a,-0.036865234
a,-0.58984375,a,-0.53515625
t,-0.019165039,t,-0.018676758
c,-0.043945312,c,-0.043945312
c,-0.059326172,c,-0.0625
c,-0.04248047,c,-0.043701172
a,-0.01953125,a,-0.016601562
g,-0.05859375,g,-0.068359375
c,-0.049072266,c,-0.049560547
t,-0.19628906,t,-0.20898438
g,-4.46875,g,-4.40625
c,-0.1796875,c,-0.15332031
t,-0.057617188,t,-0.049316406
t,-1.109375,t,-1.15625
g,-0.171875,g,-0.15429688
g,-0.26757812,g,-0.28125
g,-0.026611328,g,-0.027954102
a,-0.24414062,a,-0.20898438
c,-6.1875,c,-6.1875
a,-2.703125,a,-2.578125
c,-1.3359375,c,-1.34375
t,-0.52734375,t,-0.53125
g,-0.78125,g,-0.8046875
a,-0.25195312,a,-0.22558594
g,-0.39648438,g,-0.40234375
g,-0.30859375,g,-0.34765625
c,-0.59765625,c,-0.546875
a,-1.2109375,a,-1.2578125
g,-0.13769531,g,-0.14160156
g,-0.20410156,g,-0.1796875
a,-0.041503906,a,-0.03930664
g,-0.1640625,g,-0.16992188
a,-0.72265625,a,-0.7578125
a,-0.084472656,a,-0.087402344
t,-0.053955078,t,-0.059570312
t,-1.0703125,t,-1.0625
g,-0.060302734,g,-0.059570312
c,-0.078125,c,-0.078125
t,-0.048095703,t,-0.05493164
t,-0.032226562,t,-0.032226562
g,-0.03112793,g,-0.030395508
a,-0.018432617,a,-0.018188477
a,-0.08300781,a,-0.08300781
c,-0.05493164,c,-0.051513672
c,-0.07470703,c,-0.07128906
t,-0.83984375,t,-0.87890625
g,-0.11230469,g,-0.09375
g,-0.052246094,g,-0.049804688
g,-0.071777344,g,-0.076171875
g,-4.125,g,-4.25
g,-0.31445312,g,-0.27929688
g,-0.41796875,g,-0.43945312
c,-0.77734375,c,-0.78515625
a,-0.7421875,a,-0.73828125
g,-0.2890625,g,-0.3046875
a,-0.16210938,a,-0.17382812
g,-0.072753906,g,-0.06689453
g,-1.109375,g,-1.2421875
t,-0.40234375,t,-0.38476562
t,-0.6015625,t,-0.67578125
g,-0.040771484,g,-0.033447266
c,-0.17382812,c,-0.1953125
a,-0.07519531,a,-0.08203125
a,-3.609375,a,-3.296875
t,-0.075683594,t,-0.072753906
g,-0.087890625,g,-0.09472656
a,-0.04345703,a,-0.046142578
t,-3.890625,t,-3.890625
t,-2.84375,t,-2.90625
g,-2.84375,g,-2.8125
c,-1.3984375,c,-1.53125
a,-0.625,a,-0.65234375
c,-0.7890625,c,-0.765625
c,-1.0859375,c,-1.1640625
a,-0.19238281,a,-0.15625
c,-0.13769531,c,-0.16992188
t,-0.09667969,t,-0.09033203
g,-0.018676758,g,-0.015991211
c,-0.23632812,c,-0.23535156
a,-0.10253906,a,-0.099121094
c,-0.045898438,c,-0.045898438
t,-0.030517578,t,-0.032714844
c,-0.08105469,c,-0.08886719
c,-0.10839844,c,-0.111816406
a,-0.008911133,a,-0.008117676
g,-0.068359375,g,-0.068847656
c,-0.051757812,c,-0.049316406
c,-0.024658203,c,-0.026000977
t,-0.015136719,t,-0.012573242
g,-0.068359375,g,-0.068847656
g,-0.06933594,g,-0.06542969
g,-0.07910156,g,-0.076660156
c,-0.47460938,c,-0.49609375
g,-0.94921875,g,-1.1015625
a,-0.07470703,a,-0.06591797
t,-3.359375,t,-3.3125
a,-0.21679688,a,-0.22167969
g,-0.34765625,g,-0.31835938
a,-0.083496094,a,-0.07324219
g,-0.15625,g,-0.15722656
t,-0.95703125,t,-1.0234375
g,-0.31640625,g,-0.3203125
a,-0.009338379,a,-0.010375977
g,-0.05419922,g,-0.048095703
a,-0.11425781,a,-0.118652344
c,-0.072265625,c,-0.067871094
t,-0.41992188,t,-0.40039062
c,-0.18652344,c,-0.19726562
c,-1.0078125,c,-0.93359375
a,-0.71875,a,-0.69140625
t,-0.07470703,t,-0.068847656
c,-0.036621094,c,-0.040527344
t,-0.033203125,t,-0.037109375
c,-0.103027344,c,-0.08691406
a,-0.13769531,a,-0.13964844
g,-3.421875,g,-3.421875
a,-0.4453125,a,-0.44140625
a,-0.16113281,a,-0.15234375
a,-0.17382812,a,-0.18359375
a,-0.27734375,a,-0.27929688
c,-2.46875,c,-2.53125
g,-4.96875,g,-5.0
a,-0.640625,a,-0.64453125
a,-0.39257812,a,-0.41601562
c,-2.734375,c,-2.8125
a,-1.0703125,a,-1.046875
a,-0.359375,a,-0.37304688
a,-0.33007812,a,-0.33007812
c,-1.78125,c,-1.84375
a,-0.328125,a,-0.3359375
a,-0.29882812,a,-0.28710938
t,-2.765625,t,-2.78125
g,-2.734375,g,-2.734375
t,-1.4609375,t,-1.4921875
a,-0.84375,a,-0.8359375
t,-1.3515625,t,-1.359375
t,-1.171875,t,-1.1171875
c,-1.9921875,c,-1.9140625
c,-1.6015625,c,-1.6953125
t,-0.99609375,t,-0.99609375
t,-1.15625,t,-1.15625
t,-1.0078125,t,-0.984375
t,-0.98828125,t,-0.94921875
a,-1.5625,a,-1.53125
g,-1.6875,g,-1.6953125
t,-1.2734375,t,-1.2734375
a,-1.40625,a,-1.3125
t,-1.265625,t,-1.1640625
t,-0.9140625,t,-0.9140625
t,-0.640625,t,-0.69140625
t,-0.796875,t,-0.80078125
t,-0.8984375,t,-0.88671875
a,-1.25,a,-1.2421875
c,-2.109375,c,-2.109375
a,-1.0234375,a,-0.984375
t,-1.0078125,t,-0.9921875
t,-1.015625,t,-0.99609375
g,-1.84375,g,-1.8515625
t,-0.78125,t,-0.8125
a,-1.1640625,a,-1.1171875
t,-0.90234375,t,-0.921875
c,-2.15625,c,-2.09375
a,-1.0078125,a,-1.0
a,-1.4609375,a,-1.421875
a,-1.125,a,-1.0859375
c,-1.984375,c,-1.984375
t,-1.1640625,t,-1.1640625
a,-1.3359375,a,-1.2890625
t,-0.9609375,t,-0.98046875
g,-1.7421875,g,-1.6953125
g,-1.7890625,g,-1.8046875
a,-1.1875,a,-1.171875
a,-0.98828125,a,-1.0546875
g,-1.78125,g,-1.796875
t,-1.140625,t,-1.1875
c,-1.8984375,c,-2.015625
c,-1.6953125,c,-1.796875
t,-0.91796875,t,-0.95703125
c,-1.921875,c,-1.90625
t,-0.9609375,t,-0.92578125
a,-1.625,a,-1.6015625
a,-1.15625,a,-1.109375
t,-1.3515625,t,-1.359375
t,-1.09375,t,-1.09375
g,-1.8203125,g,-1.9296875
a,-1.2109375,a,-1.1875
g,-1.5390625,g,-1.546875
a,-1.0546875,a,-1.0546875
t,-1.2421875,t,-1.2890625
t,-1.046875,t,-1.0625
a,-1.2890625,a,-1.296875
a,-1.171875,a,-1.1328125
t,-1.2578125,t,-1.25
a,-1.25,a,-1.265625
a,-1.0,a,-1.0
g,-1.875,g,-1.9609375
a,-1.0390625,a,-1.0
a,-0.921875,a,-0.921875
a,-0.87890625,a,-0.88671875
a,-0.8984375,a,-0.87890625
a,-0.875,a,-0.93359375
g,-1.890625,g,-1.890625
a,-0.87890625,a,-0.83984375
c,-2.15625,c,-2.15625
a,-0.59375,a,-0.57421875
a,-0.89453125,a,-0.90234375
t,-1.609375,t,-1.59375
c,-1.875,c,-1.875
t,-1.0546875,t,-1.0625
g,-1.390625,g,-1.3671875
a,-1.03125,a,-1.0625
a,-1.0703125,a,-1.0546875
t,-1.3828125,t,-1.3515625
t,-1.1640625,t,-1.1640625
a,-1.296875,a,-1.2890625
t,-1.2578125,t,-1.265625
a,-1.171875,a,-1.109375
a,-1.0625,a,-1.0625
t,-1.3671875,t,-1.3046875
t,-1.0703125,t,-1.0
t,-0.88671875,t,-0.89453125
t,-0.9140625,t,-0.88671875
a,-1.1328125,a,-1.1328125
a,-0.953125,a,-1.0
a,-0.82421875,a,-0.82421875
c,-2.140625,c,-2.203125
a,-0.8671875,a,-0.84375
t,-1.0546875,t,-1.0546875
t,-0.94140625,t,-0.96484375
t,-0.7890625,t,-0.7890625
a,-1.1875,a,-1.1796875
a,-1.1328125,a,-1.109375
c,-2.171875,c,-2.21875
a,-0.85546875,a,-0.84375
a,-0.953125,a,-0.9765625
g,-2.140625,g,-2.15625
c,-2.09375,c,-2.03125
a,-0.7421875,a,-0.75
t,-1.1796875,t,-1.15625
g,-1.765625,g,-1.828125
t,-0.875,t,-0.83984375
a,-1.078125,a,-1.046875
g,-1.7421875,g,-1.75
t,-1.0859375,t,-1.0234375
a,-1.09375,a,-1.046875
a,-0.984375,a,-1.03125
a,-1.0,a,-0.96875
a,-0.9453125,a,-0.93359375
t,-1.140625,t,-1.09375
a,-1.125,a,-1.109375
a,-0.94140625,a,-0.94140625
t,-1.1875,t,-1.1875
g,-1.8359375,g,-1.8828125
a,-1.0078125,a,-0.99609375
t,-1.3828125,t,-1.34375
g,-1.59375,g,-1.640625
a,-1.078125,a,-1.0390625
a,-0.8671875,a,-0.93359375
g,-1.828125,g,-1.703125
a,-0.96484375,a,-0.984375
t,-1.3125,t,-1.2734375
a,-1.078125,a,-1.0703125
a,-0.8671875,a,-0.87890625
a,-0.7578125,a,-0.765625
t,-1.1796875,t,-1.234375
a,-1.015625,a,-1.046875
g,-1.9375,g,-1.96875
c,-1.9609375,c,-2.015625
a,-0.9296875,a,-0.85546875
t,-1.1875,t,-1.1171875
t,-1.0234375,t,-0.96484375
a,-1.2109375,a,-1.1953125
g,-1.6796875,g,-1.59375
t,-1.2578125,t,-1.265625
a,-1.203125,a,-1.1796875
c,-2.15625,c,-2.171875
a,-0.82421875,a,-0.8828125
g,-1.484375,g,-1.4765625
c,-2.015625,c,-2.015625
a,-0.8515625,a,-0.83984375
a,-1.203125,a,-1.203125
t,-1.3359375,t,-1.359375
t,-1.140625,t,-1.15625
a,-1.15625,a,-1.109375
a,-1.046875,a,-1.0234375
t,-1.34375,t,-1.34375
a,-1.0703125,a,-1.0703125
t,-1.1640625,t,-1.15625
t,-1.0,t,-1.015625
t,-0.74609375,t,-0.73046875
g,-2.015625,g,-2.03125
t,-0.93359375,t,-0.94140625
a,-1.140625,a,-1.1328125
g,-1.84375,g,-1.8671875
c,-1.7734375,c,-1.7734375
a,-0.91796875,a,-0.8671875
t,-1.1953125,t,-1.171875
g,-1.6953125,g,-1.6796875
c,-2.09375,c,-2.078125
t,-1.0,t,-0.9375
g,-1.3984375,g,-1.40625
a,-1.421875,a,-1.390625
c,-1.890625,c,-1.9296875
a,-0.8828125,a,-0.89453125
g,-1.703125,g,-1.625
t,-1.171875,t,-1.1328125
g,-1.53125,g,-1.515625
c,-1.9296875,c,-1.8984375
t,-0.9609375,t,-0.9609375
c,-1.96875,c,-2.015625
t,-0.8984375,t,-0.88671875
g,-1.1953125,g,-1.1875
t,-1.0859375,t,-1.1015625
g,-1.2890625,g,-1.3359375
t,-1.1015625,t,-1.1171875
g,-1.4140625,g,-1.34375
c,-1.703125,c,-1.734375
g,-3.140625,g,-3.140625
t,-0.71484375,t,-0.75
t,-1.53125,t,-1.5625
t,-0.65234375,t,-0.6640625
c,-1.8125,c,-1.8828125
a,-1.2890625,a,-1.2734375
t,-1.171875,t,-1.21875
a,-1.5078125,a,-1.5703125
t,-0.98828125,t,-0.96875
a,-1.3203125,a,-1.296875
t,-0.9296875,t,-0.91796875
t,-1.03125,t,-1.125
a,-1.515625,a,-1.5078125
a,-1.03125,a,-1.0703125
a,-0.953125,a,-0.98046875
t,-1.0625,t,-1.09375
t,-1.0859375,t,-1.140625
a,-1.3125,a,-1.34375
c,-1.9921875,c,-2.015625
t,-0.96875,t,-0.98046875
c,-2.140625,c,-2.203125
t,-0.8671875,t,-0.8671875
a,-1.328125,a,-1.2734375
a,-1.125,a,-1.125
t,-1.1484375,t,-1.1640625
c,-1.984375,c,-1.9296875
a,-1.0859375,a,-1.0703125
t,-1.0546875,t,-1.0625
c,-1.875,c,-1.90625
c,-1.7421875,c,-1.734375
c,-1.4140625,c,-1.390625
a,-0.8671875,a,-0.88671875
a,-1.296875,a,-1.296875
a,-0.90234375,a,-0.9140625
t,-1.3046875,t,-1.296875
c,-1.9609375,c,-1.90625
c,-1.390625,c,-1.390625
t,-0.94140625,t,-0.9296875
g,-1.65625,g,-1.578125
t,-1.140625,t,-1.1171875
a,-1.4140625,a,-1.3515625
a,-1.2109375,a,-1.1796875
g,-1.8984375,g,-1.90625
t,-1.1171875,t,-1.1171875
t,-1.0546875,t,-1.0
g,-1.6640625,g,-1.6796875
g,-1.625,g,-1.5546875
g,-1.5859375,g,-1.6171875
t,-1.1796875,t,-1.1796875
a,-1.3046875,a,-1.2734375
t,-1.0625,t,-1.0859375
c,-1.875,c,-1.8984375
a,-1.171875,a,-1.1640625
a,-1.484375,a,-1.5
t,-1.390625,t,-1.328125
t,-1.09375,t,-1.0703125
c,-1.6640625,c,-1.7265625
a,-1.2421875,a,-1.28125
a,-1.2109375,a,-1.28125
g,-1.625,g,-1.625
t,-1.203125,t,-1.234375
g,-1.6484375,g,-1.6328125
t,-1.09375,t,-1.0625
t,-0.9609375,t,-0.97265625
c,-1.8515625,c,-1.84375
c,-1.46875,c,-1.4375
t,-0.86328125,t,-0.88671875
a,-1.53125,a,-1.46875
t,-1.1640625,t,-1.140625
t,-1.0,t,-0.96484375
g,-1.8125,g,-1.8671875
g,-1.6796875,g,-1.6796875
g,-1.578125,g,-1.6484375
t,-1.1875,t,-1.109375
a,-1.25,a,-1.3125
g,-1.609375,g,-1.578125
g,-1.46875,g,-1.546875
a,-1.1328125,a,-1.078125
a,-0.98828125,a,-0.99609375
t,-1.296875,t,-1.3203125
a,-1.3671875,a,-1.34375
t,-1.1171875,t,-1.140625
a,-1.2578125,a,-1.3203125
c,-1.9375,c,-1.953125
a,-0.8046875,a,-0.828125
g,-1.4296875,g,-1.5
t,-1.109375,t,-1.140625
t,-1.15625,t,-1.140625
c,-1.8515625,c,-1.8671875
t,-0.84765625,t,-0.84765625
t,-1.1171875,t,-1.078125
t,-0.9609375,t,-0.94921875
t,-0.98046875,t,-0.91015625
a,-1.5703125,a,-1.671875
g,-1.765625,g,-1.796875
g,-1.609375,g,-1.609375
a,-1.03125,a,-1.0234375
a,-0.91796875,a,-0.98046875
a,-0.98046875,a,-0.94921875
t,-1.2578125,t,-1.296875
g,-1.421875,g,-1.46875
t,-1.1796875,t,-1.1484375
a,-1.375,a,-1.34375
g,-1.4921875,g,-1.4765625
t,-1.2109375,t,-1.1953125
a,-1.359375,a,-1.2890625
t,-1.265625,t,-1.28125
g,-1.609375,g,-1.640625
g,-1.8359375,g,-1.8203125
t,-1.0546875,t,-1.0546875
t,-1.0234375,t,-1.0234375
c,-2.046875,c,-1.9921875
t,-0.87109375,t,-0.8359375
g,-1.25,g,-1.2421875
t,-1.046875,t,-1.0390625
g,-1.3359375,g,-1.3359375
t,-0.91015625,t,-0.92578125
c,-1.8359375,c,-1.7890625
t,-0.71875,t,-0.765625
c,-1.625,c,-1.625
a,-1.0859375,a,-1.125
a,-1.5703125,a,-1.453125
a,-1.015625,a,-0.97265625
c,-1.75,c,-1.625
a,-1.0,a,-0.9609375
g,-1.5234375,g,-1.5234375
g,-1.734375,g,-1.7734375
a,-1.109375,a,-1.046875
c,-1.9609375,c,-1.9765625
a,-0.8828125,a,-0.859375
c,-1.578125,c,-1.5625
t,-1.0078125,t,-1.0546875
t,-1.109375,t,-1.1171875
a,-1.390625,a,-1.4140625
c,-1.5546875,c,-1.640625
a,-1.0078125,a,-0.9765625
c,-1.8203125,c,-1.859375
a,-0.77734375,a,-0.75390625
g,-1.390625,g,-1.4609375
t,-1.2265625,t,-1.2890625
t,-1.3828125,t,-1.421875
g,-1.46875,g,-1.5078125
g,-1.5859375,g,-1.5859375
c,-1.75,c,-1.640625
c,-1.546875,c,-1.5234375
a,-0.85546875,a,-0.90234375
a,-1.453125,a,-1.515625
c,-1.9375,c,-1.9375
a,-0.9921875,a,-0.96484375
t,-1.2109375,t,-1.1640625
c,-1.765625,c,-1.71875
a,-1.0703125,a,-1.0390625
t,-1.203125,t,-1.1953125
c,-1.6640625,c,-1.6640625
a,-1.0234375,a,-0.98828125
c,-1.5703125,c,-1.5703125
c,-1.4140625,c,-1.3984375
t,-1.0234375,t,-1.0234375
t,-1.328125,t,-1.328125
c,-1.2734375,c,-1.328125
t,-0.98046875,t,-0.98046875
c,-1.3046875,c,-1.3046875
c,-1.265625,c,-1.2578125
a,-1.171875,a,-1.171875
t,-1.328125,t,-1.3125
t,-1.109375,t,-1.171875
c,-1.4609375,c,-1.4453125
t,-0.96875,t,-0.97265625
c,-1.25,c,-1.2421875
t,-0.96484375,t,-0.94921875
g,-1.5078125,g,-1.5390625
a,-1.515625,a,-1.4765625
g,-1.328125,g,-1.34375
a,-1.34375,a,-1.328125
t,-1.3984375,t,-1.3984375
g,-1.515625,g,-1.5625
t,-1.1484375,t,-1.140625
t,-1.0546875,t,-1.0546875
t,-0.9921875,t,-1.0
a,-1.6953125,a,-1.6953125
g,-1.640625,g,-1.6953125
t,-1.25,t,-1.2578125
c,-1.7890625,c,-1.765625
t,-0.77734375,t,-0.79296875
t,-1.0,t,-0.97265625
a,-1.671875,a,-1.671875
c,-1.859375,c,-1.828125
t,-0.94921875,t,-0.91796875
g,-1.5,g,-1.484375
a,-1.3671875,a,-1.359375
g,-1.40625,g,-1.34375
c,-1.796875,c,-1.796875
a,-1.0625,a,-1.0703125
c,-1.734375,c,-1.6640625
t,-0.89453125,t,-0.87109375
a,-1.859375,a,-1.7890625
a,-1.3515625,a,-1.4140625
a,-1.1171875,a,-1.171875
t,-1.296875,t,-1.265625
a,-1.2421875,a,-1.21875
t,-1.15625,t,-1.15625
g,-1.515625,g,-1.515625
g,-1.734375,g,-1.7109375
g,-1.6015625,g,-1.6171875
t,-1.3046875,t,-1.3359375
c,-1.7734375,c,-1.7578125
a,-0.9765625,a,-0.98828125
t,-1.140625,t,-1.1796875
c,-1.8046875,c,-1.75
a,-1.0859375,a,-1.078125
a,-1.4375,a,-1.5078125
t,-1.375,t,-1.421875
a,-1.28125,a,-1.3046875
g,-1.6328125,g,-1.609375
t,-1.203125,t,-1.1953125
c,-1.828125,c,-1.8203125
c,-1.46875,c,-1.5625
a,-1.21875,a,-1.21875
g,-1.28125,g,-1.3671875
a,-1.2578125,a,-1.328125
c,-1.7265625,c,-1.7109375
t,-0.95703125,t,-0.94140625
a,-1.65625,a,-1.671875
c,-1.6484375,c,-1.6953125
c,-1.421875,c,-1.4453125
t,-0.93359375,t,-0.96875
t,-1.171875,t,-1.171875
g,-1.5390625,g,-1.5
a,-1.4296875,a,-1.3515625
g,-1.578125,g,-1.5
c,-1.5234375,c,-1.5234375
a,-1.1484375,a,-1.171875
a,-1.265625,a,-1.328125
a,-1.15625,a,-1.140625
c,-1.7421875,c,-1.828125
a,-0.9921875,a,-0.97265625
a,-1.2890625,a,-1.28125
t,-1.4296875,t,-1.40625
a,-1.21875,a,-1.21875
g,-1.7890625,g,-1.7265625
t,-1.28125,t,-1.2578125
c,-1.875,c,-1.8984375
c,-1.46875,c,-1.421875
a,-1.109375,a,-1.1484375
g,-1.3515625,g,-1.296875
a,-1.2421875,a,-1.2265625
c,-1.703125,c,-1.7421875
t,-1.0390625,t,-1.015625
a,-1.609375,a,-1.5859375
c,-1.734375,c,-1.71875
c,-1.5078125,c,-1.5546875
t,-0.98828125,t,-0.96484375
t,-1.1640625,t,-1.1171875
g,-1.4921875,g,-1.4921875
a,-1.3515625,a,-1.3046875
g,-1.484375,g,-1.5
c,-1.5859375,c,-1.6015625
a,-1.1015625,a,-1.109375
a,-1.25,a,-1.265625
a,-1.21875,a,-1.1640625
c,-1.7890625,c,-1.890625
a,-0.93359375,a,-0.9140625
g,-1.390625,g,-1.375
a,-1.1875,a,-1.171875
g,-1.453125,g,-1.53125
c,-1.6640625,c,-1.6640625
a,-0.85546875,a,-0.80859375
t,-1.53125,t,-1.484375
a,-1.6328125,a,-1.625
t,-1.3671875,t,-1.421875
a,-1.375,a,-1.3515625
c,-1.6875,c,-1.6484375
t,-1.1640625,t,-1.1953125
c,-1.7265625,c,-1.7265625
a,-0.83203125,a,-0.83203125
t,-1.28125,t,-1.28125
a,-1.2109375,a,-1.1953125
c,-1.6640625,c,-1.6328125
a,-0.7578125,a,-0.7578125
g,-1.421875,g,-1.4921875
t,-1.28125,t,-1.28125
g,-1.359375,g,-1.3203125
t,-1.28125,t,-1.2734375
a,-1.5,a,-1.53125
t,-1.234375,t,-1.203125
a,-1.25,a,-1.21875
a,-1.1796875,a,-1.1953125
a,-0.94140625,a,-0.97265625
g,-1.71875,g,-1.6640625
a,-1.015625,a,-1.1015625
g,-1.640625,g,-1.6328125
c,-1.7265625,c,-1.703125
a,-0.82421875,a,-0.84375
c,-1.984375,c,-1.96875
c,-1.9140625,c,-1.890625
a,-0.89453125,a,-0.859375
a,-1.3203125,a,-1.40625
g,-1.09375,g,-1.1328125
c,-1.5703125,c,-1.5
a,-0.80078125,a,-0.8203125
t,-1.4765625,t,-1.4921875
a,-1.34375,a,-1.3671875
c,-1.6171875,c,-1.5859375
a,-0.77734375,a,-0.83203125
g,-1.2421875,g,-1.2890625
a,-0.9296875,a,-0.984375
t,-1.46875,t,-1.4921875
t,-1.3671875,t,-1.40625
t,-1.109375,t,-1.109375
c,-1.59375,c,-1.6015625
a,-1.0078125,a,-1.0078125
t,-1.3984375,t,-1.3515625
g,-1.53125,g,-1.6015625
t,-1.1640625,t,-1.1640625
c,-1.6640625,c,-1.609375
t,-0.81640625,t,-0.81640625
t,-1.078125,t,-1.0859375
t,-0.921875,t,-0.921875
c,-1.625,c,-1.6640625
t,-0.87890625,t,-0.84375
c,-1.5078125,c,-1.5703125
a,-1.34375,a,-1.28125
t,-1.3125,t,-1.25
a,-1.6015625,a,-1.5546875
g,-1.4296875,g,-1.421875
t,-1.4296875,t,-1.421875
t,-1.1484375,t,-1.1484375
a,-1.515625,a,-1.4765625
c,-1.6171875,c,-1.6171875
t,-0.953125,t,-0.9921875
c,-1.8359375,c,-1.8359375
t,-0.98828125,t,-0.9765625
t,-1.2421875,t,-1.2421875
g,-1.5859375,g,-1.6015625
t,-1.2109375,t,-1.2265625
a,-1.4609375,a,-1.4609375
a,-1.1953125,a,-1.2421875
c,-1.734375,c,-1.734375
a,-1.046875,a,-1.0859375
t,-1.0859375,t,-1.0703125
g,-1.6015625,g,-1.6640625
a,-1.3671875,a,-1.3125
g,-1.703125,g,-1.6328125
c,-1.6640625,c,-1.5703125
t,-1.015625,t,-1.0234375
a,-1.265625,a,-1.2109375
a,-1.1171875,a,-1.125
a,-1.0703125,a,-1.0234375
g,-1.828125,g,-1.734375
a,-1.0546875,a,-1.046875
t,-1.359375,t,-1.4140625
c,-2.0,c,-1.96875
a,-0.85546875,a,-0.84375
g,-1.3515625,g,-1.2890625
a,-1.03125,a,-1.0859375
c,-2.015625,c,-1.953125
c,-1.7734375,c,-1.7265625
t,-0.98828125,t,-1.0
c,-1.6015625,c,-1.578125
t,-0.98828125,t,-1.0234375
a,-1.4609375,a,-1.5078125
t,-1.40625,t,-1.40625
g,-1.4140625,g,-1.484375
t,-1.1484375,t,-1.1171875
c,-1.609375,c,-1.640625
a,-1.0078125,a,-1.015625
c,-1.5859375,c,-1.515625
c,-1.4375,c,-1.53125
t,-1.03125,t,-1.0703125
t,-1.3359375,t,-1.34375
t,-0.99609375,t,-0.9453125
g,-1.40625,g,-1.3046875
t,-1.15625,t,-1.140625
a,-1.4609375,a,-1.4140625
a,-1.2265625,a,-1.171875
c,-1.6015625,c,-1.625
t,-0.98046875,t,-1.0234375
g,-1.4296875,g,-1.390625
a,-1.328125,a,-1.328125
t,-1.4375,t,-1.40625
t,-1.09375,t,-1.1015625
t,-0.96875,t,-0.96484375
c,-1.5859375,c,-1.5859375
t,-0.8828125,t,-0.8984375
a,-1.53125,a,-1.515625
g,-1.5078125,g,-1.515625
a,-1.1875,a,-1.21875
t,-1.296875,t,-1.328125
t,-1.09375,t,-1.015625
t,-0.8359375,t,-0.84375
t,-0.85546875,t,-0.9140625
t,-0.93359375,t,-0.90234375
t,-0.8984375,t,-0.9453125
t,-0.75,t,-0.71484375
t,-0.671875,t,-0.6796875
t,-0.4921875,t,-0.51171875
t,-0.41796875,t,-0.41796875
t,-0.30273438,t,-0.28320312
t,-0.22460938,t,-0.21679688
t,-0.16210938,t,-0.15527344
t,-0.15136719,t,-0.15136719
t,-0.13867188,t,-0.14550781
g,-2.9375,g,-2.828125
a,-0.41796875,a,-0.421875
g,-0.22460938,g,-0.22460938
a,-0.059326172,a,-0.061767578
t,-1.4453125,t,-1.546875
g,-0.359375,g,-0.33789062
g,-0.10888672,g,-0.11328125
g,-1.9609375,g,-2.0625
g,-0.15527344,g,-0.1328125
t,-0.015014648,t,-0.016357422
c,-0.84375,c,-0.91796875
t,-0.041748047,t,-0.040527344
t,-1.3359375,t,-1.3359375
g,-0.26953125,g,-0.30078125
c,-0.06640625,c,-0.0703125
c,-2.71875,c,-2.65625
c,-0.8203125,c,-0.7734375
t,-0.15722656,t,-0.13183594
g,-0.103515625,g,-0.107421875
t,-0.51953125,t,-0.51953125
c,-0.69921875,c,-0.71875
a,-1.203125,a,-1.1875
c,-0.13671875,c,-0.14355469
c,-0.4921875,c,-0.4921875
c,-0.48242188,c,-0.43359375
a,-0.041015625,a,-0.0390625
g,-0.018432617,g,-0.017089844
g,-0.076171875,g,-0.076171875
c,-0.07080078,c,-0.06982422
t,-0.016113281,t,-0.016479492
g,-0.052001953,g,-0.049072266
g,-0.063964844,g,-0.0703125
a,-0.024291992,a,-0.02734375
g,-0.029785156,g,-0.036132812
t,-0.03881836,t,-0.041503906
g,-0.055664062,g,-0.052490234
t,-2.9375,t,-2.9375
a,-0.24804688,a,-0.23339844
g,-0.16796875,g,-0.20996094
t,-0.06298828,t,-0.06591797
g,-0.06982422,g,-0.06738281
g,-0.10058594,g,-0.11035156
c,-0.765625,c,-0.765625
g,-0.91015625,g,-0.98828125
t,-1.078125,t,-1.0703125
g,-0.18652344,g,-0.203125
a,-0.05078125,a,-0.046142578
t,-0.025390625,t,-0.029785156
c,-0.045898438,c,-0.048095703
a,-1.8203125,a,-1.921875
t,-0.61328125,t,-0.61328125
g,-0.24023438,g,-0.25195312
c,-3.625,c,-3.5625
c,-0.056640625,c,-0.04736328
t,-1.15625,t,-1.234375
c,-0.46875,c,-0.47070312
a,-1.234375,a,-1.3671875
t,-2.28125,t,-2.1875
t,-0.86328125,t,-0.83984375
g,-1.0859375,g,-1.09375
g,-2.765625,g,-2.8125
a,-2.734375,a,-2.734375
g,-1.5,g,-1.609375
c,-0.74609375,c,-0.71484375
c,-1.2265625,c,-1.3125
t,-1.3046875,t,-1.3828125
t,-0.54296875,t,-0.54296875
c,-3.796875,c,-3.734375
a,-0.921875,a,-0.9375
a,-1.9296875,a,-1.9375
c,-0.86328125,c,-0.953125
t,-0.4765625,t,-0.49609375
c,-0.6328125,c,-0.67578125
a,-1.6328125,a,-1.6953125
t,-3.1875,t,-3.203125
g,-0.87890625,g,-0.9140625
a,-1.5390625,a,-1.6328125
g,-1.4296875,g,-1.59375
c,-0.87109375,c,-0.89453125
t,-1.6640625,t,-1.703125
c,-1.265625,c,-1.3125
a,-0.22851562,a,-0.19628906
a,-0.8515625,a,-0.92578125
a,-1.8984375,a,-2.0
c,-0.90625,c,-0.9921875
a,-0.6875,a,-0.6953125
a,-0.04663086,a,-0.045410156
t,-0.33007812,t,-0.31445312
c,-0.36328125,c,-0.34375
c,-0.40039062,c,-0.37890625
t,-0.75,t,-0.68359375
c,-0.1328125,c,-0.13476562
c,-0.119628906,c,-0.12890625
t,-0.47070312,t,-0.50390625
a,-2.984375,a,-2.984375
c,-0.3828125,c,-0.390625
c,-0.2109375,c,-0.21289062
t,-0.048339844,t,-0.045166016
c,-0.328125,c,-0.34179688
a,-0.27734375,a,-0.3046875
g,-0.13769531,g,-0.12890625
c,-0.084472656,c,-0.084472656
t,-1.9765625,t,-2.078125
t,-0.43164062,t,-0.41210938
c,-0.17285156,c,-0.16308594
c,-0.104003906,c,-0.10888672
t,-1.2890625,t,-1.3828125
g,-0.111328125,g,-0.11767578
a,-0.25390625,a,-0.21289062
g,-0.16503906,g,-0.14648438
t,-0.15722656,t,-0.15917969
a,-0.49609375,a,-0.48828125
g,-0.12597656,g,-0.12988281
t,-3.125,t,-3.1875
t,-0.09472656,t,-0.09326172
g,-0.19628906,g,-0.19433594
g,-0.16601562,g,-0.1796875
g,-0.30273438,g,-0.2890625
a,-0.078125,a,-0.07763672
c,-1.1953125,c,-1.0859375
c,-2.5625,c,-2.515625
a,-0.068847656,a,-0.068359375
c,-0.2890625,c,-0.3125
a,-0.1484375,a,-0.15527344
g,-0.07910156,g,-0.08251953
g,-0.18847656,g,-0.19335938
t,-0.984375,t,-0.92578125
g,-0.15136719,g,-0.16601562
t,-0.59375,t,-0.625
g,-0.19726562,g,-0.18066406
t,-1.40625,t,-1.3671875
g,-0.10498047,g,-0.099121094
c,-0.16503906,c,-0.16308594
c,-0.103027344,c,-0.10253906
a,-0.05908203,a,-0.05908203
c,-0.08251953,c,-0.084472656
c,-0.22363281,c,-0.25195312
a,-0.087402344,a,-0.08496094
c,-0.640625,c,-0.63671875
a,-0.6640625,a,-0.65234375
c,-0.13964844,c,-0.13769531
c,-0.099609375,c,-0.103515625
c,-0.6015625,c,-0.60546875
a,-0.484375,a,-0.48632812
g,-0.09472656,g,-0.09765625
c,-0.068359375,c,-0.064453125
t,-0.671875,t,-0.671875
c,-2.71875,c,-2.703125
a,-0.984375,a,-0.84765625
t,-1.1484375,t,-1.1484375
t,-0.45507812,t,-0.453125
t,-0.5234375,t,-0.53125
t,-0.40039062,t,-0.38671875
t,-0.796875,t,-0.75390625
g,-1.59375,g,-1.6640625
t,-0.34765625,t,-0.3515625
a,-0.69921875,a,-0.71484375
t,-0.46289062,t,-0.43554688
t,-0.296875,t,-0.28320312
c,-3.296875,c,-3.28125
t,-0.34960938,t,-0.34179688
t,-0.44921875,t,-0.46289062
t,-0.83203125,t,-0.78515625
g,-1.4375,g,-1.4453125
t,-0.8125,t,-0.76171875
a,-0.66796875,a,-0.67578125
g,-0.78125,g,-0.7578125
a,-0.21484375,a,-0.22070312
g,-0.7421875,g,-0.796875
a,-0.23828125,a,-0.23828125
t,-0.953125,t,-0.875
g,-0.31835938,g,-0.36914062
c,-3.890625,c,-3.765625
a,-0.8984375,a,-0.91796875
g,-0.29101562,g,-0.33984375
t,-0.19433594,t,-0.19335938
c,-0.54296875,c,-0.49023438
t,-0.2890625,t,-0.27539062
c,-0.67578125,c,-0.64453125
a,-0.51171875,a,-0.5078125
c,-0.7265625,c,-0.7421875
c,-0.62890625,c,-0.6015625
c,-1.5703125,c,-1.5390625
t,-0.34179688,t,-0.35351562
g,-0.3203125,g,-0.30859375
t,-0.23046875,t,-0.2109375
t,-0.85546875,t,-0.859375
g,-0.24902344,g,-0.23242188
c,-0.8984375,c,-0.8671875
c,-0.6953125,c,-0.76171875
c,-0.13671875,c,-0.13085938
a,-0.030029297,a,-0.02758789
c,-6.96875,c,-7.09375
g,-0.640625,g,-0.63671875
c,-0.26367188,c,-0.28125
t,-0.056640625,t,-0.06201172
g,-0.12792969,g,-0.12890625
g,-0.087402344,g,-0.09814453
c,-1.40625,c,-1.375
c,-0.22167969,c,-0.22167969
t,-0.11621094,t,-0.115722656
g,-2.09375,g,-2.125
g,-0.71484375,g,-0.73046875
a,-0.83203125,a,-0.83203125
a,-1.1015625,a,-1.140625
c,-0.09765625,c,-0.091796875
t,-0.1328125,t,-0.14257812
c,-0.17578125,c,-0.17871094
c,-1.453125,c,-1.4140625
t,-0.42773438,t,-0.39257812
g,-0.6328125,g,-0.60546875
a,-0.16015625,a,-0.14453125
g,-1.1328125,g,-1.09375
c,-0.47851562,c,-0.53515625
t,-0.25976562,t,-0.29492188
c,-0.234375,c,-0.24804688
a,-0.07910156,a,-0.08691406
a,-0.27929688,a,-0.27929688
a,-2.3125,a,-2.265625
a,-2.28125,a,-2.359375
g,-0.9921875,g,-1.0078125
a,-0.7734375,a,-0.7421875
t,-0.87890625,t,-0.8671875
c,-0.9765625,c,-0.95703125
c,-0.80859375,c,-0.84375
c,-1.6484375,c,-1.5546875
t,-1.7109375,t,-1.7421875
c,-1.4765625,c,-1.4609375
c,-0.984375,c,-1.0
g,-2.1875,g,-2.28125
c,-1.4453125,c,-1.421875
c,-0.31054688,c,-0.31640625
t,-0.19628906,t,-0.20800781
t,-2.234375,t,-2.453125
g,-0.65234375,g,-0.5703125
a,-2.78125,a,-2.765625
c,-0.92578125,c,-0.9921875
c,-0.40039062,c,-0.39453125
t,-0.23925781,t,-0.2265625
t,-2.0625,t,-2.15625
c,-0.57421875,c,-0.5703125
c,-0.53125,c,-0.53125
a,-0.39453125,a,-0.41796875
a,-0.31445312,a,-0.33398438
a,-0.17871094,a,-0.16699219
g,-0.4453125,g,-0.48242188
t,-0.035888672,t,-0.040527344
g,-0.64453125,g,-0.73046875
c,-0.31054688,c,-0.30078125
t,-0.04711914,t,-0.04711914
g,-0.15332031,g,-0.14550781
g,-0.12792969,g,-0.12207031
g,-0.05493164,g,-0.061523438
a,-0.018554688,a,-0.021728516
t,-0.05419922,t,-0.057861328
t,-0.06225586,t,-0.06298828
a,-0.047607422,a,-0.049560547
c,-0.25,c,-0.27734375
a,-0.010070801,a,-0.010253906
a,-3.359375,a,-3.296875
g,-0.14160156,g,-0.15039062
c,-0.39257812,c,-0.4140625
a,-0.50390625,a,-0.47460938
t,-0.046142578,t,-0.041748047
g,-0.08300781,g,-0.083496094
a,-0.29296875,a,-0.32617188
a,-2.25,a,-2.203125
c,-0.21679688,c,-0.22558594
c,-0.21289062,c,-0.23632812
a,-0.13476562,a,-0.12988281
c,-0.14160156,c,-0.14355469
t,-1.421875,t,-1.421875
g,-0.14355469,g,-0.12890625
c,-0.7265625,c,-0.6796875
a,-0.24511719,a,-0.2890625
c,-0.15625,c,-0.1796875
c,-0.20117188,c,-0.19921875
c,-0.52734375,c,-0.5234375
g,-1.6171875,g,-1.6640625
g,-0.111328125,g,-0.10205078
c,-0.091308594,c,-0.08496094
c,-0.375,c,-0.33007812
t,-1.0078125,t,-0.9921875
a,-1.6171875,a,-1.5625
g,-0.90625,g,-0.91796875
a,-0.8828125,a,-0.91796875
t,-1.5078125,t,-1.6015625
t,-0.7421875,t,-0.796875
t,-0.6484375,t,-0.62109375
t,-0.92578125,t,-0.890625
t,-0.69921875,t,-0.69140625
a,-1.7265625,a,-1.828125
a,-1.1015625,a,-1.1015625
a,-0.86328125,a,-0.859375
t,-1.1171875,t,-1.0859375
g,-1.5703125,g,-1.5546875
t,-1.140625,t,-1.125
g,-1.53125,g,-1.4921875
c,-2.203125,c,-2.171875
t,-1.09375,t,-1.0625
t,-1.140625,t,-1.1328125
t,-1.0859375,t,-1.0703125
c,-1.671875,c,-1.6953125
c,-1.5,c,-1.484375
a,-1.1953125,a,-1.1640625
g,-1.21875,g,-1.234375
t,-1.109375,t,-1.0859375
a,-1.625,a,-1.6015625
t,-1.1328125,t,-1.109375
a,-1.609375,a,-1.5625
c,-1.734375,c,-1.7109375
a,-0.96875,a,-0.95703125
c,-1.6953125,c,-1.6640625
t,-1.109375,t,-1.1484375
g,-1.4921875,g,-1.515625
a,-1.5234375,a,-1.53125
a,-1.3203125,a,-1.2890625
a,-1.1171875,a,-1.109375
c,-1.578125,c,-1.578125
t,-1.1328125,t,-1.109375
a,-1.6484375,a,-1.59375
g,-1.515625,g,-1.53125
a,-1.1953125,a,-1.125
a,-1.015625,a,-0.98828125
g,-1.6953125,g,-1.6953125
t,-1.1171875,t,-1.125
c,-1.6953125,c,-1.65625
g,-3.328125,g,-3.359375
a,-1.40625,a,-1.40625
c,-1.8515625,c,-1.984375
t,-0.9765625,t,-1.0078125
a,-1.6875,a,-1.6328125
a,-1.2578125,a,-1.3046875
a,-1.03125,a,-1.0859375
g,-1.6484375,g,-1.6171875
a,-1.2578125,a,-1.2734375
a,-1.0859375,a,-1.0546875
t,-1.328125,t,-1.3359375
t,-0.99609375,t,-1.0078125
a,-1.390625,a,-1.3359375
c,-1.875,c,-1.921875
c,-1.640625,c,-1.6640625
a,-1.015625,a,-1.03125
a,-1.234375,a,-1.265625
g,-1.3828125,g,-1.5
a,-1.046875,a,-1.0625
g,-1.625,g,-1.6484375
a,-1.1640625,a,-1.203125
a,-1.09375,a,-1.0234375
t,-1.4296875,t,-1.4140625
t,-1.1640625,t,-1.1328125
c,-1.7421875,c,-1.7734375
t,-0.9296875,t,-0.875
a,-1.515625,a,-1.515625
t,-1.25,t,-1.2265625
a,-1.359375,a,-1.3671875
a,-1.203125,a,-1.2109375
a,-0.98046875,a,-0.96484375
a,-1.078125,a,-1.0546875
t,-1.234375,t,-1.21875
a,-1.1875,a,-1.21875
g,-1.8125,g,-1.84375
a,-1.125,a,-1.0859375
g,-1.8515625,g,-1.8125
a,-0.92578125,a,-0.9765625
t,-1.4609375,t,-1.390625
t,-1.109375,t,-1.140625
g,-1.734375,g,-1.75
a,-1.1796875,a,-1.1640625
a,-0.94921875,a,-0.94921875
a,-0.96484375,a,-0.9609375
t,-1.3046875,t,-1.3359375
g,-1.46875,g,-1.5078125
g,-1.421875,g,-1.46875
g,-1.5234375,g,-1.5390625
g,-1.3984375,g,-1.4140625
c,-1.8359375,c,-1.859375
t,-0.94140625,t,-0.90234375
c,-2.0,c,-1.9140625
g,-3.125,g,-3.1875
a,-1.2421875,a,-1.296875
t,-1.4140625,t,-1.3984375
g,-1.0,g,-1.03125
t,-1.125,t,-1.1484375
g,-1.2265625,g,-1.265625
g,-1.2265625,g,-1.2265625
g,-1.4375,g,-1.453125
a,-1.296875,a,-1.3671875
t,-1.421875,t,-1.421875
g,-1.1796875,g,-1.2578125
g,-1.21875,g,-1.265625
g,-1.234375,g,-1.1875
t,-1.390625,t,-1.390625
t,-1.2578125,t,-1.2421875
g,-1.359375,g,-1.3359375
g,-1.0,g,-1.03125
t,-1.4375,t,-1.4765625
g,-1.125,g,-1.15625
a,-1.375,a,-1.46875
t,-1.4765625,t,-1.4140625
a,-1.5859375,a,-1.5390625
t,-1.21875,t,-1.2109375
t,-1.0859375,t,-1.0859375
g,-1.375,g,-1.3671875
c,-1.71875,c,-1.6484375
a,-1.1640625,a,-1.15625
g,-1.1640625,g,-1.1484375
g,-1.453125,g,-1.3984375
g,-1.5,g,-1.5234375
a,-1.109375,a,-1.09375
g,-1.25,g,-1.2890625
a,-1.1796875,a,-1.171875
a,-1.21875,a,-1.2109375
g,-1.2734375,g,-1.25
t,-1.578125,t,-1.5546875
a,-1.5390625,a,-1.5859375
a,-1.125,a,-1.1015625
t,-1.5859375,t,-1.5859375
c,-2.03125,c,-2.015625
t,-1.015625,t,-1.015625
g,-1.1328125,g,-1.15625
a,-1.1328125,a,-1.109375
g,-1.21875,g,-1.2109375
t,-1.4140625,t,-1.4609375
a,-1.515625,a,-1.453125
a,-1.1796875,a,-1.2109375
a,-1.0859375,a,-1.0859375
g,-1.2890625,g,-1.2734375
g,-1.2578125,g,-1.28125
a,-1.1875,a,-1.15625
g,-1.3671875,g,-1.296875
g,-1.296875,g,-1.28125
a,-0.97265625,a,-1.0703125
a,-0.96484375,a,-0.953125
a,-1.0078125,a,-1.0390625
a,-1.1171875,a,-1.1640625
g,-1.2578125,g,-1.21875
a,-1.0234375,a,-0.98046875
a,-0.83984375,a,-0.8125
c,-2.265625,c,-2.25
t,-1.265625,t,-1.265625
g,-1.0625,g,-1.015625
a,-1.1171875,a,-1.078125
t,-1.828125,t,-1.796875
t,-1.2734375,t,-1.3046875
t,-1.0703125,t,-1.09375
g,-1.546875,g,-1.515625
g,-1.390625,g,-1.3359375
g,-1.2421875,g,-1.2578125
a,-1.0546875,a,-1.09375
a,-1.015625,a,-1.0546875
a,-1.09375,a,-1.1015625
a,-1.1640625,a,-1.140625
c,-1.8984375,c,-1.8203125
g,-2.609375,g,-2.671875
a,-1.1875,a,-1.1796875
t,-1.75,t,-1.703125
a,-1.484375,a,-1.484375
g,-1.390625,g,-1.3671875
t,-1.5390625,t,-1.484375
t,-1.2265625,t,-1.2265625
t,-1.15625,t,-1.15625
t,-1.03125,t,-1.0859375
a,-1.3828125,a,-1.3828125
g,-1.5703125,g,-1.59375
t,-1.40625,t,-1.4140625
a,-1.4140625,a,-1.3671875
g,-1.3984375,g,-1.34375
t,-1.4609375,t,-1.4609375
g,-1.359375,g,-1.34375
a,-1.109375,a,-1.1484375
g,-1.3125,g,-1.296875
t,-1.34375,t,-1.3671875
t,-1.1875,t,-1.1796875
t,-0.91015625,t,-0.91015625
g,-1.2890625,g,-1.3359375
a,-1.125,a,-1.1640625
g,-1.2890625,g,-1.2890625
t,-1.4296875,t,-1.4296875
a,-1.4921875,a,-1.515625
t,-1.3203125,t,-1.3046875
g,-1.3671875,g,-1.3984375
a,-1.234375,a,-1.2421875
a,-1.1015625,a,-1.0546875
t,-1.25,t,-1.296875
t,-1.15625,t,-1.15625
a,-1.40625,a,-1.390625
a,-1.046875,a,-1.0859375
g,-1.59375,g,-1.59375
t,-1.203125,t,-1.2578125
t,-1.15625,t,-1.140625
g,-1.703125,g,-1.7265625
a,-1.1484375,a,-1.2109375
g,-1.5078125,g,-1.5703125
a,-1.0546875,a,-1.046875
t,-1.296875,t,-1.28125
t,-0.9921875,t,-1.0234375
g,-1.625,g,-1.6796875
a,-1.203125,a,-1.2265625
a,-0.9375,a,-0.8984375
t,-1.3828125,t,-1.40625
t,-1.140625,t,-1.1015625
t,-0.92578125,t,-0.953125
g,-1.6484375,g,-1.734375
a,-1.0859375,a,-1.078125
a,-1.0078125,a,-1.0078125
t,-1.328125,t,-1.2890625
t,-1.0234375,t,-1.0625
a,-1.3828125,a,-1.4140625
a,-1.078125,a,-1.078125
g,-1.625,g,-1.65625
t,-1.234375,t,-1.2265625
t,-1.078125,t,-1.1484375
g,-1.7890625,g,-1.765625
a,-1.15625,a,-1.1640625
g,-1.6015625,g,-1.6328125
g,-1.578125,g,-1.5859375
t,-1.2421875,t,-1.2421875
t,-1.015625,t,-1.015625
g,-1.546875,g,-1.46875
a,-1.28125,a,-1.2890625
a,-0.89453125,a,-0.875
t,-1.328125,t,-1.3203125
a,-1.25,a,-1.28125
t,-1.2109375,t,-1.1796875
g,-1.5546875,g,-1.578125
a,-1.203125,a,-1.2109375
a,-0.98046875,a,-0.96875
t,-1.296875,t,-1.3515625
t,-1.171875,t,-1.171875
a,-1.2578125,a,-1.3046875
a,-1.0234375,a,-0.9609375
g,-1.7109375,g,-1.7109375
t,-1.2578125,t,-1.2109375
t,-1.2109375,t,-1.171875
g,-1.7734375,g,-1.7734375
a,-1.0703125,a,-1.0703125
g,-1.6015625,g,-1.6015625
g,-1.5859375,g,-1.6328125
t,-1.1875,t,-1.1875
t,-1.0859375,t,-1.0546875
g,-1.515625,g,-1.5078125
a,-1.2109375,a,-1.2578125
g,-1.3515625,g,-1.40625
t,-1.3125,t,-1.3359375
t,-1.0546875,t,-1.046875
t,-0.9296875,t,-0.89453125
g,-1.4296875,g,-1.4296875
a,-1.09375,a,-1.1484375
g,-1.2890625,g,-1.265625
g,-1.3046875,g,-1.3515625
t,-1.3203125,t,-1.296875
a,-1.4296875,a,-1.5078125
t,-1.4296875,t,-1.4765625
g,-1.2890625,g,-1.2734375
a,-1.234375,a,-1.2109375
a,-1.1484375,a,-1.1484375
t,-1.3359375,t,-1.34375
t,-1.1953125,t,-1.2109375
a,-1.390625,a,-1.3203125
a,-1.0234375,a,-1.0078125
g,-1.46875,g,-1.609375
a,-0.95703125,a,-0.984375
t,-1.5703125,t,-1.5859375
g,-1.484375,g,-1.4609375
t,-1.1796875,t,-1.203125
g,-1.5,g,-1.5859375
a,-1.2109375,a,-1.1640625
a,-1.125,a,-1.125
a,-1.0390625,a,-1.09375
t,-1.4375,t,-1.3984375
t,-1.1171875,t,-1.1015625
g,-1.65625,g,-1.5703125
a,-1.125,a,-1.1171875
t,-1.4453125,t,-1.4609375
c,-2.0625,c,-1.984375
a,-0.921875,a,-0.87890625
t,-1.2578125,t,-1.3203125
t,-1.0625,t,-1.0703125
g,-1.875,g,-1.8671875
g,-1.5859375,g,-1.5625
a,-1.109375,a,-1.015625
a,-0.98046875,a,-1.0390625
a,-0.89453125,a,-0.93359375
t,-1.2265625,t,-1.2109375
g,-1.4296875,g,-1.390625
t,-1.2578125,t,-1.2109375
t,-1.09375,t,-1.078125
a,-1.3203125,a,-1.375
g,-1.6328125,g,-1.6171875
a,-1.078125,a,-1.078125
t,-1.3828125,t,-1.3984375
t,-1.15625,t,-1.1640625
g,-1.859375,g,-1.859375
a,-1.03125,a,-1.03125
g,-1.59375,g,-1.578125
a,-0.95703125,a,-0.9765625
a,-1.0390625,a,-1.0859375
a,-0.7890625,a,-0.82421875
a,-0.91796875,a,-0.9375
g,-1.53125,g,-1.59375
t,-1.578125,t,-1.578125
c,-1.8671875,c,-1.8125
a,-0.796875,a,-0.8046875
c,-1.796875,c,-1.78125
a,-0.80078125,a,-0.8203125
g,-1.3203125,g,-1.328125
c,-2.0625,c,-2.015625
t,-1.0546875,t,-1.0546875
g,-1.21875,g,-1.34375
g,-1.421875,g,-1.4375
a,-1.203125,a,-1.203125
t,-1.5625,t,-1.5625
t,-1.515625,t,-1.5390625
a,-1.296875,a,-1.3671875
a,-1.0,a,-0.9765625
t,-1.390625,t,-1.34375
a,-1.1953125,a,-1.1953125
g,-1.4453125,g,-1.3984375
c,-1.8515625,c,-1.796875
t,-0.9921875,t,-0.96875
t,-1.2109375,t,-1.203125
c,-1.6875,c,-1.671875
a,-1.0625,a,-1.015625
g,-1.09375,g,-1.1171875
a,-1.0859375,a,-1.0703125
a,-1.0234375,a,-0.99609375
g,-1.34375,g,-1.3984375
t,-1.328125,t,-1.3828125
g,-1.3203125,g,-1.359375
t,-1.296875,t,-1.375
g,-1.265625,g,-1.265625
t,-1.203125,t,-1.203125
t,-1.359375,t,-1.34375
t,-0.8984375,t,-0.90234375
g,-1.3671875,g,-1.4140625
c,-1.828125,c,-1.8515625
a,-1.0,a,-0.9609375
g,-1.140625,g,-1.171875
a,-1.0703125,a,-1.0625
c,-2.046875,c,-2.046875
a,-0.6640625,a,-0.64453125
g,-1.1953125,g,-1.1953125
t,-1.453125,t,-1.4765625
t,-1.1484375,t,-1.171875
g,-1.5703125,g,-1.6015625
c,-1.6875,c,-1.6875
a,-0.8984375,a,-0.89453125
a,-1.4140625,a,-1.421875
c,-2.078125,c,-2.125
t,-1.0625,t,-0.99609375
a,-1.484375,a,-1.4609375
a,-1.234375,a,-1.25
a,-0.95703125,a,-0.98828125
g,-1.4765625,g,-1.53125
t,-1.453125,t,-1.4140625
a,-1.2578125,a,-1.2109375
a,-1.0234375,a,-1.0078125
t,-1.359375,t,-1.3828125
a,-1.1484375,a,-1.1015625
a,-0.94921875,a,-0.94921875
g,-1.84375,g,-1.859375
a,-0.96484375,a,-0.98046875
a,-0.8828125,a,-0.86328125
t,-1.3984375,t,-1.3984375
a,-1.1328125,a,-1.125
g,-1.734375,g,-1.78125
a,-0.9765625,a,-0.9609375
t,-1.4921875,t,-1.4921875
g,-1.515625,g,-1.4921875
g,-1.5078125,g,-1.5234375
c,-1.8125,c,-1.796875
c,-1.734375,c,-1.8125
t,-1.0390625,t,-1.1484375
t,-1.21875,t,-1.2265625
g,-1.3203125,g,-1.3828125
g,-1.28125,g,-1.28125
c,-1.9140625,c,-1.96875
c,-1.4375,c,-1.4140625
g,-3.234375,g,-3.15625
g,-1.3046875,g,-1.234375
g,-0.859375,g,-0.90625
c,-1.34375,c,-1.328125
g,-0.86328125,g,-0.8984375
c,-0.75390625,c,-0.7734375
g,-0.734375,g,-0.7578125
g,-0.07910156,g,-0.07910156
t,-0.0070495605,t,-0.0076293945
g,-0.013183594,g,-0.012145996
g,-0.012451172,g,-0.013122559
c,-0.045898438,c,-0.048583984
t,-0.0015945435,t,-0.001373291
c,-0.076171875,c,-0.076171875
a,-0.010620117,a,-0.011352539
c,-0.30078125,c,-0.30078125
g,-0.39648438,g,-0.43554688
c,-0.026977539,c,-0.026123047
c,-0.021240234,c,-0.020019531
t,-0.0056762695,t,-0.0064086914
g,-0.09814453,g,-0.0859375
t,-0.006072998,t,-0.00592041
a,-0.011413574,a,-0.012939453
a,-0.024169922,a,-0.020141602
t,-0.0025482178,t,-0.0025177002
c,-0.042236328,c,-0.040039062
c,-0.08642578,c,-0.087890625
c,-0.045166016,c,-0.052978516
a,-0.014953613,a,-0.016357422
g,-0.078125,g,-0.08203125
t,-3.5625,t,-3.5
a,-0.22949219,a,-0.22753906
c,-0.076171875,c,-0.08984375
t,-0.02746582,t,-0.03100586
t,-0.06298828,t,-0.059570312
t,-0.09667969,t,-0.09765625
g,-0.04248047,g,-0.046875
g,-0.07861328,g,-0.08251953
g,-0.030029297,g,-0.032226562
a,-0.028320312,a,-0.026855469
g,-0.02734375,g,-0.033935547
g,-0.032226562,g,-0.033447266
c,-0.055419922,c,-0.057373047
t,-0.84375,t,-0.84375
g,-0.10595703,g,-0.09375
a,-0.008911133,a,-0.010253906
g,-0.04296875,g,-0.04248047
g,-0.045166016,g,-0.04248047
c,-0.25390625,c,-0.26757812
g,-0.984375,g,-1.1484375
a,-3.203125,a,-3.328125
g,-0.06640625,g,-0.07421875
c,-0.93359375,c,-0.953125
a,-0.61328125,a,-0.5859375
a,-1.484375,a,-1.53125
a,-0.10205078,a,-0.09814453
t,-0.45117188,t,-0.44921875
c,-0.59765625,c,-0.58203125
a,-0.66015625,a,-0.625
c,-0.041015625,c,-0.041015625
g,-1.875,g,-1.7109375
a,-0.14257812,a,-0.13476562
g,-0.18457031,g,-0.17675781
g,-0.40625,g,-0.39453125
t,-0.30664062,t,-0.29101562
c,-0.1015625,c,-0.1015625
a,-0.032226562,a,-0.03100586
g,-0.22070312,g,-0.19824219
g,-0.04736328,g,-0.05444336
a,-0.013549805,a,-0.013427734
g,-0.020385742,g,-0.024169922
t,-0.8984375,t,-0.796875
t,-0.0058288574,t,-0.0061950684
c,-0.39453125,c,-0.41210938
a,-0.66015625,a,-0.6640625
a,-0.024047852,a,-0.021240234
g,-0.106933594,g,-0.119140625
a,-0.024047852,a,-0.022949219
c,-0.07421875,c,-0.07519531
c,-0.03466797,c,-0.030761719
a,-0.010498047,a,-0.010681152
g,-0.11376953,g,-0.12109375
c,-0.09033203,c,-0.083496094
c,-0.044921875,c,-0.04736328
t,-0.011169434,t,-0.0115356445
g,-0.0625,g,-0.060546875
g,-0.25195312,g,-0.25
c,-0.37890625,c,-0.36328125
c,-0.068359375,c,-0.06347656
c,-6.65625,c,-6.78125
a,-0.056152344,a,-0.059814453
c,-0.625,c,-0.66015625
a,-0.5390625,a,-0.58203125
t,-1.171875,t,-1.0859375
g,-1.1328125,g,-1.15625
g,-0.099121094,g,-0.088378906
t,-0.18847656,t,-0.1328125
g,-0.049560547,g,-0.047607422
a,-0.0107421875,a,-0.010681152
a,-0.017822266,a,-0.017456055
a,-0.26367188,a,-0.27734375
c,-0.08886719,c,-0.088378906
c,-0.04296875,c,-0.04296875
c,-0.12207031,c,-0.122558594
c,-0.40820312,c,-0.37109375
g,-0.7734375,g,-0.76953125
t,-0.024536133,t,-0.0234375
c,-0.020874023,c,-0.02319336
t,-0.016967773,t,-0.01940918
t,-3.25,t,-3.0625
t,-0.08300781,t,-0.080078125
a,-0.14257812,a,-0.1484375
t,-3.296875,t,-3.1875
t,-0.079589844,t,-0.07714844
a,-0.12402344,a,-0.14160156
a,-0.024780273,a,-0.022460938
a,-0.16015625,a,-0.18164062
a,-0.21875,a,-0.20703125
a,-0.08154297,a,-0.07861328
t,-0.35742188,t,-0.33398438
a,-0.17773438,a,-0.16992188
c,-0.41796875,c,-0.40820312
a,-0.13378906,a,-0.11425781
a,-0.059570312,a,-0.060791016
a,-0.012756348,a,-0.013671875
a,-0.029663086,a,-0.02709961
a,-0.1328125,a,-0.14160156
t,-0.48828125,t,-0.53515625
t,-0.060546875,t,-0.063964844
a,-0.11279297,a,-0.106933594
g,-0.032470703,g,-0.036865234
c,-0.034423828,c,-0.033691406
t,-0.875,t,-0.83984375
g,-0.07470703,g,-0.0703125
t,-5.71875,t,-5.78125
g,-0.51171875,g,-0.5
c,-0.875,c,-0.91015625
a,-0.69140625,a,-0.734375
c,-2.15625,c,-2.171875
a,-0.9296875,a,-0.9375
g,-0.71484375,g,-0.68359375
t,-1.1875,t,-1.2265625
g,-0.22363281,g,-0.20898438
g,-1.5390625,g,-1.4453125
t,-1.7109375,t,-1.703125
g,-0.58203125,g,-0.58203125
c,-0.9921875,c,-0.99609375
a,-0.703125,a,-0.7265625
c,-0.9921875,c,-0.95703125
g,-1.65625,g,-1.671875
c,-0.055664062,c,-0.053466797
c,-0.22949219,c,-0.22949219
t,-0.013061523,t,-0.012145996
g,-0.20605469,g,-0.23730469
t,-0.025024414,t,-0.020019531
a,-0.12451172,a,-0.119140625
a,-0.4140625,a,-0.38867188
t,-0.040771484,t,-0.040527344
c,-0.046142578,c,-0.048828125
c,-0.059326172,c,-0.055908203
c,-0.064941406,c,-0.061279297
a,-0.009765625,a,-0.009155273
g,-0.061767578,g,-0.060791016
c,-0.06347656,c,-0.061035156
t,-0.28125,t,-0.33007812
a,-0.06591797,a,-0.05859375
c,-0.064941406,c,-0.060058594
t,-0.02758789,t,-0.029785156
c,-0.55859375,c,-0.61328125
g,-0.6953125,g,-0.69921875
g,-0.055419922,g,-0.052246094
g,-0.027832031,g,-0.029418945
a,-0.009094238,a,-0.00970459
g,-0.020751953,g,-0.0234375
g,-0.026733398,g,-0.026733398
c,-0.032958984,c,-0.03125
t,-0.036865234,t,-0.0390625
g,-0.039794922,g,-0.045410156
a,-0.006500244,a,-0.0061035156
g,-0.041748047,g,-0.03930664
a,-3.203125,a,-3.25
c,-0.18652344,c,-0.16894531
a,-0.12451172,a,-0.13476562
g,-0.26757812,g,-0.23535156
g,-0.05029297,g,-0.052978516
a,-0.12207031,a,-0.111328125
g,-0.104003906,g,-0.10595703
a,-0.13964844,a,-0.1171875
a,-0.075683594,a,-0.076171875
t,-0.051757812,t,-0.046142578
c,-0.53515625,c,-0.5390625
g,-0.8515625,g,-0.81640625
c,-0.04321289,c,-0.045410156
t,-0.028686523,t,-0.029663086
t,-0.02758789,t,-0.03100586
g,-0.03515625,g,-0.044189453
a,-0.021606445,a,-0.021118164
a,-0.038085938,a,-0.038085938
c,-0.041015625,c,-0.041015625
c,-0.07910156,c,-0.07421875
t,-1.2578125,t,-1.21875
g,-0.13183594,g,-0.1484375
g,-0.063964844,g,-0.052734375
g,-0.08935547,g,-0.08886719
a,-0.043945312,a,-0.041992188
g,-0.04663086,g,-0.04711914
g,-0.04711914,g,-0.049072266
t,-0.9765625,t,-1.0546875
g,-0.122558594,g,-0.12597656
g,-0.12792969,g,-0.12597656
a,-0.019042969,a,-0.0154418945
g,-0.023803711,g,-0.023803711
g,-0.31054688,g,-0.27148438
t,-0.064941406,t,-0.06201172
t,-0.03564453,t,-0.038330078
g,-0.020507812,g,-0.02331543
c,-0.06933594,c,-0.08886719
a,-0.043701172,a,-0.0390625
g,-0.016113281,g,-0.016357422
t,-0.010498047,t,-0.008666992
g,-0.015563965,g,-0.017578125
a,-0.020263672,a,-0.024169922
g,-0.01940918,g,-0.020996094
c,-0.031982422,c,-0.03491211
t,-1.125,t,-1.0
g,-0.15136719,g,-0.17480469
a,-0.15039062,a,-0.19628906
g,-0.038085938,g,-0.037841797
a,-0.053955078,a,-0.045654297
t,-0.032958984,t,-0.03466797
c,-0.609375,c,-0.5703125
a,-0.7421875,a,-0.6875
g,-4.15625,g,-4.21875
t,-3.03125,t,-2.984375
g,-1.25,g,-1.25
t,-2.15625,t,-2.0625
g,-1.765625,g,-1.96875
a,-3.171875,a,-3.296875
c,-1.2890625,c,-1.296875
t,-2.140625,t,-2.140625
g,-1.0390625,g,-1.0
c,-1.328125,c,-1.3125
a,-0.68359375,a,-0.68359375
c,-0.65234375,c,-0.65234375
t,-1.5078125,t,-1.4921875
c,-1.1796875,c,-1.1484375
c,-0.19042969,c,-0.22070312
a,-0.026977539,a,-0.024536133
g,-0.265625,g,-0.29492188
c,-0.12011719,c,-0.119140625
c,-0.11621094,c,-0.103515625
c,-5.25,c,-5.125
g,-0.53515625,g,-0.6015625
g,-0.15917969,g,-0.14160156
t,-3.328125,t,-3.25
g,-1.9375,g,-1.9609375
a,-0.84765625,a,-0.8359375
c,-1.6015625,c,-1.5703125
a,-0.40234375,a,-0.39648438
g,-0.9140625,g,-0.92578125
a,-0.8359375,a,-0.83984375
g,-0.20117188,g,-0.19433594
t,-1.21875,t,-1.1015625
g,-0.24609375,g,-0.24121094
a,-0.028686523,a,-0.029052734
g,-0.10107422,g,-0.095214844
a,-0.029541016,a,-0.027954102
c,-0.08691406,c,-0.10107422
t,-0.328125,t,-0.3828125
c,-0.123535156,c,-0.14160156
t,-0.43164062,t,-0.4296875
g,-0.12695312,g,-0.13476562
t,-0.032714844,t,-0.03491211
g,-4.75,g,-4.5625
t,-0.9296875,t,-1.0078125
a,-1.703125,a,-1.7734375
a,-0.19238281,a,-0.21777344
a,-0.99609375,a,-0.890625
a,-0.64453125,a,-0.609375
a,-0.19042969,a,-0.1796875
a,-0.60546875,a,-0.62890625
a,-0.42382812,a,-0.43945312
t,-1.765625,t,-1.8203125
a,-0.93359375,a,-0.93359375
a,-0.3515625,a,-0.34765625
a,-0.3046875,a,-0.33984375
a,-0.49414062,a,-0.49804688
t,-1.8828125,t,-1.9296875
a,-0.578125,a,-0.51171875
a,-0.36914062,a,-0.37304688
a,-0.34570312,a,-0.3515625
t,-1.4140625,t,-1.421875
a,-0.6640625,a,-0.6484375
a,-0.53125,a,-0.50390625
a,-0.32421875,a,-0.33203125
a,-0.70703125,a,-0.7578125
t,-1.6796875,t,-1.59375
a,-0.64453125,a,-0.64453125
a,-0.3828125,a,-0.41796875
t,-1.53125,t,-1.4921875
g,-2.25,g,-2.296875
g,-2.09375,g,-1.9921875
c,-1.9453125,c,-1.9453125
c,-1.90625,c,-1.859375
g,-3.53125,g,-3.53125
t,-1.4609375,t,-1.4296875
a,-1.3046875,a,-1.21875
a,-1.5859375,a,-1.578125
g,-1.640625,g,-1.6875
c,-1.25,c,-1.2734375
a,-1.015625,a,-1.0390625
a,-1.1796875,a,-1.1484375
g,-1.828125,g,-1.8515625
t,-1.40625,t,-1.46875
a,-1.375,a,-1.453125
a,-0.95703125,a,-0.96875
a,-0.93359375,a,-0.8828125
g,-1.7421875,g,-1.7109375
a,-1.078125,a,-1.1171875
a,-0.89453125,a,-0.80859375
g,-1.7734375,g,-1.7890625
g,-1.4453125,g,-1.453125
a,-0.7578125,a,-0.765625
t,-2.0625,t,-2.0
g,-1.203125,g,-1.1484375
g,-1.0546875,g,-1.140625
c,-1.9921875,c,-1.984375
c,-1.65625,c,-1.6796875
a,-1.0,a,-0.99609375
g,-0.70703125,g,-0.69921875
c,-2.125,c,-2.09375
t,-1.34375,t,-1.296875
c,-1.984375,c,-2.015625
t,-1.078125,t,-1.0078125
t,-1.625,t,-1.59375
a,-1.7578125,a,-1.90625
t,-1.3515625,t,-1.3984375
t,-1.0546875,t,-1.09375
g,-1.5625,g,-1.609375
g,-1.359375,g,-1.3359375
g,-1.2578125,g,-1.25
a,-1.1328125,a,-1.1171875
a,-0.9921875,a,-1.03125
t,-1.53125,t,-1.546875
g,-1.4140625,g,-1.4296875
c,-1.90625,c,-1.90625
c,-1.5625,c,-1.640625
t,-0.98046875,t,-0.99609375
a,-1.6796875,a,-1.6640625
a,-1.3671875,a,-1.3671875
a,-1.0,a,-1.015625
t,-1.4609375,t,-1.4375
c,-1.7578125,c,-1.7265625
t,-0.95703125,t,-0.92578125
a,-1.453125,a,-1.4296875
a,-1.078125,a,-1.15625
g,-1.5703125,g,-1.6328125
g,-1.53125,g,-1.515625
c,-1.7109375,c,-1.7265625
t,-1.1328125,t,-1.09375
t,-1.28125,t,-1.28125
g,-1.5703125,g,-1.5703125
a,-1.328125,a,-1.28125
t,-1.375,t,-1.4375
c,-1.9140625,c,-1.9375
a,-1.171875,a,-1.171875
g,-1.421875,g,-1.375
a,-1.1484375,a,-1.1875
a,-1.078125,a,-1.015625
g,-1.421875,g,-1.421875
t,-1.3359375,t,-1.359375
a,-1.4453125,a,-1.421875
a,-1.0703125,a,-1.0703125
t,-1.421875,t,-1.421875
g,-1.4609375,g,-1.4765625
a,-1.0859375,a,-1.078125
a,-1.09375,a,-1.0859375
a,-0.984375,a,-0.9921875
c,-1.8359375,c,-1.8671875
c,-1.5390625,c,-1.5625
g,-3.234375,g,-3.296875
t,-1.265625,t,-1.2890625
t,-1.2734375,t,-1.2734375
g,-1.453125,g,-1.4296875
g,-1.53125,g,-1.5
g,-1.359375,g,-1.3359375
g,-1.3515625,g,-1.3671875
c,-1.7265625,c,-1.7109375
c,-1.5234375,c,-1.4765625
c,-1.625,c,-1.671875
t,-1.0234375,t,-1.0234375
a,-1.7578125,a,-1.671875
c,-1.78125,c,-1.7109375
a,-1.09375,a,-1.0546875
t,-1.4375,t,-1.4609375
t,-1.3515625,t,-1.3515625
g,-1.3828125,g,-1.390625
c,-1.46875,c,-1.515625
t,-1.09375,t,-1.140625
a,-1.546875,a,-1.546875
t,-1.3203125,t,-1.3046875
g,-1.3828125,g,-1.3828125
a,-1.3671875,a,-1.3046875
c,-1.6875,c,-1.6015625
a,-1.046875,a,-1.046875
t,-1.265625,t,-1.2421875
c,-1.6484375,c,-1.6328125
c,-1.328125,c,-1.359375
a,-1.015625,a,-1.1171875
a,-1.4140625,a,-1.4140625
a,-1.0625,a,-1.0625
g,-1.28125,g,-1.3984375
g,-1.484375,g,-1.4765625
g,-1.5,g,-1.546875
c,-1.5859375,c,-1.5859375
c,-1.5078125,c,-1.5078125
a,-0.92578125,a,-0.98828125
t,-1.4140625,t,-1.421875
g,-1.15625,g,-1.1640625
a,-1.15625,a,-1.2578125
a,-1.125,a,-1.1640625
t,-1.4921875,t,-1.5
a,-1.3828125,a,-1.3515625
t,-1.328125,t,-1.34375
c,-1.8203125,c,-1.875
a,-1.15625,a,-1.2421875
g,-1.2109375,g,-1.1640625
g,-1.265625,g,-1.2578125
a,-1.0625,a,-1.09375
a,-0.9453125,a,-0.9921875
g,-1.234375,g,-1.15625
a,-1.203125,a,-1.2265625
a,-1.0234375,a,-1.015625
a,-0.91015625,a,-0.8984375
g,-1.109375,g,-1.109375
a,-0.97265625,a,-0.96484375
t,-1.765625,t,-1.75
a,-1.2265625,a,-1.2265625
a,-1.09375,a,-1.0078125
t,-1.6328125,t,-1.6484375
t,-1.2421875,t,-1.28125
a,-1.3828125,a,-1.3984375
a,-1.03125,a,-1.015625
c,-1.9765625,c,-2.03125
a,-0.80859375,a,-0.7578125
g,-1.28125,g,-1.28125
g,-1.453125,g,-1.4296875
g,-1.359375,g,-1.359375
t,-1.3671875,t,-1.390625
c,-1.6640625,c,-1.6640625
t,-0.96875,t,-0.96484375
a,-1.9375,a,-1.9375
a,-1.140625,a,-1.1953125
t,-1.546875,t,-1.578125
g,-1.2265625,g,-1.2109375
t,-1.4375,t,-1.4375
t,-1.203125,t,-1.2109375
a,-1.4453125,a,-1.4453125
c,-1.7734375,c,-1.7421875
a,-0.96484375,a,-0.984375
g,-1.1875,g,-1.1640625
a,-1.1015625,a,-1.0859375
g,-1.4296875,g,-1.4296875
a,-1.1328125,a,-1.1171875
g,-1.3359375,g,-1.3828125
g,-1.515625,g,-1.4296875
t,-1.546875,t,-1.5859375
t,-1.40625,t,-1.3984375
g,-1.1953125,g,-1.1953125
a,-1.171875,a,-1.203125
g,-1.1171875,g,-1.1953125
a,-1.046875,a,-1.0234375
g,-1.1015625,g,-1.1171875
c,-1.828125,c,-1.8984375
a,-0.93359375,a,-0.91015625
a,-1.2890625,a,-1.265625
g,-1.1796875,g,-1.1953125
g,-1.125,g,-1.140625
a,-1.1953125,a,-1.1875
g,-1.2421875,g,-1.21875
a,-1.09375,a,-1.0625
t,-1.59375,t,-1.5859375
t,-1.5703125,t,-1.4921875
t,-1.1640625,t,-1.1796875
g,-1.265625,g,-1.234375
a,-1.1640625,a,-1.1640625
t,-1.5625,t,-1.6171875
t,-1.1484375,t,-1.171875
a,-1.515625,a,-1.515625
a,-1.1875,a,-1.1796875
a,-1.078125,a,-1.0546875
a,-0.9453125,a,-0.9609375
g,-1.3984375,g,-1.375
g,-1.4453125,g,-1.3984375
g,-1.5703125,g,-1.5
t,-1.46875,t,-1.4453125
c,-1.796875,c,-1.8203125
t,-1.0078125,t,-0.96875
t,-1.125,t,-1.140625
t,-1.0859375,t,-1.0703125
a,-1.390625,a,-1.390625
g,-1.390625,g,-1.359375
a,-1.015625,a,-1.0546875
g,-1.328125,g,-1.3828125
c,-2.015625,c,-2.015625
t,-0.99609375,t,-0.9765625
g,-1.0859375,g,-1.1015625
a,-1.328125,a,-1.328125
t,-1.6015625,t,-1.65625
g,-1.1875,g,-1.1640625
t,-1.2421875,t,-1.2109375
c,-1.53125,c,-1.6640625
a,-1.03125,a,-1.0
g,-1.0703125,g,-1.0390625
g,-1.203125,g,-1.2109375
t,-1.5,t,-1.5078125
g,-1.140625,g,-1.1875
t,-1.203125,t,-1.3359375
a,-1.625,a,-1.625
t,-1.4140625,t,-1.3671875
g,-1.1015625,g,-1.1171875
a,-1.390625,a,-1.3828125
t,-1.65625,t,-1.65625
g,-1.1875,g,-1.203125
c,-1.8203125,c,-1.890625
c,-1.40625,c,-1.40625
t,-0.98828125,t,-1.0
t,-1.25,t,-1.3515625
t,-1.0390625,t,-1.0546875
a,-1.5390625,a,-1.625
a,-1.21875,a,-1.21875
g,-1.609375,g,-1.609375
a,-1.140625,a,-1.1484375
g,-1.5,g,-1.5
c,-1.828125,c,-1.7734375
a,-0.90234375,a,-0.890625
g,-1.1171875,g,-1.1484375
t,-1.2734375,t,-1.3203125
t,-1.265625,t,-1.265625
t,-1.171875,t,-1.171875
t,-1.0234375,t,-1.078125
t,-1.0546875,t,-1.0546875
a,-1.4609375,a,-1.484375
t,-1.2734375,t,-1.265625
a,-1.4609375,a,-1.4296875
g,-1.5390625,g,-1.484375
t,-1.375,t,-1.3984375
g,-1.421875,g,-1.4609375
c,-2.0,c,-1.9765625
a,-1.265625,a,-1.28125
g,-1.2265625,g,-1.2109375
g,-1.4296875,g,-1.4609375
g,-1.4765625,g,-1.5234375
g,-1.609375,g,-1.609375
g,-1.8828125,g,-1.8515625
t,-1.03125,t,-1.0390625
g,-1.109375,g,-1.1171875
g,-0.921875,g,-0.90625
t,-1.421875,t,-1.3671875
c,-2.109375,c,-2.078125
a,-1.1171875,a,-1.1171875
a,-1.9140625,a,-1.9921875
a,-1.15625,a,-1.234375
a,-1.2109375,a,-1.2109375
g,-1.1953125,g,-1.21875
a,-1.25,a,-1.2109375
g,-1.28125,g,-1.25
a,-1.1328125,a,-1.1171875
a,-1.09375,a,-1.09375
a,-0.93359375,a,-0.92578125
a,-0.98828125,a,-0.9765625
t,-1.578125,t,-1.578125
a,-1.1171875,a,-1.140625
g,-1.5390625,g,-1.5703125
g,-1.4296875,g,-1.4296875
t,-1.328125,t,-1.34375
g,-1.109375,g,-1.0703125
c,-1.9609375,c,-1.9453125
t,-0.9375,t,-0.99609375
t,-1.125,t,-1.125
t,-1.109375,t,-1.125
c,-1.625,c,-1.6484375
t,-0.9765625,t,-0.9765625
g,-1.1328125,g,-1.125
a,-1.3046875,a,-1.375
g,-1.0546875,g,-1.015625
g,-1.3671875,g,-1.3203125
t,-1.3828125,t,-1.4453125
g,-1.3359375,g,-1.3046875
a,-1.3359375,a,-1.3359375
c,-1.7578125,c,-1.6953125
g,-2.8125,g,-2.796875
g,-1.15625,g,-1.1875
a,-1.375,a,-1.359375
g,-1.0078125,g,-1.078125
c,-1.734375,c,-1.7421875
c,-1.46875,c,-1.4453125
t,-1.1796875,t,-1.1015625
t,-1.46875,t,-1.359375
g,-1.0859375,g,-1.1640625
a,-1.4140625,a,-1.4140625
g,-1.0390625,g,-1.0859375
a,-1.1953125,a,-1.1875
c,-1.6484375,c,-1.6640625
t,-1.203125,t,-1.1953125
a,-1.78125,a,-1.828125
g,-1.0078125,g,-1.015625
c,-1.8203125,c,-1.84375
t,-1.0390625,t,-1.0546875
t,-1.21875,t,-1.2421875
a,-1.7890625,a,-1.7265625
t,-1.578125,t,-1.5234375
a,-1.546875,a,-1.5625
g,-1.3671875,g,-1.359375
t,-1.3125,t,-1.3125
a,-1.4140625,a,-1.390625
g,-1.3125,g,-1.3515625
t,-1.4296875,t,-1.4453125
a,-1.3828125,a,-1.4609375
a,-1.1328125,a,-1.1484375
c,-1.6484375,c,-1.6484375
t,-1.015625,t,-1.0859375
g,-1.1640625,g,-1.203125
g,-1.453125,g,-1.421875
g,-1.2265625,g,-1.2578125
t,-1.4296875,t,-1.3984375
t,-1.3203125,t,-1.3203125
a,-1.5234375,a,-1.546875
t,-1.2890625,t,-1.3046875
g,-1.3359375,g,-1.3359375
t,-1.1953125,t,-1.2109375
c,-1.7734375,c,-1.8046875
g,-3.5,g,-3.484375
t,-1.265625,t,-1.265625
g,-1.09375,g,-1.046875
a,-1.4296875,a,-1.421875
c,-1.6875,c,-1.703125
t,-1.015625,t,-0.984375
t,-1.2265625,t,-1.1640625
t,-1.0625,t,-1.0234375
t,-1.0234375,t,-1.0859375
a,-1.546875,a,-1.5625
t,-1.2109375,t,-1.21875
t,-0.91015625,t,-0.9453125
c,-1.7109375,c,-1.65625
t,-0.83984375,t,-0.83984375
g,-1.34375,g,-1.3203125
t,-0.8984375,t,-0.91796875
g,-1.4453125,g,-1.4453125
c,-1.828125,c,-1.828125
a,-1.2734375,a,-1.1875
c,-1.71875,c,-1.6953125
c,-1.640625,c,-1.6171875
a,-0.99609375,a,-0.9921875
c,-1.40625,c,-1.328125
c,-1.34375,c,-1.34375
c,-1.515625,c,-1.484375
t,-1.1171875,t,-1.1328125
g,-1.2890625,g,-1.3125
t,-1.1796875,t,-1.1796875
a,-1.671875,a,-1.6640625
a,-1.265625,a,-1.296875
c,-1.4921875,c,-1.4765625
a,-1.2578125,a,-1.2890625
t,-1.21875,t,-1.28125
g,-1.3828125,g,-1.390625
t,-1.28125,t,-1.28125
a,-1.3359375,a,-1.390625
c,-1.6015625,c,-1.5859375
a,-0.8125,a,-0.8828125
t,-1.140625,t,-1.140625
t,-1.28125,t,-1.34375
t,-0.859375,t,-0.87109375
t,-1.046875,t,-1.03125
t,-0.9921875,t,-0.9765625
a,-1.1640625,a,-1.1953125
t,-1.1015625,t,-1.0703125
t,-0.87890625,t,-0.83984375
c,-2.03125,c,-2.078125
c,-1.5234375,c,-1.6015625
t,-0.765625,t,-0.80078125
a,-1.6484375,a,-1.6640625
t,-1.2265625,t,-1.1796875
t,-0.9296875,t,-0.9296875
t,-0.73828125,t,-0.76171875
t,-0.7890625,t,-0.81640625
c,-1.7890625,c,-1.765625
g,-3.875,g,-3.859375
t,-0.9765625,t,-0.95703125
a,-1.484375,a,-1.5
g,-1.4765625,g,-1.4765625
C,-4.25,C,-4.28125
A,-2.3125,A,-2.265625
T,-1.0390625,T,-1.0625
G,-1.4375,G,-1.4296875
C,-1.6015625,C,-1.5859375
T,-1.0859375,T,-1.0859375
C,-1.375,C,-1.390625
T,-1.171875,T,-1.2109375
A,-1.9140625,A,-1.9140625
A,-1.6171875,A,-1.65625
A,-1.125,A,-1.125
G,-1.2734375,G,-1.2734375
A,-1.1484375,A,-1.140625
A,-1.125,A,-1.0703125
T,-1.578125,T,-1.578125
G,-1.1640625,G,-1.1640625
G,-1.4765625,G,-1.4765625
T,-1.59375,T,-1.59375
G,-0.93359375,G,-0.93359375
A,-1.34375,A,-1.328125
C,-1.5859375,C,-1.5859375
A,-1.015625,A,-1.015625
T,-1.453125,T,-1.453125
T,-1.15625,T,-1.15625
T,-1.2734375,T,-1.2734375
G,-1.4765625,G,-1.4765625
T,-1.375,T,-1.375
G,-0.9609375,G,-0.9609375
A,-1.3046875,A,-1.3046875
A,-1.1640625,A,-1.1640625
A,-1.4140625,A,-1.40625
C,-1.7421875,C,-1.7421875
T,-1.171875,T,-1.171875
T,-1.3046875,T,-1.3125
C,-1.5390625,C,-1.5625
G,-2.734375,G,-2.734375
G,-1.140625,G,-1.1015625
G,-1.390625,G,-1.390625
T,-1.5859375,T,-1.609375
A,-1.734375,A,-1.734375
A,-1.453125,A,-1.453125
A,-1.1953125,A,-1.1953125
C,-1.7265625,C,-1.7265625
C,-1.5078125,C,-1.5078125
A,-1.0703125,A,-1.0703125
A,-1.3984375,A,-1.3671875
A,-1.15625,A,-1.234375
A,-1.125,A,-1.125
A,-1.1328125,A,-1.1328125
C,-1.734375,C,-1.734375
C,-1.5234375,C,-1.5078125
A,-0.921875,A,-0.921875
C,-1.6328125,C,-1.6328125
A,-0.90234375,A,-0.90234375
C,-1.609375,C,-1.625
C,-1.421875,C,-1.421875
T,-1.1171875,T,-1.1328125
A,-1.7578125,A,-1.7578125
A,-1.3671875,A,-1.3671875
A,-1.015625,A,-1.015625
A,-1.0625,A,-1.0625
G,-1.359375,G,-1.3515625
A,-0.9765625,A,-0.9375
A,-1.03125,A,-1.03125
A,-1.0546875,A,-1.046875
A,-0.9453125,A,-0.93359375
C,-1.734375,C,-1.734375
C,-1.5,C,-1.4921875
T,-1.2578125,T,-1.2578125
G,-1.125,G,-1.125
C,-1.5703125,C,-1.5703125
T,-1.0859375,T,-1.0859375
A,-1.71875,A,-1.71875
A,-1.2578125,A,-1.2578125
G,-1.46875,G,-1.484375
A,-1.0078125,A,-1.0078125
A,-1.0859375,A,-1.0859375
G,-1.3203125,G,-1.3203125
A,-1.046875,A,-1.0078125
A,-1.1484375,A,-1.1015625
T,-1.7890625,T,-1.7421875
A,-1.421875,A,-1.421875
A,-1.125,A,-1.125
A,-0.875,A,-0.875
A,-0.96484375,A,-0.92578125
G,-1.5703125,G,-1.5703125
C,-1.6640625,C,-1.6640625
C,-1.4453125,C,-1.4453125
A,-0.828125,A,-0.828125
A,-1.2421875,A,-1.2265625
A,-1.015625,A,-1.015625
A,-1.0390625,A,-1.0390625
G,-1.4921875,G,-1.4921875
A,-0.8828125,A,-0.8828125
A,-0.9296875,A,-0.9296875
G,-1.40625,G,-1.40625
A,-0.83984375,A,-0.83984375
A,-0.9296875,A,-0.9296875
T,-1.8125,T,-1.8125
A,-1.2421875,A,-1.2421875
C,-1.6171875,C,-1.6171875
T,-1.3359375,T,-1.3359375
G,-1.2109375,G,-1.2109375
C,-1.6328125,C,-1.6328125
A,-0.87890625,A,-0.87890625
G,-1.21875,G,-1.21875
C,-1.6171875,C,-1.6171875
T,-1.2265625,T,-1.2421875
T,-1.453125,T,-1.453125
C,-1.203125,C,-1.203125
C,-1.3359375,C,-1.3359375
T,-1.140625,T,-1.140625
T,-1.375,T,-1.375
A,-1.6484375,A,-1.6484375
C,-1.5703125,C,-1.5703125
A,-0.9765625,A,-0.9765625
A,-1.21875,A,-1.21875
C,-1.7421875,C,-1.7421875
A,-0.98046875,A,-0.98046875
G,-1.3828125,G,-1.3828125
g,-3.78125,g,-3.78125
t,-0.010009766,t,-0.010131836
t,-2.9375,t,-2.703125
a,-1.0703125,a,-1.109375
t,-1.6796875,t,-1.640625
t,-0.52734375,t,-0.58203125
t,-0.6640625,t,-0.703125
t,-0.67578125,t,-0.6953125
a,-1.75,a,-1.71875
a,-1.140625,a,-1.078125
a,-0.93359375,a,-0.94921875
a,-0.91015625,a,-0.96484375
t,-1.328125,t,-1.375
g,-1.4609375,g,-1.46875
t,-1.125,t,-1.125
t,-1.1015625,t,-1.1796875
g,-1.609375,g,-1.6796875
a,-1.296875,a,-1.34375
g,-1.4765625,g,-1.5625
a,-1.0859375,a,-1.0859375
t,-1.2265625,t,-1.2265625
t,-0.94140625,t,-0.96875
t,-1.0703125,t,-1.078125
a,-1.609375,a,-1.5625
a,-1.15625,a,-1.1796875
c,-2.140625,c,-2.109375
t,-0.87890625,t,-0.9140625
t,-1.015625,t,-1.0078125
c,-1.71875,c,-1.6796875
a,-1.09375,a,-1.1171875
a,-1.3984375,a,-1.375
a,-0.91015625,a,-0.94140625
g,-1.4375,g,-1.421875
g,-1.65625,g,-1.6171875
a,-1.046875,a,-1.078125
t,-1.328125,t,-1.3359375
g,-1.2890625,g,-1.3515625
t,-1.1875,t,-1.1875
c,-1.9765625,c,-1.9765625
t,-0.921875,t,-0.890625
c,-1.875,c,-1.8359375
a,-1.1171875,a,-1.09375
t,-1.265625,t,-1.25
t,-1.0390625,t,-1.0625
a,-1.5703125,a,-1.5390625
g,-1.625,g,-1.6796875
t,-1.3671875,t,-1.4375
c,-1.828125,c,-1.828125
c,-1.53125,c,-1.4765625
t,-0.91015625,t,-0.9921875
t,-1.03125,t,-1.078125
a,-1.4765625,a,-1.5390625
t,-1.203125,t,-1.2109375
t,-0.921875,t,-0.9375
t,-0.87109375,t,-0.875
a,-1.453125,a,-1.4921875
a,-1.2734375,a,-1.2734375
t,-1.1328125,t,-1.140625
a,-1.328125,a,-1.28125
g,-1.8359375,g,-1.8203125
t,-1.296875,t,-1.234375
g,-1.6640625,g,-1.671875
t,-1.046875,t,-1.015625
a,-1.5703125,a,-1.6640625
a,-1.2890625,a,-1.2890625
a,-1.0234375,a,-1.046875
a,-1.09375,a,-1.0859375
t,-1.0703125,t,-1.0703125
g,-1.65625,g,-1.6328125
t,-1.0234375,t,-1.0
c,-2.046875,c,-2.0625
t,-0.85546875,t,-0.87890625
t,-0.9765625,t,-1.015625
t,-0.8984375,t,-0.86328125
a,-1.421875,a,-1.375
a,-1.046875,a,-1.1328125
c,-1.984375,c,-2.015625
t,-0.9765625,t,-0.9375
t,-1.0,t,-0.953125
a,-1.5234375,a,-1.5
a,-1.09375,a,-1.125
g,-1.71875,g,-1.7109375
t,-1.21875,t,-1.21875
g,-1.515625,g,-1.5703125
a,-1.21875,a,-1.2421875
t,-1.1015625,t,-1.078125
t,-0.97265625,t,-0.9296875
a,-1.328125,a,-1.3046875
g,-1.9375,g,-1.9375
t,-1.1953125,t,-1.171875
a,-1.2734375,a,-1.203125
c,-1.9921875,c,-1.9609375
a,-0.875,a,-0.8828125
g,-1.4921875,g,-1.40625
t,-1.03125,t,-1.046875
g,-1.328125,g,-1.3125
t,-1.015625,t,-1.0078125
t,-1.046875,t,-1.03125
t,-0.81640625,t,-0.80859375
c,-1.8046875,c,-1.765625
t,-0.95703125,t,-0.9609375
a,-1.40625,a,-1.46875
t,-1.078125,t,-1.15625
t,-0.94140625,t,-0.96875
g,-1.875,g,-1.9375
a,-1.3125,a,-1.3203125
c,-1.9140625,c,-1.9375
a,-0.87109375,a,-0.90625
t,-1.0390625,t,-1.125
a,-1.390625,a,-1.3671875
t,-1.0234375,t,-1.0234375
a,-1.28125,a,-1.2421875
c,-1.8046875,c,-1.7890625
t,-1.1171875,t,-1.1328125
t,-0.84765625,t,-0.88671875
a,-1.3203125,a,-1.2421875
t,-0.99609375,t,-0.99609375
a,-1.0546875,a,-1.0859375
c,-1.90625,c,-1.90625
a,-0.6484375,a,-0.625
a,-1.421875,a,-1.46875
c,-2.0625,c,-2.078125
t,-1.0703125,t,-1.0859375
t,-1.0078125,t,-1.0078125
c,-1.828125,c,-1.875
a,-0.90625,a,-0.84765625
a,-1.1796875,a,-1.1796875
a,-0.8203125,a,-0.8203125
a,-1.0,a,-0.953125
a,-0.96875,a,-0.94921875
c,-1.8125,c,-1.7890625
a,-0.6953125,a,-0.75
a,-0.94140625,a,-0.93359375
c,-2.140625,c,-2.125
t,-1.125,t,-1.1953125
a,-1.15625,a,-1.125
t,-1.2578125,t,-1.234375
t,-1.1484375,t,-1.109375
a,-1.3125,a,-1.3125
a,-0.9921875,a,-1.0390625
a,-0.875,a,-0.9140625
t,-1.1328125,t,-1.2109375
t,-1.0546875,t,-1.0390625
t,-0.96875,t,-0.90625
t,-0.88671875,t,-0.88671875
c,-1.9453125,c,-2.0
t,-0.80859375,t,-0.81640625
g,-1.609375,g,-1.609375
t,-0.93359375,t,-1.0
t,-0.8984375,t,-0.8984375
a,-1.5625,a,-1.5546875
t,-0.921875,t,-0.94140625
t,-0.73828125,t,-0.70703125
t,-0.73046875,t,-0.69921875
a,-1.3828125,a,-1.453125
g,-1.90625,g,-1.8828125
g,-1.7265625,g,-1.7578125
a,-1.0703125,a,-1.0546875
a,-0.92578125,a,-0.9453125
c,-2.171875,c,-2.21875
a,-0.99609375,a,-0.9296875
t,-1.0703125,t,-1.0703125
g,-1.703125,g,-1.765625
c,-2.046875,c,-2.046875
a,-0.94140625,a,-0.91796875
t,-0.96484375,t,-0.96484375
a,-1.1640625,a,-1.1640625
t,-0.8671875,t,-0.85546875
t,-1.1484375,t,-1.1171875
a,-1.3984375,a,-1.3984375
g,-2.015625,g,-2.03125
t,-1.0,t,-1.0
c,-2.125,c,-2.171875
a,-0.9609375,a,-0.9140625
t,-1.0390625,t,-1.09375
g,-1.734375,g,-1.7578125
a,-1.3046875,a,-1.328125
a,-1.046875,a,-1.046875
a,-1.234375,a,-1.2265625
g,-1.71875,g,-1.8125
t,-1.0625,t,-1.0859375
a,-1.2109375,a,-1.2109375
t,-1.09375,t,-1.1171875
a,-1.140625,a,-1.1953125
a,-1.1171875,a,-1.0625
a,-0.92578125,a,-0.91796875
g,-1.8828125,g,-1.8828125
a,-1.0546875,a,-1.0546875
a,-0.84375,a,-0.82421875
t,-1.3046875,t,-1.3046875
t,-1.15625,t,-1.1328125
a,-1.15625,a,-1.1484375
g,-1.890625,g,-1.9453125
a,-0.90625,a,-0.9375
t,-1.421875,t,-1.375
g,-1.53125,g,-1.5078125
g,-1.5390625,g,-1.5390625
g,-1.5546875,g,-1.609375
a,-1.0546875,a,-1.0703125
a,-0.99609375,a,-0.98046875
t,-1.25,t,-1.2109375
g,-1.5,g,-1.4375
a,-1.2578125,a,-1.203125
t,-1.265625,t,-1.3046875
a,-1.25,a,-1.3203125
a,-1.140625,a,-1.125
a,-0.97265625,a,-1.0234375
t,-1.1640625,t,-1.1015625
g,-1.421875,g,-1.4140625
c,-1.921875,c,-1.90625
t,-0.92578125,t,-0.92578125
a,-1.421875,a,-1.421875
a,-1.140625,a,-1.1484375
a,-0.99609375,a,-1.046875
a,-0.98046875,a,-0.9609375
t,-1.1796875,t,-1.1796875
c,-1.9765625,c,-1.984375
a,-0.90625,a,-0.90625
g,-1.484375,g,-1.5
g,-1.6484375,g,-1.703125
a,-0.94921875,a,-0.9609375
c,-2.03125,c,-2.03125
a,-0.77734375,a,-0.7421875
t,-1.2890625,t,-1.2890625
g,-1.515625,g,-1.5546875
t,-1.0546875,t,-1.0703125
g,-1.3125,g,-1.34375
t,-1.0546875,t,-1.015625
t,-1.1328125,t,-1.125
c,-1.828125,c,-1.90625
c,-1.5,c,-1.546875
a,-1.015625,a,-1.0625
t,-1.28125,t,-1.2265625
t,-1.1171875,t,-1.1640625
t,-0.875,t,-0.859375
g,-1.8203125,g,-1.8046875
t,-1.078125,t,-1.078125
g,-1.59375,g,-1.5703125
a,-1.2578125,a,-1.2578125
a,-1.0546875,a,-1.1171875
t,-1.1484375,t,-1.1484375
g,-1.4609375,g,-1.4765625
g,-1.796875,g,-1.796875
a,-1.109375,a,-1.0859375
a,-1.0078125,a,-1.0234375
g,-1.484375,g,-1.4453125
g,-1.4375,g,-1.4453125
c,-1.9375,c,-1.8984375
a,-0.73046875,a,-0.75
g,-1.109375,g,-1.125
g,-1.328125,g,-1.375
g,-1.34375,g,-1.3828125
a,-0.8515625,a,-0.828125
g,-1.1875,g,-1.1796875
a,-1.015625,a,-0.98828125
a,-1.171875,a,-1.109375
g,-1.3671875,g,-1.359375
g,-1.1171875,g,-1.140625
t,-1.7421875,t,-1.7578125
g,-1.109375,g,-1.125
c,-2.21875,c,-2.25
c,-1.7421875,c,-1.734375
g,-3.03125,g,-3.078125
t,-1.203125,t,-1.1796875
t,-1.2578125,t,-1.296875
t,-1.0546875,t,-1.0078125
g,-1.5703125,g,-1.609375
g,-1.3828125,g,-1.3984375
a,-1.1875,a,-1.125
a,-0.9921875,a,-0.984375
g,-1.140625,g,-1.140625
g,-1.375,g,-1.265625
a,-0.9921875,a,-0.97265625
g,-1.3125,g,-1.3125
t,-1.7265625,t,-1.6796875
a,-1.3671875,a,-1.3984375
c,-2.078125,c,-2.171875
c,-1.9375,c,-1.9375
c,-1.609375,c,-1.609375
a,-0.796875,a,-0.82421875
a,-1.4765625,a,-1.4375
g,-1.0546875,g,-1.1171875
a,-1.171875,a,-1.171875
g,-1.2265625,g,-1.2734375
c,-1.7421875,c,-1.7265625
c,-1.4609375,c,-1.4375
g,-3.046875,g,-3.046875
t,-1.3203125,t,-1.2734375
a,-1.734375,a,-1.7265625
a,-1.1875,a,-1.234375
g,-1.375,g,-1.375
c,-1.65625,c,-1.671875
t,-1.203125,t,-1.1875
g,-1.015625,g,-1.0390625
a,-1.2578125,a,-1.2734375
a,-1.140625,a,-1.0859375
t,-1.515625,t,-1.4921875
t,-1.2890625,t,-1.2578125
g,-1.53125,g,-1.4921875
g,-1.3828125,g,-1.3828125
c,-1.6875,c,-1.7421875
a,-1.0,a,-1.0703125
g,-0.9140625,g,-0.87890625
t,-1.4609375,t,-1.46875
g,-1.03125,g,-1.0234375
t,-1.4140625,t,-1.4140625
t,-1.3359375,t,-1.3515625
t,-1.140625,t,-1.109375
t,-1.1875,t,-1.1875
a,-1.578125,a,-1.578125
c,-1.875,c,-1.8828125
a,-0.99609375,a,-1.015625
t,-1.34375,t,-1.265625
c,-1.859375,c,-1.9140625
t,-0.83984375,t,-0.875
t,-1.0625,t,-1.078125
a,-1.6328125,a,-1.5703125
a,-1.125,a,-1.078125
g,-1.6640625,g,-1.609375
c,-1.796875,c,-1.7734375
t,-1.171875,t,-1.1171875
g,-1.3046875,g,-1.3203125
a,-1.3984375,a,-1.375
g,-1.3046875,g,-1.296875
a,-1.1171875,a,-1.140625
g,-1.4609375,g,-1.453125
a,-1.0625,a,-1.078125
t,-1.3828125,t,-1.3984375
a,-1.3046875,a,-1.296875
g,-1.3046875,g,-1.25
a,-0.90625,a,-0.9140625
t,-1.5078125,t,-1.5078125
t,-1.28125,t,-1.265625
t,-0.98828125,t,-0.94921875
t,-1.0703125,t,-1.0625
t,-0.93359375,t,-0.98828125
t,-0.9765625,t,-1.0078125
t,-0.8046875,t,-0.8046875
t,-0.78515625,t,-0.7421875
t,-0.6171875,t,-0.66796875
c,-2.078125,c,-2.046875
c,-1.875,c,-1.8203125
c,-1.6484375,c,-1.6953125
c,-1.65625,c,-1.65625
t,-0.9453125,t,-0.96484375
t,-1.109375,t,-1.109375
t,-0.95703125,t,-0.9921875
t,-0.984375,t,-1.0234375
t,-0.875,t,-0.859375
c,-1.4765625,c,-1.4296875
t,-0.71484375,t,-0.71875
t,-0.734375,t,-0.71484375
t,-0.5546875,t,-0.54296875
a,-1.9765625,a,-1.9765625
a,-1.078125,a,-1.1015625
a,-0.890625,a,-0.9296875
a,-1.015625,a,-1.015625
a,-0.88671875,a,-0.91796875
c,-2.078125,c,-2.125
t,-1.1484375,t,-1.1640625
c,-1.8828125,c,-1.875
t,-0.93359375,t,-0.9921875
a,-1.3828125,a,-1.3359375
a,-1.0859375,a,-1.1328125
a,-0.91796875,a,-0.96484375
a,-0.921875,a,-0.921875
c,-1.78125,c,-1.78125
t,-1.0859375,t,-1.046875
g,-1.7734375,g,-1.703125
t,-1.09375,t,-1.0859375
t,-1.0703125,t,-1.0703125
a,-1.6015625,a,-1.6015625
a,-1.21875,a,-1.21875
t,-1.2578125,t,-1.2421875
t,-0.88671875,t,-0.90234375
c,-1.8828125,c,-1.9921875
c,-1.515625,c,-1.484375
a,-1.015625,a,-1.015625
a,-1.2421875,a,-1.28125
g,-1.5546875,g,-1.5546875
g,-1.6328125,g,-1.6484375
a,-1.0625,a,-1.0546875
a,-1.0234375,a,-1.015625
c,-1.984375,c,-1.9609375
c,-1.7109375,c,-1.734375
c,-1.6328125,c,-1.6875
a,-0.77734375,a,-0.8203125
g,-1.28125,g,-1.3359375
a,-1.15625,a,-1.1015625
a,-0.796875,a,-0.8359375
g,-1.5,g,-1.4609375
t,-1.2109375,t,-1.2109375
c,-1.7421875,c,-1.71875
t,-0.96875,t,-0.96875
a,-1.578125,a,-1.6328125
g,-1.4296875,g,-1.421875
g,-1.328125,g,-1.3046875
t,-1.3671875,t,-1.3671875
a,-1.390625,a,-1.4296875
g,-1.46875,g,-1.46875
a,-1.171875,a,-1.0546875
t,-1.296875,t,-1.2578125
t,-1.1484375,t,-1.1640625
a,-1.3359375,a,-1.375
t,-1.21875,t,-1.2109375
t,-0.94140625,t,-0.92578125
t,-0.77734375,t,-0.78125
c,-1.859375,c,-1.859375
t,-0.8828125,t,-0.8828125
g,-1.5078125,g,-1.46875
c,-1.8046875,c,-1.8046875
t,-0.97265625,t,-0.97265625
a,-1.546875,a,-1.546875
g,-1.7421875,g,-1.7578125
t,-1.2109375,t,-1.2265625
t,-0.98828125,t,-0.95703125
a,-1.515625,a,-1.5859375
a,-1.2265625,a,-1.3046875
a,-1.1015625,a,-1.1328125
a,-0.984375,a,-1.0234375
g,-1.578125,g,-1.578125
c,-1.7421875,c,-1.7734375
a,-0.90234375,a,-0.9765625
g,-1.3828125,g,-1.4609375
t,-1.125,t,-1.1171875
a,-1.3046875,a,-1.3125
g,-1.4921875,g,-1.5546875
t,-1.1875,t,-1.2109375
c,-2.0,c,-1.9609375
c,-1.6875,c,-1.765625
t,-0.875,t,-0.9140625
g,-1.3984375,g,-1.4453125
a,-1.3203125,a,-1.34375
a,-1.1015625,a,-1.1015625
a,-1.1328125,a,-1.1328125
g,-1.7421875,g,-1.7109375
c,-1.6328125,c,-1.5546875
t,-1.0546875,t,-1.09375
g,-1.125,g,-1.1171875
a,-1.1640625,a,-1.203125
a,-1.1015625,a,-1.1328125
t,-1.375,t,-1.4296875
a,-1.3125,a,-1.359375
t,-1.3125,t,-1.328125
t,-1.1171875,t,-1.078125
t,-1.0078125,t,-0.98046875
t,-1.0234375,t,-1.0234375
g,-1.5546875,g,-1.578125
g,-1.6328125,g,-1.6328125
t,-1.3046875,t,-1.28125
g,-1.53125,g,-1.4765625
t,-1.2265625,t,-1.203125
c,-1.6171875,c,-1.6171875
t,-0.84765625,t,-0.85546875
t,-1.1796875,t,-1.1484375
t,-0.89453125,t,-0.8828125
t,-1.0078125,t,-1.0
g,-1.6484375,g,-1.671875
a,-1.1640625,a,-1.1484375
g,-1.3515625,g,-1.3828125
c,-1.78125,c,-1.8125
c,-1.3125,c,-1.3046875
a,-0.828125,a,-0.83203125
a,-1.5078125,a,-1.5
c,-2.015625,c,-2.015625
t,-1.0234375,t,-1.03125
t,-1.0234375,t,-1.0
t,-0.9453125,t,-0.9453125
a,-1.4140625,a,-1.4140625
g,-1.5546875,g,-1.5546875
t,-1.3984375,t,-1.390625
t,-1.1640625,t,-1.0859375
t,-0.875,t,-0.8515625
c,-1.5703125,c,-1.6015625
a,-1.109375,a,-1.125
t,-1.1875,t,-1.1875
c,-1.8203125,c,-1.7578125
a,-1.265625,a,-1.21875
t,-1.015625,t,-1.0546875
t,-0.875,t,-0.921875
a,-1.390625,a,-1.3515625
c,-1.828125,c,-1.796875
c,-1.515625,c,-1.515625
a,-0.9375,a,-0.953125
a,-1.171875,a,-1.15625
g,-1.5703125,g,-1.46875
g,-1.8359375,g,-1.859375
g,-1.8359375,g,-1.8359375
g,-1.765625,g,-1.734375
g,-1.9375,g,-1.9609375
a,-1.0703125,a,-1.0546875
a,-1.0234375,a,-1.0234375
g,-1.1015625,g,-1.1640625
a,-1.0234375,a,-1.0625
g,-1.265625,g,-1.3203125
a,-0.89453125,a,-0.88671875
g,-1.2734375,g,-1.3671875
c,-1.8828125,c,-1.9609375
t,-1.078125,t,-1.0703125
a,-1.640625,a,-1.6171875
a,-1.1953125,a,-1.265625
c,-1.859375,c,-1.890625
a,-0.93359375,a,-0.93359375
g,-1.4140625,g,-1.3203125
t,-1.265625,t,-1.28125
t,-1.1953125,t,-1.1640625
g,-1.453125,g,-1.4609375
a,-1.21875,a,-1.2734375
t,-1.4375,t,-1.4375
g,-1.359375,g,-1.453125
a,-1.1796875,a,-1.1640625
g,-1.453125,g,-1.40625
c,-1.7734375,c,-1.84375
a,-0.9609375,a,-1.015625
c,-1.796875,c,-1.796875
t,-1.09375,t,-1.078125
t,-1.078125,t,-1.0390625
g,-1.4140625,g,-1.4375
c,-1.765625,c,-1.75
t,-0.97265625,t,-0.94921875
c,-1.6640625,c,-1.6484375
t,-0.90625,t,-0.90625
a,-1.828125,a,-1.828125
g,-1.4375,g,-1.421875
g,-1.359375,g,-1.3828125
c,-1.5234375,c,-1.4609375
c,-1.296875,c,-1.2734375
a,-0.8984375,a,-0.87890625
g,-1.0,g,-1.0
t,-1.6328125,t,-1.546875
c,-1.3359375,c,-1.328125
c,-1.59375,c,-1.59375
a,-1.3828125,a,-1.3828125
g,-1.1640625,g,-1.109375
a,-1.2265625,a,-1.2734375
g,-1.2578125,g,-1.234375
t,-1.3828125,t,-1.3359375
g,-1.421875,g,-1.421875
c,-1.6015625,c,-1.6328125
t,-0.984375,t,-0.98828125
g,-1.2109375,g,-1.2109375
g,-1.1171875,g,-1.1328125
g,-0.92578125,g,-0.87890625
c,-1.5390625,c,-1.5546875
a,-0.83203125,a,-0.8984375
c,-1.40625,c,-1.453125
c,-1.6328125,c,-1.6875
a,-1.0078125,a,-1.09375
t,-1.2109375,t,-1.2265625
a,-1.71875,a,-1.6875
c,-1.5234375,c,-1.5546875
g,-2.9375,g,-2.9375
c,-1.359375,c,-1.390625
a,-0.96484375,a,-0.93359375
t,-1.3515625,t,-1.3671875
t,-1.265625,t,-1.2421875
t,-1.0859375,t,-1.1171875
t,-1.3125,t,-1.328125
a,-1.4921875,a,-1.53125
t,-1.2578125,t,-1.265625
c,-1.6875,c,-1.7421875
t,-0.86328125,t,-0.8984375
c,-1.4375,c,-1.484375
c,-1.3828125,c,-1.453125
c,-1.328125,c,-1.3515625
t,-1.03125,t,-0.98046875
c,-1.3671875,c,-1.328125
c,-1.203125,c,-1.1953125
c,-1.125,c,-1.125
g,-3.3125,g,-3.203125
c,-1.2734375,c,-1.3203125
t,-1.1484375,t,-1.125
a,-2.1875,a,-2.140625
t,-1.421875,t,-1.359375
t,-1.234375,t,-1.3515625
c,-1.3828125,c,-1.34375
a,-1.6875,a,-1.7421875
c,-1.5078125,c,-1.5546875
a,-1.0390625,a,-1.0625
a,-1.7421875,a,-1.890625
c,-1.5078125,c,-1.4375
a,-1.1015625,a,-1.0625
a,-1.3828125,a,-1.359375
a,-1.140625,a,-1.109375
t,-1.2109375,t,-1.265625
a,-1.2265625,a,-1.2265625
t,-1.09375,t,-1.09375
g,-1.8125,g,-1.7890625
g,-1.890625,g,-1.921875
g,-1.6015625,g,-1.5703125
a,-1.1640625,a,-1.1171875
g,-1.515625,g,-1.46875
g,-1.6953125,g,-1.6953125
t,-1.265625,t,-1.234375
a,-1.5546875,a,-1.4765625
g,-1.125,g,-1.1640625
t,-1.3984375,t,-1.4453125
t,-1.109375,t,-1.1171875
t,-1.0546875,t,-1.0546875
a,-1.9375,a,-1.8671875
t,-1.265625,t,-1.28125
a,-1.453125,a,-1.4765625
t,-1.046875,t,-1.078125
t,-1.0078125,t,-1.0234375
a,-1.6796875,a,-1.6171875
t,-1.09375,t,-1.09375
a,-1.1953125,a,-1.15625
g,-1.8359375,g,-1.78125
c,-1.8515625,c,-1.8515625
c,-1.4765625,c,-1.4375
a,-0.921875,a,-0.88671875
t,-1.171875,t,-1.21875
c,-1.71875,c,-1.7734375
t,-0.93359375,t,-0.93359375
a,-1.609375,a,-1.640625
a,-1.4375,a,-1.359375
t,-1.3515625,t,-1.390625
a,-1.3515625,a,-1.3671875
a,-0.94921875,a,-0.9375
g,-1.734375,g,-1.734375
a,-1.1875,a,-1.265625
t,-1.3125,t,-1.2890625
g,-1.5,g,-1.4765625
g,-1.5625,g,-1.46875
g,-1.4921875,g,-1.4609375
g,-1.453125,g,-1.453125
a,-1.125,a,-1.1015625
a,-1.265625,a,-1.2265625
a,-1.109375,a,-1.078125
c,-1.9453125,c,-1.8984375
t,-1.109375,t,-1.109375
a,-1.6015625,a,-1.6015625
a,-1.1015625,a,-1.1015625
g,-1.6171875,g,-1.5703125
a,-1.1484375,a,-1.1484375
c,-1.8125,c,-1.765625
t,-1.0390625,t,-1.03125
c,-1.6796875,c,-1.7734375
a,-1.0390625,a,-1.0546875
a,-1.4765625,a,-1.4921875
a,-0.84765625,a,-0.84765625
g,-1.5859375,g,-1.6484375
a,-1.1015625,a,-1.1015625
g,-1.5625,g,-1.5625
a,-0.94921875,a,-0.91015625
t,-1.5,t,-1.546875
t,-1.1953125,t,-1.1796875
c,-1.734375,c,-1.7109375
a,-1.1328125,a,-1.1953125
g,-1.171875,g,-1.171875
a,-1.125,a,-1.125
a,-1.1328125,a,-1.1484375
a,-0.98828125,a,-1.0078125
c,-1.6953125,c,-1.7109375
t,-1.140625,t,-1.140625
t,-1.1171875,t,-1.1484375
g,-1.5390625,g,-1.5859375
t,-1.3984375,t,-1.421875
c,-1.625,c,-1.625
c,-1.4453125,c,-1.515625
a,-1.109375,a,-1.109375
t,-1.2265625,t,-1.2109375
g,-1.3984375,g,-1.4296875
a,-1.2734375,a,-1.2890625
t,-1.3984375,t,-1.390625
t,-1.2578125,t,-1.328125
a,-1.4296875,a,-1.4296875
t,-1.3046875,t,-1.3125
a,-1.3125,a,-1.265625
a,-1.1875,a,-1.171875
a,-1.0,a,-1.0390625
t,-1.1875,t,-1.234375
g,-1.4765625,g,-1.4765625
t,-1.0703125,t,-1.0703125
a,-1.203125,a,-1.25
a,-1.15625,a,-1.15625
g,-1.8203125,g,-1.7734375
a,-1.1328125,a,-1.125
g,-1.609375,g,-1.6328125
a,-0.96484375,a,-0.9921875
g,-1.5859375,g,-1.5625
t,-1.5234375,t,-1.5234375
t,-1.1171875,t,-1.1953125
g,-1.5390625,g,-1.5390625
g,-1.171875,g,-1.140625
a,-1.203125,a,-1.234375
a,-1.1171875,a,-1.25
t,-1.3671875,t,-1.3515625
t,-1.0546875,t,-1.109375
c,-1.796875,c,-1.8203125
a,-0.9296875,a,-0.98046875
g,-1.109375,g,-1.09375
a,-1.25,a,-1.2421875
t,-1.5,t,-1.5
t,-1.1171875,t,-1.1640625
t,-0.9375,t,-0.859375
a,-1.453125,a,-1.40625
t,-1.265625,t,-1.21875
g,-1.671875,g,-1.671875
t,-1.0859375,t,-1.1015625
a,-1.1875,a,-1.2265625
t,-0.98828125,t,-0.98828125
t,-1.1328125,t,-1.1015625
t,-0.7265625,t,-0.68359375
a,-1.09375,a,-1.09375
g,-1.96875,g,-2.0
a,-1.3203125,a,-1.2578125
c,-2.34375,c,-2.4375
c,-1.96875,c,-2.015625
c,-1.9140625,c,-1.9375
c,-1.8203125,c,-1.8203125
a,-0.7265625,a,-0.71484375
a,-1.3203125,a,-1.375
g,-1.4140625,g,-1.4453125
c,-2.1875,c,-2.140625
c,-1.3203125,c,-1.4609375
t,-1.1171875,t,-1.140625
t,-1.1953125,t,-1.171875
t,-1.0390625,t,-1.0546875
c,-1.4375,c,-1.40625
t,-0.83984375,t,-0.8046875
c,-1.59375,c,-1.609375
a,-1.140625,a,-1.140625
t,-1.328125,t,-1.2890625
t,-1.0625,t,-1.0625
a,-1.6640625,a,-1.6640625
c,-1.6796875,c,-1.6640625
a,-1.09375,a,-1.09375
t,-1.3671875,t,-1.3828125
c,-1.640625,c,-1.640625
a,-1.3203125,a,-1.3203125
t,-1.1328125,t,-1.1484375
t,-1.078125,t,-1.0859375
t,-0.94921875,t,-0.8984375
t,-0.984375,t,-0.9765625
g,-1.8046875,g,-1.859375
c,-1.8046875,c,-1.7578125
c,-1.4453125,c,-1.4140625
t,-0.92578125,t,-0.95703125
t,-0.9375,t,-1.0
c,-1.6015625,c,-1.5625
c,-1.40625,c,-1.34375
a,-1.1484375,a,-1.1796875
a,-1.25,a,-1.28125
a,-0.9140625,a,-0.94140625
t,-1.3125,t,-1.3046875
c,-1.6484375,c,-1.6484375
t,-0.96875,t,-0.96875
c,-1.5625,c,-1.5390625
t,-0.87890625,t,-0.91796875
a,-1.578125,a,-1.6640625
c,-1.75,c,-1.6328125
c,-1.3984375,c,-1.328125
c,-1.3046875,c,-1.3359375
t,-0.98046875,t,-1.0
c,-1.3828125,c,-1.3984375
t,-0.90625,t,-0.9453125
a,-1.7421875,a,-1.7265625
t,-1.390625,t,-1.390625
c,-1.359375,c,-1.2890625
c,-1.125,c,-1.0859375
t,-0.9921875,t,-0.9921875
t,-1.0390625,t,-1.0390625
c,-1.3671875,c,-1.2890625
a,-1.4140625,a,-1.4140625
c,-1.46875,c,-1.46875
c,-1.3125,c,-1.2890625
t,-0.9140625,t,-0.96875
c,-1.2421875,c,-1.1875
c,-1.171875,c,-1.1015625
c,-1.234375,c,-1.25
c,-1.28125,c,-1.3046875
a,-0.88671875,a,-0.92578125
c,-1.3984375,c,-1.390625
t,-1.0625,t,-1.1484375
g,-1.515625,g,-1.6015625
a,-1.3203125,a,-1.3515625
t,-1.484375,t,-1.4375
c,-1.3203125,c,-1.3984375
a,-1.21875,a,-1.28125
a,-1.453125,a,-1.453125
a,-1.125,a,-1.140625
a,-1.2109375,a,-1.2265625
c,-1.578125,c,-1.5625
g,-3.3125,g,-3.34375
a,-1.34375,a,-1.34375
g,-1.5078125,g,-1.421875
a,-1.1640625,a,-1.171875
t,-1.3125,t,-1.3203125
g,-1.5,g,-1.4765625
a,-1.296875,a,-1.296875
t,-1.328125,t,-1.3125
a,-1.4921875,a,-1.5
g,-1.6171875,g,-1.6015625
t,-1.2890625,t,-1.2734375
t,-1.1328125,t,-1.1171875
t,-1.0234375,t,-0.984375
g,-1.6953125,g,-1.65625
c,-1.65625,c,-1.703125
c,-1.3671875,c,-1.3671875
c,-1.578125,c,-1.53125
t,-0.86328125,t,-0.8984375
c,-1.296875,c,-1.3515625
t,-0.82421875,t,-0.859375
t,-1.1796875,t,-1.1484375
c,-1.1328125,c,-1.171875
a,-1.4375,a,-1.53125
a,-1.7109375,a,-1.6796875
a,-1.1484375,a,-1.0859375
a,-1.171875,a,-1.1171875
g,-1.671875,g,-1.671875
a,-1.28125,a,-1.2421875
a,-1.078125,a,-1.0
a,-1.0390625,a,-0.97265625
t,-1.4765625,t,-1.46875
g,-1.390625,g,-1.4140625
t,-1.1796875,t,-1.1796875
g,-1.4296875,g,-1.4453125
t,-1.1484375,t,-1.1796875
g,-1.375,g,-1.265625
c,-1.6796875,c,-1.640625
a,-1.078125,a,-1.0859375
t,-1.0078125,t,-1.046875
g,-1.2421875,g,-1.2109375
t,-0.8828125,t,-0.859375
a,-1.4296875,a,-1.40625
t,-0.8984375,t,-0.8984375
a,-1.1640625,a,-1.203125
t,-0.796875,t,-0.80078125
a,-1.046875,a,-1.046875
t,-0.66015625,t,-0.66796875
c,-2.390625,c,-2.34375
t,-0.734375,t,-0.71875
t,-1.1328125,t,-1.15625
t,-0.83203125,t,-0.8515625
g,-1.75,g,-1.6796875
a,-1.3125,a,-1.3125
t,-1.25,t,-1.25
t,-0.89453125,t,-0.91015625
t,-0.84765625,t,-0.78515625
c,-1.7578125,c,-1.7578125
t,-0.72265625,t,-0.73828125
t,-0.91796875,t,-0.91796875
t,-0.74609375,t,-0.7890625
t,-0.77734375,t,-0.77734375
g,-2.015625,g,-1.9140625
t,-0.8515625,t,-0.7734375
a,-1.6015625,a,-1.765625
g,-1.6015625,g,-1.671875
T,-3.625,T,-3.703125
G,-1.4921875,G,-1.375
G,-1.7109375,G,-1.609375
A,-1.375,A,-1.265625
A,-1.2578125,A,-1.2578125
A,-1.2734375,A,-1.2578125
G,-1.2265625,G,-1.2421875
T,-1.5546875,T,-1.5390625
T,-1.5234375,T,-1.5
G,-1.28125,G,-1.3046875
G,-1.359375,G,-1.375
G,-1.3828125,G,-1.3828125
G,-1.3046875,G,-1.3046875
A,-1.0546875,A,-1.0546875
C,-1.5234375,C,-1.5234375
A,-1.171875,A,-1.171875
A,-1.4296875,A,-1.4296875
A,-1.3125,A,-1.2890625
T,-1.78125,T,-1.8046875
G,-1.125,G,-1.1640625
T,-1.5546875,T,-1.5546875
T,-1.609375,T,-1.609375
C,-1.5078125,C,-1.5078125
T,-1.203125,T,-1.265625
G,-1.1171875,G,-1.0859375
C,-1.6484375,C,-1.6328125
C,-1.2578125,C,-1.2578125
A,-1.1015625,A,-1.109375
T,-1.5234375,T,-1.4921875
T,-1.515625,T,-1.4140625
T,-1.1953125,T,-1.1484375
G,-1.5546875,G,-1.53125
G,-1.265625,G,-1.265625
T,-1.65625,T,-1.6796875
C,-1.578125,C,-1.609375
A,-1.125,A,-1.125
G,-1.34375,G,-1.34375
A,-1.34375,A,-1.34375
A,-1.265625,A,-1.21875
G,-1.1875,G,-1.1796875
A,-1.125,A,-1.1796875
C,-1.609375,C,-1.609375
G,-2.3125,G,-2.359375
G,-1.2421875,G,-1.2421875
T,-1.640625,T,-1.59375
T,-1.78125,T,-1.703125
G,-1.1640625,G,-1.203125
C,-1.3125,C,-1.3125
A,-1.1640625,A,-1.1640625
T,-1.703125,T,-1.703125
T,-1.375,T,-1.359375
T,-1.1328125,T,-1.1328125
A,-1.71875,A,-1.71875
C,-1.421875,C,-1.421875
C,-1.3671875,C,-1.34375
C,-1.484375,C,-1.5
A,-1.0703125,A,-1.03125
G,-0.8984375,G,-0.91015625
C,-1.453125,C,-1.4765625
T,-1.1796875,T,-1.140625
A,-2.0625,A,-2.0625
C,-1.15625,C,-1.15625
C,-1.3671875,C,-1.3203125
A,-1.1015625,A,-1.0703125
T,-1.5703125,T,-1.5859375
T,-1.5,T,-1.5
G,-1.3828125,G,-1.3828125
C,-1.296875,C,-1.296875
T,-1.0390625,T,-1.0859375
T,-1.4765625,T,-1.4765625
C,-1.2578125,C,-1.21875
A,-1.3125,A,-1.3203125
A,-1.5703125,A,-1.5546875
T,-1.609375,T,-1.609375
T,-1.4765625,T,-1.484375
G,-1.5546875,G,-1.5546875
A,-1.5,A,-1.484375
T,-1.5078125,T,-1.5078125
T,-1.25,T,-1.265625
T,-1.0546875,T,-1.0546875
T,-1.0234375,T,-1.0234375
A,-1.6484375,A,-1.6015625
A,-1.2109375,A,-1.2265625
G,-1.65625,G,-1.671875
A,-1.0859375,A,-1.0625
G,-1.3984375,G,-1.390625
A,-1.0703125,A,-1.078125
G,-1.3515625,G,-1.3984375
A,-1.0546875,A,-1.046875
A,-1.125,A,-1.0625
A,-1.1171875,A,-1.0859375
C,-1.765625,C,-1.7890625
C,-1.4765625,C,-1.484375
T,-1.203125,T,-1.203125
G,-1.0078125,G,-1.046875
T,-1.4921875,T,-1.5
G,-0.97265625,G,-1.0703125
T,-1.3828125,T,-1.3828125
T,-1.3046875,T,-1.2421875
G,-1.5390625,G,-1.5390625
T,-1.4140625,T,-1.4296875
G,-1.203125,G,-1.203125
G,-1.2109375,G,-1.2265625
T,-1.5078125,T,-1.5078125
T,-1.3125,T,-1.3125
T,-1.171875,T,-1.171875
A,-1.7578125,A,-1.7734375
C,-1.5859375,C,-1.5859375
A,-0.91796875,A,-0.91796875
C,-1.7734375,C,-1.7890625
T,-1.1484375,T,-1.1484375
G,-1.109375,G,-1.1328125
G,-1.3515625,G,-1.3515625
A,-1.15625,A,-1.1640625
T,-1.671875,T,-1.71875
A,-1.5390625,A,-1.5625
T,-1.203125,T,-1.21875
G,-1.234375,G,-1.234375
G,-1.34375,G,-1.3359375
A,-1.1015625,A,-1.1015625
A,-1.1171875,A,-1.1171875
A,-1.0078125,A,-1.0078125
T,-1.3984375,T,-1.3984375
A,-1.453125,A,-1.5
G,-1.5546875,G,-1.5703125
A,-1.0625,A,-1.0625
G,-1.453125,G,-1.46875
A,-0.90625,A,-0.90625
G,-1.5390625,G,-1.5390625
G,-1.15625,G,-1.1953125
A,-0.9375,A,-0.9375
G,-1.3125,G,-1.328125
C,-1.8828125,C,-1.8203125
A,-0.921875,A,-0.9609375
A,-1.3125,A,-1.328125
A,-1.1484375,A,-1.1484375
A,-1.0546875,A,-1.0390625
T,-1.515625,T,-1.4921875
C,-1.65625,C,-1.6328125
T,-1.203125,T,-1.203125
G,-1.2578125,G,-1.1953125
T,-1.484375,T,-1.5
C,-1.7734375,C,-1.7734375
C,-1.53125,C,-1.53125
G,-2.890625,G,-2.828125
A,-1.2109375,A,-1.203125
T,-1.7265625,T,-1.640625
C,-1.453125,C,-1.453125
T,-1.1171875,T,-1.0859375
A,-1.7734375,A,-1.828125
C,-1.265625,C,-1.296875
T,-1.1796875,T,-1.1875
T,-1.1875,T,-1.15625
T,-1.28125,T,-1.28125
C,-1.5546875,C,-1.5703125
C,-1.484375,C,-1.53125
C,-1.3359375,C,-1.3125
C,-1.703125,C,-1.6796875
A,-1.0,A,-1.0
A,-1.375,A,-1.3671875
T,-1.59375,T,-1.59375
C,-1.4609375,C,-1.5078125
T,-1.03125,T,-1.046875
G,-1.28125,G,-1.28125
T,-1.40625,T,-1.40625
G,-1.1640625,G,-1.1640625
A,-1.359375,A,-1.359375
A,-1.140625,A,-1.1953125
G,-1.140625,G,-1.140625
T,-1.5703125,T,-1.59375
A,-1.5078125,A,-1.4921875
G,-1.359375,G,-1.3515625
C,-1.6171875,C,-1.6171875
T,-1.015625,T,-0.99609375
A,-1.7734375,A,-1.7734375
A,-1.3125,A,-1.3515625
T,-1.34375,T,-1.34375
A,-1.4765625,A,-1.59375
A,-1.2109375,A,-1.2109375
T,-1.3984375,T,-1.3828125
A,-1.5,A,-1.5390625
T,-1.296875,T,-1.28125
A,-1.2890625,A,-1.2890625
G,-1.65625,G,-1.609375
A,-0.95703125,A,-0.94921875
A,-0.93359375,A,-0.93359375
C,-1.921875,C,-1.9765625
A,-0.9453125,A,-0.9453125
A,-1.1640625,A,-1.1640625
A,-0.984375,A,-0.984375
A,-0.9609375,A,-1.0
T,-1.3984375,T,-1.3984375
G,-1.328125,G,-1.375
C,-1.78125,C,-1.78125
T,-1.1015625,T,-1.1171875
C,-1.7578125,C,-1.7578125
A,-0.83203125,A,-0.83203125
A,-1.15625,A,-1.15625
G,-1.28125,G,-1.28125
A,-0.84765625,A,-0.85546875
G,-1.4609375,G,-1.4609375
g,-4.53125,g,-4.53125
t,-0.013122559,t,-0.012573242
a,-0.421875,a,-0.41015625
a,-0.52734375,a,-0.48632812
g,-0.33203125,g,-0.33984375
g,-1.3515625,g,-1.4375
a,-0.9765625,a,-0.98828125
t,-1.7890625,t,-1.71875
a,-1.6328125,a,-1.6328125
c,-1.9140625,c,-1.921875
a,-0.6875,a,-0.703125
a,-1.5625,a,-1.5078125
a,-0.95703125,a,-0.9609375
a,-1.125,a,-1.125
a,-1.0234375,a,-1.078125
a,-1.0703125,a,-1.1015625
a,-0.76171875,a,-0.81640625
a,-0.70703125,a,-0.7734375
a,-0.6171875,a,-0.609375
a,-0.4765625,a,-0.46679688
a,-0.390625,a,-0.36914062
a,-0.32226562,a,-0.32617188
a,-0.28320312,a,-0.27929688
t,-2.515625,t,-2.515625
t,-1.625,t,-1.5546875
c,-2.234375,c,-2.21875
a,-0.75390625,a,-0.78515625
a,-0.96875,a,-0.99609375
t,-1.625,t,-1.625
t,-1.109375,t,-1.140625
t,-0.89453125,t,-0.91015625
c,-1.859375,c,-1.796875
t,-0.82421875,t,-0.84375
g,-1.3203125,g,-1.3359375
g,-1.546875,g,-1.546875
a,-1.0,a,-1.015625
a,-1.0390625,a,-1.0234375
g,-1.515625,g,-1.546875
c,-1.84375,c,-1.9140625
a,-0.8984375,a,-0.9140625
g,-1.1953125,g,-1.171875
a,-0.98046875,a,-0.98828125
g,-1.09375,g,-1.0703125
a,-0.9609375,a,-0.94921875
c,-1.8515625,c,-1.8671875
t,-1.234375,t,-1.2265625
a,-1.3359375,a,-1.3828125
g,-1.265625,g,-1.296875
a,-0.9921875,a,-1.0078125
t,-1.515625,t,-1.515625
g,-1.2265625,g,-1.2734375
a,-1.15625,a,-1.078125
g,-1.265625,g,-1.3359375
a,-1.078125,a,-1.046875
a,-1.0078125,a,-0.9453125
a,-0.91796875,a,-0.91796875
c,-2.078125,c,-2.015625
t,-1.2421875,t,-1.2265625
g,-1.09375,g,-1.0859375
t,-1.421875,t,-1.4296875
t,-1.2890625,t,-1.3359375
a,-1.40625,a,-1.40625
a,-1.0625,a,-1.046875
a,-0.90625,a,-0.8984375
c,-2.015625,c,-2.03125
a,-0.828125,a,-0.80859375
g,-1.4140625,g,-1.4375
t,-1.4140625,t,-1.46875
a,-1.2890625,a,-1.28125
t,-1.3828125,t,-1.421875
a,-1.21875,a,-1.234375
c,-1.8515625,c,-1.8671875
a,-0.71875,a,-0.71875
c,-1.71875,c,-1.8046875
a,-0.59375,a,-0.625
g,-1.5546875,g,-1.5859375
t,-1.4609375,t,-1.421875
t,-1.4375,t,-1.4765625
g,-1.34375,g,-1.3671875
t,-1.203125,t,-1.1953125
c,-1.90625,c,-1.90625
a,-0.8828125,a,-0.94140625
g,-1.2265625,g,-1.1484375
t,-1.3125,t,-1.28125
t,-1.2109375,t,-1.2265625
t,-0.953125,t,-0.94921875
g,-1.484375,g,-1.5234375
a,-1.1953125,a,-1.2109375
t,-1.4453125,t,-1.4921875
c,-1.8671875,c,-1.9375
c,-1.5234375,c,-1.5703125
a,-1.171875,a,-1.1328125
c,-1.921875,c,-1.9609375
c,-1.7265625,c,-1.6328125
g,-3.421875,g,-3.390625
a,-1.1796875,a,-1.2265625
g,-1.1640625,g,-1.1484375
g,-1.46875,g,-1.453125
c,-1.3828125,c,-1.3828125
a,-0.9140625,a,-0.8515625
t,-1.8203125,t,-1.7890625
t,-1.4140625,t,-1.3359375
a,-1.5546875,a,-1.5390625
a,-1.2578125,a,-1.3203125
t,-1.609375,t,-1.6328125
t,-1.2578125,t,-1.265625
t,-0.94921875,t,-0.96484375
t,-0.9453125,t,-0.9453125
t,-0.97265625,t,-0.95703125
t,-0.89453125,t,-0.91015625
c,-1.953125,c,-2.015625
t,-0.7265625,t,-0.7421875
t,-0.71484375,t,-0.734375
a,-1.9921875,a,-2.015625
a,-1.0625,a,-1.0
t,-1.265625,t,-1.3203125
c,-2.21875,c,-2.328125
a,-1.1640625,a,-1.203125
c,-1.7421875,c,-1.6953125
a,-0.9921875,a,-1.0078125
c,-1.9453125,c,-1.90625
c,-1.65625,c,-1.65625
c,-1.6640625,c,-1.640625
t,-1.2578125,t,-1.234375
t,-1.109375,t,-1.1015625
a,-1.609375,a,-1.6015625
t,-1.2734375,t,-1.2734375
a,-1.3203125,a,-1.3359375
a,-1.1796875,a,-1.2109375
c,-1.75,c,-1.8203125
a,-1.046875,a,-1.015625
a,-1.2109375,a,-1.234375
a,-0.89453125,a,-0.859375
a,-0.953125,a,-0.98046875
a,-0.93359375,a,-0.9140625
c,-1.8828125,c,-1.8359375
c,-1.7734375,c,-1.7265625
t,-1.1796875,t,-1.2265625
g,-1.7578125,g,-1.7578125
c,-1.796875,c,-1.78125
a,-1.171875,a,-1.1328125
t,-1.28125,t,-1.2734375
a,-1.3984375,a,-1.4375
t,-0.95703125,t,-0.9296875
t,-1.03125,t,-1.0546875
t,-0.796875,t,-0.8125
t,-1.0,t,-0.98046875
t,-0.8984375,t,-0.88671875
t,-0.90625,t,-0.9296875
c,-2.0625,c,-2.046875
t,-0.8203125,t,-0.8046875
t,-0.765625,t,-0.78515625
t,-0.546875,t,-0.5546875
t,-0.53125,t,-0.54296875
t,-0.5390625,t,-0.53125
a,-1.859375,a,-1.921875
a,-1.0546875,a,-1.03125
a,-0.6953125,a,-0.70703125
g,-1.65625,g,-1.609375
A,-5.96875,A,-6.03125
A,-1.0703125,A,-1.15625
T,-1.109375,T,-1.1875
G,-1.3359375,G,-1.3359375
A,-1.1953125,A,-1.1328125
A,-1.015625,A,-1.0
A,-1.2109375,A,-1.2109375
A,-1.1015625,A,-1.0546875
T,-1.3515625,T,-1.375
G,-1.2734375,G,-1.2734375
A,-1.0234375,A,-1.0234375
A,-0.9921875,A,-0.9921875
A,-1.0,A,-1.015625
G,-1.6171875,G,-1.6171875
C,-1.5390625,C,-1.5390625
C,-1.3515625,C,-1.28125
A,-0.875,A,-0.875
A,-1.2578125,A,-1.2578125
G,-1.1796875,G,-1.1796875
T,-1.59375,T,-1.5703125
T,-1.2890625,T,-1.2890625
T,-1.2421875,T,-1.2421875
C,-1.515625,C,-1.515625
A,-1.015625,A,-1.015625
A,-1.2421875,A,-1.3046875
C,-1.75,C,-1.7421875
A,-0.87109375,A,-0.90234375
G,-1.3515625,G,-1.328125
A,-1.109375,A,-1.0859375
T,-1.578125,T,-1.578125
G,-1.125,G,-1.125
A,-1.140625,A,-1.2109375
A,-1.0703125,A,-1.015625
A,-1.1484375,A,-1.171875
G,-1.3984375,G,-1.4296875
T,-1.5859375,T,-1.609375
G,-1.0234375,G,-1.0546875
A,-1.0390625,A,-1.03125
G,-1.453125,G,-1.46875
A,-1.078125,A,-1.046875
A,-1.0625,A,-1.0546875
C,-1.953125,C,-1.8203125
T,-1.40625,T,-1.359375
C,-1.5859375,C,-1.5390625
C,-1.5078125,C,-1.5
A,-0.9921875,A,-0.984375
G,-1.1484375,G,-1.1328125
G,-1.40625,G,-1.4453125
T,-1.671875,T,-1.734375
C,-1.4921875,C,-1.5390625
T,-1.1328125,T,-1.1328125
C,-1.359375,C,-1.328125
C,-1.453125,C,-1.40625
T,-1.1484375,T,-1.1640625
G,-1.1171875,G,-1.0859375
G,-1.2890625,G,-1.3359375
A,-1.1796875,A,-1.1796875
A,-1.203125,A,-1.1875
A,-1.1875,A,-1.1875
T,-1.5,T,-1.4375
A,-1.5390625,A,-1.53125
A,-1.1640625,A,-1.1640625
A,-0.984375,A,-0.8984375
T,-1.484375,T,-1.4921875
C,-1.6875,C,-1.6015625
A,-1.0078125,A,-1.03125
G,-1.328125,G,-1.359375
A,-1.0234375,A,-1.0546875
T,-1.59375,T,-1.5390625
A,-1.5078125,A,-1.5546875
A,-1.0625,A,-1.09375
C,-1.828125,C,-1.796875
A,-0.88671875,A,-0.8828125
T,-1.421875,T,-1.453125
C,-1.5703125,C,-1.5546875
A,-0.95703125,A,-0.90234375
A,-1.1796875,A,-1.140625
G,-1.46875,G,-1.5078125
C,-1.7578125,C,-1.75
C,-1.421875,C,-1.421875
C,-1.4921875,C,-1.4921875
A,-0.890625,A,-0.890625
A,-1.1953125,A,-1.203125
A,-1.078125,A,-1.0859375
T,-1.59375,T,-1.5625
C,-1.5546875,C,-1.5859375
T,-1.0859375,T,-1.125
G,-1.2265625,G,-1.234375
C,-1.59375,C,-1.59375
T,-1.0859375,T,-1.1015625
C,-1.71875,C,-1.6875
C,-1.484375,C,-1.4609375
A,-1.1953125,A,-1.1953125
T,-1.4765625,T,-1.515625
G,-1.0859375,G,-1.078125
G,-1.3515625,G,-1.3515625
A,-1.1640625,A,-1.109375
A,-1.140625,A,-1.140625
C,-1.8046875,C,-1.8046875
T,-1.2109375,T,-1.2109375
C,-1.515625,C,-1.46875
T,-1.15625,T,-1.1328125
T,-1.359375,T,-1.3671875
T,-1.140625,T,-1.15625
T,-1.2265625,T,-1.2265625
C,-1.484375,C,-1.46875
T,-0.94140625,T,-0.95703125
C,-1.5390625,C,-1.5234375
C,-1.4140625,C,-1.390625
C,-1.3828125,C,-1.3828125
T,-0.91015625,T,-0.92578125
C,-1.453125,C,-1.4453125
C,-1.2265625,C,-1.203125
A,-1.25,A,-1.2734375
C,-1.4140625,C,-1.3984375
C,-1.2109375,C,-1.1875
A,-1.1484375,A,-1.1484375
C,-1.359375,C,-1.375
C,-1.0546875,C,-1.1484375
C,-1.3984375,C,-1.390625
C,-1.2734375,C,-1.3203125
C,-1.1953125,C,-1.1953125
C,-1.4296875,C,-1.5
A,-1.1796875,A,-1.1796875
T,-1.6640625,T,-1.7109375
G,-1.3984375,G,-1.390625
C,-1.3125,C,-1.359375
C,-0.94921875,C,-0.94921875
A,-1.296875,A,-1.2578125
G,-1.078125,G,-1.09375
G,-1.390625,G,-1.390625
G,-1.390625,G,-1.390625
C,-1.296875,C,-1.34375
C,-1.1015625,C,-1.1015625
A,-1.2890625,A,-1.2890625
A,-1.703125,A,-1.65625
G,-0.91796875,G,-0.91015625
A,-1.21875,A,-1.21875
C,-1.546875,C,-1.546875
T,-1.328125,T,-1.328125
G,-0.99609375,G,-1.015625
G,-1.3125,G,-1.3125
G,-1.0703125,G,-1.046875
A,-1.15625,A,-1.1640625
C,-1.53125,C,-1.53125
C,-1.09375,C,-1.09375
A,-1.2109375,A,-1.234375
G,-0.9609375,G,-0.94921875
G,-1.109375,G,-1.09375
A,-1.109375,A,-1.09375
A,-1.359375,A,-1.359375
A,-1.484375,A,-1.4765625
G,-1.25,G,-1.234375
g,-4.28125,g,-4.40625
t,-0.0077209473,t,-0.0077819824
a,-0.34765625,a,-0.3125
a,-0.58203125,a,-0.5546875
a,-1.96875,a,-1.96875
c,-2.234375,c,-2.171875
c,-1.5078125,c,-1.46875
t,-1.0625,t,-0.96484375
t,-1.21875,t,-1.25
c,-1.4921875,c,-1.4375
t,-0.96875,t,-0.9921875
a,-1.90625,a,-1.875
t,-1.375,t,-1.3359375
g,-1.390625,g,-1.421875
a,-1.3515625,a,-1.3828125
a,-1.15625,a,-1.15625
a,-1.0703125,a,-1.0703125
g,-1.5234375,g,-1.5859375
t,-1.3203125,t,-1.296875
t,-1.2421875,t,-1.2734375
t,-0.99609375,t,-0.99609375
t,-0.91015625,t,-0.97265625
c,-1.5703125,c,-1.5859375
c,-1.359375,c,-1.3828125
a,-1.1171875,a,-1.1328125
g,-1.265625,g,-1.28125
a,-1.0859375,a,-1.0703125
a,-1.0546875,a,-1.046875
a,-1.0625,a,-1.0625
a,-1.234375,a,-1.140625
t,-1.3046875,t,-1.3515625
a,-1.2734375,a,-1.2578125
g,-1.6484375,g,-1.5703125
t,-1.3359375,t,-1.3125
t,-1.0703125,t,-1.0703125
a,-1.2734375,a,-1.328125
a,-1.078125,a,-1.1328125
t,-1.3046875,t,-1.328125
g,-1.609375,g,-1.609375
t,-1.1484375,t,-1.1171875
c,-1.7890625,c,-1.75
g,-3.484375,g,-3.46875
g,-1.4453125,g,-1.4296875
g,-1.40625,g,-1.390625
a,-1.0546875,a,-1.015625
c,-2.109375,c,-1.984375
a,-0.94921875,a,-0.97265625
t,-1.3125,t,-1.3125
t,-1.1484375,t,-1.125
t,-1.0,t,-0.98828125
a,-1.4375,a,-1.4296875
a,-1.2265625,a,-1.2890625
c,-1.890625,c,-1.859375
c,-1.6484375,c,-1.6484375
t,-0.95703125,t,-0.94140625
c,-1.5390625,c,-1.5390625
t,-0.91015625,t,-0.88671875
c,-1.71875,c,-1.6328125
t,-0.9375,t,-0.9375
g,-1.1875,g,-1.1484375
t,-1.078125,t,-1.0390625
t,-1.1171875,t,-1.1171875
a,-1.71875,a,-1.71875
a,-1.296875,a,-1.3046875
c,-1.7109375,c,-1.75
t,-1.015625,t,-1.03125
a,-1.6484375,a,-1.6171875
a,-1.2890625,a,-1.3046875
t,-1.3984375,t,-1.3671875
t,-1.1171875,t,-1.1171875
t,-0.9140625,t,-0.86328125
g,-1.6875,g,-1.7265625
t,-1.0546875,t,-1.0390625
a,-1.5,a,-1.5390625
g,-1.7109375,g,-1.65625
c,-1.5703125,c,-1.4921875
t,-0.87890625,t,-0.89453125
c,-1.6953125,c,-1.765625
t,-0.859375,t,-0.890625
c,-1.6328125,c,-1.6328125
c,-1.5703125,c,-1.5703125
c,-1.5234375,c,-1.546875
a,-1.15625,a,-1.09375
t,-1.265625,t,-1.265625
g,-1.6015625,g,-1.6015625
a,-1.5,a,-1.453125
a,-1.1796875,a,-1.1640625
a,-1.109375,a,-1.0859375
c,-1.578125,c,-1.5703125
t,-1.1015625,t,-1.0703125
t,-1.203125,t,-1.25
t,-0.984375,t,-1.0234375
t,-0.96484375,t,-1.0
g,-1.7109375,g,-1.75
t,-1.09375,t,-1.0859375
a,-1.59375,a,-1.59375
g,-1.515625,g,-1.4609375
c,-1.5390625,c,-1.546875
t,-0.890625,t,-0.91796875
t,-1.2109375,t,-1.1875
a,-1.5234375,a,-1.46875
a,-1.3125,a,-1.3125
a,-0.97265625,a,-1.03125
t,-1.1875,t,-1.2265625
a,-1.2421875,a,-1.2890625
c,-1.796875,c,-1.8046875
a,-0.953125,a,-0.95703125
c,-1.8984375,c,-1.8984375
a,-0.6875,a,-0.68359375
a,-1.40625,a,-1.5078125
g,-1.9765625,g,-1.9765625
a,-1.2265625,a,-1.2421875
a,-0.84375,a,-0.88671875
t,-1.109375,t,-1.1328125
t,-0.9921875,t,-0.94140625
t,-0.91796875,t,-0.8828125
t,-1.0390625,t,-1.0546875
t,-0.98828125,t,-1.0
t,-0.88671875,t,-0.859375
g,-1.8515625,g,-1.8984375
a,-1.171875,a,-1.1640625
a,-0.98828125,a,-1.0390625
a,-0.859375,a,-0.82421875
a,-1.1484375,a,-1.1015625
g,-1.6328125,g,-1.671875
g,-1.5625,g,-1.578125
a,-0.99609375,a,-1.0078125
a,-0.87890625,a,-0.828125
a,-0.8125,a,-0.8125
t,-1.25,t,-1.2578125
a,-1.0859375,a,-1.1328125
a,-0.92578125,a,-0.92578125
g,-1.90625,g,-1.9140625
a,-0.953125,a,-0.9375
t,-1.4375,t,-1.4375
a,-1.0859375,a,-1.109375
a,-1.046875,a,-1.0859375
t,-1.171875,t,-1.1640625
g,-1.7421875,g,-1.71875
a,-1.09375,a,-1.0390625
t,-1.21875,t,-1.2890625
g,-1.6015625,g,-1.546875
c,-2.09375,c,-2.0625
a,-0.8515625,a,-0.83984375
a,-1.25,a,-1.3125
a,-0.97265625,a,-1.0078125
a,-1.046875,a,-1.0703125
t,-1.09375,t,-1.0546875
a,-1.234375,a,-1.1796875
g,-1.921875,g,-1.9296875
t,-1.1484375,t,-1.1328125
t,-1.0546875,t,-1.0859375
a,-1.2578125,a,-1.2734375
a,-1.0703125,a,-1.03125
t,-1.21875,t,-1.203125
t,-0.875,t,-0.9375
t,-0.859375,t,-0.84765625
t,-0.83984375,t,-0.88671875
t,-0.84765625,t,-0.84765625
t,-0.83203125,t,-0.84765625
a,-1.3046875,a,-1.2734375
a,-0.8984375,a,-0.9296875
a,-0.78125,a,-0.828125
a,-0.88671875,a,-0.79296875
a,-0.796875,a,-0.78125
a,-0.76953125,a,-0.7890625
a,-0.69921875,a,-0.69921875
t,-1.4921875,t,-1.5
g,-1.8515625,g,-1.8671875
t,-1.140625,t,-1.15625
t,-0.92578125,t,-0.953125
a,-1.421875,a,-1.46875
g,-1.8203125,g,-1.8828125
a,-1.09375,a,-1.1796875
c,-2.3125,c,-2.28125
a,-0.609375,a,-0.58984375
c,-2.015625,c,-1.921875
t,-1.09375,t,-1.1015625
g,-1.453125,g,-1.484375
c,-2.046875,c,-1.953125
a,-0.88671875,a,-0.9140625
g,-1.234375,g,-1.2421875
t,-0.76171875,t,-0.77734375
g,-1.3359375,g,-1.2578125
g,-1.5,g,-1.484375
a,-1.671875,a,-1.6484375
t,-1.375,t,-1.359375
g,-1.15625,g,-1.1484375
c,-1.734375,c,-1.8046875
a,-0.890625,a,-0.95703125
a,-1.578125,a,-1.6171875
c,-2.28125,c,-2.25
a,-0.7890625,a,-0.75390625
a,-1.2734375,a,-1.3203125
a,-0.94921875,a,-0.953125
a,-0.8046875,a,-0.86328125
t,-1.2109375,t,-1.203125
a,-1.0703125,a,-1.078125
c,-1.875,c,-1.9765625
t,-1.0859375,t,-1.09375
t,-1.078125,t,-0.9921875
t,-0.921875,t,-0.8671875
a,-1.1953125,a,-1.15625
t,-1.078125,t,-1.109375
a,-1.0546875,a,-1.0546875
t,-1.0390625,t,-1.0078125
g,-1.96875,g,-2.078125
a,-1.3046875,a,-1.2421875
a,-0.890625,a,-0.93359375
a,-0.9296875,a,-0.9765625
g,-1.9140625,g,-1.9140625
a,-0.953125,a,-0.953125
t,-1.3984375,t,-1.4140625
t,-1.15625,t,-1.140625
t,-0.93359375,t,-0.9609375
a,-1.34375,a,-1.34375
t,-1.0390625,t,-1.0078125
c,-2.203125,c,-2.1875
c,-1.8828125,c,-1.859375
a,-0.76171875,a,-0.7734375
g,-1.7578125,g,-1.671875
t,-1.2421875,t,-1.109375
t,-1.0859375,t,-1.109375
a,-1.2265625,a,-1.21875
a,-1.171875,a,-1.15625
c,-1.9609375,c,-1.9296875
t,-0.97265625,t,-1.015625
t,-1.0,t,-0.95703125
t,-0.85546875,t,-0.85546875
t,-0.953125,t,-0.9140625
g,-1.8125,g,-1.78125
t,-1.0234375,t,-1.046875
g,-1.71875,g,-1.7109375
g,-1.7578125,g,-1.75
a,-1.1796875,a,-1.2421875
g,-1.5078125,g,-1.5546875
t,-1.28125,t,-1.21875
a,-1.2421875,a,-1.2890625
t,-1.171875,t,-1.203125
t,-0.98828125,t,-0.97265625
a,-1.3828125,a,-1.46875
g,-1.5859375,g,-1.5859375
g,-1.6796875,g,-1.6484375
t,-1.234375,t,-1.2578125
a,-1.15625,a,-1.1953125
t,-1.0078125,t,-1.0234375
t,-0.96875,t,-0.9296875
a,-1.4609375,a,-1.4609375
g,-1.7109375,g,-1.7109375
a,-1.0703125,a,-1.0703125
c,-2.21875,c,-2.21875
t,-1.046875,t,-1.0859375
a,-1.5234375,a,-1.4609375
a,-1.078125,a,-1.0546875
t,-1.21875,t,-1.21875
a,-1.1875,a,-1.21875
a,-1.0234375,a,-0.984375
t,-1.2109375,t,-1.1640625
t,-0.9296875,t,-0.92578125
a,-1.296875,a,-1.2734375
g,-1.8203125,g,-1.8203125
c,-1.90625,c,-1.9609375
a,-0.84765625,a,-0.82421875
c,-2.109375,c,-2.0625
a,-0.88671875,a,-0.8671875
c,-1.7109375,c,-1.7734375
t,-1.1015625,t,-1.0703125
t,-1.0546875,t,-1.0703125
a,-1.296875,a,-1.2578125
c,-1.71875,c,-1.75
t,-0.99609375,t,-1.0078125
t,-0.8984375,t,-0.9453125
a,-1.21875,a,-1.2421875
a,-1.1484375,a,-1.15625
g,-1.875,g,-1.828125
t,-1.21875,t,-1.2109375
t,-1.1953125,t,-1.1796875
a,-1.421875,a,-1.3359375
g,-1.796875,g,-1.828125
a,-1.0,a,-1.0
a,-0.875,a,-0.87890625
a,-0.79296875,a,-0.828125
g,-1.7265625,g,-1.7734375
t,-1.2421875,t,-1.28125
a,-1.1328125,a,-1.1796875
t,-1.265625,t,-1.3203125
a,-1.234375,a,-1.2421875
a,-1.0703125,a,-1.0859375
t,-1.1640625,t,-1.109375
a,-1.1875,a,-1.203125
a,-1.03125,a,-1.03125
t,-1.1953125,t,-1.171875
g,-1.765625,g,-1.7578125
c,-1.9921875,c,-1.9921875
g,-3.6875,g,-3.734375
c,-2.015625,c,-2.046875
c,-2.015625,c,-1.9765625
g,-3.8125,g,-3.765625
g,-1.7265625,g,-1.6953125
a,-1.1875,a,-1.203125
c,-1.8515625,c,-1.796875
g,-2.59375,g,-2.546875
c,-1.3984375,c,-1.4140625
g,-2.546875,g,-2.546875
g,-1.2109375,g,-1.1484375
t,-0.8203125,t,-0.83203125
a,-1.796875,a,-1.8359375
g,-0.82421875,g,-0.83203125
c,-1.15625,c,-1.1796875
t,-0.66796875,t,-0.69921875
c,-1.0390625,c,-1.015625
a,-0.60546875,a,-0.6796875
c,-1.3359375,c,-1.3828125
g,-2.390625,g,-2.515625
c,-0.9296875,c,-0.92578125
c,-0.609375,c,-0.57421875
t,-0.05908203,t,-0.05810547
g,-0.3203125,g,-0.34570312
t,-0.018676758,t,-0.01977539
a,-0.063964844,a,-0.072265625
a,-0.041748047,a,-0.038330078
t,-0.0065307617,t,-0.006072998
c,-0.07470703,c,-0.080078125
c,-0.08935547,c,-0.08935547
c,-0.103515625,c,-0.11425781
a,-0.005645752,a,-0.0060424805
g,-0.10253906,g,-0.095703125
c,-0.0859375,c,-0.07861328
a,-0.10888672,a,-0.096191406
c,-0.06640625,c,-0.06689453
t,-0.007507324,t,-0.0070495605
t,-0.030883789,t,-0.03540039
t,-0.068359375,t,-0.06640625
g,-0.029907227,g,-0.026123047
g,-0.028442383,g,-0.030151367
g,-0.037109375,g,-0.03955078
a,-0.0071411133,a,-0.0065307617
g,-0.026489258,g,-0.029907227
g,-0.027954102,g,-0.029663086
c,-0.03930664,c,-0.03955078
c,-0.55078125,c,-0.55078125
a,-0.8828125,a,-0.84765625
a,-0.049316406,a,-0.047851562
g,-0.12695312,g,-0.115234375
g,-0.068359375,g,-0.05859375
t,-0.921875,t,-0.8125
g,-0.07080078,g,-0.06738281
g,-0.072265625,g,-0.07421875
g,-0.046875,g,-0.049072266
c,-0.6796875,c,-0.6328125
g,-0.640625,g,-0.640625
g,-0.10058594,g,-0.099121094
a,-0.03491211,a,-0.038085938
t,-0.014709473,t,-0.013244629
c,-0.07128906,c,-0.07080078
a,-0.06982422,a,-0.072265625
c,-0.1796875,c,-0.1796875
a,-2.171875,a,-2.171875
a,-0.30273438,a,-0.28125
g,-0.067871094,g,-0.063964844
g,-0.20605469,g,-0.20605469
t,-0.015563965,t,-0.014770508
c,-0.18359375,c,-0.17675781
a,-0.0390625,a,-0.03112793
g,-0.1640625,g,-0.1953125
g,-0.047607422,g,-0.052490234
a,-0.017333984,a,-0.016357422
g,-0.041503906,g,-0.05078125
a,-0.69140625,a,-0.6640625
t,-0.03857422,t,-0.032470703
c,-0.41796875,c,-0.41796875
g,-0.4609375,g,-0.50390625
a,-0.021850586,a,-0.022583008
g,-0.017578125,g,-0.016723633
a,-0.048583984,a,-0.05810547
c,-0.064941406,c,-0.0703125
c,-0.09326172,c,-0.111816406
a,-0.024169922,a,-0.02331543
t,-0.111328125,t,-0.12451172
c,-0.09326172,c,-0.100097656
c,-0.09277344,c,-0.103515625
t,-0.021362305,t,-0.020996094
g,-0.04736328,g,-0.048583984
g,-0.055664062,g,-0.060546875
c,-0.0703125,c,-0.05883789
t,-0.33007812,t,-0.328125
a,-0.0087890625,a,-0.0074157715
a,-0.010925293,a,-0.010559082
c,-0.16699219,c,-0.15527344
a,-0.07470703,a,-0.07470703
c,-0.55078125,c,-0.51953125
g,-0.51171875,g,-0.515625
g,-0.14648438,g,-0.13183594
t,-0.076171875,t,-0.07324219
g,-0.037109375,g,-0.03112793
a,-0.009033203,a,-0.010131836
a,-0.008911133,a,-0.0099487305
a,-0.015991211,a,-0.01373291
c,-0.033447266,c,-0.037353516
c,-0.08642578,c,-0.076660156
c,-0.123046875,c,-0.12207031
c,-0.37109375,c,-0.3359375
a,-0.9453125,a,-0.8515625
t,-0.015380859,t,-0.016113281
c,-0.021484375,c,-0.020507812
t,-0.01574707,t,-0.014892578
c,-0.030395508,c,-0.036132812
t,-0.02758789,t,-0.025878906
a,-0.06298828,a,-0.05859375
c,-0.05834961,c,-0.05810547
t,-0.100097656,t,-0.09423828
g,-4.15625,g,-4.15625
a,-0.010681152,a,-0.009399414
a,-0.032714844,a,-0.032714844
a,-0.055419922,a,-0.061767578
a,-0.033203125,a,-0.032958984
t,-0.390625,t,-0.390625
a,-0.20605469,a,-0.20800781
c,-0.22363281,c,-0.21777344
a,-0.035888672,a,-0.029174805
a,-0.09277344,a,-0.099609375
a,-0.023071289,a,-0.021728516
a,-0.01184082,a,-0.012756348
a,-0.08496094,a,-0.096191406
a,-0.9375,a,-0.89453125
a,-1.84375,a,-1.796875
t,-0.5703125,t,-0.58203125
t,-0.28515625,t,-0.29101562
t,-2.75,t,-2.703125
g,-0.5625,g,-0.65625
c,-1.421875,c,-1.359375
c,-0.96875,c,-0.85546875
g,-2.84375,g,-2.984375
g,-1.171875,g,-1.0859375
g,-0.92578125,g,-0.94140625
c,-0.671875,c,-0.734375
g,-1.796875,g,-1.71875
t,-0.42773438,t,-0.421875
g,-0.13085938,g,-0.11328125
a,-4.03125,a,-4.03125
t,-0.059570312,t,-0.06689453
g,-0.13085938,g,-0.1328125
g,-0.079589844,g,-0.06982422
c,-0.54296875,c,-0.59375
g,-1.1640625,g,-1.2421875
g,-1.078125,g,-1.0703125
g,-0.43359375,g,-0.42382812
c,-0.33007812,c,-0.30078125
a,-0.4609375,a,-0.37695312
c,-0.265625,c,-0.26171875
c,-0.110839844,c,-0.11230469
t,-0.057617188,t,-0.061035156
g,-0.06298828,g,-0.06225586
t,-0.03564453,t,-0.034423828
a,-0.021728516,a,-0.018310547
g,-1.0546875,g,-1.0546875
t,-0.0050354004,t,-0.0060424805
c,-0.05126953,c,-0.05859375
c,-0.068359375,c,-0.061767578
c,-0.080078125,c,-0.084472656
a,-0.02734375,a,-0.026733398
g,-0.06542969,g,-0.057373047
c,-0.028808594,c,-0.029663086
t,-0.03149414,t,-0.030273438
a,-0.0546875,a,-0.064941406
c,-0.032958984,c,-0.032958984
t,-0.05053711,t,-0.052734375
c,-0.37109375,c,-0.40820312
g,-0.58203125,g,-0.55859375
g,-0.039794922,g,-0.044189453
g,-0.041992188,g,-0.044433594
a,-0.007598877,a,-0.006958008
g,-0.030029297,g,-0.030273438
g,-0.02709961,g,-0.027832031
c,-0.019042969,c,-0.018066406
t,-0.03540039,t,-0.032958984
g,-0.03491211,g,-0.032470703
a,-0.0033721924,a,-0.0035858154
g,-0.028442383,g,-0.02722168
g,-0.084472656,g,-0.07861328
c,-0.12988281,c,-0.122558594
a,-0.10644531,a,-0.1328125
g,-0.099609375,g,-0.11230469
g,-0.087890625,g,-0.099121094
a,-0.100097656,a,-0.09814453
g,-0.057861328,g,-0.057617188
g,-2.75,g,-2.703125
a,-0.007385254,a,-0.007751465
t,-0.013427734,t,-0.012817383
g,-2.75,g,-2.765625
g,-0.828125,g,-0.79296875
t,-2.625,t,-2.59375
g,-0.87890625,g,-0.81640625
t,-0.578125,t,-0.59375
g,-0.38085938,g,-0.34375
a,-0.19726562,a,-0.19042969
a,-0.37890625,a,-0.328125
c,-0.52734375,c,-0.5
c,-0.10839844,c,-0.103027344
c,-0.28710938,c,-0.28320312
c,-4.5625,c,-4.8125
g,-0.97265625,g,-1.0234375
g,-0.5390625,g,-0.50390625
a,-0.6953125,a,-0.71875
g,-0.32421875,g,-0.31054688
g,-0.36132812,g,-0.38671875
c,-1.1875,c,-1.1875
a,-1.421875,a,-1.4765625
g,-0.08105469,g,-0.07519531
a,-0.4765625,a,-0.5234375
g,-0.21484375,g,-0.21777344
c,-3.796875,c,-3.875
t,-0.07861328,t,-0.07470703
t,-0.22460938,t,-0.20410156
g,-0.13085938,g,-0.110839844
c,-0.28515625,c,-0.26953125
a,-0.07324219,a,-0.07128906
g,-0.10498047,g,-0.12695312
t,-0.12109375,t,-0.12060547
g,-0.076171875,g,-0.071777344
a,-0.008361816,a,-0.007598877
g,-0.045898438,g,-0.041748047
t,-3.84375,t,-3.90625
c,-0.3984375,c,-0.38085938
a,-1.125,a,-1.1328125
a,-0.17089844,a,-0.19238281
g,-0.09326172,g,-0.10498047
a,-0.16308594,a,-0.18652344
t,-0.28710938,t,-0.29882812
c,-0.47460938,c,-0.5234375
g,-1.296875,g,-1.4296875
t,-0.65625,t,-0.6015625
g,-0.110839844,g,-0.118652344
c,-0.08203125,c,-0.07470703
c,-0.028320312,c,-0.026855469
a,-0.047851562,a,-0.048339844
c,-0.26171875,c,-0.26367188
t,-0.047607422,t,-0.05029297
g,-0.06738281,g,-0.07128906
c,-0.08203125,c,-0.099609375
a,-0.01586914,a,-0.016845703
c,-0.049560547,c,-0.056396484
t,-0.0134887695,t,-0.012023926
c,-0.044921875,c,-0.04711914
c,-0.064941406,c,-0.061523438
a,-0.0067443848,a,-0.0060424805
a,-2.609375,a,-2.671875
c,-0.06347656,c,-0.05126953
c,-0.08886719,c,-0.092285156
t,-0.016601562,t,-0.014404297
g,-0.16210938,g,-0.15625
g,-0.123046875,g,-0.11328125
g,-0.08251953,g,-0.083984375
c,-0.28320312,c,-0.2890625
g,-0.97265625,g,-1.0078125
a,-0.10888672,a,-0.12451172
c,-0.08251953,c,-0.07519531
a,-0.0095825195,a,-0.010864258
g,-0.13769531,g,-0.140625
a,-0.12109375,a,-0.123535156
a,-2.78125,a,-2.90625
t,-1.546875,t,-1.59375
g,-0.390625,g,-0.41601562
a,-0.06591797,a,-0.068847656
g,-0.15917969,g,-0.14746094
a,-0.083984375,a,-0.09326172
c,-0.23242188,c,-0.27148438
t,-0.9140625,t,-0.91015625
c,-0.18554688,c,-0.20019531
c,-1.140625,c,-1.171875
a,-0.44921875,a,-0.48242188
t,-0.18359375,t,-0.16992188
c,-0.041503906,c,-0.03955078
t,-0.046875,t,-0.04345703
c,-0.10253906,c,-0.104003906
a,-0.15039062,a,-0.15332031
a,-0.03173828,a,-0.036132812
a,-0.01977539,a,-0.01928711
c,-4.59375,c,-4.59375
a,-0.1640625,a,-0.17089844
a,-0.049316406,a,-0.045654297
a,-0.18554688,a,-0.19238281
a,-0.25195312,a,-0.26171875
a,-0.2890625,a,-0.27734375
a,-0.30078125,a,-0.33007812
a,-0.234375,a,-0.23144531
c,-2.453125,c,-2.484375
a,-0.3671875,a,-0.375
a,-0.12060547,a,-0.13476562
a,-0.103027344,a,-0.10107422
a,-0.19433594,a,-0.20605469
c,-2.359375,c,-2.40625
a,-0.21679688,a,-0.23730469
a,-0.13476562,a,-0.140625
a,-0.119140625,a,-0.13378906
a,-0.19433594,a,-0.22363281
c,-1.75,c,-1.8125
a,-0.31054688,a,-0.29492188
a,-0.24902344,a,-0.24414062
a,-0.22851562,a,-0.23144531
a,-0.28710938,a,-0.26757812
a,-0.54296875,a,-0.55078125
a,-0.51171875,a,-0.5078125
a,-0.3359375,a,-0.33007812
a,-0.296875,a,-0.29492188
g,-2.359375,g,-2.296875
t,-1.8984375,t,-2.03125
g,-1.7109375,g,-1.7265625
t,-1.3359375,t,-1.4140625
a,-1.4375,a,-1.3984375
a,-1.0390625,a,-1.0546875
t,-1.390625,t,-1.375
a,-1.265625,a,-1.28125
a,-0.92578125,a,-0.921875
t,-1.25,t,-1.2421875
a,-1.0234375,a,-1.0625
a,-0.92578125,a,-0.89453125
t,-1.1953125,t,-1.171875
t,-1.0625,t,-1.109375
t,-0.890625,t,-0.8984375
a,-1.1796875,a,-1.1484375
t,-1.0859375,t,-1.0859375
c,-2.296875,c,-2.359375
a,-0.9453125,a,-0.9453125
t,-1.1328125,t,-1.078125
t,-0.8671875,t,-0.8671875
a,-1.28125,a,-1.234375
g,-2.015625,g,-2.078125
c,-2.03125,c,-2.09375
t,-1.078125,t,-1.0390625
g,-1.5625,g,-1.5625
g,-1.5859375,g,-1.53125
a,-1.2890625,a,-1.265625
t,-1.28125,t,-1.2578125
g,-1.140625,g,-1.09375
a,-1.3828125,a,-1.375
t,-1.5390625,t,-1.546875
a,-1.3359375,a,-1.3671875
t,-1.1015625,t,-1.0234375
g,-1.4375,g,-1.3984375
c,-2.09375,c,-2.09375
t,-0.93359375,t,-0.93359375
g,-1.28125,g,-1.3125
t,-1.015625,t,-0.98046875
t,-1.078125,t,-1.0859375
g,-1.5859375,g,-1.6640625
t,-0.94140625,t,-0.94140625
t,-1.03125,t,-1.0
t,-0.87109375,t,-0.84375
c,-1.8125,c,-1.8125
c,-1.546875,c,-1.515625
c,-1.6015625,c,-1.53125
a,-0.9921875,a,-1.046875
t,-1.4375,t,-1.4296875
g,-1.4765625,g,-1.4609375
t,-0.99609375,t,-0.95703125
c,-1.7890625,c,-1.7734375
a,-1.234375,a,-1.171875
c,-1.6015625,c,-1.6015625
c,-1.4453125,c,-1.3984375
t,-0.984375,t,-0.953125
g,-1.3515625,g,-1.375
t,-1.0390625,t,-1.0390625
a,-1.4375,a,-1.4375
t,-1.1484375,t,-1.1328125
a,-1.40625,a,-1.4140625
a,-1.359375,a,-1.3828125
g,-1.8984375,g,-1.921875
a,-1.25,a,-1.2109375
t,-1.375,t,-1.328125
a,-1.1484375,a,-1.1953125
t,-1.0859375,t,-1.0859375
g,-1.734375,g,-1.703125
t,-0.94921875,t,-0.97265625
a,-1.2421875,a,-1.2265625
a,-1.125,a,-1.203125
a,-0.93359375,a,-0.93359375
a,-1.0,a,-1.0078125
t,-1.1171875,t,-1.1640625
a,-1.0859375,a,-1.109375
a,-1.0234375,a,-1.0546875
g,-1.9609375,g,-1.8515625
a,-1.015625,a,-1.078125
a,-0.78515625,a,-0.76953125
c,-2.109375,c,-2.109375
a,-0.75390625,a,-0.78515625
c,-2.03125,c,-1.96875
a,-0.6484375,a,-0.6796875
t,-1.15625,t,-1.1171875
t,-1.1640625,t,-1.1484375
a,-1.453125,a,-1.390625
t,-1.1015625,t,-1.109375
t,-1.03125,t,-1.0390625
t,-0.87890625,t,-0.8203125
a,-1.1875,a,-1.1796875
c,-1.875,c,-1.859375
a,-0.8359375,a,-0.828125
t,-1.046875,t,-1.0234375
c,-2.0625,c,-2.09375
t,-0.7890625,t,-0.7890625
a,-1.4140625,a,-1.359375
a,-1.1328125,a,-1.203125
t,-1.1640625,t,-1.21875
a,-1.21875,a,-1.171875
t,-1.1171875,t,-1.078125
a,-1.1484375,a,-1.15625
g,-2.140625,g,-2.15625
a,-1.015625,a,-1.0234375
t,-1.203125,t,-1.2265625
a,-0.9765625,a,-0.9609375
a,-1.0703125,a,-1.09375
a,-0.88671875,a,-0.85546875
a,-0.96875,a,-1.0078125
t,-1.1484375,t,-1.171875
c,-2.28125,c,-2.25
c,-1.6796875,c,-1.703125
t,-0.90234375,t,-0.9140625
g,-1.578125,g,-1.59375
a,-1.1171875,a,-1.1328125
g,-1.609375,g,-1.640625
g,-1.578125,g,-1.5546875
c,-1.546875,c,-1.546875
g,-3.75,g,-3.75
c,-1.84375,c,-1.8359375
t,-1.0390625,t,-1.0390625
c,-2.03125,c,-2.046875
t,-0.83203125,t,-0.79296875
c,-1.5703125,c,-1.4921875
a,-1.3203125,a,-1.265625
g,-1.6328125,g,-1.5078125
a,-1.078125,a,-1.03125
t,-1.5703125,t,-1.5703125
t,-1.453125,t,-1.4296875
g,-1.75,g,-1.7109375
t,-1.25,t,-1.25
t,-0.98828125,t,-1.0
t,-0.8125,t,-0.8046875
t,-0.8515625,t,-0.8359375
g,-1.671875,g,-1.671875
t,-1.1328125,t,-1.0703125
a,-1.6171875,a,-1.5703125
g,-1.4765625,g,-1.4453125
a,-1.109375,a,-1.1796875
g,-1.4609375,g,-1.4140625
t,-1.5,t,-1.4609375
t,-1.0625,t,-1.0234375
c,-1.921875,c,-1.9375
a,-0.96875,a,-1.0078125
a,-1.4296875,a,-1.453125
a,-1.046875,a,-0.984375
t,-1.1171875,t,-1.109375
g,-1.4609375,g,-1.4296875
t,-1.2421875,t,-1.1875
a,-1.296875,a,-1.265625
a,-1.4609375,a,-1.5234375
a,-0.99609375,a,-0.9921875
t,-1.0625,t,-1.078125
a,-0.94140625,a,-0.97265625
t,-1.078125,t,-1.078125
t,-1.0078125,t,-1.0
g,-2.375,g,-2.296875
t,-0.91796875,t,-0.91796875
t,-0.99609375,t,-0.99609375
t,-0.78515625,t,-0.796875
t,-0.81640625,t,-0.80859375
c,-1.9765625,c,-1.96875
a,-1.09375,a,-1.109375
t,-0.98828125,t,-0.98828125
t,-0.80859375,t,-0.80859375
t,-0.6171875,t,-0.6328125
a,-1.4453125,a,-1.4609375
t,-0.78125,t,-0.796875
g,-2.125,g,-2.1875
g,-1.9921875,g,-1.9609375
t,-1.0078125,t,-1.0859375
c,-2.359375,c,-2.28125
c,-1.90625,c,-1.90625
t,-0.8125,t,-0.8046875
t,-0.921875,t,-0.93359375
t,-0.890625,t,-0.87890625
t,-0.91015625,t,-0.9296875
g,-1.59375,g,-1.5859375
g,-1.734375,g,-1.6796875
t,-1.140625,t,-1.109375
t,-0.82421875,t,-0.84765625
a,-1.6328125,a,-1.625
t,-0.9140625,t,-0.9140625
a,-1.40625,a,-1.359375
a,-1.234375,a,-1.234375
g,-1.7890625,g,-1.7890625
t,-0.9375,t,-0.90234375
a,-1.2734375,a,-1.28125
a,-1.234375,a,-1.21875
c,-1.9921875,c,-1.9921875
a,-0.8203125,a,-0.7734375
g,-1.6640625,g,-1.6953125
a,-1.28125,a,-1.234375
a,-0.85546875,a,-0.85546875
a,-1.046875,a,-1.03125
t,-1.1328125,t,-1.15625
c,-2.09375,c,-2.015625
a,-0.8671875,a,-0.83984375
a,-1.140625,a,-1.1640625
c,-1.9375,c,-1.8984375
t,-1.0390625,t,-1.015625
c,-1.890625,c,-1.796875
t,-0.9296875,t,-0.93359375
a,-1.3984375,a,-1.3828125
a,-1.1015625,a,-1.1171875
a,-1.0234375,a,-1.0078125
a,-1.046875,a,-1.046875
a,-0.90625,a,-0.9453125
g,-1.8515625,g,-1.8515625
a,-0.9296875,a,-0.9296875
t,-1.5625,t,-1.5234375
t,-1.2421875,t,-1.1796875
t,-0.94921875,t,-0.90234375
t,-0.92578125,t,-0.93359375
t,-0.89453125,t,-0.921875
a,-1.28125,a,-1.328125
t,-1.1640625,t,-1.09375
t,-0.8203125,t,-0.8203125
a,-1.5390625,a,-1.5390625
t,-0.89453125,t,-0.93359375
a,-1.3203125,a,-1.359375
g,-1.890625,g,-1.890625
g,-1.890625,g,-1.8671875
t,-0.9296875,t,-0.921875
t,-1.09375,t,-1.0234375
a,-1.484375,a,-1.453125
g,-1.671875,g,-1.703125
a,-1.1484375,a,-1.1953125
t,-1.09375,t,-1.0859375
t,-0.92578125,t,-0.953125
a,-1.3203125,a,-1.3046875
t,-0.88671875,t,-0.88671875
g,-1.8671875,g,-1.8671875
t,-0.8671875,t,-0.8828125
c,-2.078125,c,-2.015625
a,-1.0859375,a,-1.0390625
t,-1.015625,t,-0.9765625
g,-1.703125,g,-1.6953125
g,-1.84375,g,-1.8515625
a,-1.2109375,a,-1.1640625
a,-1.0234375,a,-1.015625
c,-2.09375,c,-2.0625
c,-1.890625,c,-1.921875
t,-0.9296875,t,-0.9296875
t,-1.109375,t,-1.0546875
a,-1.296875,a,-1.2890625
a,-1.125,a,-1.109375
g,-1.6953125,g,-1.6953125
g,-1.7421875,g,-1.6484375
c,-1.7890625,c,-1.8046875
t,-1.0625,t,-1.0390625
t,-1.109375,t,-1.1328125
g,-1.6875,g,-1.7265625
t,-1.125,t,-1.1796875
c,-1.921875,c,-1.921875
c,-1.7578125,c,-1.7578125
c,-1.5546875,c,-1.5546875
t,-0.8828125,t,-0.90625
t,-1.1328125,t,-1.1484375
t,-0.921875,t,-1.0234375
c,-1.640625,c,-1.5859375
t,-0.85546875,t,-0.890625
a,-1.8046875,a,-1.8203125
g,-1.5390625,g,-1.5390625
t,-1.2734375,t,-1.2734375
t,-0.93359375,t,-0.921875
c,-1.59375,c,-1.53125
t,-0.7734375,t,-0.82421875
t,-1.03125,t,-1.03125
t,-0.87109375,t,-0.84765625
t,-0.95703125,t,-0.97265625
g,-1.7734375,g,-1.7734375
t,-0.98046875,t,-0.98046875
g,-1.78125,g,-1.78125
t,-0.91796875,t,-0.91796875
a,-1.7421875,a,-1.6640625
a,-1.546875,a,-1.5859375
a,-1.21875,a,-1.2421875
g,-1.6015625,g,-1.6015625
c,-1.7265625,c,-1.6953125
g,-3.734375,g,-3.703125
g,-1.671875,g,-1.671875
t,-1.0078125,t,-1.046875
g,-1.1875,g,-1.171875
a,-1.40625,a,-1.375
t,-1.0859375,t,-1.109375
t,-0.91015625,t,-0.91015625
t,-0.921875,t,-0.921875
c,-1.734375,c,-1.6875
t,-0.90234375,t,-0.8984375
t,-1.109375,t,-1.1015625
c,-1.5859375,c,-1.6015625
c,-1.453125,c,-1.546875
a,-1.3046875,a,-1.3515625
t,-1.1484375,t,-1.1484375
g,-1.75,g,-1.7265625
g,-1.609375,g,-1.6953125
a,-1.2578125,a,-1.203125
g,-1.4140625,g,-1.4140625
g,-1.8046875,g,-1.8125
g,-1.6796875,g,-1.6484375
a,-1.140625,a,-1.171875
a,-1.078125,a,-1.09375
t,-1.359375,t,-1.3984375
g,-1.4609375,g,-1.4453125
g,-1.5,g,-1.4921875
t,-1.21875,t,-1.1875
a,-1.328125,a,-1.3828125
t,-1.1015625,t,-1.1484375
t,-0.984375,t,-0.984375
t,-0.9375,t,-0.890625
a,-1.453125,a,-1.4140625
g,-1.7265625,g,-1.671875
g,-1.46875,g,-1.4609375
c,-1.953125,c,-1.96875
a,-0.96484375,a,-0.95703125
a,-1.3046875,a,-1.3046875
t,-1.3125,t,-1.3515625
t,-1.0390625,t,-1.0546875
t,-0.97265625,t,-0.9453125
t,-0.9609375,t,-0.97265625
t,-0.98046875,t,-0.96484375
t,-0.95703125,t,-0.99609375
t,-0.78125,t,-0.75390625
t,-0.703125,t,-0.703125
t,-0.5625,t,-0.5546875
t,-0.42578125,t,-0.4140625
t,-0.29882812,t,-0.31445312
t,-0.23339844,t,-0.22460938
t,-0.1953125,t,-0.18164062
t,-0.14746094,t,-0.15234375
t,-0.13867188,t,-0.14160156
c,-3.765625,c,-3.765625
g,-4.0625,g,-4.0625
a,-0.62890625,a,-0.6328125
g,-0.23339844,g,-0.24121094
a,-0.16503906,a,-0.171875
t,-1.765625,t,-1.7578125
g,-0.51171875,g,-0.48828125
g,-0.15039062,g,-0.13671875
a,-0.54296875,a,-0.52734375
g,-0.08154297,g,-0.08251953
t,-0.0077209473,t,-0.0074157715
c,-0.21582031,c,-0.22753906
t,-0.022216797,t,-0.018554688
t,-1.078125,t,-1.15625
g,-0.09863281,g,-0.095214844
c,-0.06347656,c,-0.06591797
t,-0.021850586,t,-0.01940918
c,-0.14648438,c,-0.14355469
t,-0.011291504,t,-0.00970459
g,-0.056884766,g,-0.06225586
t,-0.01928711,t,-0.020507812
c,-0.42578125,c,-0.38476562
g,-0.99609375,g,-1.0
c,-0.0154418945,c,-0.014953613
t,-4.25,t,-4.375
c,-0.19335938,c,-0.19824219
a,-0.017333984,a,-0.014404297
g,-0.05859375,g,-0.05908203
g,-0.028198242,g,-0.02746582
c,-0.04638672,c,-0.042236328
t,-0.19335938,t,-0.19335938
g,-0.09423828,g,-0.12011719
g,-0.038085938,g,-0.040527344
a,-0.203125,a,-0.19726562
g,-0.061767578,g,-0.056396484
t,-0.0546875,t,-0.052001953
g,-0.055908203,g,-0.057617188
c,-0.0546875,c,-0.046142578
a,-0.022705078,a,-0.020751953
g,-0.24609375,g,-0.22070312
t,-0.012878418,t,-0.011779785
g,-0.026123047,g,-0.022705078
g,-0.041503906,g,-0.04272461
c,-0.39648438,c,-0.37695312
a,-0.70703125,a,-0.7734375
c,-0.4765625,c,-0.47851562
c,-2.5,c,-2.53125
a,-0.061767578,a,-0.0703125
t,-0.16796875,t,-0.16894531
t,-1.1171875,t,-1.15625
t,-0.20214844,t,-0.19140625
c,-0.65625,c,-0.6796875
a,-0.48242188,a,-0.515625
g,-0.18164062,g,-0.20605469
c,-0.16992188,c,-0.17382812
t,-0.875,t,-0.83984375
c,-0.4375,c,-0.49609375
a,-0.18652344,a,-0.18457031
c,-0.48242188,c,-0.5
t,-0.057128906,t,-0.06347656
g,-0.068847656,g,-0.064453125
c,-0.057373047,c,-0.051757812
a,-0.0058898926,a,-0.005645752
a,-0.11425781,a,-0.12158203
c,-0.107421875,c,-0.12109375
t,-2.890625,t,-3.0
t,-0.04663086,t,-0.044921875
c,-0.14648438,c,-0.15332031
c,-0.9296875,c,-0.8203125
a,-0.921875,a,-0.84765625
c,-0.31054688,c,-0.296875
c,-0.047851562,c,-0.05102539
t,-0.012878418,t,-0.014709473
c,-0.037109375,c,-0.036376953
c,-0.12988281,c,-0.14648438
t,-0.62890625,t,-0.60546875
g,-0.13671875,g,-0.13867188
g,-0.12597656,g,-0.12988281
g,-0.072265625,g,-0.072753906
t,-0.100097656,t,-0.10253906
t,-0.012756348,t,-0.014221191
c,-0.044921875,c,-0.043701172
a,-0.010009766,a,-0.0095825195
a,-0.040283203,a,-0.037353516
g,-0.044433594,g,-0.03955078
t,-1.1015625,t,-1.0703125
g,-0.088378906,g,-0.07861328
a,-0.017089844,a,-0.019042969
t,-0.0050964355,t,-0.0051574707
t,-0.09814453,t,-0.10986328
c,-0.15429688,c,-0.15039062
t,-0.05078125,t,-0.048339844
c,-0.07910156,c,-0.07910156
c,-0.123046875,c,-0.107421875
t,-0.059814453,t,-0.059570312
g,-0.09375,g,-0.092285156
c,-0.09082031,c,-0.08496094
t,-3.71875,t,-3.890625
t,-0.047607422,t,-0.053710938
c,-0.06689453,c,-0.07128906
a,-0.05444336,a,-0.04736328
g,-0.068847656,g,-0.076660156
c,-0.061279297,c,-0.05883789
c,-0.06347656,c,-0.06640625
t,-0.01928711,t,-0.019897461
c,-0.027709961,c,-0.027954102
c,-0.109375,c,-0.104003906
c,-0.39257812,c,-0.40820312
a,-0.6875,a,-0.6015625
a,-0.041503906,a,-0.03930664
g,-0.092285156,g,-0.11035156
t,-0.024291992,t,-0.025024414
a,-0.095214844,a,-0.10546875
g,-0.05419922,g,-0.05029297
c,-0.029418945,c,-0.032958984
t,-0.0067443848,t,-0.0072631836
g,-0.04321289,g,-0.045654297
a,-3.109375,a,-3.0625
g,-0.043945312,g,-0.048583984
a,-0.068359375,a,-0.06738281
t,-0.49609375,t,-0.44921875
t,-0.14648438,t,-0.12890625
a,-0.20800781,a,-0.20117188
c,-0.083496094,c,-0.09082031
a,-0.061523438,a,-0.07324219
g,-0.09082031,g,-0.080078125
g,-0.07714844,g,-0.09326172
c,-0.44726562,c,-0.44726562
a,-0.39257812,a,-0.38867188
c,-0.69140625,c,-0.6875
c,-0.6640625,c,-0.67578125
c,-0.77734375,c,-0.78125
g,-0.51953125,g,-0.49804688
c,-0.03466797,c,-0.037109375
c,-0.012878418,c,-0.014343262
a,-0.0087890625,a,-0.007598877
c,-0.13671875,c,-0.14746094
c,-0.037109375,c,-0.039794922
a,-0.06542969,a,-0.061035156
c,-0.34960938,c,-0.3125
a,-1.28125,a,-1.28125
c,-0.036865234,c,-0.040527344
c,-0.06591797,c,-0.06298828
c,-0.53125,c,-0.5234375
g,-0.8046875,g,-0.7734375
g,-0.040527344,g,-0.040039062
c,-0.026367188,c,-0.024536133
t,-0.09277344,t,-0.104003906
t,-5.03125,t,-4.75
a,-0.099609375,a,-0.11669922
t,-0.609375,t,-0.61328125
t,-0.11035156,t,-0.12890625
t,-0.11376953,t,-0.10498047
t,-0.140625,t,-0.114746094
g,-1.9453125,g,-1.9375
t,-0.14257812,t,-0.15820312
a,-0.119140625,a,-0.11230469
t,-0.27734375,t,-0.28320312
t,-0.013916016,t,-0.013427734
t,-0.024047852,t,-0.021850586
t,-0.0087890625,t,-0.0076904297
t,-0.037597656,t,-0.041503906
a,-0.17578125,a,-0.18652344
g,-0.13574219,g,-0.12890625
t,-0.040039062,t,-0.03540039
a,-0.018676758,a,-0.022338867
g,-0.02746582,g,-0.028198242
a,-0.015991211,a,-0.01550293
g,-0.033935547,g,-0.032470703
a,-0.033935547,a,-0.03173828
t,-1.0703125,t,-0.953125
g,-0.099121094,g,-0.09375
g,-0.041748047,g,-0.044921875
g,-0.10498047,g,-0.107421875
g,-0.10498047,g,-0.11669922
t,-0.031982422,t,-0.026855469
t,-0.038085938,t,-0.037841797
t,-0.022338867,t,-0.018066406
c,-0.13867188,c,-0.13867188
a,-0.14746094,a,-0.15332031
c,-0.042236328,c,-0.03930664
c,-0.12792969,c,-0.13476562
a,-0.14257812,a,-0.15722656
t,-0.03100586,t,-0.032714844
g,-0.08300781,g,-0.09033203
t,-0.008728027,t,-0.008666992
t,-0.018188477,t,-0.01928711
g,-0.12597656,g,-0.1171875
g,-0.07861328,g,-0.084472656
c,-0.12060547,c,-0.12109375
c,-0.020019531,c,-0.020019531
a,-0.017456055,a,-0.020141602
g,-0.044677734,g,-0.04272461
g,-0.025024414,g,-0.027709961
c,-0.16015625,c,-0.16796875
t,-0.015136719,t,-0.01361084
g,-0.041015625,g,-0.044921875
g,-0.064941406,g,-0.064941406
t,-0.011779785,t,-0.010375977
c,-0.026977539,c,-0.02746582
t,-0.022705078,t,-0.023803711
t,-1.0,t,-0.921875
g,-0.08886719,g,-0.083496094
a,-0.0044555664,a,-0.0044555664
a,-0.032470703,a,-0.034423828
c,-0.016967773,c,-0.018188477
t,-0.038085938,t,-0.038085938
c,-0.08251953,c,-0.08691406
c,-0.10546875,c,-0.11425781
t,-0.06542969,t,-0.07470703
g,-0.05517578,g,-0.05444336
a,-0.13085938,a,-0.15527344
c,-0.15429688,c,-0.14160156
c,-0.06298828,c,-0.06689453
t,-0.010070801,t,-0.010986328
c,-0.072753906,c,-0.0859375
a,-0.12597656,a,-0.14550781
a,-1.03125,a,-1.0234375
g,-0.048095703,g,-0.048095703
t,-0.06347656,t,-0.064453125
g,-0.16796875,g,-0.14941406
a,-0.004638672,a,-0.0063476562
t,-0.029418945,t,-0.025268555
c,-0.10449219,c,-0.099121094
t,-1.6171875,t,-1.5234375
c,-4.875,c,-4.8125
c,-0.24804688,c,-0.24902344
c,-0.19921875,c,-0.171875
c,-0.80859375,c,-0.80859375
a,-0.8125,a,-0.80859375
c,-0.30078125,c,-0.25585938
c,-0.66015625,c,-0.6875
t,-0.078125,t,-0.07421875
t,-0.875,t,-0.8046875
g,-0.39257812,g,-0.35546875
g,-0.17871094,g,-0.18359375
c,-0.15039062,c,-0.14257812
c,-0.25585938,c,-0.28515625
t,-0.046875,t,-0.047607422
t,-4.40625,t,-4.40625
c,-0.27148438,c,-0.265625
c,-0.11425781,c,-0.11376953
a,-0.016235352,a,-0.018188477
a,-0.087402344,a,-0.09667969
a,-0.064453125,a,-0.063964844
g,-0.03564453,g,-0.037597656
t,-0.009460449,t,-0.009460449
g,-0.34375,g,-0.3671875
c,-0.091308594,c,-0.08984375
t,-0.024169922,t,-0.02722168
a,-2.140625,a,-2.140625
g,-0.080078125,g,-0.083984375
g,-0.114746094,g,-0.11376953
a,-0.038085938,a,-0.036621094
t,-0.037353516,t,-0.033203125
t,-0.03100586,t,-0.030517578
a,-0.05883789,a,-0.05078125
c,-0.052490234,c,-0.052246094
a,-0.010375977,a,-0.011352539
g,-0.076660156,g,-0.07714844
g,-0.05517578,g,-0.05908203
c,-0.328125,c,-0.3125
g,-0.78515625,g,-0.8203125
c,-3.34375,c,-3.234375
c,-1.6953125,c,-1.6640625
t,-1.6875,t,-1.6328125
a,-3.125,a,-3.0625
g,-5.34375,g,-5.4375
c,-0.13085938,c,-0.15332031
c,-3.609375,c,-3.609375
t,-0.4140625,t,-0.33984375
a,-3.109375,a,-3.0
g,-0.35351562,g,-0.30664062
g,-2.96875,g,-3.0
c,-0.47851562,c,-0.515625
a,-1.15625,a,-1.1953125
g,-1.5859375,g,-1.6171875
t,-2.0625,t,-2.046875
c,-2.15625,c,-2.078125
a,-1.8828125,a,-1.8828125
t,-2.65625,t,-2.5625
t,-1.9453125,t,-1.8203125
t,-0.8515625,t,-0.8515625
t,-1.109375,t,-1.171875
c,-2.40625,c,-2.46875
a,-1.3359375,a,-1.2890625
a,-1.8046875,a,-1.796875
a,-0.671875,a,-0.7109375
a,-1.0,a,-1.0859375
a,-0.8359375,a,-0.82421875
a,-0.765625,a,-0.79296875
c,-2.46875,c,-2.484375
a,-0.63671875,a,-0.62109375
a,-0.8671875,a,-0.84765625
g,-2.6875,g,-2.6875
c,-1.5390625,c,-1.5078125
a,-0.8671875,a,-0.8671875
t,-1.21875,t,-1.25
g,-1.625,g,-1.625
a,-1.40625,a,-1.2890625
c,-1.859375,c,-1.84375
t,-1.1484375,t,-1.1484375
c,-1.125,c,-1.109375
a,-1.1328125,a,-1.1484375
c,-0.94921875,c,-0.96484375
c,-1.8984375,c,-1.8828125
a,-1.1875,a,-1.1953125
a,-1.359375,a,-1.4296875
a,-1.1875,a,-1.1875
a,-1.0390625,a,-1.0390625
g,-1.734375,g,-1.8046875
t,-1.171875,t,-1.140625
t,-1.3203125,t,-1.265625
t,-0.90625,t,-0.8984375
t,-0.99609375,t,-0.984375
a,-1.484375,a,-1.484375
a,-1.125,a,-1.046875
g,-1.6875,g,-1.796875
a,-1.0546875,a,-0.98828125
t,-1.34375,t,-1.34375
t,-1.1171875,t,-1.1015625
t,-0.87890625,t,-0.86328125
t,-0.83984375,t,-0.890625
c,-1.828125,c,-1.7734375
t,-0.7890625,t,-0.77734375
g,-1.7265625,g,-1.7578125
t,-1.0234375,t,-1.0859375
g,-1.609375,g,-1.5625
a,-1.421875,a,-1.4140625
t,-1.15625,t,-1.15625
a,-1.3828125,a,-1.3515625
a,-1.234375,a,-1.265625
t,-1.078125,t,-1.09375
g,-1.5234375,g,-1.546875
t,-0.9140625,t,-0.9140625
t,-0.9453125,t,-0.9375
c,-1.9296875,c,-1.90625
t,-0.8828125,t,-0.890625
t,-0.99609375,t,-1.0234375
a,-1.4375,a,-1.4609375
t,-1.0625,t,-1.0625
t,-0.85546875,t,-0.8828125
g,-1.90625,g,-1.90625
a,-1.2734375,a,-1.3203125
g,-1.65625,g,-1.6328125
g,-1.65625,g,-1.6171875
c,-1.703125,c,-1.6953125
t,-0.91796875,t,-0.90234375
t,-1.1171875,t,-1.1640625
a,-1.5625,a,-1.5625
c,-1.84375,c,-1.859375
a,-1.109375,a,-1.09375
t,-1.140625,t,-1.140625
t,-1.015625,t,-1.0078125
a,-1.5234375,a,-1.515625
t,-0.98046875,t,-0.98046875
a,-1.1015625,a,-1.125
t,-0.9921875,t,-1.03125
t,-1.0859375,t,-1.0859375
a,-1.359375,a,-1.40625
c,-1.8359375,c,-1.8359375
a,-0.859375,a,-0.8671875
g,-1.6875,g,-1.6484375
t,-1.015625,t,-0.9765625
t,-0.9765625,t,-0.921875
t,-0.93359375,t,-0.91796875
c,-1.7890625,c,-1.7265625
t,-0.91796875,t,-0.84765625
t,-1.0390625,t,-0.98046875
g,-1.8828125,g,-1.8828125
a,-1.1484375,a,-1.1953125
a,-1.09375,a,-1.09375
t,-1.203125,t,-1.203125
c,-1.9765625,c,-1.9140625
t,-0.79296875,t,-0.80859375
a,-1.6640625,a,-1.5859375
a,-1.140625,a,-1.125
a,-1.0546875,a,-1.03125
a,-1.0390625,a,-1.0546875
t,-1.1875,t,-1.1796875
g,-1.578125,g,-1.6796875
a,-1.25,a,-1.2421875
t,-1.2421875,t,-1.2890625
g,-1.546875,g,-1.5
t,-1.0546875,t,-1.0546875
a,-1.34375,a,-1.3828125
c,-2.09375,c,-2.09375
c,-1.7421875,c,-1.6875
c,-1.65625,c,-1.65625
t,-1.03125,t,-0.98828125
c,-1.6328125,c,-1.59375
t,-0.83203125,t,-0.8671875
t,-1.078125,t,-1.0546875
a,-1.5078125,a,-1.5078125
g,-1.75,g,-1.75
a,-1.1953125,a,-1.109375
a,-0.86328125,a,-0.875
t,-1.375,t,-1.34375
a,-1.265625,a,-1.3046875
t,-1.1796875,t,-1.1640625
a,-1.2421875,a,-1.3515625
t,-1.0,t,-1.0234375
a,-1.171875,a,-1.2109375
c,-1.8671875,c,-1.90625
a,-0.83203125,a,-0.78515625
t,-0.91796875,t,-0.9296875
c,-2.3125,c,-2.28125
a,-1.1015625,a,-1.0703125
t,-1.0625,t,-1.078125
g,-1.71875,g,-1.7734375
c,-2.015625,c,-2.0
t,-1.09375,t,-1.0546875
t,-1.0078125,t,-1.0078125
c,-1.703125,c,-1.7890625
a,-1.2109375,a,-1.15625
t,-1.078125,t,-1.078125
t,-0.91796875,t,-0.91015625
g,-1.8828125,g,-1.8125
g,-1.8671875,g,-1.796875
t,-1.09375,t,-1.1015625
c,-1.8984375,c,-1.8984375
t,-0.859375,t,-0.875
c,-1.7109375,c,-1.6875
a,-1.15625,a,-1.203125
g,-1.3984375,g,-1.3984375
g,-1.6796875,g,-1.65625
g,-1.8828125,g,-1.90625
g,-1.78125,g,-1.78125
g,-2.203125,g,-2.140625
c,-1.78125,c,-1.78125
t,-0.93359375,t,-0.921875
g,-1.1015625,g,-1.0625
a,-1.390625,a,-1.4296875
t,-1.5546875,t,-1.6015625
t,-1.0703125,t,-1.0703125
t,-0.921875,t,-0.921875
t,-0.80078125,t,-0.87109375
t,-0.8984375,t,-0.8828125
a,-1.484375,a,-1.5859375
t,-1.1015625,t,-1.1015625
a,-1.53125,a,-1.46875
a,-1.3125,a,-1.3125
g,-1.7734375,g,-1.8359375
g,-1.4765625,g,-1.484375
a,-1.0859375,a,-1.109375
g,-1.7421875,g,-1.765625
a,-1.0390625,a,-1.0390625
g,-1.515625,g,-1.53125
a,-0.921875,a,-0.92578125
t,-1.3359375,t,-1.34375
t,-1.1640625,t,-1.1015625
t,-0.9140625,t,-0.93359375
g,-1.625,g,-1.6875
c,-1.84375,c,-1.8046875
t,-0.84765625,t,-0.79296875
a,-1.78125,a,-1.71875
g,-1.4140625,g,-1.3984375
t,-1.328125,t,-1.3671875
t,-1.015625,t,-1.0078125
t,-0.82421875,t,-0.8125
t,-0.9453125,t,-0.9453125
c,-1.75,c,-1.75
a,-1.140625,a,-1.140625
c,-1.90625,c,-1.890625
a,-1.0078125,a,-0.984375
a,-1.4375,a,-1.4375
t,-1.21875,t,-1.2578125
a,-1.4140625,a,-1.4609375
t,-1.0234375,t,-1.03125
g,-1.625,g,-1.6015625
t,-0.953125,t,-0.99609375
c,-1.953125,c,-1.9375
c,-1.4609375,c,-1.4609375
t,-0.9609375,t,-0.921875
c,-1.625,c,-1.640625
t,-0.87890625,t,-0.83984375
a,-1.5859375,a,-1.5859375
a,-1.28125,a,-1.1953125
g,-1.578125,g,-1.625
t,-1.265625,t,-1.296875
t,-1.1640625,t,-1.1484375
g,-1.6640625,g,-1.6640625
g,-1.453125,g,-1.53125
c,-1.7109375,c,-1.65625
a,-1.09375,a,-1.0390625
t,-1.1328125,t,-1.171875
g,-1.5703125,g,-1.609375
t,-1.09375,t,-1.0703125
a,-1.5546875,a,-1.484375
t,-1.0234375,t,-1.0234375
a,-1.3671875,a,-1.4140625
g,-1.84375,g,-1.7421875
c,-1.828125,c,-1.8125
t,-1.140625,t,-1.125
a,-1.4375,a,-1.5078125
a,-1.3359375,a,-1.3203125
a,-1.234375,a,-1.21875
c,-1.8984375,c,-1.875
a,-0.8984375,a,-0.84765625
g,-1.5703125,g,-1.6015625
g,-1.6015625,g,-1.6796875
c,-1.5625,c,-1.578125
t,-0.95703125,t,-1.0390625
t,-1.3125,t,-1.3359375
t,-1.0546875,t,-1.0546875
c,-1.7109375,c,-1.7421875
a,-1.1875,a,-1.1875
t,-1.3125,t,-1.25
a,-1.4765625,a,-1.484375
a,-1.2265625,a,-1.2421875
a,-1.0546875,a,-1.0625
a,-1.0859375,a,-1.109375
a,-1.0,a,-0.94921875
t,-1.234375,t,-1.2734375
a,-1.0859375,a,-1.125
t,-1.2265625,t,-1.2265625
a,-1.0859375,a,-1.1015625
c,-1.828125,c,-1.828125
a,-0.61328125,a,-0.59765625
a,-1.203125,a,-1.2265625
t,-1.4296875,t,-1.4375
t,-1.03125,t,-1.046875
t,-0.98828125,t,-1.0078125
a,-1.296875,a,-1.2890625
g,-2.046875,g,-2.015625
t,-1.1171875,t,-1.1875
t,-1.125,t,-1.03125
a,-1.2265625,a,-1.3046875
a,-1.1484375,a,-1.125
t,-1.1015625,t,-1.0703125
g,-1.8359375,g,-1.890625
a,-1.046875,a,-1.109375
a,-0.99609375,a,-0.99609375
a,-0.91015625,a,-0.9765625
t,-1.109375,t,-1.0859375
t,-1.0234375,t,-0.984375
t,-0.93359375,t,-0.953125
g,-1.7890625,g,-1.7890625
g,-1.8359375,g,-1.796875
g,-1.515625,g,-1.5
a,-1.0859375,a,-1.140625
t,-1.2734375,t,-1.2734375
a,-1.2421875,a,-1.2734375
t,-1.078125,t,-1.140625
a,-1.234375,a,-1.2734375
g,-1.6484375,g,-1.625
t,-1.109375,t,-1.0625
c,-2.015625,c,-1.9921875
t,-0.84375,t,-0.890625
t,-1.015625,t,-1.015625
t,-1.0703125,t,-1.0390625
t,-0.96875,t,-0.94921875
a,-1.25,a,-1.34375
t,-1.2109375,t,-1.171875
g,-1.9140625,g,-1.8671875
a,-1.1953125,a,-1.1484375
t,-1.21875,t,-1.1796875
t,-1.015625,t,-0.97265625
g,-1.8515625,g,-1.9453125
a,-1.4296875,a,-1.34375
a,-1.1328125,a,-1.046875
a,-1.0234375,a,-1.015625
t,-1.0390625,t,-1.0859375
a,-1.28125,a,-1.2421875
a,-1.0703125,a,-1.0703125
t,-1.0625,t,-1.1328125
t,-1.03125,t,-0.9609375
t,-0.875,t,-0.875
t,-0.8125,t,-0.8125
g,-1.90625,g,-1.9609375
c,-2.03125,c,-1.984375
t,-0.84375,t,-0.85546875
a,-1.25,a,-1.3125
a,-1.1484375,a,-1.171875
a,-0.9140625,a,-0.9140625
t,-1.0546875,t,-1.09375
a,-1.0390625,a,-1.03125
g,-2.125,g,-2.078125
a,-1.2265625,a,-1.3046875
c,-1.890625,c,-1.921875
t,-1.1484375,t,-1.15625
g,-1.734375,g,-1.75
t,-1.03125,t,-1.0078125
c,-2.015625,c,-2.0
t,-0.80078125,t,-0.78125
c,-1.6875,c,-1.6875
t,-0.90234375,t,-0.90234375
g,-1.5234375,g,-1.4296875
a,-1.1015625,a,-1.0703125
t,-1.390625,t,-1.4140625
t,-1.0234375,t,-1.03125
t,-0.8671875,t,-0.9140625
a,-1.453125,a,-1.453125
t,-1.09375,t,-1.1015625
t,-0.7890625,t,-0.75390625
a,-1.5078125,a,-1.4765625
g,-1.75,g,-1.765625
g,-1.625,g,-1.5
t,-1.15625,t,-1.15625
a,-1.1796875,a,-1.1953125
a,-1.234375,a,-1.25
t,-1.15625,t,-1.125
c,-2.03125,c,-2.0625
a,-0.9375,a,-0.9375
c,-1.7890625,c,-1.8359375
c,-1.75,c,-1.8515625
a,-0.94140625,a,-0.92578125
c,-1.5859375,c,-1.578125
t,-1.015625,t,-1.03125
c,-1.9375,c,-1.890625
t,-0.9140625,t,-0.86328125
t,-1.1796875,t,-1.1640625
a,-1.5078125,a,-1.4296875
t,-1.3671875,t,-1.375
t,-1.0390625,t,-1.0078125
t,-0.85546875,t,-0.85546875
t,-0.91015625,t,-0.91015625
g,-1.7578125,g,-1.734375
t,-0.8515625,t,-0.89453125
t,-0.7734375,t,-0.7890625
t,-0.640625,t,-0.62109375
t,-0.66015625,t,-0.66015625
a,-1.84375,a,-1.859375
c,-2.0625,c,-2.09375
t,-0.7109375,t,-0.6875
t,-0.73828125,t,-0.69140625
c,-1.96875,c,-1.921875
c,-1.453125,c,-1.40625
t,-0.78125,t,-0.80078125
t,-0.921875,t,-0.9140625
a,-1.6015625,a,-1.6328125
a,-1.1640625,a,-1.15625
t,-1.21875,t,-1.1953125
g,-1.6796875,g,-1.734375
t,-0.953125,t,-0.93359375
c,-1.828125,c,-1.8671875
t,-0.76953125,t,-0.78515625
a,-1.546875,a,-1.546875
c,-1.8984375,c,-1.8359375
a,-1.015625,a,-1.0546875
t,-0.98046875,t,-0.9921875
a,-1.2265625,a,-1.15625
g,-1.75,g,-1.828125
a,-1.0859375,a,-1.0625
a,-1.03125,a,-1.09375
a,-0.91796875,a,-0.8984375
g,-1.78125,g,-1.7734375
g,-1.625,g,-1.6171875
a,-1.0546875,a,-1.0
a,-0.796875,a,-0.80078125
a,-0.8203125,a,-0.8046875
t,-1.25,t,-1.3203125
g,-1.609375,g,-1.625
a,-0.97265625,a,-0.98828125
g,-1.6953125,g,-1.671875
a,-0.97265625,a,-0.96875
a,-0.92578125,a,-0.9921875
a,-0.88671875,a,-0.88671875
a,-0.9140625,a,-0.9296875
a,-0.93359375,a,-0.921875
t,-1.359375,t,-1.3515625
c,-2.125,c,-2.078125
c,-1.5859375,c,-1.5859375
a,-0.96484375,a,-0.90625
g,-1.5078125,g,-1.484375
a,-1.09375,a,-1.0546875
g,-1.5703125,g,-1.4609375
g,-1.46875,g,-1.4609375
t,-1.2109375,t,-1.2890625
t,-1.1484375,t,-1.1640625
g,-1.5546875,g,-1.609375
t,-1.125,t,-1.125
c,-1.875,c,-1.9296875
a,-0.96875,a,-1.03125
t,-1.125,t,-1.1171875
t,-1.1171875,t,-1.0859375
t,-0.9296875,t,-0.8984375
g,-1.6875,g,-1.71875
a,-1.21875,a,-1.21875
c,-1.953125,c,-1.96875
t,-1.0390625,t,-1.046875
t,-0.97265625,t,-0.94921875
a,-1.640625,a,-1.5625
t,-1.171875,t,-1.1484375
g,-1.6640625,g,-1.6640625
a,-1.2265625,a,-1.2265625
g,-1.5859375,g,-1.5390625
t,-1.1796875,t,-1.2265625
c,-1.84375,c,-1.78125
t,-0.9140625,t,-0.93359375
g,-1.2578125,g,-1.3046875
t,-1.03125,t,-1.0390625
t,-1.1640625,t,-1.1796875
t,-0.734375,t,-0.75390625
g,-1.734375,g,-1.71875
a,-1.296875,a,-1.296875
c,-1.859375,c,-1.875
t,-0.92578125,t,-0.953125
t,-1.0625,t,-1.0625
c,-1.6640625,c,-1.6484375
a,-1.078125,a,-1.0625
g,-1.234375,g,-1.234375
g,-1.546875,g,-1.484375
a,-1.078125,a,-1.078125
t,-1.3359375,t,-1.3125
t,-1.1015625,t,-1.1328125
t,-0.9453125,t,-0.94921875
g,-1.5,g,-1.5390625
g,-1.515625,g,-1.515625
t,-1.3515625,t,-1.2734375
a,-1.3125,a,-1.3203125
c,-2.0,c,-1.9375
a,-1.1015625,a,-1.0625
t,-1.1953125,t,-1.1640625
g,-1.4765625,g,-1.4921875
a,-1.390625,a,-1.390625
a,-1.15625,a,-1.140625
a,-1.1484375,a,-1.1015625
t,-1.203125,t,-1.234375
t,-1.2109375,t,-1.1953125
t,-1.046875,t,-1.03125
c,-1.7265625,c,-1.65625
a,-0.98046875,a,-0.99609375
c,-1.8125,c,-1.8203125
t,-0.96484375,t,-0.96484375
t,-1.03125,t,-1.0234375
a,-1.390625,a,-1.375
a,-1.21875,a,-1.2421875
t,-1.1484375,t,-1.1875
c,-2.03125,c,-2.015625
t,-0.875,t,-0.88671875
t,-1.046875,t,-0.99609375
t,-0.85546875,t,-0.8828125
t,-0.90625,t,-0.8984375
t,-0.85546875,t,-0.8671875
g,-2.0,g,-2.0
a,-1.25,a,-1.25
t,-1.28125,t,-1.25
a,-1.34375,a,-1.296875
t,-0.9140625,t,-0.92578125
g,-1.765625,g,-1.7890625
t,-0.86328125,t,-0.94921875
a,-1.2578125,a,-1.2421875
t,-0.921875,t,-0.91015625
a,-1.25,a,-1.140625
a,-1.453125,a,-1.421875
a,-1.1171875,a,-1.1484375
a,-1.0859375,a,-1.1328125
c,-2.0,c,-2.125
a,-0.71484375,a,-0.765625
a,-1.125,a,-1.1484375
a,-0.7421875,a,-0.703125
t,-1.15625,t,-1.15625
a,-1.0,a,-1.0
t,-1.0703125,t,-1.0625
t,-1.0546875,t,-1.078125
c,-2.046875,c,-2.015625
t,-0.90234375,t,-0.89453125
g,-1.6328125,g,-1.65625
g,-1.8671875,g,-1.8828125
g,-1.65625,g,-1.65625
t,-1.140625,t,-1.1875
a,-1.1640625,a,-1.1640625
a,-1.109375,a,-1.15625
t,-1.0390625,t,-1.0546875
t,-0.91796875,t,-0.94140625
a,-1.296875,a,-1.296875
t,-1.0,t,-0.98828125
t,-0.91796875,t,-0.90625
t,-0.72265625,t,-0.72265625
t,-0.83203125,t,-0.859375
t,-0.8359375,t,-0.828125
a,-1.2265625,a,-1.234375
t,-1.015625,t,-1.03125
c,-2.171875,c,-2.171875
c,-1.828125,c,-1.796875
t,-0.87109375,t,-0.87109375
t,-0.765625,t,-0.765625
t,-0.7265625,t,-0.7265625
t,-0.83203125,t,-0.78515625
g,-1.921875,g,-1.8984375
g,-1.8046875,g,-1.8046875
t,-1.0859375,t,-1.0703125
t,-0.77734375,t,-0.7734375
t,-0.625,t,-0.63671875
t,-0.66015625,t,-0.6484375
g,-1.6484375,g,-1.75
a,-1.3828125,a,-1.40625
g,-1.1875,g,-1.15625
t,-1.2734375,t,-1.34375
c,-1.78125,c,-1.6953125
c,-1.7421875,c,-1.6875
t,-0.7890625,t,-0.80078125
t,-1.03125,t,-1.0390625
t,-0.90234375,t,-0.875
t,-0.80859375,t,-0.80859375
t,-0.80859375,t,-0.81640625
a,-1.4921875,a,-1.4921875
t,-1.046875,t,-1.125
t,-0.74609375,t,-0.73828125
c,-2.03125,c,-2.046875
c,-1.3828125,c,-1.3828125
t,-0.68359375,t,-0.68359375
a,-1.8828125,a,-1.875
t,-1.1796875,t,-1.140625
c,-1.828125,c,-1.8203125
a,-1.2421875,a,-1.2890625
t,-1.0,t,-1.0
a,-1.5703125,a,-1.59375
t,-0.93359375,t,-0.9609375
t,-1.0,t,-0.98828125
g,-1.875,g,-1.796875
a,-1.3671875,a,-1.375
a,-1.125,a,-1.0703125
a,-1.0,a,-1.0546875
t,-1.0546875,t,-1.0859375
t,-1.0078125,t,-0.9921875
g,-1.84375,g,-1.8359375
g,-1.7421875,g,-1.640625
t,-1.0625,t,-1.046875
a,-1.3203125,a,-1.3125
a,-1.28125,a,-1.25
g,-1.9140625,g,-1.8828125
t,-1.0546875,t,-1.046875
t,-0.90234375,t,-0.95703125
a,-1.3125,a,-1.375
a,-1.0546875,a,-1.0546875
t,-1.1328125,t,-1.09375
t,-0.87890625,t,-0.85546875
t,-0.8046875,t,-0.76953125
t,-0.7890625,t,-0.7890625
c,-1.90625,c,-1.9375
c,-1.6328125,c,-1.5859375
t,-0.8203125,t,-0.85546875
t,-0.8984375,t,-0.921875
t,-0.76953125,t,-0.7421875
g,-1.90625,g,-1.8203125
a,-1.296875,a,-1.3359375
a,-1.0703125,a,-1.0703125
a,-0.9375,a,-0.9375
t,-1.1328125,t,-1.1328125
a,-1.3359375,a,-1.3359375
t,-1.1015625,t,-1.03125
t,-0.91796875,t,-0.87890625
c,-1.9921875,c,-1.9921875
c,-1.515625,c,-1.5625
t,-0.9375,t,-0.8984375
t,-0.9296875,t,-0.93359375
a,-1.5078125,a,-1.5859375
t,-1.1015625,t,-1.1015625
a,-1.3125,a,-1.3125
g,-1.8828125,g,-1.8984375
C,-6.90625,C,-6.78125
C,-1.734375,C,-1.734375
A,-0.703125,A,-0.703125
G,-1.21875,G,-1.2421875
G,-1.6640625,G,-1.640625
T,-1.5703125,T,-1.5703125
C,-1.296875,C,-1.3125
T,-1.078125,T,-1.0390625
A,-2.046875,A,-2.109375
A,-1.671875,A,-1.671875
A,-1.171875,A,-1.171875
A,-1.2265625,A,-1.265625
T,-1.5078125,T,-1.4921875
T,-1.3046875,T,-1.3203125
C,-1.453125,C,-1.453125
A,-1.1171875,A,-1.1171875
A,-1.328125,A,-1.4140625
T,-1.4765625,T,-1.484375
G,-1.0703125,G,-1.125
G,-1.3984375,G,-1.3984375
C,-1.328125,C,-1.328125
C,-1.25,C,-1.2890625
C,-1.546875,C,-1.5234375
A,-1.140625,A,-1.1328125
C,-1.5859375,C,-1.5859375
C,-1.390625,C,-1.421875
A,-1.2265625,A,-1.2421875
C,-1.34375,C,-1.3203125
C,-1.1484375,C,-1.1328125
G,-2.421875,G,-2.390625
C,-1.21875,C,-1.1875
C,-1.0625,C,-1.09375
A,-1.15625,A,-1.140625
C,-1.2109375,C,-1.2265625
C,-0.94140625,C,-0.92578125
G,-2.21875,G,-2.203125
C,-1.09375,C,-1.09375
C,-0.98828125,C,-1.0
A,-1.09375,A,-1.140625
C,-1.140625,C,-1.140625
C,-0.875,C,-0.875
A,-1.2265625,A,-1.2265625
C,-1.1484375,C,-1.1484375
C,-0.85546875,C,-0.85546875
A,-1.1328125,A,-1.140625
C,-1.1484375,C,-1.1484375
C,-0.8828125,C,-0.8828125
A,-1.15625,A,-1.1328125
C,-1.09375,C,-1.1015625
C,-0.87109375,C,-0.85546875
C,-1.3046875,C,-1.296875
C,-1.015625,C,-1.0546875
A,-1.3125,A,-1.3671875
C,-1.515625,C,-1.46875
T,-1.5078125,T,-1.546875
T,-1.7734375,T,-1.7734375
A,-2.03125,A,-1.9921875
C,-1.125,C,-1.125
T,-1.3203125,T,-1.3203125
A,-1.9296875,A,-1.9296875
T,-1.6015625,T,-1.6484375
C,-1.359375,C,-1.3203125
A,-1.171875,A,-1.171875
T,-1.53125,T,-1.5625
G,-1.109375,G,-1.0859375
C,-1.609375,C,-1.625
T,-1.1015625,T,-1.109375
G,-0.7890625,G,-0.7890625
G,-1.2890625,G,-1.2734375
C,-1.28125,C,-1.296875
T,-1.265625,T,-1.265625
G,-1.0625,G,-1.078125
C,-1.3046875,C,-1.3046875
C,-1.0078125,C,-1.0078125
T,-1.0625,T,-1.078125
C,-1.140625,C,-1.140625
C,-0.8828125,C,-0.8828125
A,-1.203125,A,-1.203125
T,-1.6953125,T,-1.6953125
T,-1.890625,T,-1.8828125
T,-1.1640625,T,-1.1640625
C,-1.046875,C,-1.046875
C,-0.73046875,C,-0.73046875
T,-1.046875,T,-1.0625
T,-1.3515625,T,-1.328125
C,-1.0,C,-0.94921875
T,-1.0,T,-1.03125
G,-1.1796875,G,-1.1015625
G,-1.2265625,G,-1.1796875
A,-1.2734375,A,-1.2734375
C,-1.4375,C,-1.4453125
C,-0.953125,C,-1.0078125
A,-1.2578125,A,-1.34375
C,-1.40625,C,-1.359375
C,-0.96484375,C,-0.97265625
A,-1.21875,A,-1.203125
g,-6.8125,g,-6.875
t,-0.0037994385,t,-0.0038757324
a,-0.30078125,a,-0.33203125
a,-0.13183594,a,-0.12890625
g,-0.19238281,g,-0.19628906
t,-0.45117188,t,-0.46679688
a,-1.375,a,-1.328125
a,-1.390625,a,-1.40625
a,-1.3125,a,-1.3046875
a,-1.109375,a,-1.09375
a,-1.171875,a,-1.1875
a,-1.1796875,a,-1.2421875
g,-1.6640625,g,-1.6875
a,-1.0859375,a,-1.046875
g,-1.6640625,g,-1.6015625
t,-1.4296875,t,-1.4375
a,-1.328125,a,-1.3203125
t,-1.234375,t,-1.265625
a,-1.3359375,a,-1.296875
g,-1.625,g,-1.625
g,-1.4609375,g,-1.4609375
t,-1.203125,t,-1.15625
t,-1.203125,t,-1.203125
a,-1.671875,a,-1.5546875
g,-1.546875,g,-1.53125
a,-1.2890625,a,-1.2578125
t,-1.2890625,t,-1.3203125
t,-1.09375,t,-1.0078125
t,-0.83984375,t,-0.91015625
t,-0.89453125,t,-0.8828125
g,-1.6640625,g,-1.71875
c,-1.953125,c,-1.953125
t,-0.7734375,t,-0.7578125
t,-0.9453125,t,-0.921875
t,-0.71484375,t,-0.68359375
c,-1.6640625,c,-1.6640625
a,-1.2421875,a,-1.2890625
c,-1.7734375,c,-1.7734375
a,-1.015625,a,-1.015625
t,-1.03125,t,-1.046875
a,-1.4453125,a,-1.4375
c,-1.5,c,-1.5390625
a,-0.875,a,-0.87890625
a,-1.578125,a,-1.5703125
t,-1.3671875,t,-1.3671875
t,-1.1015625,t,-1.1171875
t,-1.0078125,t,-1.0078125
g,-1.765625,g,-1.75
a,-1.1328125,a,-1.140625
t,-1.2421875,t,-1.2890625
a,-1.2265625,a,-1.3125
a,-1.0625,a,-1.09375
t,-1.0859375,t,-1.109375
t,-0.953125,t,-0.953125
a,-1.421875,a,-1.3515625
g,-1.84375,g,-1.9296875
c,-1.859375,c,-1.8046875
a,-0.97265625,a,-0.97265625
g,-1.5,g,-1.5
a,-1.1640625,a,-1.1875
a,-1.0390625,a,-1.0234375
t,-1.28125,t,-1.2421875
a,-1.34375,a,-1.2734375
g,-1.5,g,-1.53125
a,-1.0546875,a,-1.078125
g,-1.6171875,g,-1.671875
g,-1.640625,g,-1.6796875
a,-0.953125,a,-0.87890625
t,-1.40625,t,-1.4453125
t,-1.1640625,t,-1.09375
g,-1.7734375,g,-1.796875
t,-1.203125,t,-1.2890625
a,-1.3828125,a,-1.375
a,-1.0859375,a,-1.1015625
a,-0.94140625,a,-0.9453125
a,-0.93359375,a,-0.953125
t,-1.21875,t,-1.234375
g,-1.421875,g,-1.4453125
t,-1.1484375,t,-1.09375
c,-1.9296875,c,-1.984375
a,-1.1015625,a,-1.0625
t,-1.125,t,-1.1171875
t,-0.94140625,t,-0.95703125
g,-1.9453125,g,-1.8984375
t,-1.0,t,-0.9609375
a,-1.4609375,a,-1.3828125
g,-1.75,g,-1.75
a,-1.1015625,a,-1.1015625
a,-0.9296875,a,-0.8984375
c,-2.21875,c,-2.34375
a,-0.8046875,a,-0.78125
t,-1.2421875,t,-1.25
c,-2.03125,c,-2.0
c,-1.5390625,c,-1.515625
c,-1.53125,c,-1.5078125
t,-0.99609375,t,-0.984375
t,-1.1015625,t,-1.1484375
g,-1.6875,g,-1.625
g,-1.6484375,g,-1.625
g,-1.546875,g,-1.5390625
c,-1.7734375,c,-1.796875
c,-1.6171875,c,-1.671875
a,-1.0625,a,-1.0234375
g,-1.2421875,g,-1.21875
a,-1.1640625,a,-1.15625
t,-1.390625,t,-1.4296875
t,-1.2734375,t,-1.3359375
c,-1.5703125,c,-1.546875
t,-0.84765625,t,-0.79296875
a,-1.625,a,-1.5859375
a,-1.140625,a,-1.140625
t,-1.3359375,t,-1.359375
g,-1.4765625,g,-1.484375
g,-1.546875,g,-1.546875
g,-1.4140625,g,-1.3984375
t,-1.328125,t,-1.3671875
a,-1.4140625,a,-1.3359375
g,-1.5234375,g,-1.5234375
a,-1.1328125,a,-1.109375
a,-1.1171875,a,-1.078125
a,-0.90234375,a,-0.87890625
t,-1.375,t,-1.359375
t,-1.1953125,t,-1.1875
t,-0.9765625,t,-1.046875
g,-1.640625,g,-1.578125
a,-1.2265625,a,-1.1953125
a,-1.03125,a,-1.015625
c,-1.875,c,-2.015625
t,-1.0234375,t,-0.98046875
a,-1.625,a,-1.625
a,-1.1171875,a,-1.1171875
a,-1.0,a,-1.0078125
c,-1.9453125,c,-1.984375
c,-1.5546875,c,-1.5078125
t,-0.94921875,t,-0.98046875
c,-1.59375,c,-1.6328125
t,-0.8828125,t,-0.90625
g,-1.4375,g,-1.4765625
g,-1.703125,g,-1.734375
g,-1.34375,g,-1.2734375
t,-1.3359375,t,-1.3125
t,-1.0703125,t,-1.0546875
t,-0.921875,t,-0.8828125
t,-0.9375,t,-0.9609375
g,-1.484375,g,-1.484375
t,-1.15625,t,-1.1484375
t,-0.84765625,t,-0.84765625
t,-0.6328125,t,-0.61328125
g,-1.8359375,g,-1.8046875
t,-0.828125,t,-0.82421875
t,-0.58984375,t,-0.5859375
t,-0.44140625,t,-0.43554688
t,-0.7734375,t,-0.75390625
t,-0.50390625,t,-0.53515625
a,-1.828125,a,-1.8828125
a,-0.984375,a,-1.0234375
t,-1.484375,t,-1.5
g,-1.8203125,g,-1.8125
c,-2.046875,c,-1.9765625
c,-1.65625,c,-1.7734375
t,-0.90234375,t,-0.91796875
t,-0.98828125,t,-0.98046875
t,-0.8671875,t,-0.90234375
c,-1.890625,c,-1.890625
t,-0.78125,t,-0.79296875
g,-1.65625,g,-1.6484375
t,-0.87109375,t,-0.8984375
t,-0.9609375,t,-0.97265625
a,-1.6875,a,-1.71875
c,-1.59375,c,-1.5546875
c,-1.4609375,c,-1.4609375
c,-1.609375,c,-1.5078125
a,-0.8203125,a,-0.8828125
g,-1.03125,g,-1.0546875
a,-1.453125,a,-1.53125
t,-1.328125,t,-1.3125
g,-1.1875,g,-1.203125
c,-1.609375,c,-1.609375
a,-1.1328125,a,-1.15625
g,-1.015625,g,-1.0859375
t,-0.81640625,t,-0.87109375
g,-1.171875,g,-1.1796875
c,-2.015625,c,-2.109375
t,-0.83203125,t,-0.83203125
c,-2.15625,c,-2.203125
t,-0.9296875,t,-0.97265625
t,-1.203125,t,-1.125
g,-1.5625,g,-1.5625
t,-1.0546875,t,-1.03125
a,-1.75,a,-1.671875
g,-1.203125,g,-1.265625
t,-1.578125,t,-1.578125
c,-1.6171875,c,-1.59375
c,-1.0,c,-1.0625
c,-1.296875,c,-1.2265625
a,-0.5234375,a,-0.48242188
a,-1.90625,a,-1.9609375
g,-1.890625,g,-1.8203125
t,-0.5859375,t,-0.62109375
c,-2.34375,c,-2.328125
t,-0.87109375,t,-0.90234375
a,-2.0,a,-1.9375
a,-1.1953125,a,-1.1953125
g,-1.4296875,g,-1.4296875
c,-1.8046875,c,-1.8359375
t,-1.2578125,t,-1.3515625
c,-1.46875,c,-1.390625
t,-1.0,t,-1.0078125
a,-1.7109375,a,-1.7265625
g,-1.328125,g,-1.375
g,-1.421875,g,-1.40625
t,-1.5703125,t,-1.5546875
t,-1.2421875,t,-1.28125
g,-1.5625,g,-1.5703125
c,-1.6796875,c,-1.703125
c,-1.3046875,c,-1.265625
t,-0.85546875,t,-0.85546875
t,-1.046875,t,-1.046875
c,-1.5078125,c,-1.546875
t,-0.90625,t,-0.89453125
t,-1.1015625,t,-1.0859375
t,-0.953125,t,-0.96484375
c,-1.3828125,c,-1.3828125
c,-1.2109375,c,-1.2109375
t,-0.73828125,t,-0.734375
g,-1.640625,g,-1.6484375
g,-1.6875,g,-1.671875
c,-1.453125,c,-1.5
a,-1.34375,a,-1.34375
g,-1.25,g,-1.28125
a,-1.5859375,a,-1.5234375
a,-1.2109375,a,-1.1953125
g,-1.359375,g,-1.3984375
t,-1.4375,t,-1.390625
t,-1.2734375,t,-1.3359375
g,-1.453125,g,-1.484375
g,-1.390625,g,-1.4140625
t,-1.390625,t,-1.40625
g,-1.2734375,g,-1.28125
t,-1.2421875,t,-1.2421875
c,-1.4453125,c,-1.4765625
t,-0.83203125,t,-0.8125
a,-1.8359375,a,-1.9609375
t,-1.15625,t,-1.15625
g,-1.40625,g,-1.4296875
c,-1.7109375,c,-1.65625
c,-1.296875,c,-1.2734375
a,-1.1796875,a,-1.15625
t,-1.2109375,t,-1.1953125
a,-1.65625,a,-1.609375
a,-1.359375,a,-1.40625
g,-1.609375,g,-1.5703125
g,-1.6328125,g,-1.671875
a,-1.1640625,a,-1.125
g,-1.5546875,g,-1.6015625
g,-1.484375,g,-1.5
t,-1.4375,t,-1.453125
a,-1.4921875,a,-1.4453125
g,-1.390625,g,-1.3671875
t,-1.484375,t,-1.4921875
t,-1.21875,t,-1.21875
c,-1.625,c,-1.65625
c,-1.3125,c,-1.3359375
t,-0.9140625,t,-0.94921875
g,-1.0859375,g,-1.15625
t,-1.2421875,t,-1.3046875
t,-1.171875,t,-1.1484375
a,-1.765625,a,-1.8046875
g,-1.5859375,g,-1.6015625
a,-1.359375,a,-1.265625
a,-1.15625,a,-1.171875
g,-1.4140625,g,-1.4609375
g,-1.328125,g,-1.34375
g,-1.5,g,-1.5078125
a,-1.0234375,a,-1.015625
t,-1.46875,t,-1.3984375
t,-1.125,t,-1.171875
t,-0.9609375,t,-0.9609375
a,-1.5390625,a,-1.5390625
a,-1.1875,a,-1.171875
t,-1.328125,t,-1.34375
t,-1.046875,t,-1.046875
a,-1.65625,a,-1.65625
t,-1.1796875,t,-1.1953125
a,-1.390625,a,-1.3828125
c,-1.9765625,c,-1.9765625
c,-1.6015625,c,-1.5546875
t,-0.953125,t,-0.9375
t,-1.015625,t,-1.015625
a,-1.5,a,-1.5234375
t,-1.125,t,-1.1484375
a,-1.265625,a,-1.2421875
t,-1.1796875,t,-1.1328125
a,-1.2109375,a,-1.2421875
a,-1.3125,a,-1.34375
g,-1.9375,g,-1.9140625
g,-1.71875,g,-1.6953125
a,-1.078125,a,-1.09375
a,-0.8671875,a,-0.890625
t,-1.3359375,t,-1.3515625
t,-1.078125,t,-1.1015625
a,-1.4375,a,-1.453125
g,-1.734375,g,-1.6875
t,-1.2890625,t,-1.2578125
g,-1.6171875,g,-1.5859375
t,-1.1484375,t,-1.1640625
t,-0.8515625,t,-0.8671875
t,-0.7734375,t,-0.80859375
g,-1.6015625,g,-1.546875
c,-1.8046875,c,-1.9453125
c,-1.6171875,c,-1.59375
c,-1.6484375,c,-1.6328125
t,-0.88671875,t,-0.91015625
t,-1.0078125,t,-1.046875
c,-1.5234375,c,-1.5859375
t,-0.87109375,t,-0.875
a,-1.7734375,a,-1.8203125
g,-1.484375,g,-1.484375
g,-1.484375,g,-1.5078125
t,-1.25,t,-1.2890625
a,-1.4375,a,-1.3984375
t,-1.203125,t,-1.171875
a,-1.6015625,a,-1.625
g,-1.4375,g,-1.453125
t,-1.1328125,t,-1.171875
t,-1.1171875,t,-1.1171875
g,-1.484375,g,-1.546875
g,-1.4453125,g,-1.4453125
a,-1.296875,a,-1.2265625
t,-1.2265625,t,-1.203125
g,-1.4296875,g,-1.4375
t,-1.0078125,t,-0.99609375
t,-1.0546875,t,-1.09375
a,-1.578125,a,-1.5625
g,-1.609375,g,-1.6171875
c,-1.7890625,c,-1.78125
t,-0.99609375,t,-1.0078125
t,-1.0,t,-1.0546875
c,-1.5859375,c,-1.5234375
t,-0.83984375,t,-0.8515625
g,-1.140625,g,-1.1640625
a,-1.3671875,a,-1.3828125
t,-1.3671875,t,-1.3984375
g,-1.390625,g,-1.40625
t,-1.125,t,-1.140625
a,-1.65625,a,-1.703125
a,-1.3515625,a,-1.375
a,-1.1171875,a,-1.1484375
c,-1.6640625,c,-1.7265625
t,-1.0546875,t,-1.0546875
g,-1.4375,g,-1.46875
g,-1.6171875,g,-1.640625
a,-1.171875,a,-1.1640625
t,-1.5078125,t,-1.4609375
t,-1.2734375,t,-1.2109375
t,-0.86328125,t,-0.87890625
c,-1.6328125,c,-1.65625
t,-0.828125,t,-0.8828125
t,-1.140625,t,-1.1015625
t,-0.8828125,t,-0.921875
t,-0.90625,t,-0.90625
t,-0.734375,t,-0.734375
c,-1.6484375,c,-1.671875
t,-0.64453125,t,-0.6171875
t,-0.76953125,t,-0.7578125
t,-0.6171875,t,-0.625
c,-1.6015625,c,-1.5703125
t,-0.5703125,t,-0.5703125
c,-1.5859375,c,-1.5859375
t,-0.5078125,t,-0.484375
c,-1.2734375,c,-1.28125
t,-0.43554688,t,-0.44921875
c,-0.984375,c,-1.0078125
t,-0.22558594,t,-0.23339844
t,-1.265625,t,-1.3203125
t,-0.28710938,t,-0.265625
t,-1.078125,t,-1.078125
t,-0.26757812,t,-0.26171875
t,-0.515625,t,-0.5078125
t,-0.16601562,t,-0.17578125
t,-0.19042969,t,-0.17871094
t,-0.095214844,t,-0.09326172
t,-0.10449219,t,-0.10449219
t,-0.091308594,t,-0.096191406
t,-0.10986328,t,-0.111816406
t,-0.10839844,t,-0.10839844
g,-2.984375,g,-2.984375
t,-1.40625,t,-1.3984375
t,-0.22265625,t,-0.24121094
t,-0.16699219,t,-0.16503906
t,-0.16503906,t,-0.16992188
g,-1.7890625,g,-1.7890625
g,-2.09375,g,-2.15625
a,-1.8671875,a,-1.96875
g,-0.45117188,g,-0.47265625
g,-2.40625,g,-2.421875
c,-0.6640625,c,-0.67578125
a,-0.546875,a,-0.54296875
g,-0.14355469,g,-0.14746094
a,-0.76953125,a,-0.671875
g,-0.25,g,-0.26171875
t,-0.71484375,t,-0.6875
t,-1.515625,t,-1.5625
t,-0.24609375,t,-0.26757812
t,-1.1015625,t,-1.1015625
g,-0.25195312,g,-0.23144531
c,-0.31640625,c,-0.3046875
c,-1.28125,c,-1.3203125
c,-0.75,c,-0.7421875
t,-0.042236328,t,-0.045410156
t,-1.21875,t,-1.2109375
g,-0.07519531,g,-0.075683594
t,-0.13964844,t,-0.13964844
a,-2.671875,a,-2.65625
c,-5.1875,c,-5.1875
c,-1.765625,c,-1.59375
c,-0.43945312,c,-0.43554688
c,-0.9609375,c,-0.921875
a,-0.84765625,a,-0.8515625
g,-0.74609375,g,-0.74609375
g,-0.953125,g,-1.03125
c,-0.83203125,c,-0.7890625
t,-0.21777344,t,-0.21191406
g,-0.24121094,g,-0.22363281
g,-0.1796875,g,-0.16894531
a,-0.3828125,a,-0.37890625
g,-0.19335938,g,-0.18945312
t,-0.029052734,t,-0.033935547
g,-0.118652344,g,-0.12109375
c,-0.067871094,c,-0.0703125
a,-0.0077819824,a,-0.009887695
g,-0.25390625,g,-0.31640625
t,-0.010925293,t,-0.012084961
g,-0.017089844,g,-0.016601562
g,-0.037353516,g,-0.033447266
t,-1.28125,t,-1.328125
g,-0.13378906,g,-0.13378906
t,-1.140625,t,-1.140625
g,-0.17285156,g,-0.1953125
a,-0.03491211,a,-0.037353516
t,-0.0061035156,t,-0.0065612793
c,-0.068847656,c,-0.06982422
t,-0.28515625,t,-0.27539062
c,-0.33203125,c,-0.3046875
a,-0.60546875,a,-0.65625
g,-0.025512695,g,-0.027709961
c,-0.040283203,c,-0.037353516
t,-0.020141602,t,-0.02355957
c,-0.140625,c,-0.12988281
a,-0.03173828,a,-0.027709961
c,-0.068359375,c,-0.083984375
a,-5.59375,a,-5.65625
g,-0.12207031,g,-0.12109375
c,-0.115722656,c,-0.12597656
a,-0.30859375,a,-0.3203125
a,-0.27734375,a,-0.24121094
c,-0.36132812,c,-0.32617188
c,-0.13378906,c,-0.12792969
t,-0.20019531,t,-0.19824219
c,-0.671875,c,-0.7421875
c,-0.640625,c,-0.67578125
g,-2.453125,g,-2.453125
c,-0.107421875,c,-0.09667969
c,-0.20410156,c,-0.20214844
t,-0.010864258,t,-0.010559082
c,-0.051757812,c,-0.057861328
c,-0.015136719,c,-0.017089844
t,-1.3515625,t,-1.265625
g,-0.12890625,g,-0.12890625
g,-0.095214844,g,-0.080566406
g,-0.10058594,g,-0.09423828
t,-0.040283203,t,-0.043701172
t,-0.020385742,t,-0.021728516
c,-0.037109375,c,-0.03564453
a,-0.010437012,a,-0.01159668
a,-0.16113281,a,-0.17285156
g,-0.05102539,g,-0.047851562
c,-0.31835938,c,-0.3515625
a,-0.828125,a,-0.90234375
a,-0.05810547,a,-0.06542969
t,-0.013244629,t,-0.014343262
t,-0.04248047,t,-0.04736328
c,-0.115234375,c,-0.10205078
t,-0.02709961,t,-0.028686523
g,-4.375,g,-4.1875
c,-0.37695312,c,-0.359375
c,-0.56640625,c,-0.5390625
t,-0.671875,t,-0.6171875
c,-0.014831543,c,-0.0134887695
g,-5.75,g,-5.875
g,-1.1953125,g,-1.1796875
c,-0.049072266,c,-0.052001953
c,-0.18164062,c,-0.18847656
t,-0.12597656,t,-0.12890625
c,-0.0703125,c,-0.07470703
c,-0.053955078,c,-0.06982422
c,-0.16601562,c,-0.15917969
a,-0.123046875,a,-0.115234375
a,-0.040771484,a,-0.043701172
g,-2.46875,g,-2.421875
t,-1.140625,t,-1.140625
a,-0.13769531,a,-0.1328125
g,-0.044189453,g,-0.036865234
c,-0.01940918,c,-0.021240234
t,-0.0036773682,t,-0.0036621094
g,-0.053710938,g,-0.052490234
g,-0.068359375,g,-0.08105469
g,-0.039794922,g,-0.039794922
a,-0.010864258,a,-0.010620117
t,-0.61328125,t,-0.64453125
t,-0.037841797,t,-0.036376953
a,-0.020019531,a,-0.020507812
c,-0.12109375,c,-0.107910156
a,-0.020996094,a,-0.01953125
g,-0.040283203,g,-0.03491211
g,-0.052978516,g,-0.050048828
c,-0.34179688,c,-0.35742188
g,-0.84765625,g,-0.84765625
a,-4.9375,a,-4.96875
c,-1.765625,c,-1.8203125
t,-0.94921875,t,-0.91015625
g,-0.19433594,g,-0.2109375
c,-0.2109375,c,-0.24707031
c,-0.18652344,c,-0.21289062
a,-0.15820312,a,-0.17578125
c,-0.59765625,c,-0.57421875
c,-0.16992188,c,-0.19140625
a,-0.18945312,a,-0.17382812
c,-0.13574219,c,-0.14160156
a,-1.7109375,a,-1.7578125
c,-0.057128906,c,-0.057617188
c,-0.11376953,c,-0.103027344
c,-0.37109375,c,-0.36914062
g,-0.69140625,g,-0.69140625
g,-0.03540039,g,-0.028930664
c,-0.041748047,c,-0.041748047
t,-0.083496094,t,-0.07373047
a,-0.052490234,a,-0.046875
a,-0.024169922,a,-0.026367188
t,-0.016723633,t,-0.014465332
t,-0.02758789,t,-0.025634766
t,-0.022949219,t,-0.022460938
t,-0.016479492,t,-0.016723633
t,-0.06591797,t,-0.06225586
g,-1.0234375,g,-1.0625
t,-0.06738281,t,-0.075683594
t,-4.5,t,-4.5625
t,-0.08203125,t,-0.08984375
t,-0.1953125,t,-0.19921875
a,-4.25,a,-4.3125
t,-0.83984375,t,-0.8046875
t,-0.31835938,t,-0.33007812
a,-2.875,a,-2.8125
g,-1.7578125,g,-1.8515625
t,-1.265625,t,-1.328125
a,-1.015625,a,-0.96484375
g,-0.5,g,-0.49609375
a,-0.18554688,a,-0.15625
g,-0.053222656,g,-0.05493164
a,-0.140625,a,-0.140625
t,-1.09375,t,-1.0625
g,-0.10253906,g,-0.12011719
g,-0.12060547,g,-0.13574219
g,-0.13183594,g,-0.12792969
g,-0.20410156,g,-0.20410156
t,-0.056640625,t,-0.05102539
t,-0.05444336,t,-0.05078125
t,-0.03100586,t,-0.03173828
c,-0.12451172,c,-0.12402344
a,-0.16992188,a,-0.1640625
c,-0.048583984,c,-0.052978516
c,-0.13769531,c,-0.15429688
a,-0.16601562,a,-0.16601562
t,-0.037841797,t,-0.03930664
g,-0.076171875,g,-0.071777344
t,-0.010925293,t,-0.010253906
t,-0.017211914,t,-0.020385742
g,-0.18066406,g,-0.15234375
g,-0.06591797,g,-0.06201172
c,-0.16113281,c,-0.17089844
c,-0.022460938,c,-0.022460938
a,-0.01928711,a,-0.021606445
g,-0.0390625,g,-0.033935547
a,-4.78125,a,-4.84375
c,-0.53515625,c,-0.5234375
t,-0.064941406,t,-0.064941406
g,-0.02734375,g,-0.025390625
a,-3.0625,a,-2.953125
t,-0.103027344,t,-0.09716797
c,-0.24609375,c,-0.25585938
t,-0.21777344,t,-0.21875
t,-0.38085938,t,-0.37695312
g,-0.24316406,g,-0.23730469
a,-0.20507812,a,-0.18652344
a,-0.18164062,a,-0.16894531
c,-0.036621094,c,-0.032226562
t,-0.12109375,t,-0.13085938
c,-0.110839844,c,-0.10595703
c,-0.05029297,c,-0.05029297
t,-0.078125,t,-0.083984375
g,-0.046142578,g,-0.052978516
a,-0.25585938,a,-0.23046875
c,-0.20605469,c,-0.20605469
c,-0.06201172,c,-0.05444336
t,-0.012023926,t,-0.012451172
c,-0.072265625,c,-0.053466797
a,-0.16601562,a,-0.15625
g,-0.8359375,g,-0.8203125
g,-0.038330078,g,-0.037841797
t,-0.047851562,t,-0.05053711
g,-0.08984375,g,-0.087402344
a,-0.0033874512,a,-0.0030975342
t,-0.008056641,t,-0.008911133
c,-0.06738281,c,-0.07080078
c,-0.37890625,c,-0.35546875
a,-0.3671875,a,-0.40234375
c,-0.03564453,c,-0.033447266
c,-0.052734375,c,-0.043945312
c,-0.4375,c,-0.46484375
g,-0.86328125,g,-0.828125
c,-0.10888672,c,-0.0859375
c,-0.06689453,c,-0.05908203
t,-0.029785156,t,-0.03125
t,-1.0234375,t,-1.0703125
g,-0.06201172,g,-0.057617188
g,-0.029418945,g,-0.036865234
c,-0.015380859,c,-0.017578125
c,-0.053222656,c,-0.05859375
t,-0.0072021484,t,-0.0067443848
c,-0.029541016,c,-0.029785156
c,-0.055908203,c,-0.063964844
c,-0.032226562,c,-0.03564453
a,-0.013549805,a,-0.015258789
a,-0.041015625,a,-0.040283203
a,-0.016235352,a,-0.018798828
g,-0.028808594,g,-0.03100586
c,-4.4375,c,-4.4375
g,-0.4453125,g,-0.44140625
c,-0.056884766,c,-0.053710938
t,-0.035888672,t,-0.038330078
g,-0.13183594,g,-0.13867188
g,-0.12988281,g,-0.12890625
g,-0.06689453,g,-0.064453125
a,-0.01586914,a,-0.014770508
t,-0.044921875,t,-0.04736328
t,-0.028564453,t,-0.025268555
a,-0.032470703,a,-0.034179688
c,-0.12988281,c,-0.12792969
a,-0.009765625,a,-0.009155273
g,-0.028686523,g,-0.032470703
g,-0.083984375,g,-0.07373047
c,-0.33789062,c,-0.3203125
g,-0.6875,g,-0.65625
t,-0.02319336,t,-0.02331543
g,-0.041503906,g,-0.043945312
a,-0.018188477,a,-0.014343262
g,-0.043701172,g,-0.047851562
c,-0.03540039,c,-0.032470703
t,-3.0,t,-3.0
g,-2.453125,g,-2.390625
c,-0.10253906,c,-0.08886719
c,-0.7265625,c,-0.6953125
g,-1.2734375,g,-1.2890625
c,-0.671875,c,-0.609375
a,-0.8203125,a,-0.828125
c,-0.26757812,c,-0.28320312
c,-0.21289062,c,-0.234375
c,-0.453125,c,-0.45898438
a,-0.72265625,a,-0.74609375
g,-0.20410156,g,-0.21386719
c,-0.22167969,c,-0.20898438
t,-1.78125,t,-1.625
g,-1.5390625,g,-1.4921875
t,-1.5546875,t,-1.4921875
a,-1.6796875,a,-1.7109375
a,-1.65625,a,-1.6640625
a,-1.890625,a,-1.8515625
c,-1.65625,c,-1.6328125
t,-1.078125,t,-1.125
g,-1.703125,g,-1.703125
g,-1.46875,g,-1.578125
a,-1.8046875,a,-1.8203125
t,-2.125,t,-2.03125
t,-1.0234375,t,-1.0390625
t,-0.86328125,t,-0.83984375
c,-1.2265625,c,-1.28125
t,-0.92578125,t,-0.9765625
a,-1.5078125,a,-1.5078125
a,-1.09375,a,-1.140625
t,-1.2734375,t,-1.3203125
g,-1.546875,g,-1.5234375
g,-1.65625,g,-1.6796875
t,-1.1875,t,-1.1875
a,-1.546875,a,-1.484375
g,-1.296875,g,-1.3359375
a,-1.2734375,a,-1.2890625
t,-1.6171875,t,-1.609375
t,-1.265625,t,-1.1953125
t,-0.88671875,t,-0.83984375
t,-0.87109375,t,-0.89453125
t,-0.8984375,t,-0.94921875
a,-1.53125,a,-1.5
g,-1.75,g,-1.7265625
g,-1.5625,g,-1.5234375
t,-1.296875,t,-1.3671875
a,-1.5078125,a,-1.5078125
t,-1.078125,t,-1.0625
t,-0.82421875,t,-0.86328125
a,-1.6015625,a,-1.4921875
a,-1.1640625,a,-1.203125
c,-1.9921875,c,-1.8828125
a,-0.9296875,a,-0.97265625
a,-1.375,a,-1.3671875
t,-1.2421875,t,-1.2890625
a,-1.2265625,a,-1.2265625
g,-1.6796875,g,-1.7265625
a,-1.1875,a,-1.203125
t,-1.359375,t,-1.328125
a,-1.1953125,a,-1.2421875
a,-1.1953125,a,-1.21875
a,-1.015625,a,-1.0
a,-1.0078125,a,-1.0546875
a,-0.93359375,a,-0.94140625
g,-1.8125,g,-1.8984375
a,-0.96484375,a,-1.0234375
t,-1.3671875,t,-1.3671875
a,-1.1484375,a,-1.15625
c,-2.03125,c,-2.03125
t,-1.0625,t,-1.03125
t,-1.03125,t,-0.99609375
t,-0.93359375,t,-0.9296875
t,-0.953125,t,-0.94140625
t,-0.92578125,t,-0.9140625
g,-1.8125,g,-1.8125
g,-1.7109375,g,-1.65625
c,-1.953125,c,-1.8984375
a,-1.078125,a,-1.0234375
t,-1.125,t,-1.1328125
a,-1.4609375,a,-1.5
c,-2.0,c,-2.0
t,-1.1875,t,-1.265625
g,-1.390625,g,-1.421875
t,-1.015625,t,-1.0078125
g,-1.359375,g,-1.3671875
t,-0.87890625,t,-0.88671875
a,-1.3046875,a,-1.3046875
t,-1.015625,t,-1.0078125
t,-1.046875,t,-1.1015625
g,-2.078125,g,-2.109375
g,-1.8828125,g,-1.8359375
g,-1.4765625,g,-1.4609375
a,-1.1484375,a,-1.125
t,-1.21875,t,-1.265625
g,-1.3984375,g,-1.4453125
g,-1.1796875,g,-1.1875
g,-1.421875,g,-1.4140625
g,-1.1875,g,-1.1328125
t,-1.171875,t,-1.1171875
t,-0.96875,t,-0.921875
a,-1.671875,a,-1.703125
g,-1.3515625,g,-1.359375
a,-1.078125,a,-1.078125
a,-1.21875,a,-1.1640625
c,-2.109375,c,-2.09375
a,-1.1328125,a,-1.0859375
g,-1.2109375,g,-1.2109375
g,-1.4140625,g,-1.46875
t,-1.3828125,t,-1.2890625
g,-1.1875,g,-1.1875
t,-1.078125,t,-1.0859375
t,-1.1484375,t,-1.15625
c,-1.8125,c,-1.7265625
t,-0.890625,t,-0.90234375
a,-1.796875,a,-1.6640625
c,-1.890625,c,-1.8515625
c,-1.640625,c,-1.640625
c,-1.4296875,c,-1.4296875
a,-1.015625,a,-1.015625
a,-1.5703125,a,-1.5859375
g,-1.3359375,g,-1.3203125
a,-1.15625,a,-1.2109375
c,-1.6796875,c,-1.6953125
a,-1.0078125,a,-0.99609375
t,-1.375,t,-1.40625
t,-1.0859375,t,-1.140625
t,-0.99609375,t,-1.0234375
a,-1.5546875,a,-1.5234375
c,-1.5546875,c,-1.625
t,-1.0,t,-1.0078125
t,-1.0234375,t,-1.0390625
a,-1.546875,a,-1.546875
a,-1.3046875,a,-1.34375
a,-0.953125,a,-0.9921875
a,-0.98828125,a,-0.99609375
t,-1.234375,t,-1.1953125
c,-1.875,c,-1.8515625
g,-3.375,g,-3.34375
c,-1.7421875,c,-1.7421875
c,-1.484375,c,-1.484375
c,-1.59375,c,-1.59375
t,-1.0,t,-1.0
c,-1.6015625,c,-1.6171875
g,-3.25,g,-3.328125
a,-1.5390625,a,-1.4765625
a,-1.171875,a,-1.1875
a,-1.15625,a,-1.1796875
t,-1.328125,t,-1.328125
g,-1.3984375,g,-1.3984375
c,-1.6640625,c,-1.6171875
t,-0.875,t,-0.859375
a,-1.8125,a,-1.6640625
t,-1.234375,t,-1.25
g,-1.4453125,g,-1.4453125
t,-1.1015625,t,-1.078125
g,-1.4453125,g,-1.4296875
a,-1.3515625,a,-1.3046875
g,-1.515625,g,-1.5390625
c,-1.6953125,c,-1.6953125
t,-1.0859375,t,-1.046875
g,-1.3203125,g,-1.3203125
t,-1.2265625,t,-1.2421875
g,-1.2109375,g,-1.203125
t,-1.171875,t,-1.1328125
g,-1.0703125,g,-1.0859375
t,-1.015625,t,-1.0
g,-1.0234375,g,-1.0078125
t,-0.796875,t,-0.796875
g,-0.671875,g,-0.67578125
t,-0.4921875,t,-0.484375
g,-0.45117188,g,-0.43164062
t,-0.20410156,t,-0.21289062
g,-0.22949219,g,-0.24707031
t,-0.12695312,t,-0.13378906
g,-0.20214844,g,-0.19726562
t,-0.06689453,t,-0.06591797
g,-0.12695312,g,-0.12451172
t,-0.061279297,t,-0.060302734
g,-0.123535156,g,-0.11279297
t,-0.04736328,t,-0.05053711
g,-0.10058594,g,-0.107910156
t,-0.041503906,t,-0.046142578
g,-0.09765625,g,-0.084472656
t,-0.039794922,t,-0.03857422
g,-0.07128906,g,-0.08203125
t,-0.040771484,t,-0.039794922
a,-3.015625,a,-2.953125
t,-0.08935547,t,-0.088378906
t,-3.1875,t,-3.140625
a,-2.328125,a,-2.34375
a,-1.734375,a,-1.8046875
g,-1.7265625,g,-1.6953125
g,-1.15625,g,-1.078125
a,-1.15625,a,-1.203125
a,-1.0625,a,-1.109375
a,-1.03125,a,-1.0234375
a,-1.234375,a,-1.2109375
g,-1.453125,g,-1.421875
c,-1.90625,c,-1.890625
a,-0.76171875,a,-0.74609375
t,-1.234375,t,-1.25
g,-1.4453125,g,-1.4296875
a,-1.3046875,a,-1.328125
a,-1.015625,a,-1.03125
a,-1.0859375,a,-1.125
g,-1.4296875,g,-1.4765625
t,-1.265625,t,-1.265625
a,-1.3203125,a,-1.2890625
t,-1.1953125,t,-1.1640625
t,-1.0546875,t,-1.0625
t,-0.765625,t,-0.8046875
a,-1.3828125,a,-1.359375
t,-1.046875,t,-1.0234375
g,-1.6640625,g,-1.6640625
c,-2.15625,c,-2.171875
t,-1.046875,t,-1.125
t,-0.86328125,t,-0.86328125
g,-1.484375,g,-1.53125
a,-1.5,a,-1.4921875
t,-1.2734375,t,-1.2421875
t,-0.95703125,t,-0.91015625
t,-0.81640625,t,-0.80859375
t,-0.73828125,t,-0.68359375
t,-0.8515625,t,-0.8125
t,-0.765625,t,-0.77734375
t,-0.69140625,t,-0.69140625
t,-0.5625,t,-0.57421875
t,-0.4375,t,-0.45898438
t,-0.33398438,t,-0.33007812
t,-0.25585938,t,-0.26757812
t,-0.20507812,t,-0.20703125
a,-2.6875,a,-2.75
c,-3.390625,c,-3.359375
t,-0.625,t,-0.640625
c,-2.109375,c,-2.0625
a,-1.2421875,a,-1.2421875
t,-1.1015625,t,-1.125
a,-1.203125,a,-1.1640625
g,-1.2890625,g,-1.28125
c,-2.234375,c,-2.296875
t,-1.0625,t,-1.078125
t,-1.109375,t,-1.0703125
c,-1.7109375,c,-1.7109375
a,-1.0390625,a,-1.0390625
t,-1.140625,t,-1.1796875
a,-1.2578125,a,-1.28125
g,-1.609375,g,-1.5859375
t,-0.99609375,t,-1.015625
g,-1.7734375,g,-1.796875
g,-1.8515625,g,-1.84375
a,-1.6171875,a,-1.59375
a,-1.1875,a,-1.2109375
c,-2.0625,c,-2.0625
a,-0.90234375,a,-0.93359375
g,-1.53125,g,-1.4765625
a,-1.2265625,a,-1.21875
t,-1.2421875,t,-1.2890625
a,-1.3359375,a,-1.34375
c,-1.703125,c,-1.75
a,-0.88671875,a,-0.8515625
t,-0.97265625,t,-0.9140625
a,-1.1953125,a,-1.1796875
g,-1.84375,g,-1.7890625
t,-1.1640625,t,-1.1875
c,-1.703125,c,-1.703125
t,-0.90625,t,-0.8671875
a,-1.7734375,a,-1.75
a,-1.1796875,a,-1.234375
a,-1.1328125,a,-1.109375
t,-1.296875,t,-1.234375
c,-1.7890625,c,-1.7890625
a,-1.015625,a,-1.0234375
a,-1.359375,a,-1.28125
a,-0.91015625,a,-0.91015625
a,-1.1171875,a,-1.125
t,-1.2421875,t,-1.234375
g,-1.4296875,g,-1.5
t,-1.09375,t,-1.09375
t,-1.078125,t,-1.0859375
t,-0.91015625,t,-0.9375
a,-1.34375,a,-1.328125
a,-1.109375,a,-1.1328125
a,-0.97265625,a,-0.90234375
c,-2.078125,c,-2.15625
t,-1.0546875,t,-1.09375
t,-1.046875,t,-1.015625
t,-0.8671875,t,-0.8828125
t,-0.8828125,t,-0.89453125
t,-0.88671875,t,-0.88671875
a,-1.3671875,a,-1.3671875
t,-1.0546875,t,-1.0859375
g,-2.03125,g,-2.078125
t,-0.82421875,t,-0.8515625
c,-2.125,c,-2.078125
a,-1.0859375,a,-1.125
c,-1.75,c,-1.765625
t,-0.83984375,t,-0.828125
t,-0.98828125,t,-0.98828125
g,-1.8984375,g,-1.96875
c,-1.796875,c,-1.84375
t,-0.84765625,t,-0.8125
g,-1.65625,g,-1.5625
t,-0.9296875,t,-0.91015625
c,-1.7890625,c,-1.859375
t,-0.80078125,t,-0.74609375
t,-0.8359375,t,-0.84765625
t,-0.82421875,t,-0.77734375
t,-0.9453125,t,-0.95703125
c,-1.7578125,c,-1.7265625
g,-3.796875,g,-3.765625
t,-0.83203125,t,-0.8515625
c,-1.7109375,c,-1.71875
c,-1.421875,c,-1.421875
t,-0.85546875,t,-0.8515625
c,-1.4921875,c,-1.4765625
g,-3.4375,g,-3.359375
t,-0.8515625,t,-0.88671875
t,-0.96484375,t,-0.9765625
a,-1.90625,a,-1.9453125
a,-1.4765625,a,-1.3828125
a,-1.3125,a,-1.265625
t,-1.125,t,-1.1328125
t,-1.0234375,t,-1.0390625
t,-0.87109375,t,-0.8984375
a,-1.53125,a,-1.5234375
a,-1.1640625,a,-1.1640625
t,-1.1484375,t,-1.1484375
t,-0.86328125,t,-0.85546875
t,-0.8125,t,-0.8125
t,-0.75390625,t,-0.75390625
g,-1.9765625,g,-1.9140625
t,-0.80078125,t,-0.82421875
t,-0.71484375,t,-0.73046875
g,-1.859375,g,-1.9375
g,-1.671875,g,-1.71875
t,-0.8125,t,-0.8125
c,-2.078125,c,-2.0625
t,-0.7890625,t,-0.8203125
t,-0.80859375,t,-0.84375
t,-0.9140625,t,-0.921875
t,-0.9375,t,-0.9375
g,-1.6640625,g,-1.671875
t,-0.95703125,t,-0.96875
t,-0.69140625,t,-0.71484375
g,-1.5703125,g,-1.6171875
t,-0.56640625,t,-0.578125
t,-0.61328125,t,-0.62109375
a,-2.078125,a,-2.0625
t,-0.6796875,t,-0.69921875
t,-0.515625,t,-0.49023438
g,-1.2578125,g,-1.28125
g,-2.546875,g,-2.5
t,-0.375,t,-0.375
t,-1.1796875,t,-1.171875
g,-1.8046875,g,-1.8046875
g,-1.703125,g,-1.71875
t,-1.015625,t,-1.0703125
t,-0.83984375,t,-0.8671875
t,-0.79296875,t,-0.74609375
t,-0.625,t,-0.640625
c,-2.109375,c,-2.109375
t,-0.77734375,t,-0.71875
c,-2.0625,c,-2.109375
c,-1.515625,c,-1.515625
a,-1.109375,a,-1.125
a,-1.703125,a,-1.7421875
a,-1.1875,a,-1.1875
t,-1.1953125,t,-1.2421875
g,-1.5546875,g,-1.5859375
c,-1.6875,c,-1.7265625
t,-0.89453125,t,-0.84765625
a,-1.609375,a,-1.515625
g,-1.546875,g,-1.484375
c,-1.8203125,c,-1.890625
t,-1.0078125,t,-0.94140625
a,-1.5859375,a,-1.625
t,-0.96875,t,-0.99609375
g,-1.59375,g,-1.53125
t,-0.8671875,t,-0.8828125
t,-1.03125,t,-1.03125
a,-1.3984375,a,-1.40625
a,-1.28125,a,-1.28125
g,-1.7890625,g,-1.796875
a,-1.390625,a,-1.3671875
a,-1.0078125,a,-0.98828125
a,-1.0703125,a,-1.0234375
t,-1.09375,t,-1.0625
t,-0.921875,t,-0.921875
t,-0.83984375,t,-0.859375
a,-1.375,a,-1.375
a,-1.109375,a,-1.0859375
g,-1.8828125,g,-1.859375
g,-1.6171875,g,-1.6171875
c,-1.9765625,c,-1.8671875
c,-1.6953125,c,-1.6953125
a,-0.8359375,a,-0.8515625
g,-1.265625,g,-1.265625
g,-1.4375,g,-1.4375
t,-1.2421875,t,-1.3125
a,-1.609375,a,-1.53125
c,-1.5078125,c,-1.5078125
a,-0.9453125,a,-0.87890625
g,-0.45507812,g,-0.4609375
t,-0.33203125,t,-0.30859375
g,-0.39453125,g,-0.35546875
g,-0.44726562,g,-0.42578125
c,-0.3828125,c,-0.38476562
t,-0.25195312,t,-0.2578125
c,-0.20996094,c,-0.21191406
a,-0.03564453,a,-0.036376953
t,-1.3671875,t,-1.3203125
g,-0.11816406,g,-0.114746094
c,-0.08984375,c,-0.09472656
c,-0.047607422,c,-0.053222656
t,-0.018310547,t,-0.018920898
g,-0.15820312,g,-0.15039062
t,-0.0038146973,t,-0.0039978027
a,-0.03881836,a,-0.03491211
a,-0.05517578,a,-0.06542969
t,-0.004638672,t,-0.0043640137
c,-0.047607422,c,-0.047607422
c,-0.072265625,c,-0.07714844
c,-0.08886719,c,-0.07519531
g,-5.8125,g,-5.6875
g,-0.099121094,g,-0.09814453
c,-0.107421875,c,-0.09863281
a,-0.46875,a,-0.46875
t,-3.375,t,-3.3125
t,-0.09375,t,-0.09326172
t,-0.0546875,t,-0.051513672
t,-0.07519531,t,-0.091308594
a,-2.703125,a,-2.75
g,-0.2578125,g,-0.26953125
a,-3.703125,a,-3.65625
a,-0.31054688,a,-0.33398438
g,-0.21582031,g,-0.24316406
g,-0.40234375,g,-0.46484375
c,-0.29296875,c,-0.296875
t,-0.64453125,t,-0.640625
g,-0.29492188,g,-0.30664062
a,-0.12597656,a,-0.11376953
g,-0.025390625,g,-0.022583008
g,-0.15136719,g,-0.14453125
c,-0.5546875,c,-0.609375
a,-0.31054688,a,-0.328125
g,-0.061523438,g,-0.060302734
g,-0.064941406,g,-0.056884766
a,-0.40234375,a,-0.41992188
g,-0.05883789,g,-0.057373047
g,-0.9921875,g,-1.03125
a,-0.013671875,a,-0.0138549805
t,-0.01953125,t,-0.021850586
c,-0.77734375,c,-0.78515625
a,-0.48828125,a,-0.47851562
c,-0.1015625,c,-0.11425781
t,-0.12988281,t,-0.13671875
t,-0.033447266,t,-0.033203125
g,-0.064941406,g,-0.06225586
a,-0.012634277,a,-0.011352539
g,-0.22070312,g,-0.21972656
c,-0.55078125,c,-0.59765625
t,-1.8125,t,-1.8125
c,-0.091796875,c,-0.08105469
a,-0.08691406,a,-0.088378906
g,-0.064941406,g,-0.06933594
g,-0.026733398,g,-0.025512695
a,-0.031982422,a,-0.030517578
g,-0.08203125,g,-0.08251953
t,-0.29492188,t,-0.265625
t,-0.010131836,t,-0.012084961
t,-1.046875,t,-1.0546875
g,-0.09082031,g,-0.08300781
a,-0.028320312,a,-0.031982422
g,-0.045898438,g,-0.04321289
a,-0.27148438,a,-0.27148438
c,-0.07519531,c,-0.07128906
c,-0.14648438,c,-0.18164062
a,-0.018066406,a,-0.01928711
g,-0.0625,g,-0.051513672
t,-3.96875,t,-3.90625
c,-0.11621094,c,-0.12060547
t,-0.103027344,t,-0.11230469
g,-0.12695312,g,-0.12109375
g,-0.1015625,g,-0.10058594
g,-0.765625,g,-0.86328125
c,-0.12988281,c,-0.14160156
a,-0.024169922,a,-0.023803711
a,-0.029541016,a,-0.03491211
c,-0.039794922,c,-0.040771484
a,-0.036376953,a,-0.030151367
t,-0.328125,t,-0.31640625
a,-1.0390625,a,-1.0390625
g,-0.12597656,g,-0.12597656
c,-1.1171875,c,-1.1640625
a,-0.82421875,a,-0.76171875
a,-0.03540039,a,-0.040039062
g,-0.26367188,g,-0.21386719
a,-0.016967773,a,-0.020019531
c,-0.107421875,c,-0.13476562
c,-0.203125,c,-0.24316406
t,-1.796875,t,-1.84375
c,-0.8359375,c,-0.87109375
g,-1.1015625,g,-1.1015625
t,-0.14453125,t,-0.14355469
c,-0.14453125,c,-0.13964844
t,-0.07421875,t,-0.063964844
t,-2.375,t,-2.375
t,-1.1640625,t,-1.203125
g,-1.8515625,g,-1.8515625
t,-1.7890625,t,-1.8125
t,-0.96875,t,-0.9296875
t,-1.5859375,t,-1.5625
a,-0.5390625,a,-0.56640625
g,-2.25,g,-2.3125
g,-3.140625,g,-3.140625
g,-3.171875,g,-3.046875
g,-1.65625,g,-1.5546875
a,-1.2890625,a,-1.28125
a,-2.421875,a,-2.421875
a,-1.09375,a,-1.0546875
a,-1.4296875,a,-1.3984375
a,-0.66796875,a,-0.6953125
a,-0.859375,a,-0.86328125
a,-0.6953125,a,-0.7421875
a,-0.56640625,a,-0.5625
g,-1.6796875,g,-1.6484375
a,-0.703125,a,-0.8359375
a,-0.484375,a,-0.49023438
a,-0.2578125,a,-0.26953125
t,-1.953125,t,-1.96875
t,-1.1796875,t,-1.1484375
t,-1.1171875,t,-1.1484375
a,-0.9921875,a,-1.0078125
a,-1.0,a,-0.984375
g,-2.015625,g,-1.9921875
t,-1.21875,t,-1.25
a,-1.21875,a,-1.171875
g,-1.359375,g,-1.421875
g,-2.171875,g,-2.0625
a,-1.2578125,a,-1.2578125
g,-1.3984375,g,-1.4453125
a,-0.83203125,a,-0.81640625
t,-1.734375,t,-1.6796875
t,-1.1796875,t,-1.1484375
a,-1.5859375,a,-1.59375
t,-1.4375,t,-1.3984375
a,-1.5234375,a,-1.5078125
t,-1.4609375,t,-1.484375
a,-1.15625,a,-1.0625
a,-1.234375,a,-1.25
g,-2.21875,g,-2.234375
c,-1.671875,c,-1.6171875
a,-0.55078125,a,-0.55078125
a,-1.0078125,a,-1.0
a,-0.625,a,-0.625
a,-0.6015625,a,-0.59375
a,-1.0546875,a,-1.0390625
t,-1.3359375,t,-1.4140625
a,-0.76953125,a,-0.78515625
c,-1.875,c,-1.9296875
a,-0.30273438,a,-0.31054688
a,-0.78125,a,-0.81640625
t,-2.125,t,-2.078125
t,-1.1484375,t,-1.1796875
a,-0.85546875,a,-0.8125
a,-0.98046875,a,-1.015625
t,-1.1796875,t,-1.1796875
t,-0.984375,t,-1.0078125
t,-0.9296875,t,-0.88671875
c,-2.265625,c,-2.21875
c,-1.8046875,c,-1.7734375
a,-0.99609375,a,-1.0234375
g,-1.2109375,g,-1.1953125
c,-2.09375,c,-2.046875
a,-0.8203125,a,-0.8203125
t,-1.2265625,t,-1.1640625
t,-0.86328125,t,-0.875
c,-1.9609375,c,-2.015625
a,-0.78125,a,-0.73828125
c,-1.921875,c,-1.921875
t,-1.2265625,t,-1.2109375
a,-1.5859375,a,-1.6328125
t,-0.99609375,t,-1.015625
a,-1.3984375,a,-1.3125
t,-0.9140625,t,-0.88671875
a,-1.09375,a,-1.0390625
a,-1.1640625,a,-1.1875
t,-1.0,t,-1.03125
a,-1.0546875,a,-1.0546875
t,-1.2734375,t,-1.21875
a,-0.7890625,a,-0.8046875
a,-1.0234375,a,-1.0625
a,-0.71484375,a,-0.78125
t,-0.91015625,t,-0.9296875
c,-2.46875,c,-2.453125
t,-1.1328125,t,-1.1328125
c,-1.8828125,c,-1.921875
c,-1.7734375,c,-1.828125
a,-0.85546875,a,-0.8671875
g,-1.4453125,g,-1.390625
a,-1.1171875,a,-1.0703125
c,-1.9609375,c,-1.984375
t,-1.03125,t,-1.015625
t,-1.1953125,t,-1.171875
t,-1.09375,t,-1.1171875
a,-1.3828125,a,-1.34375
c,-1.6171875,c,-1.6328125
t,-0.94140625,t,-0.94140625
t,-1.0078125,t,-1.03125
t,-0.96484375,t,-0.96484375
t,-0.953125,t,-0.953125
t,-0.83984375,t,-0.83984375
t,-0.90234375,t,-0.875
g,-2.015625,g,-2.0
t,-0.82421875,t,-0.7890625
t,-0.609375,t,-0.58984375
t,-0.5078125,t,-0.5078125
a,-1.8828125,a,-1.78125
c,-1.9609375,c,-1.9921875
t,-0.62109375,t,-0.6015625
g,-1.953125,g,-2.0
g,-1.796875,g,-1.78125
a,-1.4140625,a,-1.390625
t,-1.34375,t,-1.3203125
a,-1.0234375,a,-1.0625
t,-1.0625,t,-1.09375
a,-1.265625,a,-1.25
a,-1.421875,a,-1.4296875
a,-1.1875,a,-1.140625
c,-1.9375,c,-1.9609375
a,-0.84375,a,-0.84375
a,-1.1953125,a,-1.203125
t,-1.1015625,t,-1.109375
a,-1.0703125,a,-1.0390625
t,-0.99609375,t,-0.97265625
c,-2.140625,c,-2.171875
t,-0.8671875,t,-0.83203125
t,-1.0859375,t,-1.0390625
t,-0.88671875,t,-0.9140625
t,-0.9140625,t,-0.89453125
t,-0.859375,t,-0.88671875
c,-1.84375,c,-1.859375
t,-0.73046875,t,-0.7421875
g,-2.03125,g,-1.9765625
t,-0.71484375,t,-0.73046875
c,-1.765625,c,-1.796875
t,-0.67578125,t,-0.6875
c,-1.546875,c,-1.578125
c,-1.6953125,c,-1.640625
a,-1.40625,a,-1.3671875
g,-1.3828125,g,-1.3828125
A,-5.8125,A,-5.65625
T,-0.796875,T,-0.75
A,-1.65625,A,-1.71875
A,-1.2265625,A,-1.2265625
T,-1.34375,T,-1.3515625
T,-1.4296875,T,-1.375
C,-1.4921875,C,-1.5
C,-1.34375,C,-1.34375
C,-1.578125,C,-1.625
C,-1.7421875,C,-1.765625
C,-1.6171875,C,-1.671875
A,-1.03125,A,-1.0703125
C,-1.6015625,C,-1.6015625
C,-1.203125,C,-1.21875
A,-1.1640625,A,-1.1875
C,-1.28125,C,-1.2890625
C,-1.0625,C,-1.0625
T,-1.1484375,T,-1.125
C,-1.2265625,C,-1.2265625
C,-1.0546875,C,-1.0703125
C,-1.265625,C,-1.2421875
A,-1.21875,A,-1.21875
T,-1.671875,T,-1.65625
A,-1.8359375,A,-1.8046875
T,-1.2109375,T,-1.2265625
G,-1.359375,G,-1.359375
T,-1.34375,T,-1.34375
C,-1.453125,C,-1.5
C,-1.1796875,C,-1.1796875
A,-1.140625,A,-1.1015625
G,-1.0546875,G,-1.0546875
A,-1.21875,A,-1.21875
T,-1.4375,T,-1.4453125
T,-1.3203125,T,-1.34375
C,-1.25,C,-1.2421875
T,-1.015625,T,-1.015625
C,-1.3046875,C,-1.3125
T,-1.0859375,T,-1.109375
T,-1.2578125,T,-1.2578125
G,-1.578125,G,-1.578125
A,-1.5859375,A,-1.5859375
T,-1.3984375,T,-1.3984375
G,-1.171875,G,-1.171875
A,-1.375,A,-1.421875
T,-1.3671875,T,-1.3515625
G,-1.0625,G,-1.0625
C,-1.6328125,C,-1.6328125
T,-0.8671875,T,-0.8671875
G,-0.8359375,G,-0.8359375
A,-1.4296875,A,-1.4296875
T,-1.3515625,T,-1.3515625
G,-0.84765625,G,-0.84765625
C,-1.5390625,C,-1.5390625
T,-0.9140625,T,-0.9140625
T,-1.6171875,T,-1.6171875
T,-1.0625,T,-1.1171875
G,-1.40625,G,-1.390625
G,-1.1953125,G,-1.2109375
G,-1.28125,G,-1.28125
A,-1.1015625,A,-1.109375
A,-1.2578125,A,-1.2421875
G,-1.1640625,G,-1.09375
T,-1.5234375,T,-1.4921875
A,-1.7421875,A,-1.734375
T,-1.421875,T,-1.4453125
G,-1.2421875,G,-1.2421875
T,-1.375,T,-1.421875
T,-1.359375,T,-1.359375
A,-1.765625,A,-1.765625
A,-1.390625,A,-1.390625
T,-1.390625,T,-1.390625
T,-1.234375,T,-1.21875
T,-1.0859375,T,-1.0546875
C,-1.546875,C,-1.484375
A,-1.0625,A,-1.0625
T,-1.3046875,T,-1.3046875
G,-1.40625,G,-1.453125
G,-1.5390625,G,-1.59375
T,-1.4375,T,-1.4375
A,-1.671875,A,-1.671875
C,-1.640625,C,-1.640625
A,-1.09375,A,-1.0625
T,-1.375,T,-1.375
G,-1.34375,G,-1.34375
A,-1.2890625,A,-1.2890625
G,-1.2890625,G,-1.2890625
T,-1.5546875,T,-1.5
G,-1.328125,G,-1.3203125
G,-1.4296875,G,-1.4140625
C,-1.640625,C,-1.65625
T,-0.96484375,T,-0.984375
A,-1.7578125,A,-1.7421875
T,-1.140625,T,-1.1328125
C,-1.625,C,-1.625
A,-1.1796875,A,-1.1796875
T,-1.2421875,T,-1.2421875
A,-1.75,A,-1.75
C,-1.5546875,C,-1.5546875
T,-1.1171875,T,-1.1171875
G,-1.15625,G,-1.15625
G,-1.203125,G,-1.203125
C,-1.53125,C,-1.53125
T,-1.0625,T,-1.0625
A,-1.71875,A,-1.71875
T,-1.171875,T,-1.171875
T,-1.3046875,T,-1.3046875
A,-1.6640625,A,-1.6640625
T,-1.171875,T,-1.1640625
A,-1.5078125,A,-1.5
T,-1.046875,T,-1.0390625
G,-1.5234375,G,-1.5234375
g,-6.125,g,-6.125
t,-0.00680542,t,-0.0064086914
a,-0.23730469,a,-0.23730469
a,-0.23632812,a,-0.20703125
g,-0.27929688,g,-0.2734375
t,-0.74609375,t,-0.6640625
a,-1.296875,a,-1.3203125
a,-1.1328125,a,-1.1015625
t,-1.3515625,t,-1.3671875
c,-2.109375,c,-2.0
a,-0.8828125,a,-0.90625
c,-1.8515625,c,-1.796875
t,-1.0703125,t,-1.109375
c,-1.8984375,c,-1.921875
a,-0.89453125,a,-0.93359375
g,-1.2265625,g,-1.2265625
c,-1.5390625,c,-1.4609375
a,-0.85546875,a,-0.890625
t,-1.4140625,t,-1.4375
c,-1.8125,c,-1.78125
t,-0.91796875,t,-0.87109375
t,-1.140625,t,-1.140625
t,-1.0234375,t,-0.97265625
t,-1.0546875,t,-1.0703125
c,-1.6328125,c,-1.625
c,-1.3671875,c,-1.390625
t,-0.8828125,t,-0.8984375
g,-1.4296875,g,-1.40625
a,-1.3125,a,-1.3359375
c,-1.7734375,c,-1.7421875
a,-1.0625,a,-1.015625
a,-1.296875,a,-1.28125
t,-1.46875,t,-1.3984375
t,-1.09375,t,-1.125
t,-0.9375,t,-0.96484375
t,-1.0390625,t,-1.0390625
t,-1.03125,t,-1.0
t,-0.94921875,t,-0.953125
t,-0.78515625,t,-0.80859375
g,-2.09375,g,-2.09375
t,-0.78125,t,-0.7890625
a,-1.6953125,a,-1.703125
g,-1.5546875,g,-1.5625
t,-1.2890625,t,-1.296875
t,-0.8671875,t,-0.84375
a,-1.515625,a,-1.5234375
t,-0.7890625,t,-0.7734375
g,-1.765625,g,-1.6953125
t,-0.97265625,t,-0.93359375
g,-1.453125,g,-1.453125
a,-1.5390625,a,-1.5234375
c,-1.71875,c,-1.703125
t,-0.96875,t,-0.953125
t,-1.09375,t,-1.109375
t,-0.84375,t,-0.828125
g,-1.6953125,g,-1.671875
t,-0.88671875,t,-0.875
t,-0.8984375,t,-0.9140625
t,-0.61328125,t,-0.65234375
t,-0.87890625,t,-0.90234375
g,-1.71875,g,-1.734375
t,-0.58203125,t,-0.5625
a,-1.5546875,a,-1.546875
a,-1.3515625,a,-1.3359375
a,-1.234375,a,-1.2421875
t,-1.234375,t,-1.2421875
t,-0.93359375,t,-0.92578125
t,-0.83984375,t,-0.86328125
a,-1.453125,a,-1.421875
t,-0.875,t,-0.875
a,-1.34375,a,-1.3984375
a,-1.2734375,a,-1.2734375
a,-0.86328125,a,-0.859375
a,-1.0078125,a,-1.0625
t,-0.8828125,t,-0.9453125
a,-1.140625,a,-1.140625
c,-2.046875,c,-2.046875
t,-0.9140625,t,-0.9140625
a,-1.1171875,a,-1.125
c,-2.015625,c,-1.96875
t,-1.125,t,-1.15625
t,-0.9375,t,-0.9609375
g,-2.234375,g,-2.234375
c,-2.234375,c,-2.28125
t,-0.8203125,t,-0.75390625
t,-0.87109375,t,-0.87109375
c,-2.03125,c,-1.9765625
t,-0.8203125,t,-0.81640625
c,-1.8515625,c,-1.8359375
t,-0.73828125,t,-0.76171875
c,-1.8671875,c,-1.9140625
t,-0.6953125,t,-0.6796875
t,-1.046875,t,-1.046875
t,-0.65234375,t,-0.68359375
a,-1.703125,a,-1.640625
t,-0.859375,t,-0.859375
a,-1.34375,a,-1.296875
t,-0.92578125,t,-0.90625
t,-1.2265625,t,-1.2109375
a,-1.6875,a,-1.65625
c,-1.6484375,c,-1.53125
t,-1.0,t,-0.96484375
a,-1.328125,a,-1.3671875
a,-1.0703125,a,-1.0390625
a,-1.0078125,a,-0.984375
a,-0.87890625,a,-0.8984375
a,-0.93359375,a,-0.93359375
a,-1.015625,a,-0.9921875
t,-1.1015625,t,-1.078125
a,-1.03125,a,-1.0625
a,-0.81640625,a,-0.83984375
a,-0.68359375,a,-0.7109375
a,-0.671875,a,-0.75
a,-0.66015625,a,-0.69140625
t,-1.25,t,-1.3203125
a,-0.9609375,a,-0.9453125
a,-0.7265625,a,-0.71875
a,-0.66015625,a,-0.66015625
a,-0.66015625,a,-0.6953125
a,-0.72265625,a,-0.72265625
a,-0.68359375,a,-0.68359375
a,-0.58203125,a,-0.62109375
t,-1.5390625,t,-1.625
a,-0.84765625,a,-0.8359375
c,-2.09375,c,-2.125
a,-0.7578125,a,-0.7578125
a,-0.859375,a,-0.82421875
c,-2.15625,c,-2.265625
t,-1.296875,t,-1.359375
g,-1.5625,g,-1.609375
t,-0.86328125,t,-0.875
c,-2.015625,c,-2.015625
t,-0.8046875,t,-0.78515625
g,-1.5390625,g,-1.6640625
a,-1.2578125,a,-1.3046875
g,-1.6015625,g,-1.6328125
g,-1.578125,g,-1.6171875
c,-1.5859375,c,-1.75
t,-1.1171875,t,-1.1875
t,-1.234375,t,-1.21875
a,-1.4296875,a,-1.40625
a,-1.078125,a,-1.0703125
a,-1.0390625,a,-1.0078125
t,-1.28125,t,-1.3671875
t,-0.99609375,t,-1.015625
a,-1.1953125,a,-1.1875
c,-1.7578125,c,-1.734375
t,-1.09375,t,-1.0703125
c,-2.03125,c,-2.078125
t,-0.9453125,t,-0.91796875
t,-1.2109375,t,-1.2265625
g,-1.53125,g,-1.4609375
c,-1.921875,c,-1.8671875
a,-1.234375,a,-1.2578125
t,-1.1171875,t,-1.125
t,-1.0,t,-1.0234375
g,-1.8203125,g,-1.7578125
t,-0.875,t,-0.8515625
c,-2.015625,c,-2.03125
c,-1.5,c,-1.6171875
c,-1.375,c,-1.375
t,-0.921875,t,-0.9453125
a,-1.3984375,a,-1.390625
a,-1.1171875,a,-1.203125
g,-1.6484375,g,-1.6015625
t,-1.2578125,t,-1.328125
a,-1.265625,a,-1.2578125
t,-1.1640625,t,-1.15625
a,-1.34375,a,-1.34375
a,-1.1875,a,-1.21875
t,-1.1484375,t,-1.1640625
t,-0.984375,t,-0.96484375
t,-0.87109375,t,-0.86328125
t,-0.92578125,t,-0.92578125
a,-1.1640625,a,-1.2265625
g,-1.859375,g,-1.90625
t,-1.03125,t,-1.03125
t,-1.0078125,t,-0.98046875
a,-1.46875,a,-1.4296875
a,-1.171875,a,-1.1484375
t,-1.125,t,-1.09375
t,-0.8203125,t,-0.78515625
t,-0.71875,t,-0.75
t,-0.69921875,t,-0.72265625
a,-1.1953125,a,-1.2109375
a,-0.96484375,a,-0.95703125
a,-0.8046875,a,-0.83984375
a,-0.90234375,a,-0.90234375
a,-0.8828125,a,-0.85546875
g,-2.203125,g,-2.1875
c,-2.0625,c,-2.015625
t,-1.015625,t,-1.03125
t,-1.1328125,t,-1.125
t,-0.765625,t,-0.765625
c,-1.921875,c,-1.96875
a,-1.1484375,a,-1.1015625
t,-1.015625,t,-1.0234375
g,-2.078125,g,-2.078125
c,-2.078125,c,-2.0625
t,-0.9296875,t,-0.9140625
a,-1.4609375,a,-1.5078125
t,-0.90625,t,-0.93359375
t,-0.875,t,-0.88671875
g,-2.0,g,-2.046875
t,-0.87890625,t,-0.87890625
t,-0.8828125,t,-0.8828125
a,-1.4609375,a,-1.40625
g,-1.90625,g,-1.84375
a,-1.140625,a,-1.1640625
t,-1.28125,t,-1.265625
t,-0.9609375,t,-0.9609375
a,-1.3359375,a,-1.3359375
t,-0.9453125,t,-0.9453125
t,-0.78125,t,-0.7578125
t,-0.74609375,t,-0.71484375
t,-0.8046875,t,-0.75390625
g,-1.7890625,g,-1.8515625
a,-1.25,a,-1.2265625
t,-1.171875,t,-1.140625
t,-0.8828125,t,-0.921875
a,-1.328125,a,-1.296875
t,-0.79296875,t,-0.8515625
a,-1.2578125,a,-1.234375
c,-2.328125,c,-2.21875
a,-0.8828125,a,-0.90625
c,-2.078125,c,-2.015625
t,-1.0703125,t,-1.078125
t,-0.76953125,t,-0.8125
t,-0.84375,t,-0.8203125
t,-0.890625,t,-0.88671875
g,-1.859375,g,-1.8046875
a,-1.328125,a,-1.3203125
a,-1.09375,a,-1.046875
t,-1.1796875,t,-1.1796875
t,-1.0546875,t,-1.0234375
g,-1.9765625,g,-2.03125
a,-1.2890625,a,-1.28125
a,-1.140625,a,-1.125
a,-1.046875,a,-1.046875
t,-0.94140625,t,-0.92578125
t,-0.97265625,t,-0.95703125
a,-1.34375,a,-1.3046875
t,-0.97265625,t,-1.0078125
a,-1.2578125,a,-1.21875
c,-2.046875,c,-2.03125
t,-0.99609375,t,-1.046875
t,-0.9609375,t,-0.9609375
t,-0.84375,t,-0.85546875
t,-0.89453125,t,-0.8984375
t,-0.93359375,t,-0.89453125
c,-2.109375,c,-2.0625
t,-0.81640625,t,-0.81640625
a,-1.4609375,a,-1.40625
a,-1.125,a,-1.1484375
a,-0.8828125,a,-0.8125
t,-1.1640625,t,-1.1875
a,-1.203125,a,-1.171875
a,-1.1171875,a,-1.109375
t,-1.109375,t,-1.15625
g,-1.9140625,g,-1.90625
t,-0.93359375,t,-0.9140625
t,-0.8359375,t,-0.8359375
t,-0.875,t,-0.83984375
t,-0.83984375,t,-0.83984375
a,-1.265625,a,-1.2734375
a,-1.0546875,a,-0.984375
t,-1.0390625,t,-0.9765625
c,-2.15625,c,-2.171875
t,-0.80859375,t,-0.796875
c,-1.78125,c,-1.796875
t,-0.75390625,t,-0.75390625
g,-1.703125,g,-1.640625
a,-1.2421875,a,-1.2890625
t,-1.203125,t,-1.1640625
t,-0.88671875,t,-0.88671875
t,-0.74609375,t,-0.7421875
g,-2.125,g,-2.140625
a,-1.3515625,a,-1.34375
a,-1.234375,a,-1.2109375
a,-1.046875,a,-1.0234375
t,-1.0078125,t,-1.0078125
t,-0.98828125,t,-1.0078125
g,-2.109375,g,-2.046875
a,-1.3203125,a,-1.3203125
t,-1.1796875,t,-1.203125
t,-0.8359375,t,-0.84375
g,-2.03125,g,-2.09375
t,-0.88671875,t,-0.859375
a,-1.3203125,a,-1.3203125
g,-1.90625,g,-1.90625
g,-1.7109375,g,-1.7578125
g,-2.015625,g,-2.015625
a,-1.015625,a,-1.015625
a,-1.046875,a,-1.0625
t,-1.2265625,t,-1.2109375
g,-1.6875,g,-1.6484375
g,-1.71875,g,-1.6953125
a,-1.1328125,a,-1.1796875
a,-0.92578125,a,-0.92578125
a,-1.0703125,a,-1.0390625
a,-1.015625,a,-1.0703125
g,-1.71875,g,-1.734375
a,-1.046875,a,-1.015625
t,-1.4375,t,-1.40625
g,-1.421875,g,-1.328125
g,-1.4609375,g,-1.515625
g,-1.640625,g,-1.640625
a,-1.0078125,a,-0.94140625
t,-1.3125,t,-1.265625
a,-1.484375,a,-1.484375
a,-1.1015625,a,-1.1328125
t,-1.1953125,t,-1.21875
t,-1.03125,t,-1.0625
t,-0.92578125,t,-0.95703125
t,-0.9140625,t,-0.92578125
t,-0.8515625,t,-0.8359375
c,-1.8515625,c,-1.8515625
a,-1.171875,a,-1.1875
t,-1.15625,t,-1.171875
a,-1.390625,a,-1.34375
a,-1.1875,a,-1.1484375
a,-0.9609375,a,-0.9609375
t,-1.046875,t,-1.078125
g,-1.6171875,g,-1.640625
a,-1.15625,a,-1.140625
a,-0.9296875,a,-0.95703125
a,-0.87109375,a,-0.84375
a,-0.89453125,a,-0.8671875
a,-0.9140625,a,-0.89453125
t,-1.21875,t,-1.25
g,-1.6328125,g,-1.6328125
a,-0.9453125,a,-0.9765625
a,-0.7265625,a,-0.73828125
a,-0.765625,a,-0.81640625
t,-1.234375,t,-1.2421875
t,-1.1328125,t,-1.109375
c,-1.9609375,c,-1.984375
t,-0.8671875,t,-0.875
t,-0.99609375,t,-1.0078125
t,-0.89453125,t,-0.875
t,-0.84375,t,-0.84375
t,-0.8046875,t,-0.7734375
t,-0.69921875,t,-0.72265625
t,-0.63671875,t,-0.6328125
t,-0.56640625,t,-0.55078125
t,-0.40625,t,-0.40039062
t,-0.29492188,t,-0.26171875
t,-0.18261719,t,-0.2109375
t,-0.14648438,t,-0.16210938
t,-0.13964844,t,-0.13574219
t,-0.13769531,t,-0.14160156
t,-0.1171875,t,-0.14941406
t,-0.119140625,t,-0.12597656
t,-0.125,t,-0.13085938
t,-0.13671875,t,-0.1484375
t,-0.15039062,t,-0.16113281
t,-0.15332031,t,-0.14941406
t,-0.15917969,t,-0.16210938
t,-0.16894531,t,-0.16503906
g,-2.375,g,-2.375
a,-0.390625,a,-0.41992188
g,-0.171875,g,-0.19335938
a,-0.055419922,a,-0.048828125
c,-0.30859375,c,-0.30664062
g,-1.375,g,-1.3828125
g,-0.09667969,g,-0.09033203
a,-0.17871094,a,-0.17871094
g,-0.07080078,g,-0.068847656
t,-0.006591797,t,-0.0073547363
c,-0.33984375,c,-0.33984375
t,-0.008056641,t,-0.006958008
t,-1.078125,t,-1.078125
g,-0.15625,g,-0.16113281
c,-0.107910156,c,-0.087402344
t,-0.012329102,t,-0.011657715
c,-0.13183594,c,-0.13378906
t,-0.032226562,t,-0.031982422
g,-0.15332031,g,-0.14160156
t,-0.024414062,t,-0.028320312
t,-0.6484375,t,-0.62109375
g,-0.20117188,g,-0.25
c,-0.039794922,c,-0.03955078
c,-0.029785156,c,-0.029785156
c,-0.091796875,c,-0.09375
a,-0.008544922,a,-0.008544922
g,-0.028198242,g,-0.029907227
g,-0.029174805,g,-0.030029297
c,-0.03857422,c,-0.037597656
t,-0.029296875,t,-0.032714844
g,-0.09472656,g,-0.09472656
g,-0.115234375,g,-0.09765625
a,-0.15234375,a,-0.17382812
g,-0.07470703,g,-0.08300781
t,-0.037841797,t,-0.036865234
g,-0.092285156,g,-0.09472656
c,-0.08496094,c,-0.08544922
a,-0.022094727,a,-0.024414062
a,-1.9375,a,-1.984375
t,-0.045166016,t,-0.041748047
g,-0.06640625,g,-0.067871094
g,-0.118652344,g,-0.13085938
c,-0.37890625,c,-0.37890625
g,-0.7265625,g,-0.7265625
t,-1.1015625,t,-1.0234375
g,-0.17675781,g,-0.18457031
a,-0.031982422,a,-0.034179688
t,-0.021484375,t,-0.021850586
c,-0.041992188,c,-0.03857422
t,-0.055664062,t,-0.057128906
t,-1.15625,t,-1.15625
g,-0.111328125,g,-0.12695312
g,-0.034423828,g,-0.03930664
c,-0.072753906,c,-0.071777344
t,-0.014343262,t,-0.014343262
c,-0.04736328,c,-0.048339844
a,-0.020385742,a,-0.021850586
c,-0.0390625,c,-0.041992188
a,-4.84375,a,-4.90625
g,-0.234375,g,-0.23828125
c,-0.05493164,c,-0.060546875
a,-0.484375,a,-0.45117188
a,-0.49609375,a,-0.546875
g,-1.984375,g,-1.890625
c,-0.3671875,c,-0.37695312
t,-0.27929688,t,-0.26171875
c,-0.8984375,c,-0.84375
t,-2.046875,t,-2.15625
g,-0.43164062,g,-0.41210938
c,-0.34765625,c,-0.2890625
c,-0.41015625,c,-0.41015625
t,-0.76171875,t,-0.76171875
c,-0.28125,c,-0.27929688
c,-0.140625,c,-0.125
t,-1.59375,t,-1.6953125
g,-0.07763672,g,-0.08691406
g,-0.21484375,g,-0.24121094
a,-2.484375,a,-2.484375
t,-0.0859375,t,-0.095214844
t,-0.025756836,t,-0.02368164
c,-0.17089844,c,-0.16992188
a,-0.03930664,a,-0.045898438
c,-4.75,c,-4.8125
g,-0.359375,g,-0.31640625
c,-0.40625,c,-0.44726562
c,-0.5625,c,-0.54296875
a,-0.21777344,a,-0.26757812
t,-1.28125,t,-1.28125
t,-0.030395508,t,-0.029418945
c,-0.092285156,c,-0.08105469
t,-0.06201172,t,-0.05859375
c,-0.12988281,c,-0.15332031
c,-0.045410156,c,-0.046142578
t,-0.057128906,t,-0.05908203
g,-0.024536133,g,-0.024291992
c,-0.0859375,c,-0.08300781
c,-0.063964844,c,-0.05810547
t,-0.028442383,t,-0.02722168
c,-0.056640625,c,-0.05029297
a,-0.07080078,a,-0.07763672
g,-0.030883789,g,-0.032958984
c,-0.03125,c,-0.027954102
c,-0.016357422,c,-0.014282227
t,-0.014099121,t,-0.01373291
c,-0.053955078,c,-0.05053711
a,-5.28125,a,-5.28125
g,-0.9765625,g,-1.046875
a,-1.5390625,a,-1.546875
g,-1.2265625,g,-1.203125
g,-1.03125,g,-0.98828125
t,-0.20019531,t,-0.17871094
a,-2.890625,a,-2.90625
g,-0.69140625,g,-0.65234375
c,-2.078125,c,-2.140625
t,-0.9453125,t,-0.98828125
g,-0.39648438,g,-0.40234375
g,-0.24707031,g,-0.25
g,-0.3828125,g,-0.35742188
a,-0.19238281,a,-0.20800781
c,-0.484375,c,-0.484375
t,-0.26757812,t,-0.26757812
a,-0.049804688,a,-0.046875
c,-0.088378906,c,-0.083496094
a,-0.020385742,a,-0.01977539
g,-0.053955078,g,-0.048828125
g,-0.09375,g,-0.08984375
t,-1.4375,t,-1.4375
g,-0.08691406,g,-0.10839844
c,-0.34570312,c,-0.34960938
c,-1.40625,c,-1.28125
t,-0.93359375,t,-0.96875
g,-0.20019531,g,-0.234375
c,-0.14257812,c,-0.14550781
c,-0.26171875,c,-0.24804688
a,-0.016601562,a,-0.018798828
c,-0.0625,c,-0.05517578
c,-0.091308594,c,-0.1015625
a,-0.07519531,a,-0.07421875
c,-0.36328125,c,-0.34960938
g,-1.0078125,g,-0.93359375
c,-0.06201172,c,-0.056396484
c,-0.06689453,c,-0.075683594
t,-1.0234375,t,-1.109375
g,-0.067871094,g,-0.064453125
t,-5.21875,t,-5.03125
c,-0.24707031,c,-0.25
t,-0.35351562,t,-0.32226562
a,-1.375,a,-1.3828125
a,-1.6015625,a,-1.625
t,-0.6640625,t,-0.6640625
t,-0.6328125,t,-0.64453125
t,-0.27148438,t,-0.25585938
t,-0.16015625,t,-0.171875
t,-0.39453125,t,-0.37695312
t,-1.5546875,t,-1.4609375
g,-1.3671875,g,-1.4140625
t,-0.067871094,t,-0.067871094
a,-0.08886719,a,-0.09423828
t,-0.07519531,t,-0.07080078
t,-0.029052734,t,-0.026733398
t,-0.02746582,t,-0.025024414
t,-0.0126953125,t,-0.012512207
t,-0.083984375,t,-0.08251953
t,-2.34375,t,-2.34375
t,-1.421875,t,-1.5078125
g,-1.90625,g,-1.859375
t,-0.59765625,t,-0.6015625
a,-0.28515625,a,-0.26757812
a,-2.265625,a,-2.3125
a,-0.69921875,a,-0.65625
g,-0.625,g,-0.609375
a,-0.61328125,a,-0.66015625
c,-1.484375,c,-1.515625
a,-0.4140625,a,-0.39453125
g,-0.43359375,g,-0.390625
g,-0.23535156,g,-0.22363281
g,-0.28125,g,-0.3046875
t,-0.043701172,t,-0.03857422
t,-0.22363281,t,-0.23632812
t,-0.017456055,t,-0.016723633
c,-0.18359375,c,-0.19433594
a,-0.60546875,a,-0.60546875
c,-0.017211914,c,-0.017333984
t,-1.3671875,t,-1.2734375
g,-0.37304688,g,-0.375
t,-0.020385742,t,-0.021606445
g,-0.15722656,g,-0.16796875
t,-0.0390625,t,-0.037353516
t,-0.080566406,t,-0.07519531
a,-0.78515625,a,-0.78515625
g,-0.46484375,g,-0.46679688
c,-0.044433594,c,-0.043945312
c,-0.021606445,c,-0.021728516
a,-0.020996094,a,-0.021118164
g,-0.07519531,g,-0.087890625
g,-0.022216797,g,-0.021484375
a,-0.22753906,a,-0.24804688
t,-0.016601562,t,-0.020996094
g,-0.07519531,g,-0.06640625
g,-0.04663086,g,-0.049072266
t,-0.056152344,t,-0.049560547
c,-0.05859375,c,-0.061279297
t,-0.01586914,t,-0.01574707
c,-0.26953125,c,-0.26953125
a,-1.6015625,a,-1.5546875
a,-0.0546875,a,-0.057373047
t,-0.12451172,t,-0.13769531
c,-0.08642578,c,-0.08935547
t,-0.095703125,t,-0.103027344
c,-0.08691406,c,-0.08691406
c,-0.57421875,c,-0.578125
t,-0.026489258,t,-0.026367188
g,-0.045410156,g,-0.057617188
a,-0.100097656,a,-0.083496094
c,-0.122558594,c,-0.13378906
c,-0.067871094,c,-0.072265625
c,-4.15625,c,-4.03125
c,-1.515625,c,-1.46875
g,-0.7734375,g,-0.77734375
t,-0.375,t,-0.3828125
g,-0.8203125,g,-0.75390625
a,-0.25976562,a,-0.24902344
t,-0.83984375,t,-0.80078125
c,-0.16992188,c,-0.17089844
c,-0.84765625,c,-0.8125
a,-0.36132812,a,-0.36523438
c,-0.12060547,c,-0.13476562
c,-0.05078125,c,-0.05078125
c,-0.27539062,c,-0.2734375
g,-0.61328125,g,-0.5625
c,-0.063964844,c,-0.056884766
c,-0.041748047,c,-0.041503906
t,-0.012878418,t,-0.014465332
c,-0.3828125,c,-0.38476562
g,-0.25976562,g,-0.26171875
g,-0.03149414,g,-0.032958984
c,-0.0073547363,c,-0.0074768066
c,-0.072265625,c,-0.072265625
t,-0.016479492,t,-0.015991211
t,-3.296875,t,-3.40625
c,-0.109375,c,-0.11621094
c,-0.12988281,c,-0.13085938
a,-0.056884766,a,-0.05517578
a,-0.048583984,a,-0.056396484
g,-2.875,g,-2.9375
a,-2.203125,a,-2.109375
g,-2.53125,g,-2.453125
a,-0.90625,a,-0.90625
a,-5.0,a,-4.8125
a,-1.953125,a,-1.953125
t,-1.7578125,t,-1.734375
g,-1.5234375,g,-1.5546875
a,-1.9453125,a,-2.078125
a,-1.6640625,a,-1.6640625
a,-2.21875,a,-2.265625
t,-0.59765625,t,-0.6015625
t,-1.0,t,-1.03125
t,-0.89453125,t,-0.859375
t,-0.43359375,t,-0.38867188
t,-0.66015625,t,-0.6640625
t,-0.15332031,t,-0.16113281
t,-0.2265625,t,-0.23925781
a,-1.921875,a,-1.8671875
a,-1.359375,a,-1.3203125
t,-0.9140625,t,-0.921875
g,-3.015625,g,-3.078125
c,-2.703125,c,-2.578125
a,-0.96875,a,-0.97265625
c,-2.953125,c,-3.0625
a,-0.56640625,a,-0.55078125
a,-1.4921875,a,-1.4609375
a,-0.7265625,a,-0.69921875
g,-1.4609375,g,-1.4296875
a,-1.1484375,a,-1.21875
t,-1.125,t,-1.15625
c,-1.53125,c,-1.46875
t,-1.296875,t,-1.34375
g,-0.87890625,g,-0.921875
g,-1.671875,g,-1.5859375
g,-1.28125,g,-1.2578125
g,-2.046875,g,-2.0625
t,-0.828125,t,-0.82421875
a,-2.71875,a,-2.6875
a,-1.8515625,a,-1.8828125
t,-1.140625,t,-1.0859375
g,-0.94140625,g,-0.93359375
t,-1.1953125,t,-1.1953125
g,-1.2578125,g,-1.359375
t,-1.078125,t,-1.078125
a,-1.71875,a,-1.6484375
c,-1.6171875,c,-1.609375
c,-1.5703125,c,-1.546875
a,-1.3046875,a,-1.2578125
c,-1.53125,c,-1.484375
a,-1.0,a,-0.984375
t,-1.09375,t,-1.0703125
t,-1.1171875,t,-1.1171875
g,-1.4765625,g,-1.4296875
a,-1.390625,a,-1.4609375
a,-1.171875,a,-1.1796875
c,-1.6875,c,-1.6875
c,-1.578125,c,-1.609375
t,-1.0390625,t,-1.0625
t,-1.09375,t,-1.125
g,-1.5,g,-1.5703125
g,-1.453125,g,-1.453125
g,-1.453125,g,-1.453125
g,-1.6171875,g,-1.6953125
a,-1.0859375,a,-1.078125
g,-1.6015625,g,-1.5390625
t,-1.3046875,t,-1.3203125
a,-1.5078125,a,-1.5
t,-1.2578125,t,-1.28125
g,-1.40625,g,-1.3828125
g,-1.4765625,g,-1.4765625
c,-1.8828125,c,-1.828125
t,-0.87890625,t,-0.9140625
t,-1.1796875,t,-1.1953125
c,-1.6796875,c,-1.6953125
a,-1.2421875,a,-1.2890625
a,-1.515625,a,-1.5078125
a,-0.92578125,a,-0.9296875
c,-1.6953125,c,-1.6796875
t,-0.95703125,t,-0.98046875
t,-1.0859375,t,-1.046875
g,-1.4140625,g,-1.5
t,-1.203125,t,-1.21875
c,-1.5625,c,-1.625
a,-1.0703125,a,-1.0859375
c,-1.53125,c,-1.53125
t,-0.88671875,t,-0.90625
t,-1.078125,t,-1.09375
t,-0.97265625,t,-0.97265625
a,-1.59375,a,-1.59375
t,-1.1875,t,-1.125
a,-1.4140625,a,-1.453125
c,-1.9609375,c,-2.0
g,-3.234375,g,-3.328125
t,-0.9609375,t,-0.91015625
t,-1.140625,t,-1.15625
a,-1.5625,a,-1.6015625
g,-1.6640625,g,-1.6875
t,-1.1015625,t,-1.1171875
c,-1.953125,c,-1.96875
t,-0.8828125,t,-0.90625
c,-1.6875,c,-1.6484375
c,-1.5625,c,-1.5390625
t,-0.84765625,t,-0.84765625
a,-1.5859375,a,-1.625
c,-1.703125,c,-1.6640625
g,-3.359375,g,-3.359375
g,-1.609375,g,-1.6484375
a,-1.2265625,a,-1.296875
c,-1.9453125,c,-1.984375
a,-0.7890625,a,-0.8359375
t,-1.234375,t,-1.1953125
g,-1.25,g,-1.34375
t,-1.0625,t,-1.078125
t,-1.234375,t,-1.25
c,-1.5703125,c,-1.5859375
t,-0.921875,t,-0.9765625
a,-1.7265625,a,-1.7578125
t,-1.1953125,t,-1.1484375
t,-1.140625,t,-1.2109375
g,-1.6953125,g,-1.671875
t,-1.140625,t,-1.140625
a,-1.453125,a,-1.4453125
t,-1.0390625,t,-1.0390625
t,-1.046875,t,-1.03125
t,-0.73046875,t,-0.75
t,-0.84375,t,-0.80859375
a,-1.4296875,a,-1.375
g,-1.859375,g,-1.859375
t,-1.0234375,t,-1.03125
c,-2.203125,c,-2.203125
a,-1.1328125,a,-1.09375
g,-1.4921875,g,-1.53125
a,-1.421875,a,-1.4453125
a,-1.1171875,a,-1.078125
c,-1.9296875,c,-1.875
a,-0.99609375,a,-1.0390625
t,-1.1015625,t,-1.0703125
t,-1.0,t,-1.0
t,-0.77734375,t,-0.76953125
a,-1.34375,a,-1.390625
a,-1.2265625,a,-1.2109375
a,-0.9609375,a,-0.98046875
a,-0.9453125,a,-0.9765625
t,-1.0625,t,-1.109375
t,-1.0703125,t,-1.0546875
a,-1.234375,a,-1.3203125
t,-1.0390625,t,-1.0703125
t,-0.94140625,t,-0.9140625
t,-0.72265625,t,-0.70703125
t,-0.7890625,t,-0.75390625
a,-1.4296875,a,-1.3671875
t,-0.953125,t,-0.98828125
t,-0.67578125,t,-0.671875
t,-0.609375,t,-0.5859375
t,-0.6484375,t,-0.6484375
a,-1.546875,a,-1.5390625
t,-0.80859375,t,-0.8359375
t,-0.56640625,t,-0.58203125
t,-0.46289062,t,-0.484375
t,-0.6171875,t,-0.62109375
a,-1.6328125,a,-1.625
t,-0.75390625,t,-0.7578125
t,-0.51953125,t,-0.53515625
t,-0.4140625,t,-0.3984375
t,-0.5390625,t,-0.51953125
t,-0.46679688,t,-0.45507812
t,-0.453125,t,-0.4296875
t,-0.49023438,t,-0.47460938
t,-0.328125,t,-0.32421875
t,-0.23242188,t,-0.2265625
t,-0.17089844,t,-0.18359375
t,-0.15625,t,-0.17578125
t,-0.16113281,t,-0.15234375
t,-0.14160156,t,-0.14453125
t,-0.16113281,t,-0.1484375
t,-0.21289062,t,-0.20996094
t,-0.19628906,t,-0.19824219
g,-2.3125,g,-2.328125
a,-0.41210938,a,-0.45703125
g,-0.203125,g,-0.19921875
a,-0.067871094,a,-0.068847656
c,-0.34179688,c,-0.34179688
g,-1.2890625,g,-1.2421875
g,-0.107910156,g,-0.104003906
a,-0.16113281,a,-0.15820312
g,-0.078125,g,-0.075683594
t,-0.008117676,t,-0.007385254
c,-0.37695312,c,-0.37695312
t,-0.010192871,t,-0.010437012
c,-0.46484375,c,-0.46679688
g,-0.82421875,g,-0.82421875
c,-0.07421875,c,-0.07128906
t,-0.0031585693,t,-0.003326416
c,-0.1015625,c,-0.0859375
t,-0.010070801,t,-0.009460449
g,-0.25195312,g,-0.25195312
t,-0.008056641,t,-0.009094238
c,-0.515625,c,-0.54296875
a,-0.59765625,a,-0.625
c,-0.019042969,c,-0.016235352
c,-0.022094727,c,-0.021118164
c,-0.07910156,c,-0.07714844
a,-0.038330078,a,-0.03515625
g,-0.030395508,g,-0.03491211
g,-0.042236328,g,-0.04711914
c,-0.09326172,c,-0.09277344
t,-0.036132812,t,-0.035888672
g,-0.047607422,g,-0.048095703
g,-0.13964844,g,-0.15527344
a,-0.018920898,a,-0.015319824
g,-0.05883789,g,-0.05102539
t,-0.017944336,t,-0.016357422
a,-2.59375,a,-2.53125
c,-0.10644531,c,-0.091308594
a,-0.024658203,a,-0.01965332
g,-0.12158203,g,-0.12792969
t,-0.025268555,t,-0.026245117
g,-0.067871094,g,-0.05908203
g,-0.15722656,g,-0.13769531
c,-0.43945312,c,-0.48242188
g,-0.578125,g,-0.578125
c,-0.52734375,c,-0.546875
a,-1.203125,a,-1.28125
g,-2.90625,g,-2.796875
t,-0.014099121,t,-0.014709473
c,-0.15625,c,-0.140625
t,-0.20410156,t,-0.20800781
c,-0.59765625,c,-0.59375
g,-0.8828125,g,-0.921875
g,-0.42578125,g,-0.42773438
c,-0.06591797,c,-0.068359375
t,-0.060791016,t,-0.068359375
c,-0.20410156,c,-0.1953125
a,-0.032714844,a,-0.03857422
c,-0.03491211,c,-0.04345703
t,-0.096191406,t,-0.10888672
g,-0.0625,g,-0.0625
c,-0.029296875,c,-0.030273438
a,-0.036132812,a,-0.036621094
a,-0.099121094,a,-0.08935547
g,-1.3828125,g,-1.3828125
c,-0.04296875,c,-0.04272461
t,-0.01965332,t,-0.018920898
c,-0.040771484,c,-0.040771484
c,-0.43554688,c,-0.43554688
g,-0.3515625,g,-0.36914062
c,-0.09667969,c,-0.080566406
c,-0.048095703,c,-0.041259766
t,-0.041748047,t,-0.037109375
c,-0.029418945,c,-0.032226562
c,-0.031982422,c,-0.03125
c,-0.18652344,c,-0.19726562
g,-0.2890625,g,-0.3046875
g,-0.05419922,g,-0.05102539
g,-0.03564453,g,-0.033203125
t,-0.025878906,t,-0.022460938
t,-0.011108398,t,-0.010986328
c,-0.033203125,c,-0.030639648
a,-0.0040283203,a,-0.0038757324
c,-0.859375,c,-0.74609375
g,-0.328125,g,-0.3125
c,-0.056152344,c,-0.056640625
c,-0.12451172,c,-0.10839844
a,-0.029174805,a,-0.030395508
t,-0.014892578,t,-0.016967773
t,-0.04248047,t,-0.047851562
c,-0.022949219,c,-0.01928711
t,-0.011291504,t,-0.01159668
c,-0.04248047,c,-0.040039062
c,-0.061035156,c,-0.051757812
t,-0.037597656,t,-0.036865234
g,-0.030395508,g,-0.033935547
c,-0.056640625,c,-0.061279297
c,-0.03466797,c,-0.03466797
t,-0.013183594,t,-0.014709473
c,-0.03540039,c,-0.034423828
a,-0.037841797,a,-0.03930664
g,-0.020141602,g,-0.020751953
c,-0.041259766,c,-0.040527344
c,-0.025634766,c,-0.025756836
t,-0.014892578,t,-0.017333984
c,-0.04296875,c,-0.038085938
t,-3.546875,t,-3.53125
c,-0.70703125,c,-0.70703125
c,-2.171875,c,-2.203125
g,-2.671875,g,-2.59375
a,-1.7890625,a,-1.90625
g,-0.34570312,g,-0.34570312
t,-1.015625,t,-0.93359375
a,-1.265625,a,-1.3046875
g,-3.09375,g,-3.265625
c,-0.58203125,c,-0.5625
t,-0.21386719,t,-0.20898438
g,-0.26757812,g,-0.27929688
g,-0.071777344,g,-0.079589844
g,-0.11328125,g,-0.10644531
a,-0.107421875,a,-0.09765625
c,-0.5390625,c,-0.5625
t,-0.09375,t,-0.099609375
a,-0.04663086,a,-0.047851562
c,-0.09033203,c,-0.080566406
a,-0.029541016,a,-0.025024414
g,-0.12011719,g,-0.13085938
g,-0.072265625,g,-0.075683594
c,-0.39648438,c,-0.375
g,-0.73046875,g,-0.703125
c,-0.27929688,c,-0.29492188
c,-0.3203125,c,-0.32617188
c,-0.39648438,c,-0.39648438
g,-0.44335938,g,-0.46875
c,-0.04345703,c,-0.043701172
c,-0.008422852,c,-0.0067749023
a,-0.035888672,a,-0.039794922
c,-0.06591797,c,-0.06591797
c,-0.03466797,c,-0.036621094
a,-0.103515625,a,-0.10644531
c,-0.4375,c,-0.43554688
g,-0.37695312,g,-0.39257812
c,-0.05078125,c,-0.045410156
c,-0.05053711,c,-0.05053711
c,-0.33984375,c,-0.34375
g,-0.65234375,g,-0.71484375
g,-0.022705078,g,-0.025390625
c,-0.02368164,c,-0.021972656
t,-0.033447266,t,-0.027832031
a,-0.051513672,a,-0.05126953
a,-0.024536133,a,-0.025146484
t,-0.01373291,t,-0.013977051
t,-0.0107421875,t,-0.010864258
t,-0.008544922,t,-0.008544922
t,-0.0115356445,t,-0.010375977
t,-0.045410156,t,-0.05029297
t,-0.32421875,t,-0.33984375
t,-0.7265625,t,-0.640625
t,-0.42773438,t,-0.43164062
t,-0.26757812,t,-0.28320312
a,-4.09375,a,-4.15625
t,-0.16699219,t,-0.15039062
t,-0.1015625,t,-0.09472656
t,-0.083984375,t,-0.07714844
t,-0.046142578,t,-0.043945312
t,-0.063964844,t,-0.064941406
a,-1.1484375,a,-1.15625
g,-0.4140625,g,-0.39257812
t,-0.06298828,t,-0.057373047
a,-0.049072266,a,-0.045898438
g,-0.05517578,g,-0.056152344
a,-0.028198242,a,-0.026977539
g,-0.018432617,g,-0.019042969
a,-0.044433594,a,-0.040039062
c,-0.34375,c,-0.32617188
g,-0.44921875,g,-0.38476562
g,-0.096191406,g,-0.092285156
g,-0.16796875,g,-0.18847656
g,-0.080078125,g,-0.0703125
t,-0.012512207,t,-0.013549805
t,-0.04272461,t,-0.048583984
t,-0.017211914,t,-0.017578125
c,-0.07470703,c,-0.08935547
a,-0.24707031,a,-0.22265625
c,-0.05834961,c,-0.055419922
c,-0.17871094,c,-0.1796875
g,-1.921875,g,-1.875
t,-0.016357422,t,-0.016235352
g,-0.037353516,g,-0.03955078
g,-6.25,g,-6.3125
t,-0.20605469,t,-0.18457031
c,-3.0625,c,-3.0
t,-0.47851562,t,-0.49414062
c,-0.67578125,c,-0.73828125
g,-2.890625,g,-2.984375
a,-0.44140625,a,-0.44140625
t,-1.171875,t,-1.140625
c,-0.59375,c,-0.6640625
t,-0.13769531,t,-0.13964844
c,-0.20996094,c,-0.24511719
c,-0.09667969,c,-0.12011719
t,-0.020019531,t,-0.020141602
g,-0.025878906,g,-0.030151367
a,-0.13085938,a,-0.140625
c,-0.095214844,c,-0.10839844
c,-0.10644531,c,-0.119140625
t,-0.013183594,t,-0.011108398
c,-0.30273438,c,-0.31835938
g,-0.609375,g,-0.50390625
t,-0.07861328,t,-0.072265625
g,-0.025756836,g,-0.024169922
a,-0.044921875,a,-0.05078125
t,-0.034179688,t,-0.041015625
c,-0.048339844,c,-0.045410156
c,-0.30664062,c,-0.29882812
a,-0.78515625,a,-0.88671875
c,-0.026123047,c,-0.02319336
c,-0.01977539,c,-0.021606445
c,-0.41601562,c,-0.39453125
g,-0.51171875,g,-0.46679688
c,-0.040283203,c,-0.040283203
c,-0.045410156,c,-0.047851562
t,-0.021484375,t,-0.022460938
c,-0.5625,c,-0.5390625
g,-0.1796875,g,-0.1796875
g,-0.032226562,g,-0.034179688
c,-0.0063171387,c,-0.006011963
c,-0.095214844,c,-0.107421875
t,-0.013793945,t,-0.013244629
c,-0.030883789,c,-0.027709961
c,-0.07910156,c,-0.07519531
c,-0.09472656,c,-0.100097656
a,-0.05908203,a,-0.061767578
a,-0.03125,a,-0.03491211
a,-0.057861328,a,-0.063964844
g,-0.049804688,g,-0.04711914
t,-0.009460449,t,-0.008728027
g,-0.03540039,g,-0.040283203
c,-0.056152344,c,-0.06298828
t,-0.009643555,t,-0.009887695
g,-0.072265625,g,-0.08154297
g,-0.091796875,g,-0.099609375
g,-0.040527344,g,-0.041259766
a,-0.0038604736,a,-0.0036621094
t,-0.005065918,t,-0.0057373047
t,-0.008728027,t,-0.011230469
a,-0.013366699,a,-0.014038086
c,-0.14453125,c,-0.15136719
a,-0.011413574,a,-0.010620117
a,-3.53125,a,-3.46875
g,-0.14160156,g,-0.14355469
c,-0.47070312,c,-0.54296875
g,-0.92578125,g,-0.96484375
t,-0.012939453,t,-0.0095825195
g,-0.052490234,g,-0.053955078
a,-0.171875,a,-0.16210938
g,-0.075683594,g,-0.063964844
c,-0.033203125,c,-0.031982422
c,-0.064453125,c,-0.072753906
a,-0.029663086,a,-0.028442383
c,-0.030395508,c,-0.028808594
c,-0.4921875,c,-0.49023438
g,-0.47460938,g,-0.45507812
c,-0.47070312,c,-0.44921875
g,-0.33007812,g,-0.3125
c,-0.10205078,c,-0.091308594
c,-0.045654297,c,-0.045166016
c,-0.41601562,c,-0.43359375
g,-0.66015625,g,-0.66015625
g,-0.03515625,g,-0.030395508
c,-0.051757812,c,-0.056640625
c,-0.25976562,c,-0.27148438
t,-0.890625,t,-0.86328125
a,-1.46875,a,-1.53125
a,-1.5859375,a,-1.546875
a,-1.015625,a,-0.90625
a,-1.2734375,a,-1.2109375
t,-0.90234375,t,-0.90234375
t,-0.71875,t,-0.7109375
a,-1.59375,a,-1.6640625
t,-0.6953125,t,-0.7421875
t,-0.58203125,t,-0.56640625
t,-0.265625,t,-0.27539062
t,-0.46679688,t,-0.4296875
t,-0.24609375,t,-0.24609375
a,-1.6328125,a,-1.6328125
a,-1.46875,a,-1.46875
a,-0.86328125,a,-0.91796875
a,-0.73828125,a,-0.703125
g,-2.171875,g,-2.0625
t,-0.82421875,t,-0.7421875
a,-1.203125,a,-1.203125
a,-1.34375,a,-1.3359375
g,-2.109375,g,-2.078125
c,-1.7734375,c,-1.78125
t,-0.9921875,t,-1.0078125
c,-1.4609375,c,-1.4609375
t,-0.828125,t,-0.84765625
t,-0.921875,t,-0.90625
g,-1.5390625,g,-1.5625
t,-1.1015625,t,-1.1328125
g,-1.9921875,g,-1.921875
c,-1.75,c,-1.7890625
c,-1.3359375,c,-1.359375
c,-1.4765625,c,-1.484375
t,-1.03125,t,-1.03125
g,-1.21875,g,-1.2890625
c,-1.359375,c,-1.34375
t,-0.94921875,t,-0.94921875
a,-2.03125,a,-2.1875
a,-1.4375,a,-1.40625
a,-1.421875,a,-1.421875
a,-1.140625,a,-1.1640625
t,-1.1484375,t,-1.171875
t,-1.0,t,-0.98828125
a,-1.5390625,a,-1.5234375
t,-1.1171875,t,-1.0859375
g,-1.7109375,g,-1.703125
a,-1.3359375,a,-1.3359375
t,-1.21875,t,-1.1953125
g,-1.71875,g,-1.75
t,-0.9453125,t,-0.90234375
g,-1.7265625,g,-1.7109375
a,-1.375,a,-1.3828125
t,-1.0625,t,-1.078125
a,-1.5703125,a,-1.5234375
t,-0.94140625,t,-1.0078125
t,-0.85546875,t,-0.85546875
g,-1.828125,g,-1.8046875
t,-0.921875,t,-0.94921875
a,-1.546875,a,-1.546875
g,-1.671875,g,-1.6015625
g,-1.84375,g,-1.828125
c,-1.734375,c,-1.8515625
a,-0.89453125,a,-0.921875
c,-1.796875,c,-1.796875
t,-1.046875,t,-1.0703125
t,-0.96484375,t,-0.96484375
g,-1.2265625,g,-1.2265625
t,-1.109375,t,-1.109375
a,-1.5,a,-1.4765625
t,-1.1953125,t,-1.1953125
t,-0.98046875,t,-0.96875
t,-0.76171875,t,-0.75
t,-0.8125,t,-0.84765625
t,-0.71484375,t,-0.7109375
a,-1.34375,a,-1.359375
g,-1.5,g,-1.4296875
t,-0.89453125,t,-0.8671875
a,-1.0625,a,-1.046875
a,-1.4375,a,-1.421875
a,-0.95703125,a,-0.95703125
t,-1.09375,t,-1.109375
t,-1.0,t,-1.0
a,-1.5703125,a,-1.5078125
a,-1.2734375,a,-1.2578125
t,-1.0390625,t,-1.0390625
a,-1.3203125,a,-1.3125
t,-0.90234375,t,-0.85546875
a,-1.2578125,a,-1.2265625
g,-2.25,g,-2.25
a,-1.0546875,a,-1.0625
a,-0.9375,a,-0.97265625
g,-1.9296875,g,-1.9609375
a,-1.03125,a,-1.09375
a,-1.03125,a,-1.0390625
a,-1.0078125,a,-0.9765625
c,-2.03125,c,-2.078125
a,-0.79296875,a,-0.83984375
a,-1.0390625,a,-1.03125
c,-2.0625,c,-2.0625
t,-1.0234375,t,-0.99609375
g,-1.640625,g,-1.6015625
a,-1.328125,a,-1.3203125
c,-2.125,c,-2.078125
t,-1.015625,t,-1.0
t,-0.99609375,t,-0.98046875
a,-1.4921875,a,-1.3515625
a,-1.1484375,a,-1.1875
a,-0.88671875,a,-0.90625
g,-1.703125,g,-1.78125
g,-1.6796875,g,-1.671875
t,-1.15625,t,-1.1640625
g,-1.6484375,g,-1.6875
t,-1.125,t,-1.1796875
a,-1.4765625,a,-1.515625
t,-1.015625,t,-1.0078125
g,-1.328125,g,-1.4296875
t,-0.81640625,t,-0.80859375
t,-1.234375,t,-1.1640625
t,-0.73828125,t,-0.8046875
t,-0.99609375,t,-1.0078125
t,-0.90625,t,-0.890625
a,-1.40625,a,-1.359375
a,-1.125,a,-1.109375
a,-0.91796875,a,-0.9296875
t,-1.203125,t,-1.1953125
g,-1.53125,g,-1.578125
t,-0.9453125,t,-0.95703125
a,-1.3828125,a,-1.3671875
t,-0.81640625,t,-0.86328125
c,-2.25,c,-2.25
a,-1.203125,a,-1.15625
t,-0.99609375,t,-0.99609375
c,-2.046875,c,-2.0625
t,-0.7890625,t,-0.7890625
g,-1.4921875,g,-1.53125
t,-0.81640625,t,-0.84375
g,-1.484375,g,-1.4609375
t,-0.9140625,t,-0.88671875
g,-1.390625,g,-1.34375
t,-0.5703125,t,-0.5703125
g,-1.0234375,g,-1.0390625
c,-2.296875,c,-2.21875
c,-1.6796875,c,-1.6796875
c,-1.875,c,-1.8359375
c,-1.6484375,c,-1.6484375
c,-1.484375,c,-1.5390625
a,-0.921875,a,-0.87890625
t,-1.1171875,t,-1.1328125
t,-1.1953125,t,-1.21875
a,-1.8515625,a,-1.8515625
a,-1.3125,a,-1.2578125
t,-1.140625,t,-1.1640625
a,-1.265625,a,-1.3125
t,-1.03125,t,-1.0625
t,-0.9765625,t,-0.91796875
c,-1.828125,c,-1.84375
t,-0.81640625,t,-0.8359375
t,-0.9140625,t,-0.94921875
a,-1.375,a,-1.375
t,-1.0234375,t,-1.0625
t,-0.87109375,t,-0.87109375
t,-0.78515625,t,-0.75390625
a,-1.453125,a,-1.4296875
a,-1.2734375,a,-1.3046875
a,-1.0625,a,-1.0625
a,-0.96484375,a,-0.98046875
g,-1.921875,g,-1.9296875
t,-1.09375,t,-1.171875
t,-0.97265625,t,-0.98046875
a,-1.328125,a,-1.265625
a,-1.0703125,a,-1.078125
g,-1.8984375,g,-1.8984375
g,-1.7265625,g,-1.7578125
c,-1.875,c,-1.921875
c,-1.6875,c,-1.7421875
a,-0.8515625,a,-0.8359375
g,-1.3515625,g,-1.3515625
a,-1.1015625,a,-1.0859375
c,-1.9921875,c,-1.9765625
a,-0.73828125,a,-0.73828125
t,-1.0859375,t,-1.140625
g,-1.3828125,g,-1.3984375
g,-1.109375,g,-1.1875
t,-0.9609375,t,-0.89453125
g,-1.046875,g,-1.0078125
g,-0.96484375,g,-1.0
c,-0.94140625,c,-0.94140625
t,-0.54296875,t,-0.59375
t,-1.6953125,t,-1.796875
a,-0.4453125,a,-0.42773438
c,-0.85546875,c,-0.828125
a,-0.453125,a,-0.42773438
a,-1.7890625,a,-1.828125
c,-0.88671875,c,-0.9140625
t,-0.80078125,t,-0.734375
g,-1.2265625,g,-1.2265625
t,-0.71875,t,-0.68359375
a,-1.0234375,a,-1.046875
a,-0.69140625,a,-0.75390625
t,-0.91796875,t,-0.95703125
c,-1.109375,c,-1.140625
c,-1.015625,c,-1.0234375
c,-0.95703125,c,-0.95703125
a,-0.12597656,a,-0.10546875
a,-1.609375,a,-1.609375
c,-0.375,c,-0.38671875
a,-0.13085938,a,-0.11035156
g,-4.375,g,-4.5
t,-0.14257812,t,-0.15136719
t,-0.65234375,t,-0.6875
t,-0.6015625,t,-0.6015625
g,-0.23535156,g,-0.24511719
t,-2.421875,t,-2.375
g,-1.390625,g,-1.390625
a,-0.703125,a,-0.7265625
g,-0.89453125,g,-0.90625
g,-2.078125,g,-2.0
c,-1.0,c,-0.984375
c,-2.046875,c,-2.046875
g,-2.015625,g,-1.9765625
a,-0.953125,a,-0.96875
g,-0.2890625,g,-0.27929688
g,-0.51171875,g,-0.47070312
c,-0.73828125,c,-0.83984375
a,-0.40429688,a,-0.42773438
g,-0.24902344,g,-0.24121094
g,-0.067871094,g,-0.071777344
c,-1.40625,c,-1.2734375
a,-0.83203125,a,-0.8125
g,-0.020263672,g,-0.023925781
a,-0.016723633,a,-0.015258789
t,-0.02758789,t,-0.0234375
c,-0.49414062,c,-0.44921875
a,-0.51953125,a,-0.5
c,-0.099121094,c,-0.09082031
t,-0.75390625,t,-0.79296875
t,-0.09033203,t,-0.083984375
g,-0.025024414,g,-0.028320312
a,-0.046142578,a,-0.044189453
g,-0.040283203,g,-0.040283203
g,-0.17871094,g,-0.16992188
t,-0.22949219,t,-0.20605469
c,-0.07324219,c,-0.091796875
a,-0.04248047,a,-0.039794922
g,-0.028564453,g,-0.030029297
g,-0.033935547,g,-0.033691406
a,-0.0073547363,a,-0.008361816
g,-0.022705078,g,-0.022949219
t,-0.029052734,t,-0.029418945
t,-0.001373291,t,-0.0013580322
t,-1.234375,t,-1.1484375
g,-0.053222656,g,-0.05444336
a,-0.014099121,a,-0.014404297
g,-0.05126953,g,-0.05810547
a,-0.07080078,a,-0.080078125
c,-0.053466797,c,-0.05834961
c,-0.076171875,c,-0.071777344
a,-0.01574707,a,-0.014038086
g,-0.06982422,g,-0.080566406
c,-0.029907227,c,-0.028198242
c,-0.036132812,c,-0.041015625
t,-0.03515625,t,-0.033935547
g,-0.051513672,g,-0.049316406
g,-0.14941406,g,-0.16894531
c,-0.40039062,c,-0.40625
c,-0.07128906,c,-0.07519531
a,-0.018432617,a,-0.018310547
a,-0.025024414,a,-0.026855469
c,-0.123046875,c,-0.119628906
a,-0.032714844,a,-0.036621094
t,-0.044189453,t,-0.037597656
g,-0.08300781,g,-0.088378906
a,-3.59375,a,-3.65625
t,-0.33007812,t,-0.33398438
g,-0.088378906,g,-0.09277344
a,-0.01940918,a,-0.01965332
a,-0.018432617,a,-0.015258789
a,-0.011047363,a,-0.011657715
c,-0.075683594,c,-0.08496094
c,-0.055908203,c,-0.05444336
t,-2.375,t,-2.484375
t,-0.88671875,t,-0.81640625
g,-0.19140625,g,-0.17773438
t,-0.08105469,t,-0.078125
c,-0.23925781,c,-0.3046875
t,-0.140625,t,-0.13964844
c,-0.29296875,c,-0.29882812
t,-0.114746094,t,-0.10986328
a,-0.18261719,a,-0.18359375
c,-0.123046875,c,-0.125
t,-0.19335938,t,-0.19824219
a,-0.049560547,a,-0.052490234
a,-0.014892578,a,-0.01574707
a,-0.0126953125,a,-0.012573242
a,-0.024536133,a,-0.024169922
a,-0.03515625,a,-0.030273438
t,-0.087402344,t,-0.092285156
a,-0.110839844,a,-0.1015625
c,-0.16308594,c,-0.16601562
c,-5.21875,c,-5.21875
a,-0.040283203,a,-0.03930664
a,-0.3125,a,-0.3125
a,-0.70703125,a,-0.73828125
a,-0.45117188,a,-0.45117188
a,-0.53515625,a,-0.54296875
a,-0.94140625,a,-1.046875
a,-0.3125,a,-0.31054688
a,-0.7890625,a,-0.76171875
t,-2.34375,t,-2.28125
t,-0.703125,t,-0.7265625
t,-1.484375,t,-1.53125
a,-1.7734375,a,-1.8203125
g,-1.4765625,g,-1.4453125
c,-0.77734375,c,-0.71484375
c,-0.37304688,c,-0.34960938
a,-0.33203125,a,-0.32421875
g,-0.15429688,g,-0.15722656
g,-0.123535156,g,-0.114746094
c,-0.35546875,c,-0.37109375
a,-0.46289062,a,-0.49609375
t,-0.15136719,t,-0.16992188
g,-0.064453125,g,-0.075683594
g,-0.12792969,g,-0.13085938
t,-0.029174805,t,-0.03173828
g,-0.022583008,g,-0.025512695
g,-0.03173828,g,-0.03173828
c,-0.35546875,c,-0.39257812
a,-0.4921875,a,-0.4453125
c,-0.6328125,c,-0.58984375
a,-0.39648438,a,-0.36523438
t,-0.546875,t,-0.5234375
g,-0.119140625,g,-0.13085938
c,-0.055664062,c,-0.056640625
c,-0.036376953,c,-0.036376953
t,-0.021484375,t,-0.020141602
g,-0.12451172,g,-0.10595703
t,-0.01361084,t,-0.011962891
a,-0.0625,a,-0.056396484
a,-0.29492188,a,-0.3125
t,-0.014221191,t,-0.0126953125
c,-0.036376953,c,-0.038330078
c,-0.06982422,c,-0.06982422
g,-5.40625,g,-5.34375
a,-0.18261719,a,-0.18261719
g,-0.053710938,g,-0.055664062
c,-0.14550781,c,-0.14550781
t,-1.3046875,t,-1.3046875
a,-1.7578125,a,-1.84375
c,-0.5703125,c,-0.54296875
t,-0.296875,t,-0.31445312
t,-0.9453125,t,-0.94921875
g,-0.24023438,g,-0.265625
g,-0.11767578,g,-0.11669922
g,-0.063964844,g,-0.067871094
a,-0.31054688,a,-0.3203125
g,-0.068359375,g,-0.057373047
g,-0.047851562,g,-0.049560547
c,-0.024536133,c,-0.026733398
t,-0.03881836,t,-0.041748047
g,-0.075683594,g,-0.08203125
t,-7.3125,t,-7.25
g,-0.15039062,g,-0.14746094
g,-0.16699219,g,-0.17089844
c,-0.75,c,-0.71484375
a,-1.1875,a,-1.1328125
g,-0.40039062,g,-0.42382812
g,-0.24804688,g,-0.23144531
a,-0.3984375,a,-0.3984375
a,-1.6640625,a,-1.7421875
a,-0.78515625,a,-0.79296875
a,-0.32421875,a,-0.27148438
t,-0.17773438,t,-0.18652344
t,-1.09375,t,-1.1015625
g,-0.2578125,g,-0.24414062
c,-0.20703125,c,-0.19921875
t,-0.107421875,t,-0.099609375
t,-0.08203125,t,-0.08642578
t,-4.46875,t,-4.28125
a,-0.26757812,a,-0.26757812
a,-0.109375,a,-0.10205078
t,-1.4921875,t,-1.5
c,-0.25,c,-0.22753906
t,-0.5703125,t,-0.59375
g,-0.6796875,g,-0.7421875
g,-0.390625,g,-0.421875
g,-0.17578125,g,-0.18359375
a,-1.2578125,a,-1.171875
g,-0.17480469,g,-0.15625
g,-0.17480469,g,-0.16699219
c,-0.29882812,c,-0.27539062
a,-0.70703125,a,-0.7265625
g,-0.032470703,g,-0.030761719
a,-0.04736328,a,-0.04248047
g,-0.080566406,g,-0.08105469
g,-0.049804688,g,-0.06542969
t,-0.22460938,t,-0.23730469
t,-0.32226562,t,-0.296875
g,-0.03173828,g,-0.03149414
c,-0.16113281,c,-0.14355469
a,-0.09765625,a,-0.10107422
g,-0.051513672,g,-0.052734375
t,-0.018798828,t,-0.01953125
g,-0.020874023,g,-0.020874023
a,-0.017333984,a,-0.019165039
g,-0.02355957,g,-0.024169922
t,-3.96875,t,-3.921875
t,-0.89453125,t,-0.8984375
g,-0.18164062,g,-0.18945312
a,-0.17871094,a,-0.17773438
g,-0.20507812,g,-0.2109375
a,-0.15039062,a,-0.16992188
t,-0.083496094,t,-0.08203125
t,-1.9296875,t,-1.8203125
g,-0.41601562,g,-0.375
t,-0.83984375,t,-0.77734375
g,-0.33007812,g,-0.296875
c,-0.09765625,c,-0.095214844
c,-0.053466797,c,-0.056396484
a,-0.041015625,a,-0.03564453
c,-0.2109375,c,-0.20117188
t,-0.017089844,t,-0.018310547
g,-0.04663086,g,-0.04663086
c,-0.088378906,c,-0.088378906
a,-0.0119018555,a,-0.012939453
c,-0.025878906,c,-0.024047852
t,-0.010986328,t,-0.010498047
c,-0.07763672,c,-0.087890625
c,-0.05078125,c,-0.057617188
a,-0.011474609,a,-0.011047363
c,-4.21875,c,-4.15625
c,-0.07763672,c,-0.07324219
c,-0.734375,c,-0.703125
t,-0.87890625,t,-0.90234375
t,-2.953125,t,-2.96875
g,-1.1796875,g,-1.1328125
g,-0.51953125,g,-0.49804688
t,-1.2890625,t,-1.2734375
g,-0.5390625,g,-0.5390625
a,-0.859375,a,-0.86328125
c,-0.91015625,c,-0.859375
a,-0.5703125,a,-0.57421875
g,-0.90625,g,-0.9609375
a,-0.7890625,a,-0.8125
g,-0.25585938,g,-0.26171875
t,-1.0546875,t,-1.0234375
g,-0.40820312,g,-0.4140625
a,-0.037841797,a,-0.041992188
g,-0.11816406,g,-0.11621094
a,-0.06738281,a,-0.064453125
t,-1.9375,t,-1.78125
t,-0.55859375,t,-0.640625
c,-0.59375,c,-0.640625
c,-1.2734375,c,-1.2734375
a,-0.5,a,-0.49023438
t,-0.859375,t,-0.87890625
c,-0.25390625,c,-0.25195312
t,-0.27929688,t,-0.29296875
c,-0.4296875,c,-0.4375
a,-0.46679688,a,-0.49609375
a,-0.24023438,a,-0.23730469
a,-0.25,a,-0.23632812
a,-0.13476562,a,-0.13476562
a,-0.17480469,a,-0.18457031
a,-0.13769531,a,-0.13378906
a,-0.12890625,a,-0.12011719
g,-4.0625,g,-4.125
a,-0.296875,a,-0.27734375
a,-0.21289062,a,-0.22460938
a,-0.1640625,a,-0.140625
a,-0.41210938,a,-0.4140625
a,-0.38476562,a,-0.40234375
g,-2.15625,g,-2.203125
g,-1.765625,g,-1.65625
c,-2.265625,c,-2.21875
c,-1.5625,c,-1.59375
t,-1.21875,t,-1.2578125
g,-1.296875,g,-1.265625
g,-0.7421875,g,-0.7265625
c,-1.53125,c,-1.4375
a,-1.2421875,a,-1.296875
c,-1.2890625,c,-1.2421875
g,-2.15625,g,-2.21875
g,-0.7578125,g,-0.71875
t,-0.83203125,t,-0.76953125
g,-0.18066406,g,-0.1640625
g,-0.0859375,g,-0.083984375
c,-0.20605469,c,-0.21875
t,-0.07714844,t,-0.080078125
c,-0.08105469,c,-0.088378906
a,-0.032714844,a,-0.034179688
c,-0.5390625,c,-0.58984375
a,-1.4609375,a,-1.4921875
c,-0.07519531,c,-0.07128906
c,-0.014587402,c,-0.012084961
t,-0.015380859,t,-0.01361084
a,-2.59375,a,-2.65625
t,-0.046142578,t,-0.04248047
a,-0.0028686523,a,-0.0030822754
a,-0.072753906,a,-0.08105469
t,-0.0021514893,t,-0.0022888184
c,-0.032470703,c,-0.032226562
c,-0.10986328,c,-0.11669922
c,-0.12890625,c,-0.13769531
a,-0.009155273,a,-0.0107421875
g,-0.060058594,g,-0.06347656
t,-3.5625,t,-3.5
a,-0.18945312,a,-0.19726562
c,-0.075683594,c,-0.07373047
t,-0.022460938,t,-0.02368164
t,-0.03466797,t,-0.036621094
t,-0.1484375,t,-0.15234375
g,-0.03149414,g,-0.030273438
g,-0.10546875,g,-0.100097656
g,-0.06640625,g,-0.07324219
a,-0.024291992,a,-0.028686523
g,-0.037353516,g,-0.038085938
g,-0.025512695,g,-0.024536133
t,-3.25,t,-3.1875
a,-6.40625,a,-6.375
g,-0.046875,g,-0.048095703
a,-0.03173828,a,-0.03149414
g,-0.05102539,g,-0.057861328
g,-0.125,g,-0.125
c,-1.0859375,c,-1.125
a,-0.27539062,a,-0.29882812
g,-0.076171875,g,-0.08300781
g,-0.14453125,g,-0.13671875
t,-1.171875,t,-1.1484375
g,-0.087402344,g,-0.07373047
g,-0.18164062,g,-0.17480469
a,-0.04638672,a,-0.04345703
t,-0.029663086,t,-0.024291992
c,-0.21875,c,-0.21875
a,-0.46289062,a,-0.484375
c,-0.17675781,c,-0.17578125
t,-0.7890625,t,-0.80078125
t,-0.06201172,t,-0.060791016
g,-0.015258789,g,-0.017944336
a,-0.01965332,a,-0.020629883
g,-0.045654297,g,-0.040527344
g,-0.27539062,g,-0.265625
t,-0.30078125,t,-0.26953125
t,-2.546875,t,-2.71875
a,-0.69921875,a,-0.69921875
g,-0.1875,g,-0.19140625
g,-0.12695312,g,-0.13085938
a,-0.011291504,a,-0.0099487305
g,-0.14160156,g,-0.14648438
t,-0.11328125,t,-0.11328125
t,-0.0067749023,t,-0.0061035156
c,-0.36914062,c,-0.3671875
a,-0.58984375,a,-0.6171875
g,-3.90625,g,-3.90625
g,-0.09277344,g,-0.09277344
a,-0.022827148,a,-0.024902344
c,-0.890625,c,-0.9375
c,-0.91015625,c,-0.8515625
a,-1.4140625,a,-1.3671875
g,-1.84375,g,-1.8046875
c,-0.8125,c,-0.82421875
c,-0.31640625,c,-0.34960938
t,-0.19824219,t,-0.20019531
g,-0.071777344,g,-0.07714844
g,-0.31640625,g,-0.30273438
c,-0.890625,c,-0.9921875
c,-0.12207031,c,-0.12988281
a,-0.063964844,a,-0.06982422
a,-0.018554688,a,-0.017822266
c,-0.21582031,c,-0.22070312
a,-0.041503906,a,-0.03955078
t,-0.034179688,t,-0.035888672
g,-0.08300781,g,-0.078125
g,-0.04272461,g,-0.040039062
t,-0.18945312,t,-0.19042969
g,-0.071777344,g,-0.063964844
a,-0.006286621,a,-0.0065307617
c,-7.1875,c,-7.125
t,-8.1875,t,-8.125
a,-2.515625,a,-2.546875
c,-2.375,c,-2.3125
t,-1.6640625,t,-1.703125
c,-2.484375,c,-2.53125
c,-1.796875,c,-1.7890625
a,-0.64453125,a,-0.6015625
t,-0.76171875,t,-0.796875
t,-1.7109375,t,-1.5703125
t,-1.8671875,t,-1.765625
c,-0.8984375,c,-1.0546875
t,-2.140625,t,-2.203125
a,-0.71484375,a,-0.78125
c,-0.7890625,c,-0.78125
t,-0.9375,t,-0.9375
a,-0.4765625,a,-0.5234375
a,-0.15527344,a,-0.14648438
a,-0.12109375,a,-0.12402344
t,-2.703125,t,-2.8125
a,-0.19433594,a,-0.20703125
c,-1.9609375,c,-1.9609375
a,-0.0625,a,-0.068847656
c,-2.234375,c,-2.171875
a,-0.06225586,a,-0.064453125
a,-0.24707031,a,-0.24511719
a,-0.092285156,a,-0.100097656
a,-0.31054688,a,-0.28125
c,-4.09375,c,-4.09375
t,-0.43359375,t,-0.45703125
t,-2.765625,t,-2.8125
a,-0.41601562,a,-0.47265625
g,-0.4609375,g,-0.46875
c,-0.53515625,c,-0.5078125
c,-0.60546875,c,-0.60546875
c,-1.8984375,c,-1.890625
a,-1.3828125,a,-1.40625
g,-0.328125,g,-0.34375
t,-2.34375,t,-2.265625
g,-0.48046875,g,-0.44140625
g,-0.90234375,g,-0.921875
c,-1.7578125,c,-1.7109375
g,-2.828125,g,-2.90625
g,-1.171875,g,-1.2109375
g,-0.2578125,g,-0.26757812
c,-1.625,c,-1.5859375
a,-1.0859375,a,-1.0703125
g,-0.609375,g,-0.5859375
t,-2.171875,t,-2.25
t,-0.375,t,-0.40429688
g,-0.953125,g,-0.94140625
t,-1.546875,t,-1.4375
a,-0.6640625,a,-0.66796875
a,-2.375,a,-2.359375
t,-0.83203125,t,-0.87890625
c,-1.0078125,c,-1.0703125
c,-0.72265625,c,-0.7734375
c,-0.80859375,c,-0.8046875
a,-0.08691406,a,-0.09082031
g,-0.203125,g,-0.22070312
c,-0.23339844,c,-0.25976562
t,-0.64453125,t,-0.67578125
a,-0.14355469,a,-0.14160156
c,-0.13574219,c,-0.14355469
t,-0.041259766,t,-0.041259766
t,-0.87109375,t,-0.9453125
g,-0.12597656,g,-0.10498047
a,-3.0625,a,-2.953125
g,-0.05029297,g,-0.05029297
a,-0.119628906,a,-0.13769531
g,-0.34179688,g,-0.3828125
g,-0.25195312,g,-0.23730469
t,-3.734375,t,-3.921875
t,-0.53125,t,-0.5703125
g,-0.24902344,g,-0.22363281
a,-0.01373291,a,-0.013671875
g,-0.060058594,g,-0.056640625
g,-0.34570312,g,-0.296875
c,-0.26953125,c,-0.25585938
a,-0.2734375,a,-0.28515625
g,-0.19238281,g,-0.18554688
g,-0.13964844,g,-0.12402344
a,-0.14941406,a,-0.15136719
g,-0.08203125,g,-0.07714844
a,-0.12597656,a,-0.118652344
a,-0.030883789,a,-0.030761719
t,-0.017822266,t,-0.018798828
c,-0.53515625,c,-0.5234375
a,-0.6640625,a,-0.7265625
c,-0.064941406,c,-0.06591797
t,-0.03149414,t,-0.028564453
t,-0.03881836,t,-0.041259766
g,-0.05883789,g,-0.06201172
a,-0.04321289,a,-0.03857422
a,-0.17675781,a,-0.1484375
c,-0.12695312,c,-0.12988281
c,-0.13378906,c,-0.119628906
t,-0.9296875,t,-0.93359375
g,-0.115234375,g,-0.123046875
g,-0.04711914,g,-0.045410156
g,-0.056640625,g,-0.06347656
a,-0.03173828,a,-0.030151367
g,-0.049804688,g,-0.05102539
g,-0.08154297,g,-0.064941406
c,-0.43554688,c,-0.48242188
a,-0.6640625,a,-0.6640625
g,-0.06640625,g,-0.053466797
a,-0.020507812,a,-0.022338867
g,-0.057861328,g,-0.0625
g,-0.16015625,g,-0.18359375
t,-0.265625,t,-0.23828125
t,-0.110839844,t,-0.11279297
g,-0.032470703,g,-0.029907227
c,-0.099121094,c,-0.106933594
a,-0.050048828,a,-0.063964844
g,-0.041503906,g,-0.04272461
t,-0.021362305,t,-0.020507812
g,-0.020385742,g,-0.020751953
a,-0.009460449,a,-0.008666992
g,-0.017700195,g,-0.015075684
c,-0.032714844,c,-0.029541016
c,-0.484375,c,-0.41796875
g,-0.59375,g,-0.5390625
a,-0.049072266,a,-0.046142578
g,-0.025634766,g,-0.02734375
a,-0.024047852,a,-0.02758789
t,-0.023071289,t,-0.023071289
c,-0.453125,c,-0.45117188
a,-0.83203125,a,-0.8984375
c,-0.7734375,c,-0.84375
a,-1.0546875,a,-1.0546875
c,-0.0064697266,c,-0.0063171387
c,-0.021484375,c,-0.023925781
g,-3.96875,g,-3.96875
c,-0.578125,c,-0.578125
t,-0.036376953,t,-0.042236328
g,-0.265625,g,-0.27929688
c,-0.1640625,c,-0.13867188
a,-0.006072998,a,-0.007293701
c,-0.079589844,c,-0.07128906
t,-0.0067749023,t,-0.007293701
c,-0.032470703,c,-0.03149414
t,-3.421875,t,-3.546875
a,-0.32617188,a,-0.34179688
g,-0.14355469,g,-0.1484375
c,-0.13964844,c,-0.13183594
c,-0.12597656,c,-0.11035156
t,-0.04321289,t,-0.041259766
g,-0.09033203,g,-0.08544922
g,-0.114746094,g,-0.109375
c,-3.859375,c,-4.03125
c,-1.140625,c,-1.0703125
a,-0.41015625,a,-0.43945312
a,-0.34960938,a,-0.33398438
c,-0.27734375,c,-0.26757812
a,-0.03564453,a,-0.042236328
g,-4.15625,g,-4.03125
a,-1.296875,a,-1.2890625
g,-0.38476562,g,-0.38476562
t,-0.58984375,t,-0.5390625
g,-0.13085938,g,-0.13671875
a,-0.015136719,a,-0.013916016
g,-0.734375,g,-0.640625
a,-0.0033874512,a,-0.0029754639
a,-4.6875,a,-4.75
t,-0.58984375,t,-0.59765625
t,-2.4375,t,-2.484375
t,-0.7265625,t,-0.76171875
g,-0.31445312,g,-0.31835938
c,-2.96875,c,-3.015625
g,-4.9375,g,-4.84375
g,-2.203125,g,-2.171875
a,-1.65625,a,-1.65625
g,-0.74609375,g,-0.7109375
g,-2.671875,g,-2.53125
g,-1.2578125,g,-1.296875
a,-1.28125,a,-1.390625
a,-1.484375,a,-1.453125
a,-1.234375,a,-1.234375
a,-1.1484375,a,-1.078125
a,-0.90234375,a,-0.953125
a,-0.84765625,a,-0.8125
a,-0.68359375,a,-0.625
a,-0.6796875,a,-0.640625
g,-1.6171875,g,-1.671875
t,-1.8671875,t,-1.8046875
c,-1.96875,c,-2.03125
a,-0.73046875,a,-0.7109375
c,-1.625,c,-1.640625
g,-3.203125,g,-3.203125
c,-1.375,c,-1.390625
t,-1.1171875,t,-1.1015625
t,-1.203125,t,-1.1640625
c,-1.6484375,c,-1.65625
a,-1.03125,a,-1.109375
g,-0.9375,g,-0.94921875
t,-1.40625,t,-1.359375
t,-1.6875,t,-1.6953125
g,-1.5,g,-1.5078125
t,-1.4453125,t,-1.4453125
t,-1.2109375,t,-1.2265625
g,-1.5546875,g,-1.578125
t,-1.2734375,t,-1.234375
a,-1.703125,a,-1.6640625
g,-1.2109375,g,-1.1875
t,-1.3203125,t,-1.3359375
a,-1.453125,a,-1.4921875
t,-1.3828125,t,-1.40625
a,-1.421875,a,-1.4296875
a,-1.359375,a,-1.28125
c,-2.03125,c,-1.953125
c,-1.515625,c,-1.546875
t,-0.875,t,-0.88671875
t,-1.0390625,t,-1.0390625
g,-1.515625,g,-1.5
g,-1.2734375,g,-1.2734375
t,-1.296875,t,-1.265625
a,-1.4921875,a,-1.515625
t,-1.21875,t,-1.234375
a,-1.4765625,a,-1.4609375
t,-1.0,t,-1.0
t,-1.0390625,t,-1.03125
g,-1.625,g,-1.625
t,-1.09375,t,-1.140625
a,-1.2421875,a,-1.328125
t,-1.0390625,t,-1.0859375
g,-1.5234375,g,-1.5703125
t,-0.82421875,t,-0.8515625
a,-1.2109375,a,-1.171875
t,-0.78125,t,-0.73828125
c,-2.453125,c,-2.453125
a,-1.015625,a,-0.9453125
t,-1.046875,t,-1.046875
g,-1.625,g,-1.6015625
a,-1.2890625,a,-1.25
a,-1.046875,a,-1.015625
t,-1.0703125,t,-1.0390625
t,-1.125,t,-1.09375
c,-1.8359375,c,-1.7734375
c,-1.7109375,c,-1.609375
t,-0.9609375,t,-0.9375
c,-1.8671875,c,-1.8828125
a,-1.03125,a,-1.0
t,-1.1328125,t,-1.203125
t,-0.97265625,t,-0.94921875
t,-0.8203125,t,-0.83203125
t,-0.84765625,t,-0.90625
a,-1.484375,a,-1.5
a,-0.97265625,a,-1.0
t,-1.3359375,t,-1.3359375
g,-1.765625,g,-1.703125
a,-1.1328125,a,-1.09375
c,-1.8671875,c,-1.8984375
c,-1.7734375,c,-1.75
a,-0.96875,a,-0.89453125
a,-1.0703125,a,-1.0703125
a,-0.890625,a,-0.87890625
a,-1.0078125,a,-0.97265625
a,-0.97265625,a,-0.9140625
g,-1.9765625,g,-1.984375
t,-1.1484375,t,-1.15625
a,-1.1328125,a,-1.1953125
a,-1.03125,a,-0.97265625
t,-1.2421875,t,-1.2265625
a,-1.15625,a,-1.1796875
a,-1.0234375,a,-1.0
a,-0.88671875,a,-0.88671875
t,-1.1796875,t,-1.2265625
c,-2.109375,c,-2.03125
a,-0.90625,a,-0.87109375
a,-1.0390625,a,-1.0703125
c,-2.015625,c,-2.046875
a,-0.796875,a,-0.828125
g,-1.8203125,g,-1.84375
c,-1.84375,c,-1.8984375
t,-1.15625,t,-1.15625
t,-1.0625,t,-1.1328125
g,-1.921875,g,-1.90625
t,-1.1171875,t,-1.1171875
a,-1.2890625,a,-1.34375
a,-1.0625,a,-1.0703125
t,-1.1875,t,-1.15625
t,-0.9921875,t,-1.03125
t,-0.86328125,t,-0.828125
g,-1.859375,g,-1.890625
t,-1.125,t,-1.1015625
t,-0.96875,t,-0.9296875
t,-0.6875,t,-0.67578125
t,-0.875,t,-0.890625
g,-1.6796875,g,-1.640625
a,-1.3515625,a,-1.3515625
g,-1.1796875,g,-1.2265625
a,-0.79296875,a,-0.80078125
t,-1.0078125,t,-0.98046875
c,-1.8203125,c,-1.8203125
a,-0.765625,a,-0.73828125
g,-1.1796875,g,-1.1328125
t,-1.125,t,-1.1640625
t,-0.82421875,t,-0.8125
a,-1.4375,a,-1.4140625
t,-1.203125,t,-1.1328125
c,-1.921875,c,-1.8125
t,-0.859375,t,-0.86328125
g,-1.3515625,g,-1.3203125
a,-1.2734375,a,-1.2734375
c,-1.9453125,c,-1.8671875
t,-0.99609375,t,-0.96875
g,-1.4140625,g,-1.3828125
t,-0.984375,t,-0.9765625
a,-1.4140625,a,-1.4140625
a,-1.375,a,-1.4296875
c,-1.7265625,c,-1.6875
a,-1.015625,a,-0.9921875
c,-1.7421875,c,-1.7421875
t,-0.9765625,t,-0.9765625
g,-1.328125,g,-1.2734375
t,-0.95703125,t,-0.9375
a,-1.4375,a,-1.3984375
g,-1.4140625,g,-1.4296875
g,-1.765625,g,-1.734375
c,-1.71875,c,-1.7265625
t,-1.0859375,t,-1.0859375
t,-1.1484375,t,-1.171875
t,-0.9765625,t,-0.94921875
t,-1.0859375,t,-1.1015625
g,-1.546875,g,-1.546875
t,-1.0625,t,-1.1484375
g,-1.65625,g,-1.6484375
t,-1.0234375,t,-1.09375
t,-1.046875,t,-1.109375
t,-0.703125,t,-0.65234375
t,-0.9296875,t,-0.9140625
t,-0.76171875,t,-0.76171875
t,-0.86328125,t,-0.83203125
a,-1.7265625,a,-1.8046875
a,-1.109375,a,-1.1015625
a,-0.89453125,a,-0.84375
t,-1.1953125,t,-1.2265625
t,-0.921875,t,-0.921875
a,-1.375,a,-1.359375
t,-0.91796875,t,-0.953125
g,-1.875,g,-1.921875
a,-1.3671875,a,-1.3203125
a,-1.1171875,a,-1.1171875
a,-1.0,a,-1.0546875
t,-0.9765625,t,-0.9375
a,-1.1015625,a,-1.109375
t,-0.92578125,t,-0.96484375
t,-0.83984375,t,-0.859375
t,-0.69140625,t,-0.69140625
g,-2.015625,g,-2.0625
a,-1.328125,a,-1.234375
a,-0.96875,a,-0.94921875
a,-0.95703125,a,-1.015625
a,-0.953125,a,-1.0
a,-0.9921875,a,-1.0
a,-0.91796875,a,-0.94140625
a,-0.8984375,a,-0.8984375
t,-1.3203125,t,-1.3203125
a,-1.0078125,a,-1.03125
c,-2.03125,c,-2.046875
a,-0.7265625,a,-0.7890625
t,-1.09375,t,-1.109375
a,-0.81640625,a,-0.8515625
a,-1.25,a,-1.34375
t,-1.171875,t,-1.25
g,-1.953125,g,-1.8203125
t,-0.96875,t,-0.9921875
a,-1.1484375,a,-1.09375
t,-0.84765625,t,-0.8671875
a,-1.015625,a,-1.0078125
t,-0.7421875,t,-0.734375
a,-0.7890625,a,-0.77734375
t,-0.58984375,t,-0.5625
a,-0.66796875,a,-0.65625
a,-1.65625,a,-1.7421875
a,-0.671875,a,-0.66015625
g,-2.640625,g,-2.75
t,-0.99609375,t,-0.984375
a,-0.99609375,a,-1.015625
t,-0.90625,t,-0.91015625
t,-0.83984375,t,-0.83203125
g,-2.109375,g,-2.109375
g,-1.9375,g,-1.8828125
t,-0.9375,t,-0.94921875
a,-1.2265625,a,-1.1875
t,-0.93359375,t,-1.03125
a,-1.171875,a,-1.140625
a,-1.203125,a,-1.1875
t,-1.0625,t,-1.0390625
t,-0.91796875,t,-0.95703125
t,-0.859375,t,-0.86328125
a,-1.3984375,a,-1.3984375
t,-0.91015625,t,-0.9375
g,-1.9296875,g,-1.8984375
t,-0.76953125,t,-0.796875
t,-1.140625,t,-1.0859375
c,-2.234375,c,-2.296875
t,-0.84765625,t,-0.8828125
a,-1.375,a,-1.3828125
a,-1.21875,a,-1.1796875
a,-0.953125,a,-0.953125
t,-1.1171875,t,-1.109375
a,-1.0703125,a,-1.03125
a,-1.1015625,a,-1.046875
c,-2.171875,c,-2.140625
t,-0.90625,t,-0.83203125
t,-0.93359375,t,-0.95703125
t,-0.84765625,t,-0.82421875
c,-1.9765625,c,-2.015625
t,-0.796875,t,-0.796875
t,-0.96875,t,-0.94921875
g,-1.9921875,g,-1.9609375
a,-1.1484375,a,-1.171875
g,-1.8125,g,-1.828125
a,-0.94921875,a,-0.9375
a,-1.0078125,a,-0.98046875
a,-0.85546875,a,-0.8359375
t,-1.2578125,t,-1.234375
a,-1.1875,a,-1.1953125
a,-0.97265625,a,-0.9609375
t,-1.1875,t,-1.171875
t,-0.87890625,t,-0.83984375
c,-1.90625,c,-1.9296875
a,-0.98828125,a,-1.0546875
c,-2.046875,c,-1.96875
a,-0.7890625,a,-0.82421875
t,-0.96875,t,-0.94921875
g,-1.6171875,g,-1.6015625
g,-1.84375,g,-1.8515625
t,-0.984375,t,-1.0234375
g,-1.4375,g,-1.4453125
t,-1.140625,t,-1.0703125
g,-1.515625,g,-1.453125
c,-1.90625,c,-1.90625
a,-0.8828125,a,-0.90625
g,-1.578125,g,-1.65625
t,-1.0859375,t,-1.0390625
t,-1.2109375,t,-1.2109375
t,-0.87890625,t,-0.90234375
a,-1.5234375,a,-1.5234375
c,-1.6953125,c,-1.8125
c,-1.8125,c,-1.84375
t,-0.95703125,t,-0.98828125
t,-1.2109375,t,-1.1796875
t,-0.77734375,t,-0.77734375
g,-1.59375,g,-1.6015625
a,-1.171875,a,-1.203125
a,-1.0,a,-1.03125
a,-1.015625,a,-0.9765625
g,-1.8203125,g,-1.7734375
t,-1.2421875,t,-1.2421875
a,-1.3515625,a,-1.2578125
t,-1.1171875,t,-1.1328125
a,-1.328125,a,-1.328125
c,-2.0,c,-1.984375
a,-0.90234375,a,-0.890625
a,-1.2890625,a,-1.3046875
g,-1.7578125,g,-1.7890625
t,-1.15625,t,-1.1875
t,-1.15625,t,-1.125
g,-1.6953125,g,-1.7109375
g,-1.6640625,g,-1.71875
c,-1.84375,c,-1.8359375
t,-0.9140625,t,-0.9921875
g,-1.40625,g,-1.421875
g,-1.40625,g,-1.453125
g,-1.4453125,g,-1.421875
c,-1.734375,c,-1.7109375
a,-0.640625,a,-0.65625
c,-1.3125,c,-1.3671875
a,-0.73046875,a,-0.73046875
a,-2.484375,a,-2.421875
t,-0.33984375,t,-0.3203125
g,-0.36132812,g,-0.38085938
g,-0.4375,g,-0.41015625
c,-0.41210938,c,-0.4921875
t,-0.25585938,t,-0.2890625
c,-0.39257812,c,-0.35742188
a,-0.05834961,a,-0.068847656
c,-0.828125,c,-0.85546875
g,-1.4453125,g,-1.453125
c,-0.12597656,c,-0.14746094
c,-0.047607422,c,-0.05029297
t,-0.008666992,t,-0.009094238
g,-0.123535156,g,-0.12890625
t,-0.0030975342,t,-0.0025787354
a,-0.024047852,a,-0.021606445
a,-0.03515625,a,-0.03515625
t,-0.0038604736,t,-0.0054016113
c,-0.049072266,c,-0.051757812
c,-0.07373047,c,-0.07714844
c,-0.09765625,c,-0.08251953
a,-0.008972168,a,-0.009460449
g,-0.084472656,g,-0.080566406
c,-0.072265625,c,-0.063964844
a,-0.26367188,a,-0.26171875
c,-0.036132812,c,-0.040039062
t,-0.014343262,t,-0.0134887695
t,-0.021484375,t,-0.020141602
t,-0.06298828,t,-0.059326172
g,-0.034179688,g,-0.032958984
g,-0.01977539,g,-0.017822266
g,-0.029174805,g,-0.032470703
a,-0.010437012,a,-0.009765625
g,-0.025878906,g,-0.02331543
g,-0.042236328,g,-0.041503906
c,-0.05053711,c,-0.045654297
c,-0.6015625,c,-0.59765625
a,-0.88671875,a,-0.8125
g,-3.109375,g,-3.0
g,-0.13671875,g,-0.122558594
g,-0.25976562,g,-0.27148438
c,-1.2421875,c,-1.1953125
a,-0.74609375,a,-0.73046875
g,-0.49023438,g,-0.48632812
g,-0.33398438,g,-0.31445312
t,-0.9296875,t,-0.9375
g,-0.6640625,g,-0.61328125
g,-0.3359375,g,-0.32226562
a,-0.072265625,a,-0.07861328
t,-0.0134887695,t,-0.014465332
c,-0.13769531,c,-0.13867188
a,-0.25195312,a,-0.26953125
c,-0.16308594,c,-0.17285156
g,-1.609375,g,-1.6015625
a,-0.28320312,a,-0.29296875
g,-0.055664062,g,-0.052734375
g,-0.064941406,g,-0.072753906
t,-0.03564453,t,-0.036132812
c,-0.06738281,c,-0.07128906
a,-0.032470703,a,-0.03149414
g,-0.12792969,g,-0.15136719
g,-0.030273438,g,-0.027709961
a,-0.011047363,a,-0.010314941
g,-0.010498047,g,-0.011779785
a,-0.36914062,a,-0.40820312
t,-0.005340576,t,-0.005432129
c,-0.23730469,c,-0.25976562
g,-0.49609375,g,-0.484375
a,-0.01586914,a,-0.015075684
g,-0.0154418945,g,-0.0154418945
a,-0.036376953,a,-0.032714844
c,-0.05834961,c,-0.055419922
c,-0.06982422,c,-0.078125
a,-0.02734375,a,-0.026367188
t,-0.09667969,t,-0.09863281
c,-0.0859375,c,-0.0859375
c,-0.091796875,c,-0.08984375
t,-0.015991211,t,-0.013671875
g,-0.038085938,g,-0.03857422
g,-0.056396484,g,-0.052001953
c,-0.05029297,c,-0.048828125
t,-0.27929688,t,-0.29296875
a,-0.0063171387,a,-0.0052490234
a,-0.010803223,a,-0.011108398
c,-0.1328125,c,-0.13183594
a,-0.07470703,a,-0.064941406
t,-1.09375,t,-1.109375
g,-0.061035156,g,-0.059570312
g,-0.064453125,g,-0.07421875
t,-0.060791016,t,-0.064453125
g,-0.071777344,g,-0.071777344
a,-0.008178711,a,-0.008666992
a,-0.012939453,a,-0.01184082
a,-0.010314941,a,-0.011474609
c,-0.052978516,c,-0.056884766
c,-0.091796875,c,-0.091308594
c,-0.084472656,c,-0.10595703
c,-0.3984375,c,-0.38085938
g,-0.6875,g,-0.65234375
t,-0.016601562,t,-0.01586914
c,-0.04321289,c,-0.046142578
t,-0.032226562,t,-0.026489258
c,-0.075683594,c,-0.08154297
t,-0.012573242,t,-0.012878418
a,-0.041015625,a,-0.043701172
c,-0.05444336,c,-0.04663086
t,-0.025268555,t,-0.025268555
a,-0.029785156,a,-0.027832031
a,-0.007873535,a,-0.0079956055
a,-0.0073547363,a,-0.0057678223
a,-0.011169434,a,-0.010559082
g,-4.65625,g,-4.78125
t,-0.07324219,t,-0.06982422
a,-0.06347656,a,-0.07128906
c,-0.21777344,c,-0.19433594
a,-0.111816406,a,-0.125
a,-0.08544922,a,-0.09082031
a,-0.24707031,a,-0.23632812
a,-0.1796875,a,-0.18457031
a,-0.125,a,-0.13183594
c,-3.40625,c,-3.3125
a,-2.203125,a,-2.140625
a,-0.3828125,a,-0.390625
a,-0.4921875,a,-0.51171875
t,-3.53125,t,-3.515625
t,-2.203125,t,-2.25
a,-0.115234375,a,-0.119628906
g,-0.7109375,g,-0.765625
c,-0.35546875,c,-0.35546875
c,-0.5703125,c,-0.52734375
g,-1.3203125,g,-1.3125
g,-0.15722656,g,-0.13964844
g,-0.15039062,g,-0.14746094
c,-0.36328125,c,-0.40820312
a,-0.9921875,a,-0.953125
t,-0.037597656,t,-0.039794922
g,-0.030273438,g,-0.036865234
t,-4.375,t,-4.25
t,-0.07421875,t,-0.07421875
g,-0.23046875,g,-0.22167969
g,-0.10058594,g,-0.1171875
c,-1.3203125,c,-1.203125
g,-1.796875,g,-1.7734375
g,-1.3125,g,-1.4140625
g,-0.62109375,g,-0.6171875
c,-0.890625,c,-0.84765625
a,-0.6640625,a,-0.57421875
c,-0.73828125,c,-0.72265625
c,-0.27148438,c,-0.2734375
t,-0.49023438,t,-0.44726562
t,-3.78125,t,-3.859375
t,-0.03930664,t,-0.039794922
t,-5.90625,t,-5.84375
g,-0.61328125,g,-0.58984375
t,-0.76953125,t,-0.7421875
c,-0.33007812,c,-0.32421875
c,-1.3125,c,-1.3515625
c,-0.38085938,c,-0.421875
a,-0.453125,a,-0.4453125
g,-0.6484375,g,-0.609375
c,-0.40820312,c,-0.36132812
t,-0.7421875,t,-0.74609375
g,-3.15625,g,-3.09375
c,-0.43554688,c,-0.453125
t,-0.5859375,t,-0.6015625
c,-0.54296875,c,-0.5625
g,-1.21875,g,-1.25
g,-0.2890625,g,-0.3203125
g,-0.087890625,g,-0.096191406
a,-0.21191406,a,-0.26367188
g,-0.061279297,g,-0.061279297
g,-0.08105469,g,-0.071777344
c,-0.1484375,c,-0.15136719
t,-0.31640625,t,-0.27539062
g,-0.033203125,g,-0.030395508
a,-0.008422852,a,-0.008544922
g,-0.046875,g,-0.048828125
g,-0.068359375,g,-0.076171875
c,-0.19824219,c,-0.18652344
a,-0.13671875,a,-0.13085938
g,-0.09423828,g,-0.09277344
g,-0.07861328,g,-0.07910156
a,-0.13476562,a,-0.15136719
g,-0.064941406,g,-0.061279297
a,-0.15136719,a,-0.14355469
g,-4.46875,g,-4.40625
t,-0.07421875,t,-0.079589844
g,-0.75,g,-0.75
g,-0.58203125,g,-0.58203125
c,-0.34765625,c,-0.34375
g,-1.3125,g,-1.3125
t,-0.765625,t,-0.7734375
g,-0.32226562,g,-0.359375
a,-0.40625,a,-0.3828125
a,-0.734375,a,-0.79296875
c,-0.27929688,c,-0.2890625
c,-0.75390625,c,-0.7421875
c,-0.765625,c,-0.796875
a,-1.0078125,a,-1.0
g,-0.104003906,g,-0.10986328
g,-0.19628906,g,-0.19628906
a,-0.0703125,a,-0.055664062
g,-0.04663086,g,-0.055908203
g,-0.19238281,g,-0.18066406
t,-1.8046875,t,-1.9140625
g,-0.30859375,g,-0.32617188
g,-0.0546875,g,-0.06542969
a,-0.018554688,a,-0.021484375
g,-0.04663086,g,-0.056396484
c,-2.203125,c,-2.15625
t,-0.032470703,t,-0.027832031
t,-0.2578125,t,-0.25390625
g,-0.092285156,g,-0.08642578
c,-0.140625,c,-0.11816406
a,-0.14257812,a,-0.107910156
g,-0.099609375,g,-0.095703125
t,-0.07128906,t,-0.060546875
g,-0.09716797,g,-0.10888672
a,-0.034423828,a,-0.03125
g,-0.059570312,g,-0.059570312
c,-0.060791016,c,-0.049804688
c,-0.41992188,c,-0.41992188
g,-0.52734375,g,-0.55078125
a,-0.040771484,a,-0.047851562
g,-0.014038086,g,-0.013916016
a,-0.041015625,a,-0.041259766
t,-0.030273438,t,-0.026733398
t,-1.140625,t,-1.2265625
g,-0.125,g,-0.10498047
t,-1.0234375,t,-0.90625
g,-0.08300781,g,-0.06591797
c,-0.016235352,c,-0.018432617
c,-0.052490234,c,-0.049072266
a,-0.018798828,a,-0.022460938
g,-4.78125,g,-4.8125
t,-0.014343262,t,-0.017211914
g,-0.34960938,g,-0.31640625
c,-0.4375,c,-0.45703125
a,-0.08886719,a,-0.07910156
c,-0.55078125,c,-0.5234375
t,-0.14355469,t,-0.13378906
c,-0.14941406,c,-0.14746094
c,-0.30664062,c,-0.296875
a,-0.06738281,a,-0.075683594
g,-0.23828125,g,-0.24609375
c,-0.27539062,c,-0.29296875
c,-0.07519531,c,-0.075683594
t,-0.03491211,t,-0.03491211
g,-0.12988281,g,-0.115234375
g,-0.09423828,g,-0.084472656
g,-0.22558594,g,-0.22753906
c,-0.4921875,c,-0.47851562
g,-1.09375,g,-1.09375
a,-0.053222656,a,-0.056152344
c,-0.060791016,c,-0.06201172
a,-0.01361084,a,-0.014953613
g,-0.21191406,g,-0.20996094
a,-0.06347656,a,-0.061035156
g,-0.08984375,g,-0.09082031
c,-0.52734375,c,-0.5078125
g,-0.78515625,g,-0.8515625
a,-0.0035705566,a,-0.0026245117
g,-0.025878906,g,-0.028076172
a,-0.026733398,a,-0.027709961
c,-0.030639648,c,-0.03491211
t,-0.16015625,t,-0.16015625
c,-0.10644531,c,-0.092285156
t,-0.84765625,t,-0.84765625
g,-0.08935547,g,-0.092285156
t,-0.024658203,t,-0.033447266
c,-0.03857422,c,-0.036376953
t,-0.01159668,t,-0.011962891
c,-0.12695312,c,-0.12109375
a,-0.12988281,a,-0.12890625
a,-0.037109375,a,-0.040527344
a,-0.025756836,a,-0.028320312
a,-0.019042969,a,-0.023071289
a,-0.0703125,a,-0.067871094
a,-0.095703125,a,-0.1015625
t,-2.734375,t,-2.796875
a,-0.30664062,a,-0.33203125
a,-0.23535156,a,-0.19433594
a,-0.14160156,a,-0.12890625
a,-0.31054688,a,-0.29882812
t,-1.78125,t,-1.7265625
a,-0.48828125,a,-0.51171875
a,-0.29296875,a,-0.29296875
a,-0.32421875,a,-0.31054688
a,-0.44335938,a,-0.48828125
a,-0.421875,a,-0.41601562
a,-0.36914062,a,-0.35546875
g,-3.140625,g,-2.953125
a,-0.55078125,a,-0.5859375
a,-0.29296875,a,-0.26953125
a,-0.22363281,a,-0.22167969
g,-2.046875,g,-2.0
t,-2.046875,t,-2.09375
a,-0.84375,a,-0.859375
t,-1.8515625,t,-1.765625
a,-1.15625,a,-1.078125
c,-2.109375,c,-2.21875
a,-0.67578125,a,-0.62890625
a,-1.265625,a,-1.296875
g,-2.03125,g,-2.03125
t,-1.171875,t,-1.2109375
c,-2.40625,c,-2.40625
a,-0.84375,a,-0.80078125
g,-1.25,g,-1.28125
t,-1.3984375,t,-1.453125
g,-1.1328125,g,-1.09375
g,-1.5390625,g,-1.5390625
t,-1.09375,t,-1.1640625
t,-1.1875,t,-1.1875
t,-0.98046875,t,-1.0546875
t,-0.93359375,t,-0.91015625
g,-1.3359375,g,-1.3046875
g,-1.4453125,g,-1.4453125
t,-1.3671875,t,-1.3515625
t,-0.9609375,t,-0.921875
t,-0.82421875,t,-0.859375
t,-0.78515625,t,-0.7265625
c,-1.8046875,c,-1.921875
a,-1.1875,a,-1.234375
g,-1.1953125,g,-1.1796875
t,-1.2265625,t,-1.2578125
t,-0.92578125,t,-0.9375
a,-1.5546875,a,-1.5234375
t,-1.0390625,t,-1.015625
g,-1.5703125,g,-1.609375
c,-1.8828125,c,-1.9375
a,-1.03125,a,-1.0703125
a,-1.2734375,a,-1.2265625
c,-1.9609375,c,-1.9453125
c,-1.5625,c,-1.5625
a,-0.98828125,a,-0.9609375
t,-1.1796875,t,-1.203125
c,-1.7578125,c,-1.7890625
a,-0.94140625,a,-0.94140625
c,-1.546875,c,-1.5
t,-1.0234375,t,-1.0625
a,-1.4609375,a,-1.4375
c,-1.5625,c,-1.5546875
a,-0.90625,a,-0.96484375
a,-1.328125,a,-1.328125
t,-1.609375,t,-1.6484375
t,-1.1953125,t,-1.1953125
t,-1.0078125,t,-1.0
a,-1.328125,a,-1.3515625
a,-1.03125,a,-1.0703125
g,-1.7421875,g,-1.8359375
a,-0.984375,a,-1.0078125
a,-0.84375,a,-0.85546875
c,-2.03125,c,-2.09375
a,-0.8359375,a,-0.78125
t,-1.1953125,t,-1.1796875
t,-0.9921875,t,-0.97265625
t,-0.8671875,t,-0.84765625
t,-0.9140625,t,-0.859375
c,-1.8515625,c,-1.9140625
a,-0.94921875,a,-1.0234375
t,-1.109375,t,-1.125
c,-1.8203125,c,-1.8984375
a,-1.140625,a,-1.171875
c,-1.7109375,c,-1.7109375
c,-1.59375,c,-1.546875
c,-1.65625,c,-1.7109375
c,-1.6328125,c,-1.65625
a,-0.86328125,a,-0.84375
a,-1.421875,a,-1.4375
a,-0.86328125,a,-0.88671875
a,-0.9375,a,-0.9375
a,-0.90625,a,-0.91796875
g,-1.890625,g,-1.8828125
a,-1.046875,a,-1.015625
a,-0.71875,a,-0.69921875
a,-0.6796875,a,-0.6640625
c,-1.984375,c,-1.921875
c,-1.71875,c,-1.71875
c,-1.578125,c,-1.625
t,-1.078125,t,-1.125
g,-1.296875,g,-1.296875
t,-1.140625,t,-1.140625
t,-1.078125,t,-1.09375
a,-1.5703125,a,-1.59375
c,-1.5390625,c,-1.546875
c,-1.3828125,c,-1.40625
t,-1.140625,t,-1.140625
t,-1.1171875,t,-1.1171875
c,-1.671875,c,-1.625
a,-1.1171875,a,-1.078125
t,-1.2265625,t,-1.2109375
t,-1.0859375,t,-1.0546875
t,-0.8125,t,-0.82421875
t,-0.88671875,t,-0.90234375
c,-1.5,c,-1.5
c,-1.3671875,c,-1.4140625
c,-1.4453125,c,-1.5078125
c,-1.46875,c,-1.5
a,-0.9921875,a,-0.94921875
g,-1.4765625,g,-1.46875
c,-1.3984375,c,-1.3515625
c,-1.296875,c,-1.2734375
c,-1.296875,c,-1.375
t,-0.89453125,t,-0.98828125
a,-1.9453125,a,-1.8828125
g,-1.3359375,g,-1.2578125
g,-1.4375,g,-1.40625
c,-1.578125,c,-1.578125
a,-1.015625,a,-1.0234375
g,-1.40625,g,-1.3359375
t,-1.4375,t,-1.3984375
c,-1.734375,c,-1.71875
a,-0.99609375,a,-0.98046875
g,-1.2578125,g,-1.296875
t,-1.2578125,t,-1.2109375
a,-1.4140625,a,-1.4375
c,-1.609375,c,-1.609375
a,-1.125,a,-1.171875
c,-1.6328125,c,-1.6171875
t,-1.109375,t,-1.0859375
t,-1.1953125,t,-1.1953125
t,-1.0,t,-1.0234375
c,-1.375,c,-1.484375
t,-0.875,t,-0.875
g,-1.359375,g,-1.3984375
t,-1.15625,t,-1.15625
c,-1.4765625,c,-1.484375
t,-0.8671875,t,-0.8671875
c,-1.265625,c,-1.2890625
t,-0.78125,t,-0.74609375
a,-1.90625,a,-1.84375
t,-1.1953125,t,-1.1640625
g,-1.6796875,g,-1.640625
a,-1.375,a,-1.5
a,-1.1484375,a,-1.109375
t,-1.4765625,t,-1.453125
t,-1.21875,t,-1.171875
t,-1.0,t,-0.98828125
g,-1.578125,g,-1.609375
t,-1.1640625,t,-1.1171875
c,-1.7734375,c,-1.765625
t,-0.83203125,t,-0.8046875
a,-1.7265625,a,-1.6484375
t,-0.96875,t,-0.96875
t,-0.8515625,t,-0.828125
t,-0.6640625,t,-0.63671875
t,-0.90234375,t,-0.94921875
a,-1.625,a,-1.609375
g,-1.9140625,g,-1.8828125
a,-1.2109375,a,-1.203125
t,-1.453125,t,-1.3984375
a,-1.125,a,-1.1640625
t,-0.9921875,t,-0.9765625
t,-0.8828125,t,-0.921875
a,-1.4375,a,-1.4296875
t,-0.98828125,t,-0.96875
a,-1.28125,a,-1.28125
t,-0.91015625,t,-0.87890625
a,-1.1640625,a,-1.1328125
t,-0.88671875,t,-0.87890625
a,-1.0078125,a,-0.96484375
a,-1.2734375,a,-1.2734375
a,-0.890625,a,-0.9296875
c,-2.28125,c,-2.203125
g,-3.3125,g,-3.328125
g,-2.234375,g,-2.328125
a,-0.9765625,a,-0.984375
a,-0.9765625,a,-1.015625
t,-1.2109375,t,-1.28125
t,-0.95703125,t,-0.99609375
a,-1.1640625,a,-1.1875
t,-0.93359375,t,-0.89453125
a,-1.1171875,a,-1.125
c,-2.0625,c,-1.9765625
g,-3.09375,g,-3.125
a,-1.3984375,a,-1.375
t,-1.265625,t,-1.2578125
a,-1.375,a,-1.40625
t,-0.9609375,t,-0.9609375
g,-1.765625,g,-1.8515625
t,-0.89453125,t,-0.87890625
g,-1.4921875,g,-1.5390625
g,-1.6328125,g,-1.5546875
t,-1.1015625,t,-1.1015625
c,-2.125,c,-2.0
t,-0.8203125,t,-0.84375
t,-0.91015625,t,-0.9453125
t,-0.95703125,t,-0.95703125
t,-0.9921875,t,-0.98046875
g,-1.734375,g,-1.71875
t,-1.1171875,t,-1.125
g,-1.65625,g,-1.671875
t,-0.98046875,t,-0.9453125
c,-2.015625,c,-1.9453125
t,-0.67578125,t,-0.66015625
g,-1.15625,g,-1.1328125
g,-1.7890625,g,-1.8046875
c,-1.6640625,c,-1.703125
t,-0.7421875,t,-0.75
t,-0.97265625,t,-1.015625
c,-1.78125,c,-1.7734375
t,-0.890625,t,-0.91015625
t,-0.94921875,t,-0.99609375
t,-0.85546875,t,-0.83984375
c,-1.5625,c,-1.671875
a,-1.515625,a,-1.515625
c,-1.78125,c,-1.703125
t,-0.9453125,t,-0.89453125
t,-0.8984375,t,-0.95703125
a,-1.7421875,a,-1.6640625
g,-1.5859375,g,-1.6328125
c,-1.7265625,c,-1.7734375
a,-1.125,a,-1.1484375
t,-1.046875,t,-1.0625
g,-1.671875,g,-1.6875
c,-1.8828125,c,-1.828125
t,-0.94921875,t,-0.89453125
a,-1.765625,a,-1.71875
t,-0.984375,t,-1.03125
t,-1.0078125,t,-1.0234375
t,-0.71484375,t,-0.75
t,-0.75390625,t,-0.75
c,-1.78125,c,-1.8125
a,-1.1015625,a,-1.09375
a,-1.3515625,a,-1.34375
g,-1.625,g,-1.5546875
a,-1.015625,a,-1.0703125
t,-1.171875,t,-1.21875
t,-1.0390625,t,-1.0703125
c,-1.8203125,c,-1.7890625
a,-1.109375,a,-1.1328125
t,-1.0859375,t,-1.140625
c,-1.78125,c,-1.8828125
c,-1.59375,c,-1.6796875
a,-1.03125,a,-1.0546875
t,-0.98828125,t,-0.9609375
g,-1.765625,g,-1.8046875
c,-1.734375,c,-1.6640625
t,-1.03125,t,-1.078125
g,-1.1875,g,-1.125
t,-0.97265625,t,-0.9453125
a,-1.53125,a,-1.5234375
g,-1.609375,g,-1.6484375
a,-1.3125,a,-1.3359375
a,-1.0,a,-0.98828125
t,-1.2578125,t,-1.203125
g,-1.6171875,g,-1.5859375
c,-1.6796875,c,-1.6875
a,-1.0234375,a,-1.0234375
c,-1.921875,c,-1.859375
c,-1.7109375,c,-1.734375
a,-1.03125,a,-1.03125
g,-1.453125,g,-1.4765625
t,-1.15625,t,-1.1953125
a,-1.359375,a,-1.4140625
c,-1.640625,c,-1.6953125
t,-0.9921875,t,-0.94921875
g,-1.3828125,g,-1.390625
c,-1.7109375,c,-1.65625
a,-1.0234375,a,-1.0234375
t,-1.1171875,t,-1.15625
t,-1.1015625,t,-1.1015625
c,-1.6484375,c,-1.6953125
c,-1.3515625,c,-1.328125
t,-0.8984375,t,-0.8828125
t,-1.1171875,t,-1.1015625
c,-1.5546875,c,-1.4453125
t,-0.94921875,t,-0.96875
t,-1.078125,t,-1.0234375
a,-1.78125,a,-1.7890625
t,-1.2109375,t,-1.1796875
t,-0.921875,t,-0.92578125
g,-1.859375,g,-1.8828125
c,-1.6015625,c,-1.671875
t,-0.81640625,t,-0.8359375
g,-1.375,g,-1.421875
a,-1.390625,a,-1.390625
a,-1.328125,a,-1.3125
t,-1.1953125,t,-1.1953125
a,-1.375,a,-1.421875
t,-1.0390625,t,-1.015625
t,-0.96484375,t,-0.96484375
c,-1.7890625,c,-1.8046875
t,-0.8828125,t,-0.84765625
g,-1.4765625,g,-1.3671875
t,-1.0234375,t,-1.0
t,-1.03125,t,-1.0390625
g,-1.875,g,-1.875
t,-0.984375,t,-0.984375
t,-0.859375,t,-0.8984375
t,-0.72265625,t,-0.703125
g,-1.7890625,g,-1.8515625
g,-1.7109375,g,-1.7734375
t,-1.109375,t,-1.0546875
t,-0.83203125,t,-0.81640625
a,-1.8046875,a,-1.8984375
t,-0.9296875,t,-0.953125
a,-1.5859375,a,-1.6328125
t,-0.9453125,t,-0.93359375
c,-2.09375,c,-2.046875
a,-1.234375,a,-1.203125
c,-1.703125,c,-1.6640625
a,-0.99609375,a,-0.98828125
t,-0.9375,t,-0.9140625
t,-1.09375,t,-1.1171875
t,-0.79296875,t,-0.76171875
t,-0.84765625,t,-0.85546875
a,-1.4453125,a,-1.4765625
t,-1.0703125,t,-1.0625
c,-1.9453125,c,-2.015625
c,-1.5859375,c,-1.5859375
a,-1.1015625,a,-1.1015625
t,-0.94921875,t,-0.91015625
t,-0.87890625,t,-0.8515625
c,-1.7109375,c,-1.7578125
a,-1.109375,a,-1.109375
t,-0.95703125,t,-0.94921875
c,-1.640625,c,-1.6484375
a,-1.2578125,a,-1.2578125
g,-1.578125,g,-1.6015625
t,-0.921875,t,-0.95703125
t,-0.94140625,t,-0.92578125
c,-1.7421875,c,-1.78125
a,-1.28125,a,-1.3125
t,-1.0390625,t,-1.0390625
g,-1.765625,g,-1.7265625
g,-1.75,g,-1.734375
a,-1.234375,a,-1.2734375
c,-1.8828125,c,-1.8828125
a,-0.94140625,a,-0.921875
t,-0.953125,t,-0.9375
t,-0.94140625,t,-0.9296875
t,-0.79296875,t,-0.79296875
a,-1.40625,a,-1.4375
g,-1.8671875,g,-1.8671875
g,-1.640625,g,-1.65625
t,-1.2265625,t,-1.21875
t,-1.0234375,t,-1.046875
g,-1.8984375,g,-1.8984375
t,-1.078125,t,-1.0390625
t,-0.8984375,t,-0.9375
t,-0.73828125,t,-0.75390625
t,-0.75390625,t,-0.75390625
t,-0.76953125,t,-0.71484375
a,-1.5703125,a,-1.5859375
t,-0.953125,t,-0.9609375
t,-0.67578125,t,-0.68359375
t,-0.59375,t,-0.5703125
t,-0.62109375,t,-0.62890625
t,-0.59375,t,-0.64453125
g,-1.96875,g,-1.9765625
g,-1.7890625,g,-1.7890625
g,-1.4921875,g,-1.4453125
c,-2.5625,c,-2.578125
t,-0.796875,t,-0.82421875
a,-1.671875,a,-1.71875
t,-0.921875,t,-0.95703125
a,-1.5,a,-1.5
a,-1.3671875,a,-1.3125
t,-1.0703125,t,-1.0546875
g,-1.5,g,-1.484375
a,-1.390625,a,-1.390625
a,-1.09375,a,-1.125
t,-1.1328125,t,-1.1796875
a,-1.234375,a,-1.21875
a,-1.203125,a,-1.1953125
t,-1.015625,t,-1.0
g,-1.6171875,g,-1.6796875
t,-0.88671875,t,-0.9375
t,-0.875,t,-0.921875
g,-1.7734375,g,-1.78125
c,-1.8515625,c,-1.84375
t,-0.81640625,t,-0.87109375
a,-1.484375,a,-1.453125
t,-0.94140625,t,-0.94140625
g,-1.6796875,g,-1.609375
a,-1.3359375,a,-1.3359375
a,-1.1328125,a,-1.15625
c,-2.09375,c,-2.09375
a,-0.8828125,a,-0.859375
t,-0.99609375,t,-1.0
t,-0.98828125,t,-0.98828125
c,-1.8359375,c,-1.828125
g,-3.671875,g,-3.640625
t,-0.87890625,t,-0.86328125
t,-0.96875,t,-0.9453125
t,-0.71484375,t,-0.734375
g,-1.859375,g,-1.8203125
t,-0.7421875,t,-0.76171875
g,-1.671875,g,-1.671875
t,-0.68359375,t,-0.68359375
t,-1.15625,t,-1.1796875
c,-1.8828125,c,-1.9375
t,-0.90625,t,-0.85546875
t,-0.7890625,t,-0.8125
t,-0.8984375,t,-0.89453125
t,-0.87109375,t,-0.8125
t,-0.82421875,t,-0.78125
g,-1.828125,g,-1.796875
t,-0.77734375,t,-0.8125
t,-0.609375,t,-0.6015625
t,-0.47460938,t,-0.4921875
t,-0.5,t,-0.48242188
t,-0.43164062,t,-0.43945312
t,-0.4375,t,-0.40820312
t,-0.33789062,t,-0.3125
g,-2.234375,g,-2.234375
g,-2.28125,g,-2.375
t,-1.046875,t,-1.140625
t,-0.43359375,t,-0.46679688
t,-0.45898438,t,-0.45703125
t,-0.36132812,t,-0.34179688
t,-0.6640625,t,-0.625
t,-0.6015625,t,-0.62890625
g,-1.6875,g,-1.7265625
g,-2.078125,g,-2.078125
g,-1.140625,g,-1.1171875
t,-1.3046875,t,-1.3515625
t,-1.015625,t,-0.99609375
t,-0.47460938,t,-0.45898438
t,-0.6953125,t,-0.6953125
t,-0.54296875,t,-0.58984375
t,-0.6484375,t,-0.66015625
t,-0.56640625,t,-0.62890625
t,-0.30664062,t,-0.31445312
g,-1.9921875,g,-2.046875
t,-0.9609375,t,-0.9375
t,-0.21582031,t,-0.2109375
t,-0.16992188,t,-0.16210938
t,-0.10546875,t,-0.106933594
g,-1.78125,g,-1.6875
t,-0.65625,t,-0.63671875
t,-0.056396484,t,-0.05859375
t,-0.09765625,t,-0.08642578
t,-0.10595703,t,-0.095214844
t,-0.80859375,t,-0.828125
g,-2.015625,g,-1.96875
t,-0.79296875,t,-0.83984375
t,-0.26171875,t,-0.24023438
t,-0.13769531,t,-0.16503906
t,-0.12792969,t,-0.11230469
t,-0.25585938,t,-0.25585938
g,-2.140625,g,-1.9765625
a,-1.0078125,a,-1.0390625
g,-0.18847656,g,-0.20117188
a,-0.036132812,a,-0.030883789
c,-0.34960938,c,-0.34960938
a,-0.37304688,a,-0.3359375
g,-0.028808594,g,-0.03173828
t,-2.0625,t,-1.875
c,-2.515625,c,-2.40625
t,-0.02319336,t,-0.026245117
t,-1.0,t,-1.0
g,-0.54296875,g,-0.578125
c,-0.11035156,c,-0.11035156
t,-0.115234375,t,-0.10839844
c,-0.080078125,c,-0.080566406
t,-0.036132812,t,-0.04296875
g,-0.18652344,g,-0.19335938
t,-0.033935547,t,-0.03881836
c,-0.45703125,c,-0.47460938
t,-2.53125,t,-2.578125
c,-0.009643555,c,-0.008483887
c,-0.16113281,c,-0.17089844
t,-3.671875,t,-3.734375
a,-1.3046875,a,-1.3125
a,-1.5,a,-1.5
g,-0.15820312,g,-0.2265625
c,-1.2265625,c,-1.1484375
t,-0.28320312,t,-0.31640625
g,-0.66796875,g,-0.58984375
g,-1.203125,g,-1.1875
a,-0.36523438,a,-0.34765625
g,-0.24609375,g,-0.22167969
t,-0.2734375,t,-0.2734375
g,-0.26757812,g,-0.26757812
c,-0.34570312,c,-0.36328125
a,-0.048828125,a,-0.045654297
g,-0.18261719,g,-0.20410156
t,-0.016357422,t,-0.017456055
g,-0.016113281,g,-0.015625
g,-0.071777344,g,-0.07080078
c,-0.49023438,c,-0.48828125
a,-0.86328125,a,-0.79296875
t,-1.125,t,-1.125
g,-0.18066406,g,-0.17480469
a,-0.032958984,a,-0.03173828
t,-0.013000488,t,-0.012512207
c,-0.07763672,c,-0.07373047
t,-0.29296875,t,-0.29492188
t,-0.98828125,t,-0.953125
g,-0.13769531,g,-0.13085938
g,-0.033203125,g,-0.03515625
c,-0.036376953,c,-0.041015625
t,-0.040039062,t,-0.045410156
t,-3.359375,t,-3.40625
a,-0.32226562,a,-0.31445312
c,-0.123535156,c,-0.12695312
t,-0.09277344,t,-0.092285156
g,-0.045898438,g,-0.040039062
c,-0.34179688,c,-0.27539062
a,-0.041015625,a,-0.040771484
a,-0.20898438,a,-0.20996094
g,-2.265625,g,-2.28125
c,-0.25585938,c,-0.24316406
t,-0.091308594,t,-0.080566406
c,-0.16210938,c,-0.14941406
t,-1.265625,t,-1.296875
g,-0.15722656,g,-0.15234375
c,-0.10107422,c,-0.11035156
c,-0.114746094,c,-0.115234375
t,-0.13574219,t,-0.12988281
c,-0.04711914,c,-0.04736328
c,-0.046875,c,-0.047851562
c,-0.20214844,c,-0.203125
g,-0.890625,g,-0.92578125
g,-0.30859375,g,-0.32617188
g,-0.053955078,g,-0.064941406
t,-0.05102539,t,-0.045410156
t,-0.027954102,t,-0.03112793
c,-0.041503906,c,-0.045166016
a,-0.0044555664,a,-0.005126953
c,-1.8359375,c,-1.78125
a,-2.09375,a,-1.9296875
c,-0.25585938,c,-0.24609375
c,-0.22265625,c,-0.2421875
a,-0.07080078,a,-0.06982422
t,-0.011230469,t,-0.010803223
t,-0.099121094,t,-0.099609375
c,-0.37109375,c,-0.33984375
t,-0.028320312,t,-0.024658203
c,-0.051757812,c,-0.048583984
c,-0.05419922,c,-0.059570312
t,-0.029541016,t,-0.03125
g,-0.047851562,g,-0.050048828
c,-0.21972656,c,-0.22949219
c,-0.09033203,c,-0.1015625
t,-0.034179688,t,-0.03881836
c,-0.075683594,c,-0.068359375
a,-0.079589844,a,-0.0703125
g,-0.032958984,g,-0.03125
c,-0.038085938,c,-0.03564453
c,-0.025146484,c,-0.025268555
c,-5.125,c,-4.875
g,-4.46875,g,-4.53125
a,-3.453125,a,-3.515625
c,-0.875,c,-0.890625
a,-1.71875,a,-1.7578125
a,-1.296875,a,-1.3046875
g,-1.4140625,g,-1.4375
t,-0.65625,t,-0.61328125
a,-0.89453125,a,-0.86328125
g,-0.41796875,g,-0.43945312
c,-0.71875,c,-0.73828125
t,-0.19433594,t,-0.21582031
g,-0.22851562,g,-0.20410156
g,-0.16503906,g,-0.17480469
g,-0.076660156,g,-0.07324219
a,-0.02746582,a,-0.024169922
c,-0.7421875,c,-0.62109375
t,-0.064453125,t,-0.064453125
a,-0.041992188,a,-0.05053711
c,-0.11328125,c,-0.107910156
a,-0.020019531,a,-0.017333984
g,-0.053710938,g,-0.041992188
g,-0.10595703,g,-0.11279297
c,-0.4375,c,-0.48242188
g,-0.67578125,g,-0.7109375
t,-0.80078125,t,-0.734375
g,-0.14941406,g,-0.14550781
t,-1.3046875,t,-1.328125
g,-0.099121094,g,-0.08642578
c,-0.05102539,c,-0.048339844
c,-0.037841797,c,-0.040039062
a,-0.014892578,a,-0.014343262
c,-0.061767578,c,-0.06542969
c,-0.08544922,c,-0.071777344
a,-0.13085938,a,-0.11669922
t,-1.0859375,t,-1.171875
g,-0.13769531,g,-0.13085938
c,-0.08691406,c,-0.06982422
a,-5.5625,a,-5.75
c,-0.51171875,c,-0.47460938
g,-1.71875,g,-1.625
g,-0.4765625,g,-0.49804688
c,-0.15039062,c,-0.13476562
t,-0.31054688,t,-0.33984375
a,-0.96875,a,-1.0078125
a,-0.71875,a,-0.71875
t,-0.22363281,t,-0.2109375
t,-0.3125,t,-0.296875
t,-0.13183594,t,-0.12158203
t,-0.049316406,t,-0.050048828
t,-0.03564453,t,-0.03564453
t,-1.015625,t,-1.0703125
g,-1.5234375,g,-1.6015625
t,-0.048095703,t,-0.04638672
a,-0.111816406,a,-0.10546875
t,-0.0625,t,-0.061035156
t,-0.053466797,t,-0.060302734
t,-0.015014648,t,-0.01550293
t,-0.013427734,t,-0.015197754
t,-0.075683594,t,-0.07324219
a,-0.23535156,a,-0.26953125
g,-0.09814453,g,-0.104003906
t,-0.044677734,t,-0.044921875
a,-0.05859375,a,-0.059814453
g,-0.07128906,g,-0.068359375
a,-0.017822266,a,-0.016601562
g,-0.025512695,g,-0.026000977
a,-0.03173828,a,-0.030273438
t,-0.78125,t,-0.71484375
g,-0.099121094,g,-0.095703125
g,-0.04272461,g,-0.041015625
g,-0.14355469,g,-0.13183594
g,-0.11035156,g,-0.111816406
t,-0.025512695,t,-0.025756836
t,-0.052001953,t,-0.0625
t,-0.024414062,t,-0.024780273
c,-0.13769531,c,-0.14550781
a,-0.18554688,a,-0.18066406
c,-0.038330078,c,-0.040771484
c,-0.1796875,c,-0.14355469
g,-1.8828125,g,-1.9375
t,-0.018554688,t,-0.018310547
g,-0.099609375,g,-0.099609375
t,-0.020263672,t,-0.021484375
t,-0.059570312,t,-0.061279297
a,-0.703125,a,-0.765625
g,-0.13769531,g,-0.13574219
c,-0.07080078,c,-0.06982422
c,-0.026977539,c,-0.029174805
a,-0.014587402,a,-0.01574707
g,-0.026123047,g,-0.025756836
g,-0.026977539,g,-0.027709961
a,-0.22558594,a,-0.23828125
t,-0.022094727,t,-0.019042969
g,-0.06933594,g,-0.07324219
g,-0.043701172,g,-0.041015625
t,-0.04711914,t,-0.04711914
c,-0.080566406,c,-0.076171875
t,-0.017089844,t,-0.016723633
c,-0.3125,c,-0.3125
g,-0.22460938,g,-0.21679688
a,-0.026611328,a,-0.022827148
t,-0.083984375,t,-0.08496094
c,-0.034423828,c,-0.036376953
t,-0.0035095215,t,-0.003967285
c,-0.019165039,c,-0.015991211
c,-0.19824219,c,-0.20996094
t,-0.010253906,t,-0.009887695
g,-0.019897461,g,-0.022583008
a,-0.071777344,a,-0.07519531
c,-0.06640625,c,-0.05908203
c,-0.07421875,c,-0.07470703
t,-0.010253906,t,-0.010375977
c,-0.328125,c,-0.28125
g,-0.609375,g,-0.58203125
t,-0.10595703,t,-0.09863281
g,-0.008361816,g,-0.00793457
a,-0.017578125,a,-0.017700195
t,-0.021484375,t,-0.022094727
c,-0.022827148,c,-0.021484375
t,-1.4375,t,-1.390625
g,-0.06689453,g,-0.076171875
c,-0.026733398,c,-0.025146484
c,-0.010620117,c,-0.010986328
t,-1.609375,t,-1.5625
g,-0.06640625,g,-0.072753906
c,-0.07861328,c,-0.07080078
c,-0.044677734,c,-0.044677734
t,-0.010375977,t,-0.008361816
a,-4.78125,a,-4.84375
g,-0.110839844,g,-0.115722656
g,-0.33203125,g,-0.3515625
c,-0.29101562,c,-0.29492188
c,-0.71484375,c,-0.68359375
t,-0.15332031,t,-0.15820312
c,-0.453125,c,-0.41992188
c,-0.55078125,c,-0.55078125
c,-0.15234375,c,-0.15820312
a,-0.27929688,a,-0.26953125
a,-0.19726562,a,-0.18066406
a,-0.19824219,a,-0.1875
g,-0.171875,g,-0.17089844
t,-0.05810547,t,-0.060058594
g,-0.10107422,g,-0.09716797
c,-0.08886719,c,-0.07910156
t,-0.011779785,t,-0.012573242
g,-0.07910156,g,-0.07373047
g,-0.067871094,g,-0.079589844
g,-0.045410156,g,-0.045898438
a,-0.0064086914,a,-0.008178711
t,-0.013305664,t,-0.012451172
t,-0.016357422,t,-0.014526367
a,-0.013000488,a,-0.013549805
c,-0.16015625,c,-0.15429688
a,-0.006500244,a,-0.007446289
g,-0.035888672,g,-0.031982422
g,-0.072265625,g,-0.075683594
c,-0.38867188,c,-0.33398438
g,-0.65625,g,-0.625
t,-0.024291992,t,-0.02746582
g,-0.043945312,g,-0.044433594
a,-0.018310547,a,-0.020263672
g,-0.044433594,g,-0.0390625
c,-0.033935547,c,-0.033935547
c,-0.04711914,c,-0.046875
a,-0.015991211,a,-0.015014648
c,-0.025512695,c,-0.024414062
t,-1.0234375,t,-1.1484375
g,-0.084472656,g,-0.084472656
c,-0.41601562,c,-0.39453125
a,-0.80859375,a,-0.77734375
c,-0.030639648,c,-0.030639648
c,-0.07373047,c,-0.06542969
t,-1.15625,t,-1.0703125
g,-0.028442383,g,-0.034179688
g,-0.068847656,g,-0.0703125
c,-0.07910156,c,-0.07373047
c,-0.27539062,c,-0.30078125
t,-0.93359375,t,-0.921875
t,-1.3046875,t,-1.34375
a,-1.6796875,a,-1.7265625
a,-0.54296875,a,-0.51171875
g,-2.078125,g,-2.0
t,-0.80859375,t,-0.80078125
g,-1.046875,g,-0.94921875
t,-1.9296875,t,-1.9375
t,-0.984375,t,-0.96875
t,-0.8515625,t,-0.85546875
t,-0.640625,t,-0.63671875
t,-0.80078125,t,-0.859375
a,-1.4921875,a,-1.5859375
a,-1.1875,a,-1.203125
t,-1.2734375,t,-1.3203125
a,-1.1875,a,-1.1796875
c,-1.828125,c,-1.828125
g,-3.015625,g,-3.046875
t,-0.88671875,t,-0.8515625
c,-2.265625,c,-2.265625
a,-1.2578125,a,-1.3203125
t,-1.2109375,t,-1.1953125
t,-1.015625,t,-1.0546875
g,-1.9765625,g,-2.015625
c,-1.734375,c,-1.734375
c,-1.53125,c,-1.53125
t,-0.87109375,t,-0.87109375
t,-0.98828125,t,-0.9765625
a,-1.8984375,a,-1.890625
a,-1.296875,a,-1.2890625
g,-1.703125,g,-1.703125
c,-2.03125,c,-1.984375
t,-0.98828125,t,-1.0234375
a,-1.546875,a,-1.5078125
a,-1.4765625,a,-1.40625
c,-1.8671875,c,-1.875
a,-1.1171875,a,-1.15625
a,-1.296875,a,-1.3671875
t,-1.171875,t,-1.1640625
t,-1.0234375,t,-1.03125
c,-1.859375,c,-1.84375
t,-0.79296875,t,-0.79296875
t,-1.015625,t,-1.046875
a,-1.4140625,a,-1.453125
a,-1.125,a,-1.140625
c,-1.859375,c,-1.859375
c,-1.484375,c,-1.53125
t,-0.953125,t,-0.953125
t,-1.0,t,-1.0
t,-0.84765625,t,-0.859375
g,-1.8125,g,-1.8359375
t,-1.0234375,t,-1.0234375
t,-0.95703125,t,-0.95703125
c,-1.796875,c,-1.796875
t,-0.8671875,t,-0.796875
a,-2.0,a,-2.015625
c,-1.8984375,c,-1.9453125
t,-0.875,t,-0.8671875
g,-1.4765625,g,-1.5859375
a,-1.40625,a,-1.453125
a,-1.28125,a,-1.25
g,-1.4765625,g,-1.515625
c,-1.6484375,c,-1.6875
c,-1.4375,c,-1.5078125
a,-0.99609375,a,-1.046875
c,-1.7421875,c,-1.6796875
g,-3.375,g,-3.3125
t,-1.171875,t,-1.21875
g,-1.2578125,g,-1.234375
g,-1.3125,g,-1.3671875
t,-1.09375,t,-1.0546875
t,-1.1328125,t,-1.09375
g,-1.3203125,g,-1.3203125
a,-1.578125,a,-1.4921875
g,-1.2578125,g,-1.2421875
a,-1.1796875,a,-1.1796875
t,-1.359375,t,-1.375
a,-1.65625,a,-1.7109375
g,-1.0625,g,-1.0703125
g,-1.3046875,g,-1.3359375
c,-2.09375,c,-2.03125
t,-1.015625,t,-0.94921875
c,-1.5703125,c,-1.53125
t,-0.8046875,t,-0.79296875
g,-0.88671875,g,-0.890625
a,-1.5546875,a,-1.609375
g,-1.375,g,-1.4375
t,-1.40625,t,-1.421875
c,-1.359375,c,-1.359375
t,-1.1171875,t,-1.1171875
a,-2.015625,a,-1.9453125
g,-1.1640625,g,-1.1640625
c,-1.5,c,-1.5859375
t,-0.9296875,t,-0.90625
t,-1.1953125,t,-1.140625
t,-0.96484375,t,-0.96484375
t,-1.1328125,t,-1.1875
a,-1.7890625,a,-1.796875
a,-1.296875,a,-1.28125
c,-1.9296875,c,-1.90625
c,-1.484375,c,-1.421875
t,-0.953125,t,-0.93359375
c,-1.2265625,c,-1.265625
t,-0.85546875,t,-0.83984375
a,-1.8203125,a,-1.8203125
t,-1.25,t,-1.296875
c,-1.390625,c,-1.4453125
t,-0.59765625,t,-0.5859375
t,-1.1796875,t,-1.125
t,-0.80859375,t,-0.8203125
t,-0.96875,t,-0.94140625
t,-0.734375,t,-0.7421875
g,-1.921875,g,-1.921875
t,-0.640625,t,-0.6328125
c,-1.796875,c,-1.765625
t,-0.625,t,-0.625
t,-0.70703125,t,-0.69921875
a,-2.03125,a,-2.09375
g,-1.4375,g,-1.4296875
a,-0.66796875,a,-0.67578125
a,-0.71875,a,-0.76953125
a,-0.8359375,a,-0.82421875
t,-0.7109375,t,-0.6796875
c,-1.8984375,c,-1.84375
t,-1.1171875,t,-1.1171875
a,-1.546875,a,-1.5234375
a,-1.28125,a,-1.328125
g,-1.6328125,g,-1.625
c,-1.703125,c,-1.6796875
a,-1.078125,a,-1.109375
g,-1.59375,g,-1.6171875
a,-1.234375,a,-1.1484375
a,-1.1015625,a,-1.140625
t,-1.390625,t,-1.4140625
g,-1.8125,g,-1.8203125
c,-1.9140625,c,-1.9453125
a,-1.03125,a,-1.0625
a,-1.4609375,a,-1.5625
a,-1.1328125,a,-1.1328125
t,-1.3828125,t,-1.359375
g,-1.4765625,g,-1.4921875
a,-1.234375,a,-1.234375
c,-1.84375,c,-1.8515625
t,-0.95703125,t,-1.0234375
a,-1.5546875,a,-1.5390625
a,-1.21875,a,-1.1796875
g,-1.6796875,g,-1.6484375
a,-1.1640625,a,-1.109375
a,-1.0078125,a,-1.046875
t,-1.2109375,t,-1.21875
a,-1.1875,a,-1.203125
a,-1.0625,a,-1.015625
t,-1.2265625,t,-1.2578125
g,-1.515625,g,-1.46875
t,-1.1484375,t,-1.1328125
t,-1.0390625,t,-1.0625
g,-1.5625,g,-1.5546875
t,-1.1328125,t,-1.1796875
t,-1.0703125,t,-1.0703125
g,-1.75,g,-1.75
a,-1.3359375,a,-1.3359375
a,-1.1015625,a,-1.125
a,-1.046875,a,-1.046875
t,-1.109375,t,-1.0859375
a,-1.359375,a,-1.3828125
a,-1.125,a,-1.109375
c,-1.90625,c,-1.8984375
a,-0.8046875,a,-0.82421875
t,-1.109375,t,-1.203125
a,-1.2890625,a,-1.2421875
a,-1.125,a,-1.15625
a,-0.90234375,a,-0.9140625
a,-0.97265625,a,-0.93359375
t,-1.171875,t,-1.1328125
a,-0.984375,a,-0.9765625
g,-2.03125,g,-2.078125
g,-1.765625,g,-1.8671875
t,-1.21875,t,-1.2578125
t,-1.1640625,t,-1.1953125
a,-1.4296875,a,-1.4765625
t,-1.1328125,t,-1.109375
a,-1.3046875,a,-1.3046875
a,-0.96875,a,-1.03125
c,-2.046875,c,-2.09375
t,-0.9921875,t,-1.0
t,-0.984375,t,-1.0
t,-0.87109375,t,-0.8984375
g,-1.8203125,g,-1.84375
a,-1.0625,a,-1.1015625
t,-1.2734375,t,-1.2421875
a,-1.2109375,a,-1.1953125
c,-1.8671875,c,-1.8671875
t,-0.87890625,t,-0.87890625
c,-2.03125,c,-1.9921875
a,-0.96875,a,-0.99609375
t,-1.09375,t,-1.1015625
t,-0.8984375,t,-0.8984375
a,-1.4296875,a,-1.4375
g,-1.9765625,g,-1.9765625
t,-1.0703125,t,-1.0546875
a,-1.109375,a,-1.1171875
a,-1.046875,a,-1.0546875
c,-2.078125,c,-1.984375
a,-0.89453125,a,-0.8828125
a,-1.1171875,a,-1.1796875
a,-0.953125,a,-1.0
t,-1.2265625,t,-1.1953125
c,-2.015625,c,-1.9921875
t,-0.953125,t,-0.93359375
t,-1.0625,t,-1.09375
t,-0.96875,t,-1.03125
c,-1.78125,c,-1.796875
a,-1.0546875,a,-1.0
a,-1.0625,a,-1.0078125
t,-1.3828125,t,-1.359375
a,-1.1484375,a,-1.1640625
c,-1.8671875,c,-1.8671875
a,-0.9375,a,-0.91015625
t,-1.125,t,-1.1015625
c,-1.9609375,c,-2.03125
t,-0.95703125,t,-0.90625
t,-1.0546875,t,-1.0625
a,-1.2890625,a,-1.3046875
c,-1.8359375,c,-1.8671875
g,-3.71875,g,-3.765625
g,-1.8515625,g,-1.7890625
t,-1.140625,t,-1.1640625
c,-1.9765625,c,-1.984375
t,-0.85546875,t,-0.8203125
g,-1.5703125,g,-1.5703125
t,-1.0625,t,-1.0390625
t,-1.0546875,t,-1.0546875
a,-1.5234375,a,-1.5234375
g,-1.6640625,g,-1.65625
g,-1.6015625,g,-1.6328125
t,-1.3203125,t,-1.3046875
g,-1.625,g,-1.6484375
t,-1.1015625,t,-1.09375
a,-1.5703125,a,-1.546875
g,-1.359375,g,-1.3515625
a,-1.234375,a,-1.234375
t,-1.3515625,t,-1.3984375
t,-1.078125,t,-1.0546875
a,-1.375,a,-1.34375
g,-1.75,g,-1.75
t,-1.203125,t,-1.203125
a,-1.28125,a,-1.3125
a,-1.1171875,a,-1.109375
t,-1.234375,t,-1.2109375
g,-1.640625,g,-1.5546875
a,-1.1875,a,-1.1875
a,-1.0703125,a,-1.078125
g,-1.546875,g,-1.5
t,-1.234375,t,-1.2265625
g,-1.59375,g,-1.5859375
g,-1.53125,g,-1.5546875
g,-1.6484375,g,-1.625
a,-0.98046875,a,-0.9921875
a,-1.078125,a,-1.0859375
g,-1.3984375,g,-1.3046875
c,-1.921875,c,-1.8671875
c,-1.7109375,c,-1.78125
a,-0.859375,a,-0.875
c,-1.9765625,c,-1.921875
t,-1.125,t,-1.1484375
g,-1.1015625,g,-1.0859375
c,-1.8046875,c,-1.71875
a,-0.90625,a,-0.9453125
a,-1.46875,a,-1.5625
g,-1.46875,g,-1.46875
c,-1.734375,c,-1.7578125
t,-1.1953125,t,-1.21875
a,-1.6328125,a,-1.6640625
g,-1.3125,g,-1.3984375
t,-1.4375,t,-1.390625
a,-1.46875,a,-1.4375
t,-1.2890625,t,-1.234375
a,-1.515625,a,-1.53125
c,-1.7109375,c,-1.6640625
a,-0.8046875,a,-0.79296875
t,-1.25,t,-1.265625
g,-1.25,g,-1.3359375
t,-1.109375,t,-1.0625
a,-1.34375,a,-1.3125
g,-1.75,g,-1.6875
g,-1.609375,g,-1.5546875
g,-1.7109375,g,-1.7578125
a,-0.93359375,a,-0.93359375
a,-1.0859375,a,-1.015625
a,-0.9921875,a,-1.0078125
g,-1.328125,g,-1.375
a,-0.98828125,a,-0.95703125
t,-1.5390625,t,-1.4921875
a,-1.140625,a,-1.1484375
g,-1.3671875,g,-1.3515625
a,-0.85546875,a,-0.87890625
a,-0.9375,a,-0.95703125
a,-0.83203125,a,-0.80859375
g,-1.265625,g,-1.2890625
c,-2.03125,c,-2.03125
a,-0.74609375,a,-0.765625
t,-1.515625,t,-1.5
t,-1.1640625,t,-1.1328125
g,-1.65625,g,-1.6875
a,-1.2109375,a,-1.2265625
a,-0.99609375,a,-0.98046875
g,-1.4296875,g,-1.375
c,-1.8984375,c,-1.828125
c,-1.5,c,-1.4765625
a,-0.82421875,a,-0.84375
g,-1.09375,g,-1.0625
a,-1.1015625,a,-1.125
a,-1.0546875,a,-1.078125
g,-1.2265625,g,-1.2265625
a,-1.1796875,a,-1.1875
g,-1.2890625,g,-1.3046875
a,-0.953125,a,-0.97265625
g,-1.1484375,g,-1.15625
a,-0.796875,a,-0.83203125
c,-2.109375,c,-2.203125
a,-0.5703125,a,-0.5703125
g,-0.90234375,g,-0.86328125
a,-0.61328125,a,-0.6796875
g,-1.0390625,g,-1.0859375
g,-1.6015625,g,-1.609375
a,-1.1328125,a,-1.1328125
c,-2.734375,c,-2.546875
a,-0.66015625,a,-0.61328125
t,-1.703125,t,-1.671875
t,-1.3671875,t,-1.3984375
t,-1.171875,t,-1.1171875
g,-1.28125,g,-1.3125
g,-1.265625,g,-1.296875
g,-1.140625,g,-1.0859375
c,-1.8828125,c,-1.8671875
t,-1.1953125,t,-1.2421875
a,-1.6015625,a,-1.6484375
g,-1.1328125,g,-1.1328125
a,-1.0703125,a,-1.0390625
t,-1.6484375,t,-1.6640625
c,-2.0625,c,-2.0625
t,-0.94140625,t,-0.8828125
g,-1.015625,g,-0.9921875
a,-1.2734375,a,-1.28125
c,-1.8828125,c,-1.9140625
a,-0.99609375,a,-1.0078125
a,-1.3984375,a,-1.4296875
g,-1.1796875,g,-1.15625
a,-1.046875,a,-1.078125
a,-1.0859375,a,-1.0625
a,-1.0390625,a,-0.953125
a,-1.03125,a,-1.0625
a,-0.96484375,a,-0.984375
c,-1.96875,c,-1.9296875
a,-0.73046875,a,-0.71484375
a,-0.90625,a,-0.97265625
a,-0.72265625,a,-0.74609375
t,-1.4765625,t,-1.5703125
g,-1.2890625,g,-1.2890625
t,-1.3671875,t,-1.390625
t,-1.3515625,t,-1.375
t,-0.95703125,t,-0.96875
t,-1.0546875,t,-1.1015625
a,-1.3515625,a,-1.3828125
g,-1.6328125,g,-1.65625
t,-1.359375,t,-1.359375
a,-1.265625,a,-1.265625
t,-1.28125,t,-1.234375
t,-1.015625,t,-1.015625
a,-1.375,a,-1.4453125
a,-1.0859375,a,-1.09375
t,-1.265625,t,-1.2578125
t,-0.98828125,t,-1.046875
t,-0.89453125,t,-0.8671875
t,-0.8515625,t,-0.83203125
t,-0.84375,t,-0.859375
g,-1.8125,g,-1.859375
a,-1.171875,a,-1.171875
c,-2.296875,c,-2.21875
t,-1.0390625,t,-1.0078125
t,-0.921875,t,-0.90625
t,-0.8203125,t,-0.82421875
a,-1.359375,a,-1.3828125
a,-1.0234375,a,-1.0234375
a,-0.86328125,a,-0.85546875
t,-1.1875,t,-1.171875
t,-1.03125,t,-1.0390625
t,-0.78515625,t,-0.84375
t,-0.87109375,t,-0.8359375
t,-0.88671875,t,-0.88671875
t,-0.859375,t,-0.8671875
t,-0.75390625,t,-0.75390625
t,-0.640625,t,-0.640625
t,-0.51953125,t,-0.515625
t,-0.40625,t,-0.41015625
a,-2.109375,a,-2.109375
t,-0.94921875,t,-0.96875
t,-0.28515625,t,-0.26757812
t,-0.31640625,t,-0.3046875
a,-1.75,a,-1.734375
g,-2.21875,g,-2.203125
t,-0.7734375,t,-0.75390625
g,-1.8125,g,-1.8203125
a,-1.046875,a,-1.09375
a,-1.0546875,a,-1.1015625
t,-1.1484375,t,-1.15625
a,-1.0390625,a,-1.0390625
c,-2.234375,c,-2.21875
t,-1.1015625,t,-1.109375
g,-1.640625,g,-1.671875
g,-1.703125,g,-1.75
t,-1.15625,t,-1.15625
g,-1.5625,g,-1.515625
t,-0.828125,t,-0.8203125
t,-1.0703125,t,-1.09375
t,-0.7109375,t,-0.765625
a,-1.46875,a,-1.515625
a,-1.3203125,a,-1.2421875
t,-1.1796875,t,-1.1484375
g,-1.53125,g,-1.5390625
g,-1.71875,g,-1.65625
t,-1.078125,t,-1.1171875
c,-2.109375,c,-2.078125
t,-0.83203125,t,-0.82421875
c,-1.8515625,c,-1.796875
a,-1.0234375,a,-0.9453125
t,-1.046875,t,-1.015625
t,-0.81640625,t,-0.82421875
t,-0.68359375,t,-0.734375
t,-0.7890625,t,-0.7734375
a,-1.3203125,a,-1.3671875
a,-1.09375,a,-1.109375
t,-1.2734375,t,-1.2734375
a,-1.15625,a,-1.1875
a,-1.03125,a,-1.015625
g,-1.96875,g,-1.9140625
t,-0.89453125,t,-0.921875
a,-1.125,a,-1.125
t,-0.98828125,t,-1.0
g,-1.8828125,g,-1.765625
a,-1.3828125,a,-1.34375
c,-2.125,c,-2.109375
a,-0.87890625,a,-0.87890625
c,-1.9453125,c,-1.9765625
a,-0.828125,a,-0.83203125
g,-1.6328125,g,-1.59375
g,-2.046875,g,-2.0625
t,-1.1171875,t,-1.140625
a,-1.390625,a,-1.40625
g,-1.703125,g,-1.6953125
t,-1.0234375,t,-1.0390625
t,-1.0703125,t,-1.0234375
t,-0.95703125,t,-0.91015625
a,-1.5546875,a,-1.4296875
a,-1.2109375,a,-1.21875
g,-1.640625,g,-1.6875
g,-1.421875,g,-1.4140625
t,-1.3671875,t,-1.3828125
c,-1.7421875,c,-1.78125
a,-1.03125,a,-0.97265625
t,-1.03125,t,-1.03125
a,-1.359375,a,-1.3359375
t,-0.9921875,t,-1.1015625
a,-1.2109375,a,-1.203125
t,-0.93359375,t,-0.94140625
t,-0.9609375,t,-0.9453125
t,-0.80078125,t,-0.80078125
t,-0.953125,t,-0.953125
a,-1.25,a,-1.2890625
t,-1.0078125,t,-1.015625
t,-0.92578125,t,-0.9140625
t,-0.64453125,t,-0.66796875
g,-2.1875,g,-2.109375
a,-1.3359375,a,-1.375
t,-1.0546875,t,-1.0625
g,-1.6640625,g,-1.6875
a,-1.1953125,a,-1.1953125
a,-1.0390625,a,-1.09375
a,-1.1015625,a,-1.0625
a,-1.015625,a,-1.0859375
t,-1.0078125,t,-0.97265625
a,-1.140625,a,-1.1796875
a,-1.0625,a,-1.078125
g,-1.9609375,g,-2.046875
g,-1.953125,g,-1.90625
t,-1.234375,t,-1.1953125
a,-1.1171875,a,-1.15625
t,-0.99609375,t,-1.0078125
a,-1.21875,a,-1.21875
g,-1.9296875,g,-1.875
g,-1.90625,g,-1.84375
c,-1.765625,c,-1.78125
c,-2.015625,c,-2.03125
g,-3.140625,g,-3.1875
g,-0.953125,g,-1.0703125
g,-0.72265625,g,-0.7578125
c,-0.875,c,-0.90625
a,-0.82421875,a,-0.82421875
c,-0.65625,c,-0.6640625
g,-0.609375,g,-0.63671875
g,-0.11767578,g,-0.11816406
t,-0.021728516,t,-0.025512695
g,-0.010009766,g,-0.0099487305
g,-0.007751465,g,-0.0073547363
c,-0.092285156,c,-0.087402344
t,-0.010498047,t,-0.009765625
c,-0.088378906,c,-0.095703125
a,-0.02758789,a,-0.026489258
c,-0.3125,c,-0.296875
a,-1.640625,a,-1.453125
c,-0.06225586,c,-0.06298828
c,-0.03125,c,-0.030517578
t,-0.017456055,t,-0.020874023
g,-0.080078125,g,-0.07910156
t,-0.007019043,t,-0.008300781
a,-0.009338379,a,-0.007659912
a,-0.063964844,a,-0.072265625
t,-0.005432129,t,-0.0054626465
c,-0.0234375,c,-0.02331543
c,-0.079589844,c,-0.079589844
c,-0.099121094,c,-0.0859375
a,-0.009643555,a,-0.009399414
g,-0.072753906,g,-0.07373047
c,-0.057617188,c,-0.057617188
a,-0.25195312,a,-0.2265625
c,-0.049072266,c,-0.048828125
t,-0.013000488,t,-0.012451172
t,-0.020629883,t,-0.020996094
t,-0.0625,t,-0.06542969
g,-0.035888672,g,-0.036865234
g,-0.023803711,g,-0.023803711
g,-0.030883789,g,-0.03100586
a,-0.008850098,a,-0.008605957
g,-0.033447266,g,-0.026000977
g,-0.041259766,g,-0.033691406
c,-0.050048828,c,-0.052490234
c,-0.55078125,c,-0.55078125
g,-0.57421875,g,-0.59765625
a,-0.020751953,a,-0.021728516
g,-0.03955078,g,-0.044921875
g,-0.033447266,g,-0.036865234
c,-0.47851562,c,-0.44921875
a,-0.73828125,a,-0.67578125
g,-0.030029297,g,-0.032714844
g,-0.032470703,g,-0.032470703
c,-0.953125,c,-0.9921875
g,-0.609375,g,-0.66796875
g,-0.111328125,g,-0.10644531
a,-0.018310547,a,-0.01965332
t,-0.017333984,t,-0.020629883
c,-0.17871094,c,-0.15917969
a,-0.10498047,a,-0.107910156
c,-0.203125,c,-0.20214844
c,-1.0625,c,-1.0546875
t,-0.17089844,t,-0.18652344
g,-0.03149414,g,-0.032226562
a,-0.07519531,a,-0.09033203
g,-0.06640625,g,-0.06933594
g,-0.048339844,g,-0.049804688
t,-0.0234375,t,-0.022705078
c,-0.11230469,c,-0.106933594
g,-2.46875,g,-2.25
g,-0.08984375,g,-0.08544922
g,-0.024902344,g,-0.020751953
a,-0.048828125,a,-0.05126953
g,-0.10839844,g,-0.10986328
t,-0.26171875,t,-0.2265625
t,-0.0049438477,t,-0.0048217773
a,-6.03125,a,-6.03125
g,-0.11621094,g,-0.11621094
a,-0.091796875,a,-0.08886719
g,-0.12158203,g,-0.11328125
a,-0.47851562,a,-0.41015625
c,-0.35546875,c,-0.35351562
t,-0.74609375,t,-0.83203125
a,-0.47851562,a,-0.5078125
g,-0.60546875,g,-0.609375
c,-0.1953125,c,-0.19238281
c,-0.51953125,c,-0.52734375
t,-0.025146484,t,-0.026367188
c,-3.40625,c,-3.5
a,-0.64453125,a,-0.61328125
a,-0.94921875,a,-0.84765625
c,-0.35742188,c,-0.34375
a,-0.7890625,a,-0.74609375
t,-2.171875,t,-2.234375
g,-1.421875,g,-1.3046875
g,-0.4765625,g,-0.484375
a,-3.03125,a,-2.921875
g,-0.15234375,g,-0.16894531
a,-0.21484375,a,-0.23632812
a,-0.34765625,a,-0.3515625
a,-0.20898438,a,-0.22167969
c,-0.21777344,c,-0.21875
c,-0.20019531,c,-0.19335938
c,-0.080078125,c,-0.095703125
c,-0.68359375,c,-0.78125
g,-1.09375,g,-1.0390625
t,-0.017089844,t,-0.016479492
c,-0.095703125,c,-0.08984375
t,-0.040527344,t,-0.047607422
c,-0.0859375,c,-0.095214844
t,-0.107421875,t,-0.10253906
a,-0.044921875,a,-0.044433594
c,-0.10986328,c,-0.087890625
t,-0.106933594,t,-0.099609375
a,-0.028808594,a,-0.030029297
a,-0.0060424805,a,-0.005645752
a,-0.007080078,a,-0.005554199
a,-0.011413574,a,-0.010620117
a,-0.024902344,a,-0.024780273
a,-2.5,a,-2.5
a,-0.080566406,a,-0.080566406
a,-0.86328125,a,-0.8984375
t,-2.046875,t,-2.203125
a,-0.3359375,a,-0.33789062
c,-1.5390625,c,-1.671875
a,-0.203125,a,-0.19628906
a,-0.13476562,a,-0.13964844
a,-0.034179688,a,-0.034179688
a,-0.045166016,a,-0.046875
t,-2.484375,t,-2.3125
t,-0.15820312,t,-0.16503906
a,-0.20800781,a,-0.23144531
g,-0.24804688,g,-0.27148438
g,-3.25,g,-3.078125
c,-0.4921875,c,-0.51953125
g,-1.9765625,g,-1.921875
g,-0.24511719,g,-0.26367188
g,-0.37304688,g,-0.38085938
c,-1.7109375,c,-1.6796875
g,-1.046875,g,-1.0859375
t,-0.6875,t,-0.70703125
g,-0.51171875,g,-0.51953125
g,-0.4453125,g,-0.38867188
t,-0.12792969,t,-0.13378906
g,-0.17871094,g,-0.17089844
g,-0.20800781,g,-0.22265625
t,-1.828125,t,-1.875
g,-0.17382812,g,-0.18652344
c,-1.28125,c,-1.28125
a,-0.29296875,a,-0.29296875
t,-0.76953125,t,-0.87890625
g,-0.13867188,g,-0.10449219
c,-0.024536133,c,-0.024414062
c,-0.03540039,c,-0.03564453
t,-0.012207031,t,-0.012023926
g,-0.18261719,g,-0.19140625
t,-0.011413574,t,-0.013671875
a,-0.07519531,a,-0.08544922
a,-0.38671875,a,-0.42773438
t,-0.017333984,t,-0.017578125
c,-0.057373047,c,-0.057861328
c,-0.068847656,c,-0.07373047
c,-0.029418945,c,-0.029174805
a,-0.014465332,a,-0.012634277
g,-0.041503906,g,-0.041259766
c,-0.041748047,c,-0.040771484
t,-0.27929688,t,-0.28125
a,-0.04296875,a,-0.041503906
c,-0.05078125,c,-0.052734375
t,-0.016479492,t,-0.017822266
c,-0.52734375,c,-0.60546875
a,-0.80859375,a,-0.78125
g,-0.041015625,g,-0.04638672
g,-0.05834961,g,-0.057861328
a,-0.017456055,a,-0.020385742
g,-0.036865234,g,-0.037109375
g,-0.041503906,g,-0.045898438
c,-0.055908203,c,-0.064453125
t,-0.028198242,t,-0.03540039
g,-0.061035156,g,-0.061035156
a,-0.008056641,a,-0.008483887
g,-0.024902344,g,-0.030639648
g,-0.11816406,g,-0.11376953
c,-0.13085938,c,-0.13867188
a,-0.100097656,a,-0.111328125
g,-0.12597656,g,-0.115234375
g,-0.08886719,g,-0.08251953
a,-0.083496094,a,-0.07324219
g,-0.06982422,g,-0.06982422
a,-0.10644531,a,-0.08984375
a,-0.01965332,a,-0.018920898
t,-0.01977539,t,-0.01977539
t,-1.375,t,-1.3359375
g,-0.07080078,g,-0.06225586
c,-0.041992188,c,-0.036865234
t,-0.021118164,t,-0.020507812
t,-0.030273438,t,-0.033447266
g,-0.039794922,g,-0.044921875
a,-0.012145996,a,-0.014709473
a,-0.04296875,a,-0.047851562
c,-0.049316406,c,-0.050048828
c,-0.07080078,c,-0.07080078
t,-0.94921875,t,-0.91015625
g,-0.080566406,g,-0.080566406
g,-0.052978516,g,-0.05517578
g,-0.06640625,g,-0.07470703
a,-0.038085938,a,-0.043945312
g,-0.037597656,g,-0.033691406
g,-0.048583984,g,-0.045654297
t,-1.0546875,t,-1.0546875
g,-0.13964844,g,-0.14648438
g,-0.125,g,-0.13183594
a,-0.013977051,a,-0.013671875
g,-0.029663086,g,-0.028686523
g,-0.39257812,g,-0.36914062
t,-0.061035156,t,-0.06201172
t,-0.033447266,t,-0.034179688
g,-0.02368164,g,-0.020874023
c,-0.080078125,c,-0.08496094
g,-3.609375,g,-3.609375
g,-0.048095703,g,-0.049560547
t,-0.026367188,t,-0.026245117
g,-0.04272461,g,-0.052978516
a,-0.057128906,a,-0.04736328
g,-0.028930664,g,-0.027832031
c,-0.12988281,c,-0.14648438
c,-0.37304688,c,-0.39453125
g,-0.37890625,g,-0.359375
a,-0.03149414,a,-0.034423828
g,-0.034179688,g,-0.03515625
a,-0.018676758,a,-0.019897461
t,-0.029541016,t,-0.026000977
c,-0.34570312,c,-0.34765625
a,-0.91796875,a,-1.0
c,-0.7109375,c,-0.7109375
c,-4.40625,c,-4.34375
t,-2.765625,t,-2.8125
c,-1.3515625,c,-1.390625
a,-0.1875,a,-0.19140625
t,-0.9765625,t,-1.046875
t,-0.45898438,t,-0.5234375
g,-2.171875,g,-2.359375
c,-0.38476562,c,-0.38085938
a,-0.4453125,a,-0.47460938
c,-2.953125,c,-2.90625
t,-1.203125,t,-1.171875
c,-0.265625,c,-0.25195312
c,-1.1796875,c,-1.140625
a,-0.026733398,a,-0.026489258
g,-0.14453125,g,-0.11767578
c,-0.16699219,c,-0.14355469
c,-0.104003906,c,-0.10058594
t,-0.018920898,t,-0.020874023
g,-0.05126953,g,-0.055664062
g,-0.025756836,g,-0.029663086
g,-0.107910156,g,-0.111328125
c,-0.55859375,c,-0.515625
a,-0.50390625,a,-0.484375
a,-0.05102539,a,-0.050048828
c,-0.05053711,c,-0.05908203
a,-0.035888672,a,-0.036865234
a,-1.453125,a,-1.3828125
g,-0.89453125,g,-0.96875
a,-0.54296875,a,-0.59765625
g,-0.44140625,g,-0.4921875
c,-0.7421875,c,-0.8125
a,-0.39453125,a,-0.39257812
a,-0.11279297,a,-0.111328125
a,-0.13574219,a,-0.12207031
a,-0.04296875,a,-0.040527344
c,-0.1015625,c,-0.091308594
t,-0.025390625,t,-0.024902344
c,-0.17089844,c,-0.1640625
c,-0.51953125,c,-0.50390625
a,-0.41796875,a,-0.42382812
t,-0.052246094,t,-0.04638672
c,-0.10986328,c,-0.12792969
t,-0.024047852,t,-0.024291992
c,-0.036132812,c,-0.038330078
a,-0.484375,a,-0.46484375
a,-0.025146484,a,-0.028686523
a,-0.02319336,a,-0.022583008
a,-0.06933594,a,-0.07080078
a,-0.035888672,a,-0.03515625
a,-0.06738281,a,-0.064941406
a,-0.07763672,a,-0.07324219
a,-0.04736328,a,-0.047851562
a,-0.055419922,a,-0.057373047
a,-0.087890625,a,-0.08300781
a,-0.09033203,a,-0.09375
a,-0.12695312,a,-0.13867188
a,-0.17285156,a,-0.16992188
t,-3.015625,t,-3.015625
a,-0.85546875,a,-0.859375
a,-0.41601562,a,-0.47070312
g,-2.265625,g,-2.171875
g,-2.140625,g,-2.203125
t,-1.8125,t,-1.7578125
a,-1.140625,a,-1.2421875
t,-1.28125,t,-1.2734375
a,-1.0390625,a,-1.078125
a,-1.1875,a,-1.109375
g,-1.9921875,g,-2.0
c,-1.7734375,c,-1.6015625
g,-3.40625,g,-3.328125
g,-1.71875,g,-1.640625
g,-1.8125,g,-1.828125
c,-2.046875,c,-2.078125
t,-1.453125,t,-1.3828125
c,-2.953125,c,-3.0
a,-0.6328125,a,-0.65234375
g,-1.7578125,g,-1.65625
g,-1.4140625,g,-1.34375
a,-0.80078125,a,-0.82421875
a,-2.140625,a,-1.9296875
c,-2.203125,c,-2.171875
a,-2.421875,a,-2.375
t,-1.4375,t,-1.4375
c,-0.9375,c,-0.9375
a,-1.5625,a,-1.546875
t,-1.4140625,t,-1.4375
t,-1.546875,t,-1.5390625
g,-1.6484375,g,-1.71875
g,-1.578125,g,-1.6640625
a,-1.046875,a,-1.046875
c,-1.8984375,c,-1.9140625
a,-0.7265625,a,-0.7734375
t,-1.375,t,-1.375
a,-1.5546875,a,-1.609375
c,-1.59375,c,-1.59375
t,-1.3203125,t,-1.2890625
g,-1.1328125,g,-1.1015625
a,-1.1484375,a,-1.15625
a,-1.1328125,a,-1.0859375
a,-0.9296875,a,-0.97265625
g,-1.53125,g,-1.6015625
a,-1.0703125,a,-1.03125
a,-0.9296875,a,-0.94140625
g,-1.7109375,g,-1.7109375
a,-1.03125,a,-1.03125
a,-0.859375,a,-0.80859375
a,-0.73828125,a,-0.72265625
a,-0.78515625,a,-0.83203125
a,-0.82421875,a,-0.86328125
t,-1.7734375,t,-1.765625
c,-2.109375,c,-2.09375
a,-0.875,a,-0.9140625
g,-1.328125,g,-1.375
c,-1.7421875,c,-1.734375
t,-1.0703125,t,-1.0390625
g,-1.265625,g,-1.2734375
g,-1.3203125,g,-1.2734375
g,-1.2578125,g,-1.2421875
c,-1.625,c,-1.625
g,-1.8984375,g,-1.890625
c,-1.359375,c,-1.3984375
a,-0.8046875,a,-0.8046875
g,-0.15917969,g,-0.14550781
t,-0.095703125,t,-0.099121094
g,-0.17285156,g,-0.17480469
g,-0.09423828,g,-0.08544922
c,-0.08251953,c,-0.08935547
t,-0.0074768066,t,-0.007659912
c,-0.07861328,c,-0.095214844
a,-0.0075683594,a,-0.007507324
c,-0.578125,c,-0.578125
g,-0.63671875,g,-0.66796875
c,-0.035888672,c,-0.03173828
c,-0.017089844,c,-0.016967773
g,-11.375,g,-11.375
g,-0.33984375,g,-0.359375
t,-0.12451172,t,-0.119140625
a,-0.15625,a,-0.18164062
a,-0.13476562,a,-0.12402344
t,-0.12158203,t,-0.11376953
c,-0.41210938,c,-0.39648438
c,-0.3515625,c,-0.34765625
c,-0.640625,c,-0.60546875
a,-0.05810547,a,-0.052246094
a,-4.40625,a,-4.40625
c,-0.10205078,c,-0.11669922
a,-0.0703125,a,-0.064941406
c,-0.29882812,c,-0.3046875
t,-0.19921875,t,-0.20507812
t,-0.17871094,t,-0.20019531
t,-0.118652344,t,-0.12060547
g,-0.07421875,g,-0.061035156
g,-0.028442383,g,-0.030395508
g,-0.09472656,g,-0.08642578
a,-0.006500244,a,-0.007751465
g,-0.052001953,g,-0.052001953
g,-0.048095703,g,-0.04321289
c,-0.048828125,c,-0.04736328
c,-0.3984375,c,-0.359375
a,-0.796875,a,-0.83203125
a,-0.026123047,a,-0.024291992
g,-0.095703125,g,-0.1015625
g,-0.046875,g,-0.05419922
c,-0.515625,c,-0.56640625
a,-0.6953125,a,-0.640625
g,-0.068359375,g,-0.064453125
g,-0.056396484,g,-0.060058594
c,-1.1875,c,-1.0703125
g,-0.86328125,g,-0.8984375
a,-2.375,a,-2.546875
a,-0.033935547,a,-0.030151367
t,-0.012756348,t,-0.012573242
c,-0.6328125,c,-0.6953125
a,-0.21289062,a,-0.21582031
c,-0.09033203,c,-0.10107422
c,-0.7109375,c,-0.73046875
t,-0.08251953,t,-0.08203125
g,-0.03881836,g,-0.046142578
a,-0.02758789,a,-0.026000977
a,-1.25,a,-1.390625
g,-1.1015625,g,-1.015625
t,-0.091308594,t,-0.08251953
c,-0.49023438,c,-0.42773438
g,-1.4609375,g,-1.4140625
g,-0.23828125,g,-0.234375
g,-0.110839844,g,-0.104003906
a,-0.10107422,a,-0.10498047
g,-0.13085938,g,-0.13183594
t,-0.25976562,t,-0.29296875
t,-0.028076172,t,-0.033203125
c,-1.03125,c,-1.0234375
c,-3.0,c,-3.03125
a,-0.017333984,a,-0.017089844
g,-0.044433594,g,-0.04321289
a,-0.41210938,a,-0.39648438
t,-1.9140625,t,-1.8984375
c,-0.018554688,c,-0.018554688
a,-0.021362305,a,-0.020141602
g,-0.14257812,g,-0.12890625
c,-0.15722656,c,-0.15820312
c,-0.18554688,c,-0.18554688
t,-0.74609375,t,-0.8125
g,-0.09326172,g,-0.100097656
a,-3.421875,a,-3.546875
c,-0.890625,c,-0.89453125
c,-0.52734375,c,-0.48046875
a,-0.19238281,a,-0.18652344
a,-0.19921875,a,-0.19140625
c,-0.265625,c,-0.31054688
a,-0.07763672,a,-0.06933594
t,-0.036865234,t,-0.03930664
g,-0.11425781,g,-0.09667969
g,-0.109375,g,-0.10839844
a,-1.3203125,a,-1.4296875
g,-0.21582031,g,-0.20214844
a,-0.01171875,a,-0.011108398
a,-0.008056641,a,-0.009277344
a,-0.015075684,a,-0.014709473
c,-0.043945312,c,-0.037597656
c,-0.06640625,c,-0.05834961
c,-0.050048828,c,-0.05444336
t,-0.8984375,t,-0.90234375
g,-0.03955078,g,-0.03491211
t,-0.018066406,t,-0.016967773
c,-0.053710938,c,-0.051757812
t,-0.025634766,t,-0.026367188
c,-0.12988281,c,-0.13574219
t,-0.28125,t,-0.24902344
a,-0.034179688,a,-0.029052734
c,-0.107421875,c,-0.111816406
t,-0.5703125,t,-0.546875
a,-0.063964844,a,-0.064941406
a,-0.022583008,a,-0.022705078
a,-0.014587402,a,-0.014099121
a,-0.040283203,a,-0.038330078
a,-0.029907227,a,-0.030273438
t,-0.14648438,t,-0.14550781
a,-0.08251953,a,-0.07763672
c,-0.19140625,c,-0.19921875
a,-0.01574707,a,-0.014953613
a,-0.012756348,a,-0.016357422
a,-0.008056641,a,-0.008300781
a,-0.025024414,a,-0.025878906
c,-4.1875,c,-4.1875
t,-0.40234375,t,-0.41992188
a,-0.5078125,a,-0.5078125
g,-1.5546875,g,-1.59375
c,-0.53515625,c,-0.6171875
c,-0.24511719,c,-0.23242188
g,-2.296875,g,-2.359375
g,-0.21875,g,-0.24902344
g,-0.15039062,g,-0.14453125
c,-0.77734375,c,-0.80859375
a,-1.1796875,a,-1.171875
t,-0.17871094,t,-0.18164062
g,-0.10205078,g,-0.103027344
g,-0.048583984,g,-0.048583984
t,-0.0057373047,t,-0.005218506
g,-0.01586914,g,-0.014953613
g,-0.024780273,g,-0.026245117
c,-0.39453125,c,-0.4375
g,-0.98046875,g,-0.98828125
c,-0.9375,c,-0.94921875
a,-0.54296875,a,-0.56640625
t,-0.6875,t,-0.6875
g,-0.08984375,g,-0.08300781
c,-0.034179688,c,-0.032958984
c,-0.06347656,c,-0.060058594
t,-0.011047363,t,-0.010803223
g,-0.09765625,g,-0.09765625
t,-0.014526367,t,-0.0154418945
a,-0.052978516,a,-0.05517578
a,-0.36132812,a,-0.359375
t,-0.016723633,t,-0.016113281
c,-0.055908203,c,-0.059570312
c,-0.08691406,c,-0.09082031
c,-0.029174805,c,-0.026977539
a,-0.018188477,a,-0.01977539
g,-0.04736328,g,-0.038085938
c,-0.033203125,c,-0.034423828
t,-0.33203125,t,-0.30078125
a,-0.041015625,a,-0.034423828
c,-0.083984375,c,-0.087890625
t,-0.018432617,t,-0.020874023
t,-1.0,t,-0.9609375
g,-0.13378906,g,-0.1015625
g,-0.049804688,g,-0.05029297
g,-0.016967773,g,-0.018310547
a,-0.029663086,a,-0.032470703
g,-0.053710938,g,-0.05102539
g,-0.03149414,g,-0.03149414
c,-0.021362305,c,-0.01928711
t,-0.03857422,t,-0.03881836
g,-0.05102539,g,-0.05419922
a,-0.00982666,a,-0.009277344
g,-0.049316406,g,-0.048095703
g,-0.07763672,g,-0.068847656
c,-0.22265625,c,-0.20996094
a,-0.10888672,a,-0.107421875
g,-0.091308594,g,-0.10107422
g,-0.080566406,g,-0.071777344
a,-0.091796875,a,-0.08886719
g,-0.068359375,g,-0.06738281
a,-0.067871094,a,-0.06738281
a,-0.02331543,a,-0.024414062
t,-0.023925781,t,-0.021118164
t,-1.4375,t,-1.5234375
g,-0.08203125,g,-0.09667969
c,-0.03930664,c,-0.041748047
t,-0.026977539,t,-0.023071289
t,-0.031982422,t,-0.029052734
g,-0.043945312,g,-0.044189453
a,-0.016479492,a,-0.017456055
a,-0.05834961,a,-0.0546875
c,-0.072753906,c,-0.07421875
c,-0.060302734,c,-0.068359375
g,-5.9375,g,-5.8125
a,-1.2109375,a,-1.3046875
g,-0.076171875,g,-0.064941406
a,-2.9375,a,-2.9375
a,-0.359375,a,-0.38085938
g,-0.08496094,g,-0.087402344
g,-0.5625,g,-0.578125
c,-1.96875,c,-1.921875
g,-1.0859375,g,-1.1484375
g,-0.390625,g,-0.4140625
a,-0.13085938,a,-0.11816406
g,-0.46484375,g,-0.48828125
g,-1.53125,g,-1.40625
t,-0.099121094,t,-0.10107422
t,-0.06542969,t,-0.07861328
g,-0.109375,g,-0.12402344
c,-0.10839844,c,-0.10888672
g,-2.53125,g,-2.53125
g,-0.053222656,g,-0.048095703
t,-0.022949219,t,-0.026855469
g,-0.031982422,g,-0.030883789
a,-0.020141602,a,-0.020263672
g,-0.017211914,g,-0.016479492
c,-0.140625,c,-0.13867188
c,-0.38085938,c,-0.36914062
a,-1.1484375,a,-1.0625
a,-0.122558594,a,-0.13183594
g,-0.13574219,g,-0.12695312
a,-0.019897461,a,-0.021362305
t,-0.068359375,t,-0.072753906
t,-1.140625,t,-1.1484375
g,-0.12890625,g,-0.114746094
c,-0.43945312,c,-0.3984375
a,-0.71484375,a,-0.71484375
c,-0.08544922,c,-0.08544922
c,-0.20898438,c,-0.20898438
a,-0.014160156,a,-0.014831543
t,-1.7734375,t,-1.7265625
t,-0.048095703,t,-0.045898438
g,-0.080078125,g,-0.08105469
c,-0.095703125,c,-0.11376953
a,-0.015014648,a,-0.015014648
c,-0.04663086,c,-0.05053711
t,-0.014221191,t,-0.011169434
c,-0.064453125,c,-0.056884766
c,-0.04663086,c,-0.04638672
a,-0.0146484375,a,-0.018066406
g,-0.037353516,g,-0.03955078
c,-0.072753906,c,-0.07128906
c,-0.06542969,c,-0.067871094
t,-0.012390137,t,-0.013244629
g,-0.037109375,g,-0.041992188
g,-0.044433594,g,-0.040039062
g,-0.08203125,g,-0.087890625
c,-0.453125,c,-0.453125
a,-0.5,a,-0.5
a,-0.06225586,a,-0.06982422
c,-0.043945312,c,-0.04272461
a,-0.031982422,a,-0.033447266
a,-1.5,a,-1.421875
g,-1.0,g,-1.078125
a,-0.51171875,a,-0.49609375
g,-0.33203125,g,-0.35546875
c,-0.70703125,c,-0.62890625
g,-1.09375,g,-1.140625
a,-0.044189453,a,-0.040527344
a,-0.08300781,a,-0.07373047
a,-0.0625,a,-0.061523438
c,-0.040771484,c,-0.036132812
t,-0.12792969,t,-0.12207031
c,-0.040527344,c,-0.044189453
c,-0.27148438,c,-0.27929688
g,-0.87890625,g,-0.87890625
t,-0.032470703,t,-0.034423828
c,-0.05859375,c,-0.064453125
t,-0.010498047,t,-0.0095825195
c,-0.04638672,c,-0.045166016
a,-0.26757812,a,-0.25195312
a,-0.020019531,a,-0.01977539
a,-0.02331543,a,-0.024291992
a,-0.06225586,a,-0.055664062
a,-0.01953125,a,-0.019042969
a,-0.03881836,a,-0.040771484
a,-0.08154297,a,-0.08642578
a,-0.048339844,a,-0.040527344
a,-0.040039062,a,-0.041259766
a,-0.059326172,a,-0.064941406
g,-3.640625,g,-3.703125
g,-2.546875,g,-2.53125
a,-0.41210938,a,-0.3984375
a,-0.29296875,a,-0.27148438
g,-1.640625,g,-1.6875
a,-0.55078125,a,-0.5546875
a,-0.35546875,a,-0.34179688
a,-0.3359375,a,-0.28515625
a,-0.51171875,a,-0.49609375
a,-0.38867188,a,-0.3984375
t,-2.375,t,-2.375
a,-1.0859375,a,-1.09375
t,-1.8046875,t,-1.8203125
t,-1.1953125,t,-1.1953125
t,-0.64453125,t,-0.66015625
t,-0.796875,t,-0.80859375
t,-0.82421875,t,-0.765625
t,-0.73828125,t,-0.73828125
t,-0.63671875,t,-0.6171875
a,-1.6484375,a,-1.640625
a,-0.78125,a,-0.78515625
a,-0.671875,a,-0.66796875
t,-1.2578125,t,-1.2578125
t,-0.921875,t,-0.95703125
a,-1.09375,a,-1.078125
a,-1.03125,a,-0.98046875
t,-1.125,t,-1.125
t,-0.8125,t,-0.8203125
a,-1.1875,a,-1.1640625
g,-1.84375,g,-1.890625
t,-0.97265625,t,-0.984375
t,-0.80859375,t,-0.8125
t,-0.89453125,t,-0.91015625
a,-1.21875,a,-1.203125
t,-0.9765625,t,-0.9609375
t,-0.515625,t,-0.53125
t,-0.578125,t,-0.578125
a,-0.96875,a,-0.984375
t,-0.62890625,t,-0.625
t,-0.32421875,t,-0.32421875
t,-0.34960938,t,-0.34570312
t,-1.078125,t,-1.0625
t,-0.4765625,t,-0.49023438
t,-0.42773438,t,-0.40820312
a,-1.59375,a,-1.53125
a,-0.7265625,a,-0.75
g,-1.8828125,g,-1.8984375
a,-0.69921875,a,-0.72265625
t,-1.1640625,t,-1.1875
g,-1.4921875,g,-1.4921875
g,-0.984375,g,-1.046875
a,-0.68359375,a,-0.68359375
g,-0.5703125,g,-0.5625
t,-0.25195312,t,-0.26171875
t,-1.6171875,t,-1.5625
t,-0.060058594,t,-0.059326172
t,-0.97265625,t,-0.984375
g,-0.6015625,g,-0.60546875
c,-0.1796875,c,-0.203125
c,-1.609375,c,-1.609375
c,-0.90234375,c,-0.828125
t,-0.09716797,t,-0.09375
g,-0.89453125,g,-0.87890625
t,-0.6171875,t,-0.625
c,-1.28125,c,-1.15625
a,-1.9296875,a,-1.796875
c,-0.29882812,c,-0.26953125
c,-0.39453125,c,-0.3984375
c,-0.55078125,c,-0.52734375
a,-0.04663086,a,-0.04296875
g,-0.041259766,g,-0.034423828
g,-0.078125,g,-0.075683594
c,-0.07421875,c,-0.08251953
t,-0.042236328,t,-0.046142578
g,-0.049072266,g,-0.052490234
g,-0.056152344,g,-0.053222656
g,-2.953125,g,-2.953125
g,-0.08886719,g,-0.08984375
t,-0.09667969,t,-0.10498047
g,-0.07080078,g,-0.06689453
c,-0.96484375,c,-0.984375
a,-0.34765625,a,-0.36328125
a,-0.92578125,a,-0.88671875
t,-0.12597656,t,-0.12451172
g,-0.11279297,g,-0.11816406
g,-0.15820312,g,-0.16894531
t,-1.1484375,t,-1.109375
g,-0.25195312,g,-0.25585938
c,-0.41015625,c,-0.41992188
a,-0.58203125,a,-0.6484375
a,-0.25,a,-0.22363281
t,-0.04638672,t,-0.04638672
c,-0.103027344,c,-0.09716797
t,-0.15917969,t,-0.15234375
c,-0.30664062,c,-0.3203125
g,-0.50390625,g,-0.484375
g,-0.06933594,g,-0.06982422
c,-0.083984375,c,-0.088378906
t,-0.022705078,t,-0.021362305
c,-0.022460938,c,-0.022705078
a,-0.037109375,a,-0.039794922
c,-0.053955078,c,-0.0546875
t,-0.0859375,t,-0.08154297
g,-0.045166016,g,-0.044921875
c,-0.023071289,c,-0.02355957
a,-0.02746582,a,-0.028930664
a,-0.1328125,a,-0.14160156
c,-0.23632812,c,-0.21875
c,-0.059570312,c,-0.07128906
t,-0.008483887,t,-0.007873535
c,-0.052734375,c,-0.052734375
c,-0.6640625,c,-0.66015625
g,-0.84375,g,-0.84375
c,-0.061279297,c,-0.061279297
c,-0.06298828,c,-0.057128906
t,-0.016357422,t,-0.016845703
c,-0.056884766,c,-0.056884766
c,-0.0390625,c,-0.05126953
t,-1.40625,t,-1.3125
g,-0.087890625,g,-0.087890625
g,-0.05859375,g,-0.05834961
g,-0.080078125,g,-0.079589844
t,-0.020263672,t,-0.01965332
t,-0.010803223,t,-0.012023926
c,-0.021240234,c,-0.021362305
a,-0.0076904297,a,-0.0070495605
a,-0.110839844,a,-0.10546875
g,-0.03857422,g,-0.032226562
t,-2.09375,t,-1.9296875
g,-0.095703125,g,-0.071777344
a,-0.017211914,a,-0.018188477
t,-0.006134033,t,-0.0058288574
t,-0.075683594,t,-0.06640625
c,-0.076660156,c,-0.08935547
t,-0.028930664,t,-0.032226562
c,-0.06347656,c,-0.072753906
c,-0.111816406,c,-0.13085938
t,-0.044433594,t,-0.049804688
g,-0.076171875,g,-0.088378906
c,-0.07519531,c,-0.07080078
c,-0.018676758,c,-0.017456055
t,-0.0078125,t,-0.0077209473
c,-0.029174805,c,-0.02758789
a,-0.015319824,a,-0.014221191
g,-0.018066406,g,-0.017822266
c,-0.021728516,c,-0.020385742
t,-3.78125,t,-3.84375
t,-0.1640625,t,-0.15332031
c,-0.11425781,c,-0.109375
c,-0.064941406,c,-0.061767578
c,-0.38085938,c,-0.35546875
g,-0.4921875,g,-0.515625
a,-0.084472656,a,-0.08935547
g,-0.026489258,g,-0.027954102
t,-0.022338867,t,-0.022949219
a,-0.06542969,a,-0.061523438
g,-0.050048828,g,-0.047607422
c,-0.048828125,c,-0.04321289
t,-0.0030975342,t,-0.0035247803
g,-0.08154297,g,-0.07763672
t,-5.65625,t,-5.53125
g,-0.55859375,g,-0.515625
a,-0.08105469,a,-0.07324219
t,-0.35351562,t,-0.328125
t,-0.3046875,t,-0.34375
a,-0.32421875,a,-0.31835938
c,-0.31054688,c,-0.29296875
a,-0.2734375,a,-0.25976562
g,-0.21679688,g,-0.20214844
c,-2.78125,c,-2.890625
c,-1.078125,c,-1.078125
a,-0.97265625,a,-0.97265625
t,-0.76953125,t,-0.83984375
a,-3.890625,a,-3.890625
t,-1.8125,t,-1.7890625
g,-0.20117188,g,-0.16992188
c,-0.62109375,c,-0.57421875
c,-0.41992188,c,-0.43359375
a,-0.021850586,a,-0.027709961
c,-0.12695312,c,-0.10644531
c,-0.265625,c,-0.25
a,-0.18652344,a,-0.16308594
c,-0.71875,c,-0.71484375
g,-1.1796875,g,-1.125
c,-0.12451172,c,-0.119628906
c,-0.07910156,c,-0.0625
c,-0.40820312,c,-0.33203125
a,-0.7109375,a,-0.77734375
g,-0.059570312,g,-0.07080078
c,-0.03857422,c,-0.038085938
c,-3.171875,c,-3.171875
a,-0.099609375,a,-0.12597656
g,-2.5,g,-2.4375
t,-0.3203125,t,-0.31835938
t,-0.45507812,t,-0.4765625
t,-0.57421875,t,-0.61328125
t,-0.23730469,t,-0.234375
g,-0.7890625,g,-0.70703125
t,-0.46289062,t,-0.46289062
g,-1.4453125,g,-1.40625
t,-0.36914062,t,-0.41015625
t,-0.8046875,t,-0.7265625
t,-0.1328125,t,-0.14355469
t,-0.35742188,t,-0.38867188
g,-2.9375,g,-3.109375
t,-0.65234375,t,-0.6796875
t,-1.453125,t,-1.46875
t,-0.063964844,t,-0.061523438
t,-0.26367188,t,-0.22851562
g,-0.87890625,g,-0.8828125
t,-0.047607422,t,-0.04248047
t,-0.44726562,t,-0.45507812
t,-0.034423828,t,-0.033447266
t,-0.05517578,t,-0.057861328
t,-0.81640625,t,-0.890625
t,-0.3515625,t,-0.34570312
g,-1.921875,g,-1.8671875
t,-0.52734375,t,-0.59375
t,-0.26953125,t,-0.27929688
t,-0.24023438,t,-0.265625
t,-0.18359375,t,-0.19433594
t,-0.26367188,t,-0.29492188
t,-0.53125,t,-0.4765625
t,-0.27734375,t,-0.2734375
t,-0.1796875,t,-0.19042969
t,-0.25585938,t,-0.25976562
t,-0.2890625,t,-0.23046875
t,-0.24414062,t,-0.25195312
t,-0.23632812,t,-0.25
g,-2.109375,g,-1.9609375
a,-0.49609375,a,-0.5078125
g,-0.17480469,g,-0.18261719
a,-0.07861328,a,-0.08154297
g,-3.5,g,-3.5625
g,-0.67578125,g,-0.64453125
g,-0.51953125,g,-0.51953125
t,-0.9609375,t,-0.921875
g,-0.5859375,g,-0.578125
t,-0.14550781,t,-0.11621094
c,-1.8125,c,-1.796875
t,-0.58203125,t,-0.65625
t,-0.91796875,t,-1.046875
g,-0.7890625,g,-0.7890625
c,-0.37304688,c,-0.3828125
t,-0.2734375,t,-0.2578125
c,-0.46875,c,-0.4921875
t,-0.26757812,t,-0.26757812
g,-0.12695312,g,-0.13378906
t,-0.10058594,t,-0.104003906
c,-0.5625,c,-0.53125
c,-3.5625,c,-3.703125
c,-0.16113281,c,-0.16601562
c,-0.103027344,c,-0.107910156
c,-0.21875,c,-0.20898438
a,-1.0390625,a,-0.9921875
a,-1.9296875,a,-1.8203125
g,-0.578125,g,-0.54296875
c,-1.578125,c,-1.546875
t,-0.0625,t,-0.06542969
g,-0.515625,g,-0.5859375
g,-0.62890625,g,-0.640625
a,-0.58203125,a,-0.5
g,-0.32421875,g,-0.265625
t,-0.10839844,t,-0.106933594
g,-0.27148438,g,-0.26757812
c,-0.16601562,c,-0.17675781
a,-0.025512695,a,-0.030761719
g,-0.19238281,g,-0.18066406
c,-4.875,c,-4.875
g,-0.26953125,g,-0.29296875
g,-0.08154297,g,-0.08251953
c,-0.69140625,c,-0.6953125
g,-0.66796875,g,-0.6640625
c,-0.76953125,c,-0.76953125
g,-0.33789062,g,-0.33789062
a,-0.18359375,a,-0.171875
t,-0.031982422,t,-0.041259766
c,-0.051513672,c,-0.056884766
t,-0.087890625,t,-0.09277344
t,-1.578125,t,-1.53125
g,-0.21386719,g,-0.18261719
g,-0.08691406,g,-0.08691406
c,-0.076660156,c,-0.08203125
t,-0.14160156,t,-0.14160156
c,-0.16503906,c,-0.16796875
a,-0.01953125,a,-0.020019531
c,-0.072265625,c,-0.07080078
t,-0.10449219,t,-0.10205078
g,-0.04638672,g,-0.05102539
c,-0.049804688,c,-0.046142578
a,-0.018920898,a,-0.018676758
a,-0.103027344,a,-0.109375
g,-2.5625,g,-2.515625
c,-0.064453125,c,-0.068359375
t,-0.056640625,t,-0.060058594
c,-0.07910156,c,-0.08886719
t,-1.15625,t,-1.1171875
g,-0.109375,g,-0.103515625
c,-0.083496094,c,-0.072753906
c,-0.07373047,c,-0.07373047
t,-0.067871094,t,-0.06738281
c,-0.028686523,c,-0.028930664
c,-0.030761719,c,-0.036621094
c,-0.34179688,c,-0.29296875
a,-0.66015625,a,-0.66015625
g,-0.54296875,g,-0.47070312
g,-0.15820312,g,-0.15820312
t,-0.14160156,t,-0.140625
t,-0.021728516,t,-0.021240234
c,-0.095703125,c,-0.10644531
a,-0.03540039,a,-0.04272461
c,-2.140625,c,-2.078125
a,-1.7734375,a,-1.7734375
c,-0.29882812,c,-0.37109375
c,-0.40234375,c,-0.390625
a,-0.03100586,a,-0.030029297
t,-0.041015625,t,-0.048095703
t,-0.21289062,t,-0.22558594
c,-0.17089844,c,-0.17285156
t,-0.018188477,t,-0.017211914
c,-0.060302734,c,-0.06591797
t,-3.21875,t,-3.21875
t,-0.46484375,t,-0.45703125
g,-0.33984375,g,-0.34375
c,-0.41992188,c,-0.38671875
c,-0.25976562,c,-0.2265625
t,-0.1484375,t,-0.15332031
c,-0.30273438,c,-0.27148438
a,-0.15917969,a,-0.18066406
g,-0.072753906,g,-0.064941406
c,-0.119628906,c,-0.123535156
c,-0.06982422,c,-0.07080078
t,-0.012390137,t,-0.014526367
c,-0.052978516,c,-0.047851562
c,-0.06640625,c,-0.068847656
c,-0.27734375,c,-0.27929688
g,-1.296875,g,-1.484375
a,-0.025878906,a,-0.025756836
g,-0.091308594,g,-0.09765625
t,-0.029785156,t,-0.030517578
a,-0.017944336,a,-0.016357422
g,-0.014221191,g,-0.014221191
c,-0.046875,c,-0.046142578
t,-0.005493164,t,-0.0052490234
g,-0.076171875,g,-0.079589844
g,-0.0546875,g,-0.051513672
g,-0.05102539,g,-0.05053711
a,-0.015014648,a,-0.015991211
c,-1.1015625,c,-1.015625
t,-0.040283203,t,-0.039794922
a,-0.021484375,a,-0.020385742
c,-0.08300781,c,-0.07763672
a,-0.025146484,a,-0.022094727
g,-0.07373047,g,-0.06933594
g,-0.07128906,g,-0.06982422
t,-1.2578125,t,-1.390625
g,-0.09033203,g,-0.09033203
c,-0.328125,c,-0.34375
c,-1.0078125,c,-1.015625
c,-0.5390625,c,-0.56640625
g,-0.68359375,g,-0.65625
c,-0.083496094,c,-0.08691406
c,-0.037597656,c,-0.036132812
a,-0.047851562,a,-0.052978516
c,-0.05102539,c,-0.063964844
c,-0.06298828,c,-0.059570312
a,-0.099609375,a,-0.10839844
c,-0.49023438,c,-0.46679688
a,-1.4375,a,-1.390625
c,-0.045410156,c,-0.036621094
c,-0.08935547,c,-0.09863281
c,-0.40625,c,-0.42382812
g,-0.69921875,g,-0.703125
g,-0.024414062,g,-0.028076172
c,-0.02758789,c,-0.028686523
t,-0.092285156,t,-0.09765625
a,-0.09326172,a,-0.092285156
a,-0.030883789,a,-0.030273438
t,-0.02758789,t,-0.030883789
t,-0.022338867,t,-0.02355957
t,-0.014221191,t,-0.015014648
t,-0.0099487305,t,-0.010864258
t,-0.048828125,t,-0.044189453
t,-0.37890625,t,-0.37890625
t,-0.53515625,t,-0.58984375
g,-1.9921875,g,-1.9921875
t,-0.038085938,t,-0.040771484
g,-2.765625,g,-2.78125
t,-0.011352539,t,-0.011962891
t,-0.20507812,t,-0.203125
t,-0.08984375,t,-0.075683594
t,-0.076171875,t,-0.07714844
t,-0.171875,t,-0.17382812
a,-0.57421875,a,-0.5859375
g,-0.16113281,g,-0.15820312
t,-0.032714844,t,-0.027832031
a,-0.06347656,a,-0.08105469
g,-0.053466797,g,-0.04272461
a,-0.045166016,a,-0.03857422
g,-0.03112793,g,-0.032226562
a,-0.05517578,a,-0.05029297
t,-0.76953125,t,-0.7734375
g,-0.09423828,g,-0.09472656
g,-0.052978516,g,-0.06298828
g,-0.1875,g,-0.20996094
g,-0.092285156,g,-0.095214844
t,-0.024780273,t,-0.024169922
t,-0.08935547,t,-0.0703125
t,-0.020019531,t,-0.022949219
c,-0.14648438,c,-0.14746094
a,-0.19921875,a,-0.23730469
c,-0.037353516,c,-0.039794922
t,-1.8671875,t,-1.8671875
g,-0.3984375,g,-0.41601562
t,-0.023071289,t,-0.01928711
g,-0.072265625,g,-0.076171875
t,-0.023071289,t,-0.024780273
t,-0.111816406,t,-0.12109375
a,-1.203125,a,-1.15625
g,-0.32421875,g,-0.31054688
c,-0.024047852,c,-0.03125
c,-0.02355957,c,-0.020751953
a,-0.020019531,a,-0.024047852
g,-0.06591797,g,-0.064453125
g,-0.015991211,g,-0.017578125
a,-0.234375,a,-0.24609375
t,-0.017456055,t,-0.015075684
g,-0.07861328,g,-0.076660156
g,-0.044921875,g,-0.053955078
t,-0.04711914,t,-0.053222656
c,-0.05053711,c,-0.056152344
t,-0.012939453,t,-0.014587402
c,-0.27148438,c,-0.30078125
g,-0.22070312,g,-0.19726562
a,-0.026855469,a,-0.02746582
t,-0.07080078,t,-0.06689453
c,-0.03564453,c,-0.040283203
t,-0.003768921,t,-0.0037841797
c,-0.016357422,c,-0.017578125
c,-0.18164062,c,-0.19140625
t,-0.011291504,t,-0.012756348
g,-0.017333984,g,-0.018066406
a,-0.0703125,a,-0.079589844
c,-0.04736328,c,-0.043945312
c,-0.06591797,c,-0.07128906
t,-0.008605957,t,-0.008178711
t,-1.46875,t,-1.421875
t,-8.125,t,-7.875
t,-0.107421875,t,-0.09765625
g,-0.018798828,g,-0.01977539
a,-0.13378906,a,-0.13085938
t,-1.2890625,t,-1.3359375
c,-0.47070312,c,-0.47265625
c,-1.6640625,c,-1.7109375
a,-1.5078125,a,-1.4375
c,-0.38671875,c,-0.37890625
c,-0.22851562,c,-0.23242188
c,-0.77734375,c,-0.75390625
g,-1.0,g,-1.046875
c,-0.18359375,c,-0.18261719
c,-0.061523438,c,-0.049804688
t,-0.009338379,t,-0.011169434
c,-0.53515625,c,-0.58984375
a,-1.984375,a,-2.03125
g,-0.017822266,g,-0.016113281
c,-0.024414062,c,-0.026123047
c,-0.036132812,c,-0.033935547
t,-0.018188477,t,-0.016479492
c,-0.0625,c,-0.05029297
c,-0.052001953,c,-0.049072266
c,-0.15625,c,-0.14746094
c,-3.28125,c,-3.328125
a,-0.026611328,a,-0.02734375
a,-0.84765625,a,-0.87890625
g,-0.40039062,g,-0.39453125
t,-0.49804688,t,-0.484375
g,-0.12451172,g,-0.119628906
c,-0.13769531,c,-0.13085938
t,-0.0087890625,t,-0.007293701
g,-0.044921875,g,-0.043945312
g,-0.111328125,g,-0.11230469
g,-0.059814453,g,-0.06298828
a,-0.013000488,a,-0.01550293
t,-0.008178711,t,-0.009643555
t,-0.013305664,t,-0.012573242
a,-0.018920898,a,-0.019042969
t,-2.21875,t,-2.21875
a,-0.07080078,a,-0.072265625
g,-0.061279297,g,-0.06542969
g,-0.15136719,g,-0.1484375
c,-0.31054688,c,-0.29492188
g,-0.62890625,g,-0.55078125
t,-0.02722168,t,-0.026123047
g,-0.059326172,g,-0.052490234
a,-0.021972656,a,-0.01965332
g,-0.033691406,g,-0.033691406
c,-0.05078125,c,-0.048828125
c,-0.044677734,c,-0.05053711
a,-0.02709961,a,-0.025024414
c,-0.018432617,c,-0.019897461
t,-1.0234375,t,-1.0234375
g,-0.10107422,g,-0.08935547
t,-1.0625,t,-0.90234375
g,-0.042236328,g,-0.040771484
c,-0.02368164,c,-0.021362305
c,-0.048339844,c,-0.05053711
c,-0.60546875,c,-0.55078125
g,-0.546875,g,-0.55078125
g,-0.045654297,g,-0.04638672
c,-0.08642578,c,-0.072265625
c,-0.3046875,c,-0.30273438
t,-1.0078125,t,-0.94140625
a,-1.5,a,-1.46875
g,-1.2578125,g,-1.2421875
t,-1.15625,t,-1.1953125
c,-1.4921875,c,-1.3828125
t,-0.34179688,t,-0.35351562
t,-0.98828125,t,-1.0078125
g,-2.15625,g,-2.125
t,-0.734375,t,-0.73828125
a,-0.55859375,a,-0.5859375
t,-1.1796875,t,-1.1015625
t,-0.16601562,t,-0.16796875
t,-0.29882812,t,-0.28710938
t,-0.390625,t,-0.3515625
t,-0.3046875,t,-0.29101562
a,-0.62109375,a,-0.59375
g,-0.81640625,g,-0.74609375
t,-0.22363281,t,-0.24511719
a,-0.056152344,a,-0.05908203
g,-0.12011719,g,-0.11279297
a,-0.026489258,a,-0.024658203
g,-0.07373047,g,-0.08203125
t,-5.34375,t,-5.40625
c,-1.2421875,c,-1.1484375
g,-0.7421875,g,-0.73828125
g,-0.8515625,g,-0.77734375
g,-0.043945312,g,-0.03857422
a,-0.83203125,a,-0.85546875
t,-0.23046875,t,-0.22265625
t,-0.08984375,t,-0.08984375
t,-0.80859375,t,-0.83984375
c,-0.6953125,c,-0.71484375
t,-1.7421875,t,-1.6875
c,-1.1171875,c,-1.046875
c,-1.109375,c,-1.171875
a,-0.49414062,a,-0.4453125
t,-0.11328125,t,-0.10644531
g,-0.31835938,g,-0.3125
t,-0.022216797,t,-0.024047852
t,-0.2265625,t,-0.24414062
g,-0.13183594,g,-0.11669922
g,-0.51953125,g,-0.5078125
t,-0.66015625,t,-0.6640625
c,-0.26367188,c,-0.24511719
a,-0.30078125,a,-0.3046875
g,-0.08203125,g,-0.09375
g,-0.12597656,g,-0.123535156
c,-0.19238281,c,-0.16699219
t,-0.029174805,t,-0.02758789
g,-0.09082031,g,-0.0859375
t,-3.5625,t,-3.5625
t,-0.18847656,t,-0.2109375
c,-0.34179688,c,-0.36328125
t,-0.15917969,t,-0.14648438
c,-0.5078125,c,-0.50390625
c,-1.78125,c,-1.75
a,-0.26953125,a,-0.265625
a,-1.6015625,a,-1.578125
a,-2.125,a,-2.109375
t,-1.328125,t,-1.296875
c,-2.015625,c,-2.0625
c,-0.95703125,c,-0.8671875
g,-3.59375,g,-3.5625
a,-1.4765625,a,-1.546875
c,-1.59375,c,-1.6328125
c,-0.74609375,c,-0.74609375
t,-1.0,t,-1.0
c,-1.078125,c,-1.03125
a,-0.83984375,a,-0.82421875
g,-0.80078125,g,-0.7421875
g,-1.4609375,g,-1.4296875
t,-0.75390625,t,-0.80859375
g,-0.56640625,g,-0.59375
a,-0.5078125,a,-0.515625
t,-0.34179688,t,-0.36328125
c,-0.5,c,-0.53125
c,-1.0078125,c,-1.0
g,-2.34375,g,-2.328125
c,-0.59375,c,-0.55859375
c,-0.51953125,c,-0.515625
c,-0.703125,c,-0.69921875
g,-0.93359375,g,-0.9765625
c,-0.3828125,c,-0.40039062
c,-0.22558594,c,-0.24316406
t,-0.16796875,t,-0.18652344
t,-1.1875,t,-1.234375
g,-0.26367188,g,-0.26757812
g,-0.33007812,g,-0.33007812
c,-0.075683594,c,-0.07080078
c,-0.19042969,c,-0.1796875
t,-0.029052734,t,-0.026489258
c,-0.11425781,c,-0.106933594
c,-0.16210938,c,-0.16210938
a,-4.0625,a,-4.0
a,-0.375,a,-0.39648438
a,-0.21582031,a,-0.21386719
a,-0.81640625,a,-0.79296875
g,-1.265625,g,-1.3046875
t,-0.47851562,t,-0.51171875
g,-0.7109375,g,-0.69921875
c,-0.7265625,c,-0.6796875
a,-1.671875,a,-1.5546875
a,-1.3046875,a,-1.3515625
g,-1.0703125,g,-1.09375
g,-1.1796875,g,-1.1953125
c,-1.640625,c,-1.59375
a,-1.5390625,a,-1.5703125
a,-2.109375,a,-2.09375
g,-0.9140625,g,-0.94140625
g,-1.84375,g,-1.890625
c,-1.2265625,c,-1.2421875
a,-1.9296875,a,-1.84375
t,-1.3046875,t,-1.234375
t,-1.4296875,t,-1.40625
a,-1.5703125,a,-1.625
c,-1.5234375,c,-1.578125
a,-0.9921875,a,-1.015625
g,-0.8671875,g,-0.80859375
g,-1.40625,g,-1.34375
c,-0.953125,c,-1.0
a,-0.828125,a,-0.78515625
t,-0.984375,t,-1.0078125
g,-0.57421875,g,-0.61328125
a,-1.390625,a,-1.3984375
g,-0.87890625,g,-0.88671875
c,-0.3203125,c,-0.328125
c,-0.22167969,c,-0.23339844
a,-0.14257812,a,-0.14453125
c,-0.18554688,c,-0.17285156
t,-1.65625,t,-1.4296875
g,-0.23339844,g,-0.234375
t,-0.75390625,t,-0.75390625
g,-0.22558594,g,-0.23046875
a,-2.609375,a,-2.703125
c,-0.85546875,c,-0.87109375
c,-0.703125,c,-0.71484375
g,-2.6875,g,-2.78125
g,-1.2109375,g,-1.2265625
c,-1.140625,c,-1.28125
a,-1.4140625,a,-1.4921875
a,-1.8515625,a,-1.859375
t,-1.703125,t,-1.765625
g,-1.09375,g,-1.1171875
t,-1.296875,t,-1.34375
t,-1.1171875,t,-1.09375
t,-1.0625,t,-1.0625
t,-1.0859375,t,-1.0859375
t,-1.0625,t,-1.0625
a,-1.78125,a,-1.765625
a,-1.328125,a,-1.3359375
a,-1.0078125,a,-1.0234375
t,-1.3046875,t,-1.2734375
t,-1.0546875,t,-1.0546875
t,-0.88671875,t,-0.87109375
t,-0.84765625,t,-0.84765625
t,-0.79296875,t,-0.765625
t,-0.73828125,t,-0.73046875
a,-1.65625,a,-1.5703125
c,-2.0625,c,-2.125
a,-1.0625,a,-1.0625
t,-0.8203125,t,-0.7734375
t,-0.83984375,t,-0.83203125
t,-0.58203125,t,-0.6015625
a,-1.6171875,a,-1.6171875
a,-1.4296875,a,-1.3515625
a,-0.9453125,a,-0.91796875
t,-1.0,t,-1.0234375
t,-0.96484375,t,-0.98828125
t,-0.72265625,t,-0.73828125
t,-0.69921875,t,-0.70703125
a,-1.3125,a,-1.3125
t,-0.96875,t,-0.9609375
t,-0.65234375,t,-0.65234375
t,-0.59375,t,-0.6015625
t,-0.546875,t,-0.55859375
t,-0.49609375,t,-0.5078125
t,-0.50390625,t,-0.52734375
a,-1.6484375,a,-1.6328125
g,-2.015625,g,-1.984375
a,-0.8203125,a,-0.796875
g,-1.15625,g,-1.1328125
a,-0.21484375,a,-0.22753906
c,-0.9140625,c,-0.93359375
c,-3.6875,c,-3.6875
a,-0.56640625,a,-0.60546875
g,-0.62890625,g,-0.6015625
g,-0.9765625,g,-1.03125
t,-0.51171875,t,-0.515625
c,-1.703125,c,-1.6953125
t,-0.37304688,t,-0.37109375
c,-0.91015625,c,-0.84765625
a,-1.0078125,a,-0.97265625
c,-0.07861328,c,-0.07763672
t,-0.30664062,t,-0.2578125
c,-0.515625,c,-0.484375
t,-0.19628906,t,-0.17578125
a,-2.390625,a,-2.3125
t,-0.23339844,t,-0.2421875
t,-1.0859375,t,-1.171875
g,-0.29882812,g,-0.30078125
c,-0.30664062,c,-0.31445312
t,-1.5234375,t,-1.5234375
c,-0.17871094,c,-0.18652344
a,-0.28320312,a,-0.26757812
g,-0.17089844,g,-0.16992188
g,-0.061523438,g,-0.061523438
c,-0.12158203,c,-0.13378906
t,-0.20410156,t,-0.203125
g,-0.16503906,g,-0.15527344
g,-0.047607422,g,-0.045166016
a,-0.51171875,a,-0.515625
g,-0.05078125,g,-0.05834961
t,-0.05493164,t,-0.052246094
g,-0.049804688,g,-0.052734375
c,-0.049804688,c,-0.053466797
a,-0.02331543,a,-0.022949219
a,-1.71875,a,-1.71875
g,-5.28125,g,-5.34375
g,-0.27539062,g,-0.265625
g,-0.22265625,g,-0.22460938
c,-0.6328125,c,-0.6328125
a,-1.125,a,-1.09375
c,-1.4453125,c,-1.3671875
a,-1.5859375,a,-1.609375
t,-0.9453125,t,-0.92578125
t,-0.37890625,t,-0.41210938
c,-1.6171875,c,-1.625
a,-2.265625,a,-2.109375
c,-0.7734375,c,-0.83984375
a,-0.35351562,a,-0.34765625
g,-1.6015625,g,-1.734375
c,-0.75390625,c,-0.8125
t,-0.90625,t,-0.92578125
c,-1.421875,c,-1.4453125
a,-1.34375,a,-1.390625
c,-0.49609375,c,-0.48828125
t,-0.45117188,t,-0.453125
g,-0.19140625,g,-0.171875
c,-0.16503906,c,-0.17578125
a,-0.046142578,a,-0.044189453
g,-0.71484375,g,-0.71484375
c,-0.068359375,c,-0.075683594
c,-0.107910156,c,-0.12011719
t,-0.040527344,t,-0.041992188
t,-1.6484375,t,-1.640625
g,-0.3515625,g,-0.33007812
a,-0.18847656,a,-0.17382812
c,-0.6953125,c,-0.72265625
c,-0.068847656,c,-0.07373047
t,-0.087402344,t,-0.091308594
c,-0.13183594,c,-0.15527344
c,-0.25585938,c,-0.28515625
a,-4.34375,a,-4.3125
g,-0.25976562,g,-0.25976562
g,-0.96875,g,-1.015625
g,-0.7265625,g,-0.76171875
c,-0.58203125,c,-0.609375
t,-0.15136719,t,-0.16699219
c,-0.3359375,c,-0.34570312
a,-0.18457031,a,-0.17382812
a,-0.56640625,a,-0.53515625
g,-0.3984375,g,-0.3828125
c,-0.7890625,c,-0.82421875
a,-1.0,a,-0.96875
g,-2.140625,g,-2.203125
t,-0.09277344,t,-0.08642578
c,-0.19433594,c,-0.171875
c,-0.22070312,c,-0.24804688
t,-0.036132812,t,-0.033203125
c,-0.20507812,c,-0.21191406
t,-2.75,t,-2.796875
c,-0.79296875,c,-0.83203125
a,-0.30078125,a,-0.3125
c,-0.27734375,c,-0.27929688
c,-0.2109375,c,-0.25390625
t,-0.2109375,t,-0.2109375
c,-0.19726562,c,-0.19140625
a,-0.17285156,a,-0.16992188
g,-0.47851562,g,-0.47851562
t,-2.703125,t,-2.8125
t,-1.9765625,t,-1.9296875
t,-0.055664062,t,-0.05419922
c,-0.40429688,c,-0.38085938
c,-0.43554688,c,-0.42382812
c,-0.6171875,c,-0.6484375
g,-2.484375,g,-2.484375
a,-0.09277344,a,-0.079589844
g,-0.5234375,g,-0.5078125
t,-0.27734375,t,-0.27539062
a,-0.35546875,a,-0.33789062
g,-0.33007812,g,-0.30273438
c,-0.171875,c,-0.18457031
t,-0.045166016,t,-0.040039062
g,-0.125,g,-0.11767578
g,-0.18457031,g,-0.1953125
g,-0.21582031,g,-0.21582031
a,-0.11816406,a,-0.12988281
c,-0.7734375,c,-0.71484375
t,-0.1328125,t,-0.13183594
a,-0.11279297,a,-0.10644531
c,-0.22167969,c,-0.22265625
a,-0.015991211,a,-0.017944336
g,-0.06542969,g,-0.060058594
t,-3.890625,t,-4.0
g,-1.9296875,g,-1.90625
a,-0.62890625,a,-0.625
t,-2.171875,t,-2.171875
a,-1.6015625,a,-1.484375
a,-3.78125,a,-3.859375
t,-2.234375,t,-2.296875
g,-0.796875,g,-0.78125
c,-1.296875,c,-1.296875
c,-0.60546875,c,-0.671875
a,-0.19628906,a,-0.20507812
c,-1.1875,c,-1.1484375
t,-3.546875,t,-3.5
g,-0.421875,g,-0.4375
c,-0.41992188,c,-0.43945312
a,-0.19921875,a,-0.20800781
c,-0.2109375,c,-0.22558594
c,-0.9921875,c,-0.94921875
t,-1.609375,t,-1.7109375
g,-0.17675781,g,-0.1953125
g,-0.171875,g,-0.17285156
c,-0.15429688,c,-0.15722656
t,-1.4765625,t,-1.4921875
a,-0.81640625,a,-0.76953125
a,-0.6796875,a,-0.69921875
t,-0.28710938,t,-0.27734375
t,-0.11621094,t,-0.12890625
t,-0.1328125,t,-0.12890625
t,-0.13964844,t,-0.12695312
t,-0.1796875,t,-0.20117188
a,-1.6171875,a,-1.7109375
t,-0.6796875,t,-0.609375
t,-0.98046875,t,-1.0078125
t,-0.21875,t,-0.22460938
t,-0.21582031,t,-0.20214844
t,-0.15332031,t,-0.15722656
a,-0.9375,a,-0.94140625
t,-1.2421875,t,-1.3046875
t,-0.24804688,t,-0.26757812
t,-0.19238281,t,-0.16992188
a,-2.328125,a,-2.28125
t,-0.22167969,t,-0.24609375
t,-0.15039062,t,-0.15039062
t,-0.115234375,t,-0.1015625
a,-1.0546875,a,-1.0859375
t,-0.22851562,t,-0.23339844
t,-0.022216797,t,-0.021606445
t,-0.091796875,t,-0.091308594
t,-0.75390625,t,-0.77734375
t,-0.17578125,t,-0.16894531
t,-0.24316406,t,-0.22167969
t,-0.796875,t,-0.79296875
t,-0.24609375,t,-0.24804688
t,-0.24707031,t,-0.24414062
g,-2.0625,g,-2.078125
a,-0.828125,a,-0.7421875
g,-0.27148438,g,-0.23730469
a,-0.057128906,a,-0.05053711
c,-0.3828125,c,-0.39648438
a,-0.43164062,a,-0.37109375
g,-0.05810547,g,-0.052490234
a,-0.3671875,a,-0.3984375
g,-0.103027344,g,-0.103027344
t,-0.024536133,t,-0.021850586
c,-0.28320312,c,-0.29882812
t,-0.068847656,t,-0.06225586
t,-1.015625,t,-1.09375
g,-0.14160156,g,-0.13183594
c,-0.05883789,c,-0.06689453
t,-0.0119018555,t,-0.013549805
c,-0.09082031,c,-0.10644531
t,-0.01171875,t,-0.012329102
g,-0.08544922,g,-0.0859375
t,-0.03466797,t,-0.033203125
c,-0.51171875,c,-0.515625
a,-0.40234375,a,-0.38085938
c,-0.01574707,c,-0.017578125
c,-0.025756836,c,-0.022827148
c,-0.15625,c,-0.13574219
a,-0.035888672,a,-0.033935547
g,-0.015075684,g,-0.016601562
g,-0.037109375,g,-0.038330078
c,-0.11669922,c,-0.107421875
t,-0.025390625,t,-0.022460938
g,-0.039794922,g,-0.043945312
g,-0.10888672,g,-0.09667969
a,-0.01373291,a,-0.014282227
g,-0.04321289,g,-0.040283203
t,-0.028198242,t,-0.027954102
g,-0.083984375,g,-0.0703125
c,-0.049804688,c,-0.052001953
a,-0.012817383,a,-0.012451172
g,-0.16992188,g,-0.1796875
t,-0.014953613,t,-0.016845703
g,-0.01965332,g,-0.019897461
g,-0.045166016,g,-0.044189453
t,-1.234375,t,-1.234375
g,-0.10839844,g,-0.10253906
t,-1.3203125,t,-1.3203125
a,-2.359375,a,-2.296875
a,-0.088378906,a,-0.078125
a,-6.03125,a,-6.03125
t,-2.734375,t,-2.78125
c,-1.09375,c,-1.125
t,-1.515625,t,-1.421875
c,-1.828125,c,-1.9609375
a,-2.828125,a,-2.8125
g,-0.87890625,g,-0.91015625
c,-1.3125,c,-1.25
t,-0.16992188,t,-0.171875
c,-0.6640625,c,-0.6640625
a,-0.20410156,a,-0.19921875
c,-0.118652344,c,-0.12060547
t,-0.045898438,t,-0.053466797
g,-0.047851562,g,-0.050048828
c,-0.08496094,c,-0.096191406
a,-0.025268555,a,-0.025390625
g,-3.1875,g,-3.0625
c,-0.20703125,c,-0.19238281
c,-0.068359375,c,-0.057617188
t,-0.0067443848,t,-0.006958008
c,-0.079589844,c,-0.09472656
c,-0.99609375,c,-1.0
g,-2.515625,g,-2.515625
c,-0.23339844,c,-0.234375
c,-0.09716797,c,-0.09716797
t,-0.018188477,t,-0.018798828
c,-0.06640625,c,-0.06640625
c,-0.08203125,c,-0.079589844
t,-1.25,t,-1.328125
g,-0.099609375,g,-0.10498047
g,-0.08496094,g,-0.10253906
g,-0.056640625,g,-0.06225586
t,-0.026123047,t,-0.028564453
t,-0.014770508,t,-0.014770508
c,-0.028686523,c,-0.028564453
a,-0.015563965,a,-0.014587402
a,-0.123046875,a,-0.13574219
g,-0.049560547,g,-0.043945312
t,-1.671875,t,-1.6796875
g,-0.083984375,g,-0.078125
a,-0.017944336,a,-0.020263672
t,-0.0063171387,t,-0.005493164
t,-0.063964844,t,-0.072265625
c,-0.07324219,c,-0.0703125
t,-0.032714844,t,-0.028076172
c,-0.061279297,c,-0.064941406
c,-0.107910156,c,-0.11767578
t,-0.05883789,t,-0.059570312
g,-0.07763672,g,-0.07128906
c,-0.055419922,c,-0.05859375
c,-0.017578125,c,-0.018432617
t,-0.00592041,t,-0.005554199
c,-0.031982422,c,-0.029907227
a,-0.013549805,a,-0.016113281
a,-4.53125,a,-4.34375
c,-0.16113281,c,-0.1484375
c,-0.10205078,c,-0.095703125
t,-0.017578125,t,-0.021240234
c,-0.061035156,c,-0.060546875
c,-0.06347656,c,-0.06298828
c,-0.50390625,c,-0.50390625
a,-0.89453125,a,-0.890625
a,-0.22363281,a,-0.20019531
g,-0.15527344,g,-0.15429688
t,-0.06591797,t,-0.06542969
a,-0.19042969,a,-0.19140625
g,-0.103515625,g,-0.10644531
c,-0.037597656,c,-0.03564453
t,-0.004333496,t,-0.0042419434
g,-0.09472656,g,-0.08984375
g,-0.04663086,g,-0.044433594
g,-0.031982422,g,-0.033447266
a,-0.014892578,a,-0.014770508
t,-0.31835938,t,-0.30273438
t,-0.04345703,t,-0.042236328
a,-0.018432617,a,-0.018432617
g,-6.75,g,-6.875
a,-0.24316406,a,-0.234375
g,-0.09326172,g,-0.088378906
g,-0.061767578,g,-0.061767578
t,-1.0625,t,-1.1796875
c,-2.015625,c,-2.125
c,-2.265625,c,-2.25
c,-1.90625,c,-1.8671875
c,-1.3984375,c,-1.3828125
a,-1.140625,a,-1.1015625
c,-1.03125,c,-1.0625
c,-0.703125,c,-0.69140625
a,-1.640625,a,-1.5859375
c,-0.265625,c,-0.27539062
c,-0.30078125,c,-0.30078125
a,-0.32226562,a,-0.2890625
t,-0.671875,t,-0.73828125
g,-0.19335938,g,-0.16601562
c,-0.05859375,c,-0.05810547
c,-0.107910156,c,-0.107421875
t,-1.25,t,-1.25
g,-0.19921875,g,-0.23339844
g,-0.033203125,g,-0.033447266
c,-0.064453125,c,-0.063964844
t,-0.037109375,t,-0.036621094
a,-0.075683594,a,-0.07763672
a,-0.033447266,a,-0.032714844
t,-0.024780273,t,-0.025634766
t,-0.015991211,t,-0.017822266
t,-0.024536133,t,-0.02722168
t,-0.028442383,t,-0.027832031
t,-0.13183594,t,-0.13085938
t,-0.7265625,t,-0.734375
g,-1.1875,g,-1.2265625
t,-0.057373047,t,-0.055419922
a,-0.040283203,a,-0.041015625
c,-3.453125,c,-3.390625
t,-0.061035156,t,-0.05883789
t,-0.071777344,t,-0.07714844
t,-0.07080078,t,-0.06982422
c,-3.296875,c,-3.296875
a,-0.31445312,a,-0.33789062
g,-0.32421875,g,-0.31835938
t,-0.9375,t,-0.8984375
a,-0.48242188,a,-0.5078125
g,-0.33203125,g,-0.32421875
a,-0.796875,a,-0.78515625
a,-2.25,a,-2.078125
a,-0.078125,a,-0.08251953
c,-1.953125,c,-1.828125
g,-0.87890625,g,-0.87890625
g,-1.140625,g,-1.2109375
g,-0.24511719,g,-0.24511719
g,-0.48828125,g,-0.44726562
t,-0.14746094,t,-0.15429688
t,-0.13574219,t,-0.15136719
t,-0.049316406,t,-0.05419922
t,-2.03125,t,-2.03125
g,-0.75390625,g,-0.66796875
c,-0.17089844,c,-0.17285156
c,-0.20605469,c,-0.18554688
a,-0.08496094,a,-0.08496094
t,-0.05126953,t,-0.046875
g,-0.059326172,g,-0.06298828
t,-0.028442383,t,-0.025878906
t,-0.048583984,t,-0.049072266
g,-0.044433594,g,-0.046875
g,-0.21777344,g,-0.22460938
c,-0.10253906,c,-0.10253906
c,-0.055908203,c,-0.05908203
a,-0.009765625,a,-0.009521484
g,-0.0859375,g,-0.10888672
g,-0.033447266,g,-0.036865234
c,-0.087890625,c,-0.087890625
t,-0.015136719,t,-0.013366699
g,-0.04711914,g,-0.041748047
t,-4.75,t,-4.875
t,-0.064453125,t,-0.067871094
c,-0.234375,c,-0.22363281
t,-0.083984375,t,-0.07519531
c,-0.6015625,c,-0.66796875
g,-0.93359375,g,-0.9765625
a,-0.1484375,a,-0.13476562
a,-0.53515625,a,-0.55078125
c,-0.03125,c,-0.034179688
t,-0.05883789,t,-0.056396484
c,-0.24707031,c,-0.28125
c,-0.14550781,c,-0.140625
t,-0.15527344,t,-0.13671875
g,-0.067871094,g,-0.067871094
a,-0.5,a,-0.5234375
g,-2.046875,g,-2.09375
c,-0.12695312,c,-0.13476562
t,-0.016357422,t,-0.01928711
c,-0.10644531,c,-0.10644531
a,-0.075683594,a,-0.068359375
g,-1.765625,g,-1.6171875
g,-0.071777344,g,-0.080078125
t,-0.85546875,t,-0.9296875
g,-0.24414062,g,-0.234375
a,-0.25195312,a,-0.265625
t,-0.01550293,t,-0.016967773
c,-0.22363281,c,-0.234375
c,-0.33203125,c,-0.33398438
a,-0.47851562,a,-0.49804688
a,-6.21875,a,-6.28125
c,-0.23828125,c,-0.26171875
t,-2.03125,t,-2.03125
g,-1.078125,g,-1.046875
t,-2.625,t,-2.625
c,-1.109375,c,-1.171875
t,-0.22851562,t,-0.22363281
c,-1.734375,c,-1.6953125
g,-1.3046875,g,-1.3203125
g,-0.49414062,g,-0.546875
c,-0.18066406,c,-0.17871094
c,-0.4453125,c,-0.42382812
t,-0.17089844,t,-0.16699219
c,-0.14160156,c,-0.13671875
c,-0.10986328,c,-0.09667969
c,-0.22265625,c,-0.18847656
a,-0.061035156,a,-0.064453125
a,-0.09326172,a,-0.09423828
a,-0.0625,a,-0.061523438
g,-0.05883789,g,-0.055908203
t,-0.030639648,t,-0.033935547
g,-0.076660156,g,-0.07128906
c,-0.12207031,c,-0.11669922
t,-0.007507324,t,-0.007659912
g,-0.09716797,g,-0.09082031
g,-0.06640625,g,-0.055664062
g,-0.036621094,g,-0.034423828
a,-0.0079956055,a,-0.0079956055
t,-0.01574707,t,-0.013061523
t,-0.018310547,t,-0.017578125
a,-0.014892578,a,-0.013549805
c,-0.18261719,c,-0.15917969
a,-0.0068969727,a,-0.0079956055
g,-0.038330078,g,-0.041259766
g,-0.075683594,g,-0.07470703
c,-0.31835938,c,-0.35351562
g,-0.7265625,g,-0.6640625
t,-0.0234375,t,-0.0234375
g,-0.043701172,g,-0.04711914
a,-0.017578125,a,-0.017089844
g,-0.05859375,g,-0.057373047
c,-0.026489258,c,-0.028442383
c,-0.044677734,c,-0.041748047
a,-0.011230469,a,-0.009643555
c,-0.025146484,c,-0.023803711
t,-1.1953125,t,-1.109375
g,-0.0859375,g,-0.076171875
t,-1.1875,t,-1.28125
g,-0.056396484,g,-0.06347656
c,-0.036132812,c,-0.035888672
c,-0.064941406,c,-0.064453125
t,-1.09375,t,-1.1015625
a,-3.5,a,-3.625
g,-0.05883789,g,-0.056152344
c,-0.11669922,c,-0.10644531
c,-0.43359375,c,-0.4140625
t,-0.62890625,t,-0.6484375
g,-1.21875,g,-1.296875
a,-1.359375,a,-1.421875
g,-1.4609375,g,-1.4609375
c,-0.87890625,c,-0.89453125
c,-1.125,c,-1.140625
a,-0.5546875,a,-0.53515625
c,-1.109375,c,-1.1796875
c,-1.0859375,c,-1.0
a,-1.0625,a,-1.0234375
c,-1.375,c,-1.484375
g,-1.4453125,g,-1.453125
c,-0.54296875,c,-0.5546875
c,-0.31445312,c,-0.29296875
g,-2.859375,g,-2.90625
g,-0.31640625,g,-0.33398438
c,-1.921875,c,-1.90625
c,-0.34375,c,-0.38085938
t,-0.890625,t,-0.90625
a,-2.171875,a,-2.171875
a,-1.734375,a,-1.7421875
t,-1.53125,t,-1.5
t,-1.2578125,t,-1.2421875
t,-0.75,t,-0.73046875
t,-0.58984375,t,-0.63671875
t,-0.65234375,t,-0.6171875
a,-1.6796875,a,-1.578125
a,-1.21875,a,-1.1875
a,-0.93359375,a,-0.9453125
t,-1.078125,t,-1.015625
t,-0.8828125,t,-0.82421875
t,-0.73046875,t,-0.7265625
t,-0.5546875,t,-0.546875
t,-0.49023438,t,-0.484375
t,-0.54296875,t,-0.5703125
g,-2.09375,g,-2.09375
t,-0.42382812,t,-0.44921875
a,-0.98828125,a,-0.921875
g,-1.2109375,g,-1.2109375
a,-0.3359375,a,-0.31640625
g,-0.73046875,g,-0.64453125
a,-0.13183594,a,-0.13964844
c,-0.859375,c,-0.7890625
a,-0.31445312,a,-0.29296875
g,-0.118652344,g,-0.11376953
g,-0.20117188,g,-0.20410156
g,-0.100097656,g,-0.10058594
t,-0.025390625,t,-0.020629883
c,-1.1484375,c,-1.1484375
t,-0.042236328,t,-0.036376953
c,-0.27539062,c,-0.27539062
a,-0.35742188,a,-0.33203125
t,-3.84375,t,-3.90625
t,-0.40820312,t,-0.41992188
a,-1.8203125,a,-1.78125
t,-0.07763672,t,-0.078125
g,-0.3046875,g,-0.29492188
t,-0.021728516,t,-0.022827148
t,-0.115234375,t,-0.13085938
g,-0.234375,g,-0.25976562
c,-1.484375,c,-1.421875
c,-0.265625,c,-0.27929688
c,-0.21972656,c,-0.24511719
a,-0.040039062,a,-0.04345703
g,-0.061279297,g,-0.064453125
g,-0.06689453,g,-0.07324219
g,-5.34375,g,-5.71875
t,-0.057373047,t,-0.053955078
g,-0.06298828,g,-0.07128906
g,-0.2421875,g,-0.25195312
t,-0.18652344,t,-0.18652344
g,-1.4296875,g,-1.546875
t,-0.39257812,t,-0.41796875
c,-1.734375,c,-1.703125
a,-1.90625,a,-1.859375
a,-2.078125,a,-2.1875
g,-1.0234375,g,-1.09375
c,-0.578125,c,-0.6484375
t,-0.6484375,t,-0.609375
c,-0.71875,c,-0.69921875
c,-1.296875,c,-1.3828125
a,-2.015625,a,-1.96875
g,-0.37695312,g,-0.359375
g,-2.1875,g,-2.140625
t,-1.296875,t,-1.1953125
c,-0.609375,c,-0.67578125
t,-0.91015625,t,-0.90625
c,-0.7265625,c,-0.73046875
a,-1.65625,a,-1.515625
a,-2.21875,a,-2.3125
g,-1.015625,g,-1.0078125
t,-0.796875,t,-0.75390625
g,-0.37109375,g,-0.34765625
a,-0.083984375,a,-0.07910156
t,-0.25195312,t,-0.25976562
c,-0.063964844,c,-0.056152344
c,-0.37890625,c,-0.34179688
c,-4.1875,c,-4.21875
c,-0.32421875,c,-0.27734375
c,-0.33203125,c,-0.34179688
t,-0.97265625,t,-0.9765625
a,-2.234375,a,-2.4375
c,-0.421875,c,-0.39453125
c,-0.48242188,c,-0.4375
t,-0.072265625,t,-0.072265625
c,-0.2890625,c,-0.23535156
c,-3.5625,c,-3.625
g,-1.953125,g,-1.875
c,-0.47460938,c,-0.45703125
c,-0.20605469,c,-0.20800781
t,-0.09667969,t,-0.09667969
c,-0.16015625,c,-0.1484375
c,-0.096191406,c,-0.09326172
c,-0.44726562,c,-0.46875
a,-0.59375,a,-0.54296875
a,-1.1484375,a,-1.109375
a,-1.9140625,a,-1.7578125
g,-0.42578125,g,-0.46484375
t,-0.038085938,t,-0.037841797
t,-2.328125,t,-2.34375
g,-5.28125,g,-5.375
t,-1.3828125,t,-1.4140625
g,-0.53125,g,-0.54296875
g,-0.90625,g,-1.0546875
g,-0.33984375,g,-0.36328125
a,-1.5703125,a,-1.515625
t,-0.546875,t,-0.55859375
t,-0.6796875,t,-0.72265625
g,-2.859375,g,-2.78125
t,-0.828125,t,-0.87109375
a,-1.65625,a,-1.6953125
g,-0.32421875,g,-0.35546875
g,-0.296875,g,-0.30078125
c,-0.546875,c,-0.578125
a,-0.8125,a,-0.78515625
t,-0.26757812,t,-0.30078125
g,-0.14355469,g,-0.13574219
a,-0.114746094,a,-0.118652344
g,-0.15820312,g,-0.15429688
c,-0.14453125,c,-0.14648438
c,-0.111328125,c,-0.12207031
a,-0.037353516,a,-0.0390625
c,-0.083984375,c,-0.080078125
t,-0.86328125,t,-0.86328125
g,-0.079589844,g,-0.075683594
c,-0.6484375,c,-0.6484375
a,-0.79296875,a,-0.765625
a,-5.375,a,-5.375
g,-2.703125,g,-2.796875
a,-3.484375,a,-3.390625
a,-2.046875,a,-2.125
a,-1.3359375,a,-1.3515625
a,-1.8671875,a,-1.84375
c,-1.5234375,c,-1.5078125
c,-1.53125,c,-1.640625
t,-1.296875,t,-1.3125
t,-1.2890625,t,-1.3515625
a,-1.7578125,a,-1.6875
a,-1.3359375,a,-1.3671875
c,-1.71875,c,-1.640625
t,-0.98828125,t,-1.03125
g,-1.4609375,g,-1.5078125
c,-1.5234375,c,-1.484375
a,-1.0546875,a,-1.015625
g,-1.03125,g,-1.03125
c,-1.6171875,c,-1.6171875
c,-1.34375,c,-1.34375
t,-0.9296875,t,-0.8203125
a,-2.078125,a,-2.0
a,-1.625,a,-1.609375
t,-1.6796875,t,-1.6875
a,-1.453125,a,-1.375
a,-1.1171875,a,-1.078125
t,-1.25,t,-1.25
t,-0.96875,t,-0.953125
g,-1.90625,g,-1.8515625
t,-1.1171875,t,-1.0625
t,-1.046875,t,-1.046875
t,-0.7734375,t,-0.77734375
t,-0.8046875,t,-0.79296875
c,-1.703125,c,-1.71875
t,-0.75390625,t,-0.78515625
t,-0.80078125,t,-0.77734375
t,-0.67578125,t,-0.64453125
g,-2.0625,g,-2.03125
g,-1.7421875,g,-1.78125
g,-1.640625,g,-1.6484375
a,-1.21875,a,-1.140625
t,-1.1875,t,-1.1640625
a,-1.5390625,a,-1.5859375
a,-1.4296875,a,-1.421875
c,-1.96875,c,-1.9140625
t,-1.015625,t,-0.96484375
t,-1.0546875,t,-1.0390625
t,-0.87109375,t,-0.921875
t,-0.87109375,t,-0.8828125
a,-1.515625,a,-1.578125
a,-1.125,a,-1.140625
a,-0.98046875,a,-1.0
g,-1.8359375,g,-1.8125
t,-1.15625,t,-1.2109375
a,-1.21875,a,-1.1875
c,-1.8203125,c,-1.9296875
a,-1.0859375,a,-1.0390625
t,-0.91796875,t,-0.9296875
t,-0.91015625,t,-0.89453125
a,-1.515625,a,-1.5390625
a,-1.1640625,a,-1.1640625
a,-1.03125,a,-1.015625
a,-0.9453125,a,-1.0078125
g,-1.8359375,g,-1.7578125
a,-1.15625,a,-1.15625
c,-1.9296875,c,-1.8984375
t,-1.15625,t,-1.1875
a,-1.2421875,a,-1.296875
t,-1.125,t,-1.1484375
c,-1.9140625,c,-1.859375
a,-1.0703125,a,-1.0703125
a,-1.2890625,a,-1.328125
c,-2.03125,c,-2.0625
t,-0.9765625,t,-0.94140625
t,-1.03125,t,-1.0234375
a,-1.3828125,a,-1.4296875
a,-1.0234375,a,-1.0234375
t,-1.265625,t,-1.28125
t,-1.0234375,t,-1.0546875
t,-0.828125,t,-0.8515625
c,-1.7734375,c,-1.7734375
t,-0.828125,t,-0.859375
g,-1.625,g,-1.6171875
a,-1.1796875,a,-1.1640625
t,-1.25,t,-1.28125
c,-1.90625,c,-1.859375
a,-1.125,a,-1.125
t,-1.1015625,t,-1.046875
a,-1.3828125,a,-1.40625
t,-1.0234375,t,-1.0234375
t,-1.015625,t,-0.984375
t,-0.84375,t,-0.8203125
t,-0.87109375,t,-0.8515625
g,-1.84375,g,-1.8125
t,-0.9140625,t,-0.90625
t,-0.85546875,t,-0.890625
g,-1.9609375,g,-1.9375
a,-1.46875,a,-1.4375
a,-1.1171875,a,-1.171875
t,-1.0234375,t,-1.1171875
a,-1.3203125,a,-1.359375
a,-1.2421875,a,-1.265625
a,-0.98046875,a,-1.0234375
a,-1.109375,a,-1.109375
t,-1.0390625,t,-0.9921875
a,-1.125,a,-1.125
a,-1.0703125,a,-1.0390625
g,-1.9765625,g,-2.078125
t,-1.0,t,-0.97265625
a,-1.046875,a,-1.1328125
a,-1.0,a,-1.0234375
a,-0.89453125,a,-0.90625
a,-0.9453125,a,-0.90625
t,-1.09375,t,-1.1484375
g,-1.65625,g,-1.6796875
t,-1.015625,t,-1.0234375
c,-2.203125,c,-2.203125
t,-0.84765625,t,-0.87109375
t,-0.90234375,t,-0.9453125
g,-1.8828125,g,-1.8828125
t,-1.0390625,t,-1.0546875
g,-1.578125,g,-1.546875
a,-1.1953125,a,-1.234375
a,-1.125,a,-1.078125
a,-1.09375,a,-1.0703125
c,-1.84375,c,-1.8984375
a,-0.87109375,a,-0.85546875
a,-1.1796875,a,-1.1796875
a,-0.8359375,a,-0.875
a,-0.95703125,a,-0.92578125
t,-1.234375,t,-1.2421875
g,-1.5078125,g,-1.5625
c,-1.8515625,c,-1.828125
t,-0.88671875,t,-0.921875
t,-1.1015625,t,-1.0859375
t,-0.8515625,t,-0.8828125
t,-0.890625,t,-0.87890625
t,-0.93359375,t,-0.96484375
a,-1.2734375,a,-1.2578125
a,-0.94140625,a,-1.0234375
c,-2.125,c,-2.0625
a,-0.87109375,a,-0.859375
t,-1.1328125,t,-1.0625
c,-2.03125,c,-1.984375
c,-1.6171875,c,-1.640625
a,-1.0,a,-0.96484375
t,-1.1171875,t,-1.109375
a,-1.171875,a,-1.1953125
t,-1.0078125,t,-0.98828125
a,-1.1953125,a,-1.203125
a,-1.2890625,a,-1.2890625
a,-0.9375,a,-0.91015625
g,-2.0625,g,-2.09375
c,-1.9453125,c,-1.9453125
t,-1.203125,t,-1.171875
a,-1.2109375,a,-1.15625
t,-1.09375,t,-1.0703125
c,-1.90625,c,-1.8828125
t,-0.84765625,t,-0.91015625
a,-1.3359375,a,-1.28125
t,-1.078125,t,-1.0859375
a,-1.1875,a,-1.234375
t,-1.015625,t,-1.0390625
a,-1.0625,a,-1.0625
t,-0.9140625,t,-0.90625
a,-0.98046875,a,-0.96484375
g,-2.171875,g,-2.109375
c,-1.9609375,c,-1.90625
t,-1.09375,t,-1.140625
a,-1.1015625,a,-1.09375
t,-1.0078125,t,-1.03125
c,-1.9140625,c,-1.9453125
t,-0.8046875,t,-0.8125
a,-1.3515625,a,-1.3359375
t,-0.9921875,t,-0.9921875
a,-1.1484375,a,-1.1328125
t,-1.0390625,t,-1.0625
c,-2.140625,c,-2.140625
t,-0.85546875,t,-0.8203125
a,-1.2421875,a,-1.1875
t,-0.90234375,t,-0.94140625
a,-1.078125,a,-1.1171875
t,-0.9375,t,-0.9296875
a,-0.984375,a,-0.984375
g,-2.0,g,-1.984375
c,-1.7890625,c,-1.84375
t,-0.98828125,t,-0.98828125
a,-1.078125,a,-1.0859375
t,-1.0546875,t,-1.0625
t,-0.88671875,t,-0.88671875
t,-0.72265625,t,-0.73046875
t,-0.796875,t,-0.83984375
t,-0.83203125,t,-0.83203125
t,-0.8671875,t,-0.875
t,-0.8046875,t,-0.8203125
t,-0.69921875,t,-0.69140625
a,-1.6015625,a,-1.625
a,-0.87890625,a,-0.890625
c,-2.0,c,-1.984375
t,-0.890625,t,-0.92578125
t,-0.7890625,t,-0.765625
c,-2.0,c,-1.96875
c,-1.765625,c,-1.7265625
t,-0.80078125,t,-0.859375
t,-0.89453125,t,-0.84765625
t,-0.76171875,t,-0.76171875
a,-1.6796875,a,-1.625
t,-1.0546875,t,-1.0546875
t,-0.6875,t,-0.703125
t,-0.66796875,t,-0.66796875
t,-0.80859375,t,-0.8359375
c,-1.9921875,c,-2.0
c,-1.5625,c,-1.5625
t,-0.734375,t,-0.7734375
t,-0.6796875,t,-0.703125
a,-1.7578125,a,-1.8125
c,-1.828125,c,-1.8203125
a,-1.2890625,a,-1.2890625
g,-1.546875,g,-1.5859375
G,-4.25,g,-2.375
G,-2.078125,g,-1.8828125
T,-1.4453125,t,-0.92578125
T,-1.34375,t,-0.9140625
T,-0.92578125,t,-0.7734375
T,-1.1796875,t,-0.84765625
A,-2.015625,a,-1.6171875
G,-1.375,g,-1.609375
A,-1.328125,a,-1.2265625
C,-1.8203125,c,-1.9375
A,-1.0078125,a,-0.31445312
A,-1.4921875,a,-1.5859375
A,-1.2734375,a,-0.953125
A,-1.21875,a,-1.1328125
T,-1.390625,t,-1.234375
C,-1.4453125,c,-1.96875
A,-0.9609375,a,-1.1015625
A,-1.2421875,a,-1.4375
A,-1.28125,a,-0.8515625
A,-1.0390625,a,-1.1171875
A,-1.09375,a,-0.984375
G,-1.375,g,-1.859375
A,-0.91796875,a,-1.1328125
A,-0.9375,a,-0.76953125
G,-1.234375,g,-1.765625
G,-1.3671875,g,-1.828125
A,-0.96484375,a,-0.78515625
A,-1.0703125,a,-0.671875
G,-1.171875,g,-1.546875
G,-1.4453125,g,-1.4609375
T,-1.71875,t,-1.5390625
G,-0.859375,g,-1.3828125
C,-1.890625,c,-2.21875
T,-1.109375,t,-0.85546875
C,-1.609375,c,-1.9921875
A,-0.921875,a,-0.9140625
C,-1.59375,c,-1.875
A,-1.0,a,-0.734375
T,-1.578125,t,-1.03125
T,-1.3671875,t,-1.15625
C,-1.3828125,c,-1.6875
C,-1.3359375,c,-1.4921875
T,-1.1796875,t,-0.91015625
T,-1.59375,t,-1.0390625
A,-1.5703125,a,-1.515625
A,-1.296875,a,-1.0859375
A,-1.0859375,a,-0.97265625
T,-1.4296875,t,-1.25
T,-1.3359375,t,-1.1015625
A,-1.5703125,a,-1.3828125
A,-1.1015625,a,-1.1640625
G,-1.5234375,g,-1.8515625
G,-1.3984375,g,-1.7265625
A,-0.96484375,a,-1.0
g,-6.5625,g,-1.703125
t,-0.011474609,t,-1.3515625
a,-0.34570312,a,-1.21875
a,-0.22753906,a,-1.0
g,-0.12695312,g,-1.640625
t,-0.49804688,t,-1.2109375
c,-2.28125,c,-1.8359375
t,-0.9140625,t,-0.9609375
g,-1.1640625,g,-1.421875
c,-1.875,c,-1.8046875
c,-1.328125,c,-1.5234375
a,-1.015625,a,-1.171875
g,-1.5390625,g,-1.4453125
c,-1.421875,c,-1.6328125
a,-0.9609375,a,-1.03125
t,-1.0234375,t,-1.21875
t,-1.0234375,t,-1.0
a,-1.7109375,a,-1.453125
t,-1.328125,t,-1.21875
g,-1.3359375,g,-1.5078125
a,-1.3828125,a,-1.1640625
a,-1.0,a,-0.953125
a,-1.0390625,a,-1.046875
g,-1.5,g,-1.6484375
t,-1.28125,t,-1.2421875
g,-1.265625,g,-1.46875
a,-1.203125,a,-1.2109375
a,-1.21875,a,-1.0390625
t,-1.3359375,t,-1.3125
c,-1.703125,c,-1.8515625
t,-0.87890625,t,-0.9765625
t,-1.1484375,t,-1.171875
a,-1.40625,a,-1.4140625
c,-1.7421875,c,-1.8359375
t,-0.92578125,t,-0.921875
t,-1.109375,t,-1.1015625
t,-0.875,t,-0.9375
t,-0.97265625,t,-0.97265625
g,-1.8203125,g,-1.734375
t,-1.0546875,t,-1.0859375
a,-1.484375,a,-1.4453125
a,-1.1484375,a,-1.1796875
a,-1.0234375,a,-1.0
a,-1.0078125,a,-0.953125
c,-1.8515625,c,-1.828125
t,-0.96875,t,-1.0546875
t,-0.98828125,t,-0.98828125
t,-0.9375,t,-0.86328125
a,-1.34375,a,-1.3125
t,-1.0859375,t,-1.109375
g,-1.7890625,g,-1.71875
g,-1.6640625,g,-1.7421875
t,-1.0625,t,-1.1640625
t,-0.98828125,t,-0.96484375
t,-0.828125,t,-0.859375
g,-1.765625,g,-1.734375
t,-0.9375,t,-0.9921875
g,-1.78125,g,-1.6640625
g,-1.90625,g,-1.84375
a,-1.3671875,a,-1.296875
a,-1.1484375,a,-1.03125
a,-0.95703125,a,-1.03125
a,-1.0859375,a,-1.0546875
c,-2.03125,c,-2.03125
a,-0.78515625,a,-0.76171875
a,-1.3046875,a,-1.125
a,-0.80859375,a,-0.78515625
t,-1.1328125,t,-1.234375
g,-1.5078125,g,-1.6015625
t,-1.140625,t,-1.109375
t,-1.140625,t,-1.1328125
t,-0.82421875,t,-0.828125
t,-0.9453125,t,-0.9765625
t,-0.91796875,t,-0.984375
g,-1.78125,g,-1.8046875
a,-1.265625,a,-1.171875
a,-0.98046875,a,-0.95703125
c,-2.078125,c,-2.21875
a,-0.94140625,a,-0.90625
t,-1.0859375,t,-1.1015625
t,-1.0234375,t,-1.0625
t,-0.796875,t,-0.78125
a,-1.3984375,a,-1.296875
a,-1.265625,a,-1.1640625
a,-0.92578125,a,-0.9921875
a,-0.984375,a,-0.9609375
a,-0.9453125,a,-0.91015625
g,-1.96875,g,-1.96875
t,-1.2265625,t,-1.21875
t,-1.0546875,t,-1.0625
c,-2.046875,c,-2.03125
a,-0.97265625,a,-0.9453125
g,-1.5546875,g,-1.5859375
a,-1.03125,a,-1.078125
t,-1.375,t,-1.4375
g,-1.484375,g,-1.421875
t,-1.03125,t,-0.984375
t,-0.921875,t,-0.91796875
a,-1.3828125,a,-1.3515625
g,-1.734375,g,-1.71875
a,-1.21875,a,-1.125
a,-0.921875,a,-0.93359375
a,-0.8359375,a,-0.8359375
g,-1.7109375,g,-1.75
t,-1.3515625,t,-1.2734375
t,-1.0390625,t,-1.0546875
g,-1.6875,g,-1.703125
a,-1.140625,a,-1.09375
a,-0.984375,a,-0.9375
a,-0.97265625,a,-0.984375
g,-1.6953125,g,-1.6875
g,-1.5546875,g,-1.546875
t,-1.34375,t,-1.328125
t,-1.1015625,t,-1.125
a,-1.2265625,a,-1.203125
a,-1.0546875,a,-1.0546875
t,-1.2109375,t,-1.2734375
g,-1.625,g,-1.609375
t,-1.0390625,t,-1.140625
a,-1.3046875,a,-1.3125
a,-1.0703125,a,-1.1171875
a,-0.8515625,a,-0.88671875
a,-0.953125,a,-0.9453125
c,-1.9453125,c,-1.9453125
a,-0.7109375,a,-0.72265625
a,-1.0,a,-1.0546875
t,-1.359375,t,-1.390625
c,-1.9140625,c,-1.8828125
a,-0.83984375,a,-0.828125
a,-1.0546875,a,-1.0625
t,-1.484375,t,-1.453125
a,-1.125,a,-1.0703125
t,-1.1171875,t,-1.1484375
t,-0.97265625,t,-0.9921875
a,-1.234375,a,-1.2890625
a,-0.953125,a,-0.93359375
a,-0.73828125,a,-0.7890625
g,-2.0625,g,-1.984375
a,-0.93359375,a,-0.9375
a,-0.83984375,a,-0.796875
t,-1.3828125,t,-1.5
t,-1.140625,t,-1.1953125
t,-0.953125,t,-0.9140625
t,-0.9140625,t,-0.97265625
g,-1.984375,g,-1.921875
a,-1.046875,a,-1.0625
t,-1.3828125,t,-1.3828125
g,-1.625,g,-1.6484375
c,-2.015625,c,-2.015625
c,-1.6328125,c,-1.65625
a,-0.953125,a,-0.9140625
a,-1.171875,a,-1.1875
a,-0.9453125,a,-0.91796875
a,-0.9921875,a,-0.97265625
c,-1.9453125,c,-1.9140625
t,-1.015625,t,-1.015625
a,-1.234375,a,-1.234375
t,-1.234375,t,-1.234375
t,-1.046875,t,-1.1015625
a,-1.2890625,a,-1.3046875
g,-1.9140625,g,-1.8203125
a,-1.0234375,a,-1.0
t,-1.296875,t,-1.3671875
a,-1.03125,a,-1.03125
a,-1.015625,a,-1.0
a,-0.83203125,a,-0.82421875
a,-0.9375,a,-0.90234375
g,-2.046875,g,-2.015625
g,-1.5859375,g,-1.609375
t,-1.3828125,t,-1.390625
t,-1.140625,t,-1.2265625
a,-1.234375,a,-1.2421875
a,-0.96484375,a,-0.9921875
t,-1.2890625,t,-1.3046875
c,-2.25,c,-2.21875
t,-0.890625,t,-0.92578125
a,-1.203125,a,-1.2890625
c,-2.09375,c,-2.09375
a,-0.84375,a,-0.85546875
t,-1.2734375,t,-1.2421875
c,-2.078125,c,-2.0
c,-1.6796875,c,-1.65625
c,-1.4375,c,-1.4375
t,-1.125,t,-1.1171875
a,-1.25,a,-1.3125
c,-1.7421875,c,-1.7578125
t,-1.0078125,t,-1.046875
a,-1.3515625,a,-1.375
g,-1.7265625,g,-1.7734375
a,-0.890625,a,-0.9296875
a,-0.82421875,a,-0.87109375
t,-1.4453125,t,-1.359375
t,-0.9921875,t,-0.97265625
c,-1.84375,c,-1.9140625
t,-0.9375,t,-0.9140625
c,-1.859375,c,-1.8203125
a,-0.8515625,a,-0.8125
t,-1.15625,t,-1.203125
a,-1.3515625,a,-1.296875
c,-1.8984375,c,-1.8828125
t,-1.0703125,t,-1.0859375
t,-1.0234375,t,-1.0078125
a,-1.3203125,a,-1.3515625
a,-1.0390625,a,-1.09375
c,-1.9609375,c,-1.921875
t,-1.0390625,t,-1.0625
g,-1.6953125,g,-1.6953125
g,-1.859375,g,-1.75
t,-1.2421875,t,-1.2734375
t,-0.98046875,t,-0.9921875
g,-1.734375,g,-1.78125
g,-1.546875,g,-1.5078125
t,-1.0546875,t,-1.0625
t,-1.015625,t,-0.96875
g,-1.8203125,g,-1.7578125
t,-1.015625,t,-0.97265625
g,-1.515625,g,-1.5
t,-0.99609375,t,-0.9765625
g,-1.1171875,g,-1.0859375
g,-1.703125,g,-1.671875
a,-1.328125,a,-1.28125
a,-1.2421875,a,-1.2265625
g,-1.3671875,g,-1.34375
a,-1.03125,a,-1.0546875
a,-1.09375,a,-1.0703125
a,-0.94140625,a,-1.015625
c,-2.046875,c,-2.03125
a,-0.7890625,a,-0.75390625
t,-1.3515625,t,-1.375
a,-1.328125,a,-1.390625
c,-1.953125,c,-1.9375
t,-1.109375,t,-1.140625
t,-1.015625,t,-1.0546875
t,-1.0625,t,-1.0546875
c,-1.6796875,c,-1.65625
a,-1.0546875,a,-0.9921875
c,-1.8515625,c,-1.8671875
a,-0.86328125,a,-0.87890625
a,-1.328125,a,-1.265625
t,-1.3515625,t,-1.3359375
a,-1.2890625,a,-1.328125
a,-1.0703125,a,-1.1015625
a,-0.94140625,a,-0.94921875
g,-1.890625,g,-1.84375
a,-0.98046875,a,-0.98046875
g,-1.8046875,g,-1.7890625
c,-1.8828125,c,-1.9453125
t,-1.09375,t,-1.1640625
t,-1.1484375,t,-1.140625
t,-0.92578125,t,-0.93359375
a,-1.2890625,a,-1.2421875
g,-1.78125,g,-1.6875
g,-1.5859375,g,-1.515625
a,-0.91796875,a,-0.94140625
t,-1.4765625,t,-1.4765625
a,-1.2109375,a,-1.25
t,-1.2890625,t,-1.3046875
g,-1.5625,g,-1.5390625
a,-1.2421875,a,-1.2421875
t,-1.2578125,t,-1.28125
g,-1.3828125,g,-1.3515625
c,-1.9921875,c,-2.078125
c,-1.609375,c,-1.65625
a,-0.875,a,-0.875
t,-1.140625,t,-1.171875
t,-1.1015625,t,-1.0859375
t,-0.84765625,t,-0.9453125
t,-0.8984375,t,-0.8984375
a,-1.4140625,a,-1.4140625
t,-1.1328125,t,-1.1796875
a,-1.203125,a,-1.234375
t,-1.046875,t,-1.03125
c,-1.9921875,c,-1.9765625
a,-1.171875,a,-1.1875
c,-1.859375,c,-1.8046875
t,-0.984375,t,-0.99609375
a,-1.4609375,a,-1.5078125
g,-1.796875,g,-1.75
t,-1.2578125,t,-1.2890625
a,-1.1328125,a,-1.1796875
g,-1.7421875,g,-1.7890625
g,-1.984375,g,-1.9140625
c,-1.71875,c,-1.7578125
a,-0.66796875,a,-0.65625
g,-1.2734375,g,-1.265625
a,-1.0546875,a,-1.09375
c,-1.9453125,c,-1.9609375
c,-2.0,c,-2.015625
a,-0.86328125,a,-0.78125
g,-1.3359375,g,-1.296875
c,-1.859375,c,-1.84375
a,-0.91015625,a,-0.98828125
g,-1.5,g,-1.4609375
a,-1.078125,a,-1.1171875
c,-1.78125,c,-1.78125
t,-1.2578125,t,-1.234375
t,-1.078125,t,-1.09375
t,-1.0546875,t,-1.046875
t,-1.0234375,t,-1.0078125
t,-1.0390625,t,-1.015625
t,-0.796875,t,-0.85546875
t,-0.79296875,t,-0.84375
t,-0.7265625,t,-0.67578125
a,-1.828125,a,-1.84375
t,-1.046875,t,-0.99609375
t,-0.57421875,t,-0.52734375
g,-2.1875,g,-2.1875
t,-0.8515625,t,-0.8515625
g,-1.6015625,g,-1.6171875
a,-1.5078125,a,-1.484375
t,-1.1640625,t,-1.1640625
a,-1.3515625,a,-1.421875
t,-0.98046875,t,-0.92578125
g,-1.7421875,g,-1.7265625
g,-1.734375,g,-1.7578125
g,-1.9375,g,-1.859375
a,-1.4375,a,-1.4765625
t,-1.171875,t,-1.140625
a,-1.375,a,-1.3828125
a,-1.2734375,a,-1.28125
c,-2.015625,c,-2.015625
c,-2.015625,c,-1.9375
t,-0.8125,t,-0.80859375
a,-1.6015625,a,-1.65625
g,-1.5234375,g,-1.5234375
g,-1.4375,g,-1.4375
c,-1.8125,c,-1.8203125
a,-0.9375,a,-0.94140625
t,-1.171875,t,-1.09375
a,-1.46875,a,-1.4375
c,-1.8828125,c,-1.8828125
t,-0.99609375,t,-0.984375
g,-1.2109375,g,-1.1953125
c,-1.890625,c,-1.8515625
a,-0.96484375,a,-0.92578125
c,-1.8125,c,-1.796875
t,-1.1953125,t,-1.1875
g,-1.3515625,g,-1.421875
t,-1.0078125,t,-1.015625
a,-1.2890625,a,-1.28125
c,-1.8046875,c,-1.7890625
a,-1.046875,a,-1.03125
c,-1.53125,c,-1.6484375
t,-1.2265625,t,-1.1875
c,-1.6484375,c,-1.6484375
t,-1.09375,t,-1.0546875
g,-1.4296875,g,-1.3046875
a,-1.3359375,a,-1.4140625
c,-1.8125,c,-1.78125
a,-1.0078125,a,-1.0078125
t,-1.1484375,t,-1.140625
a,-1.46875,a,-1.421875
t,-1.234375,t,-1.2109375
g,-1.34375,g,-1.3203125
a,-1.5078125,a,-1.4765625
a,-1.1015625,a,-1.09375
g,-1.6171875,g,-1.6875
t,-1.265625,t,-1.25
g,-1.421875,g,-1.390625
c,-1.8046875,c,-1.8203125
t,-0.77734375,t,-0.77734375
c,-2.109375,c,-2.109375
t,-0.88671875,t,-0.88671875
a,-1.703125,a,-1.6875
g,-1.4453125,g,-1.4375
t,-1.5078125,t,-1.46875
c,-1.6171875,c,-1.578125
a,-1.0546875,a,-1.0234375
a,-1.46875,a,-1.4921875
g,-1.5234375,g,-1.390625
t,-1.265625,t,-1.2265625
t,-1.125,t,-1.1953125
t,-0.9140625,t,-0.93359375
a,-1.5625,a,-1.5625
a,-1.125,a,-1.140625
c,-1.890625,c,-1.953125
t,-0.96875,t,-0.953125
g,-1.546875,g,-1.5
g,-1.7734375,g,-1.7421875
t,-1.2890625,t,-1.3203125
g,-1.5390625,g,-1.4921875
t,-1.1484375,t,-1.140625
c,-1.625,c,-1.625
c,-1.4296875,c,-1.5078125
a,-1.0390625,a,-1.0625
c,-1.8203125,c,-1.8984375
a,-0.96484375,a,-0.98046875
g,-1.234375,g,-1.3046875
a,-1.2421875,a,-1.21875
g,-1.296875,g,-1.34375
g,-1.5234375,g,-1.546875
a,-1.15625,a,-1.140625
c,-1.78125,c,-1.75
a,-0.76171875,a,-0.7734375
t,-1.296875,t,-1.296875
g,-1.28125,g,-1.34375
g,-1.375,g,-1.359375
t,-1.203125,t,-1.2109375
t,-1.3203125,t,-1.3359375
t,-1.0546875,t,-1.0625
a,-1.625,a,-1.640625
a,-1.21875,a,-1.2421875
c,-2.078125,c,-2.0625
t,-0.98828125,t,-1.0
g,-1.3828125,g,-1.3515625
g,-1.5546875,g,-1.578125
a,-1.2265625,a,-1.1953125
a,-1.1015625,a,-1.1015625
t,-1.3515625,t,-1.4375
t,-1.078125,t,-1.0546875
c,-1.5546875,c,-1.6015625
g,-3.703125,g,-3.65625
t,-1.296875,t,-1.3046875
c,-1.7265625,c,-1.7265625
a,-1.2265625,a,-1.2265625
a,-1.4921875,a,-1.4921875
g,-1.2734375,g,-1.2734375
c,-1.71875,c,-1.703125
c,-1.4375,c,-1.34375
t,-0.96875,t,-0.97265625
c,-1.515625,c,-1.5390625
t,-0.87890625,t,-0.9140625
g,-1.2109375,g,-1.125
g,-1.4765625,g,-1.46875
t,-1.5546875,t,-1.53125
t,-1.1796875,t,-1.1484375
c,-1.5,c,-1.3984375
t,-0.8203125,t,-0.84375
a,-2.046875,a,-2.015625
a,-1.296875,a,-1.2734375
t,-1.3359375,t,-1.359375
t,-1.0390625,t,-1.0546875
t,-0.9140625,t,-0.953125
c,-1.5,c,-1.5078125
t,-0.8828125,t,-0.8671875
c,-1.5625,c,-1.5234375
a,-1.28125,a,-1.28125
t,-1.25,t,-1.25
t,-0.97265625,t,-1.015625
t,-0.84375,t,-0.8671875
g,-1.765625,g,-1.6875
c,-1.5859375,c,-1.5234375
a,-1.2890625,a,-1.234375
g,-1.1640625,g,-1.1484375
G,-3.84375,G,-3.859375
A,-1.140625,A,-1.09375
A,-1.2265625,A,-1.2265625
A,-1.4453125,A,-1.4609375
T,-1.53125,T,-1.453125
G,-1.1640625,G,-1.21875
C,-1.5390625,C,-1.4921875
T,-1.15625,T,-1.1796875
G,-0.7734375,G,-0.7734375
G,-1.28125,G,-1.2109375
C,-1.59375,C,-1.5390625
A,-1.1953125,A,-1.1484375
T,-1.515625,T,-1.5
A,-1.78125,A,-1.859375
G,-1.2265625,G,-1.2265625
A,-1.3046875,A,-1.3046875
G,-1.2265625,G,-1.2265625
C,-1.5234375,C,-1.4765625
A,-1.2109375,A,-1.2109375
G,-0.87109375,G,-0.8828125
C,-1.28125,C,-1.28125
A,-1.2109375,A,-1.2109375
C,-1.6953125,C,-1.6875
T,-1.328125,T,-1.3515625
A,-2.0,A,-1.9921875
A,-1.4921875,A,-1.46875
A,-1.21875,A,-1.21875
T,-1.8046875,T,-1.7109375
G,-1.078125,G,-1.0703125
A,-1.328125,A,-1.34375
C,-1.6171875,C,-1.6484375
A,-0.9609375,A,-0.9609375
C,-1.4921875,C,-1.4921875
C,-1.34375,C,-1.34375
A,-1.0703125,A,-1.0703125
C,-1.5390625,C,-1.5390625
T,-1.3203125,T,-1.3671875
A,-1.9609375,A,-1.9140625
A,-1.3828125,A,-1.4296875
A,-1.1328125,A,-1.1328125
G,-1.2421875,G,-1.2421875
A,-1.1171875,A,-1.109375
A,-1.109375,A,-1.09375
A,-1.140625,A,-1.09375
C,-1.6015625,C,-1.6015625
G,-2.5625,G,-2.5625
A,-1.1171875,A,-1.1171875
T,-1.640625,T,-1.640625
C,-1.71875,C,-1.703125
A,-0.9921875,A,-0.99609375
G,-1.1640625,G,-1.2109375
A,-1.1171875,A,-1.1640625
C,-1.734375,C,-1.734375
A,-0.8203125,A,-0.8203125
G,-1.2265625,G,-1.2265625
A,-1.1015625,A,-1.1171875
T,-1.8359375,T,-1.8125
C,-1.609375,C,-1.6015625
T,-1.234375,T,-1.2421875
G,-1.0078125,G,-1.015625
G,-1.28125,G,-1.296875
A,-1.15625,A,-1.15625
A,-1.125,A,-1.1015625
T,-1.765625,T,-1.75
G,-1.1640625,G,-1.1796875
T,-1.5625,T,-1.515625
G,-1.015625,G,-1.015625
A,-1.15625,A,-1.15625
A,-1.078125,A,-1.078125
G,-1.015625,G,-1.03125
C,-1.6640625,C,-1.6640625
G,-2.65625,G,-2.640625
T,-1.640625,T,-1.640625
T,-1.359375,T,-1.3046875
A,-1.671875,A,-1.6953125
T,-1.5703125,T,-1.5703125
A,-1.578125,A,-1.59375
G,-1.421875,G,-1.421875
A,-1.1640625,A,-1.1640625
A,-1.046875,A,-1.0234375
G,-1.2578125,G,-1.2734375
A,-1.0390625,A,-1.046875
T,-1.59375,T,-1.59375
A,-1.609375,A,-1.609375
A,-1.1796875,A,-1.1796875
C,-1.828125,C,-1.828125
T,-1.3046875,T,-1.3046875
G,-1.140625,G,-1.171875
G,-1.359375,G,-1.3671875
C,-1.6875,C,-1.765625
C,-1.53125,C,-1.53125
T,-1.0703125,T,-1.046875
C,-1.3125,C,-1.3203125
A,-0.9921875,A,-0.99609375
T,-1.5703125,T,-1.5546875
T,-1.3515625,T,-1.359375
T,-1.1875,T,-1.1484375
C,-1.359375,C,-1.375
T,-1.0390625,T,-1.0234375
T,-1.328125,T,-1.328125
C,-1.4140625,C,-1.390625
A,-1.03125,A,-1.0234375
A,-1.3515625,A,-1.3515625
A,-1.0859375,A,-1.0859375
A,-1.09375,A,-1.09375
T,-1.453125,T,-1.40625
A,-1.375,A,-1.359375
T,-1.296875,T,-1.296875
C,-1.6875,C,-1.703125
A,-1.0078125,A,-1.0
A,-1.1875,A,-1.2265625
G,-1.3515625,G,-1.3515625
T,-1.6953125,T,-1.6953125
G,-1.2265625,G,-1.2578125
T,-1.3828125,T,-1.3359375
T,-1.3359375,T,-1.3515625
G,-1.5390625,G,-1.5625
G,-1.265625,G,-1.2578125
G,-1.421875,G,-1.390625
A,-0.9140625,A,-0.9140625
A,-0.93359375,A,-0.96484375
A,-1.15625,A,-1.15625
G,-1.2578125,G,-1.2578125
A,-0.9765625,A,-0.9765625
A,-1.0,A,-1.0
A,-1.015625,A,-1.015625
A,-1.0078125,A,-1.0078125
A,-0.90625,A,-0.95703125
A,-0.8984375,A,-0.859375
G,-1.4921875,G,-1.5234375
G,-1.5,G,-1.5078125
A,-0.8046875,A,-0.796875
A,-0.82421875,A,-0.82421875
G,-1.3046875,G,-1.296875
T,-1.6328125,T,-1.6328125
G,-1.078125,G,-1.1015625
G,-1.1953125,G,-1.1796875
A,-0.890625,A,-0.9296875
A,-1.0078125,A,-0.98828125
T,-1.7265625,T,-1.75
G,-1.265625,G,-1.265625
G,-1.25,G,-1.234375
G,-1.34375,G,-1.390625
T,-1.671875,T,-1.671875
A,-1.3671875,A,-1.3671875
A,-1.125,A,-1.125
C,-1.859375,C,-1.859375
T,-1.1875,T,-1.2265625
C,-1.7421875,C,-1.7421875
T,-1.0703125,T,-1.1015625
T,-1.3203125,T,-1.265625
C,-1.515625,C,-1.515625
T,-1.0390625,T,-1.0390625
T,-1.3046875,T,-1.3046875
G,-1.546875,G,-1.546875
A,-1.2109375,A,-1.2109375
T,-1.3125,T,-1.3125
T,-1.359375,T,-1.375
A,-1.53125,A,-1.53125
A,-1.21875,A,-1.21875
A,-0.984375,A,-0.984375
A,-0.94140625,A,-0.96875
G,-1.5625,G,-1.6328125
T,-1.546875,T,-1.5703125
T,-1.28125,T,-1.28125
A,-1.3828125,A,-1.40625
T,-1.2578125,T,-1.1953125
G,-1.453125,G,-1.4921875
T,-1.2734375,T,-1.3515625
A,-1.3984375,A,-1.421875
A,-1.09375,A,-1.1484375
T,-1.390625,T,-1.3046875
A,-1.328125,A,-1.375
A,-0.9609375,A,-0.96484375
C,-1.96875,C,-2.015625
C,-1.65625,C,-1.65625
A,-0.890625,A,-0.859375
A,-1.1171875,A,-1.078125
A,-0.9296875,A,-0.890625
T,-1.359375,T,-1.359375
G,-1.5546875,G,-1.5546875
C,-1.7890625,C,-1.7421875
A,-0.85546875,A,-0.8671875
A,-1.0078125,A,-1.0234375
T,-1.4453125,T,-1.484375
G,-1.34375,G,-1.390625
T,-1.46875,T,-1.4765625
G,-1.265625,G,-1.265625
A,-0.98046875,A,-0.98828125
A,-0.84765625,A,-0.8984375
A,-1.0,A,-1.0
T,-1.5625,T,-1.5546875
A,-1.2578125,A,-1.234375
T,-1.2890625,T,-1.3046875
T,-1.171875,T,-1.171875
T,-0.95703125,T,-0.95703125
T,-1.0234375,T,-1.0234375
A,-1.3515625,A,-1.3515625
C,-2.046875,C,-2.046875
T,-0.984375,T,-0.984375
G,-1.40625,G,-1.4140625
G,-1.578125,G,-1.578125
A,-0.9140625,A,-0.953125
C,-2.203125,C,-2.203125
T,-1.0859375,T,-1.09375
C,-1.640625,C,-1.640625
T,-0.9296875,T,-0.9296875
A,-1.4375,A,-1.4375
T,-1.125,T,-1.125
T,-1.0703125,T,-1.0703125
T,-0.8515625,T,-0.8515625
T,-0.97265625,T,-1.0234375
G,-1.7734375,G,-1.7734375
A,-1.1015625,A,-1.1015625
A,-0.87890625,A,-0.87890625
A,-0.84375,A,-0.84375
A,-0.9375,A,-0.9375
A,-0.9375,A,-0.9375
C,-2.09375,C,-2.09375
C,-1.75,C,-1.75
A,-0.875,A,-0.875
T,-1.3515625,T,-1.3515625
C,-1.6484375,C,-1.6484375
T,-0.92578125,T,-0.92578125
G,-1.53125,G,-1.53125
T,-1.1796875,T,-1.1796875
A,-1.328125,A,-1.328125
A,-1.0859375,A,-1.0859375
A,-0.88671875,A,-0.90625
A,-0.98046875,A,-0.96484375
G,-1.734375,G,-1.75
A,-0.8125,A,-0.8125
C,-2.046875,C,-2.046875
T,-1.1484375,T,-1.1484375
G,-1.5,G,-1.5
A,-1.109375,A,-1.109375
G,-1.4375,G,-1.4453125
G,-1.6484375,G,-1.6484375
T,-1.421875,T,-1.421875
G,-1.296875,G,-1.2578125
G,-1.4296875,G,-1.4296875
G,-1.6328125,G,-1.65625
G,-1.6875,G,-1.6875
G,-1.7109375,G,-1.7265625
T,-1.2578125,T,-1.2578125
G,-1.171875,G,-1.171875
G,-1.3359375,G,-1.3359375
G,-1.4453125,G,-1.4453125
A,-0.9921875,A,-0.9921875
G,-1.3046875,G,-1.3046875
G,-1.484375,G,-1.484375
C,-1.5625,C,-1.5625
C,-1.6328125,C,-1.6328125
A,-0.9609375,A,-0.9609375
G,-1.140625,G,-1.140625
C,-1.5703125,C,-1.5625
A,-1.015625,A,-1.0546875
C,-1.7890625,C,-1.7890625
G,-2.65625,G,-2.65625
G,-1.34375,G,-1.34375
T,-1.5546875,T,-1.5703125
G,-1.015625,G,-1.015625
G,-1.15625,G,-1.1015625
T,-1.5,T,-1.53125
G,-0.86328125,G,-0.875
A,-1.265625,A,-1.21875
G,-1.34375,G,-1.3125
G,-1.1953125,G,-1.1953125
C,-1.6875,C,-1.6875
A,-1.1640625,A,-1.1640625
G,-0.76953125,G,-0.7578125
T,-1.5703125,T,-1.59375
T,-1.4921875,T,-1.4921875
G,-1.09375,G,-1.09375
A,-1.4765625,A,-1.453125
G,-1.1640625,G,-1.1640625
A,-1.21875,A,-1.234375
A,-1.1171875,A,-1.1171875
A,-1.3203125,A,-1.3203125
A,-1.234375,A,-1.234375
T,-1.421875,T,-1.421875
T,-1.40625,T,-1.40625
T,-1.28125,T,-1.28125
G,-1.46875,G,-1.46875
A,-1.2265625,A,-1.2265625
A,-1.15625,A,-1.1640625
T,-1.484375,T,-1.484375
G,-1.265625,G,-1.25
T,-1.3203125,T,-1.3671875
G,-1.1015625,G,-1.140625
G,-1.296875,G,-1.296875
A,-1.15625,A,-1.15625
T,-1.546875,T,-1.546875
T,-1.46875,T,-1.46875
A,-1.53125,A,-1.53125
G,-1.6015625,G,-1.578125
A,-1.1328125,A,-1.1328125
T,-1.4921875,T,-1.4453125
T,-1.34375,T,-1.34375
T,-1.09375,T,-1.0546875
T,-1.140625,T,-1.140625
G,-1.4921875,G,-1.4921875
A,-1.203125,A,-1.203125
A,-1.046875,A,-1.046875
T,-1.5,T,-1.5
G,-1.3125,G,-1.3125
A,-1.2265625,A,-1.2265625
T,-1.46875,T,-1.46875
A,-1.375,A,-1.375
T,-1.203125,T,-1.203125
T,-1.1328125,T,-1.1328125
G,-1.46875,G,-1.40625
G,-1.4453125,G,-1.453125
A,-0.96875,A,-0.96875
T,-1.53125,T,-1.59375
A,-1.3359375,A,-1.359375
A,-1.03125,A,-1.046875
T,-1.3828125,T,-1.3828125
T,-1.25,T,-1.25
A,-1.375,A,-1.359375
T,-1.2421875,T,-1.2578125
T,-1.15625,T,-1.140625
G,-1.828125,G,-1.7578125
G,-1.5703125,G,-1.546875
T,-1.421875,T,-1.484375
A,-1.2265625,A,-1.2265625
A,-1.0234375,A,-1.0625
T,-1.328125,T,-1.3515625
T,-1.140625,T,-1.1484375
T,-0.97265625,T,-0.99609375
T,-0.89453125,T,-0.89453125
A,-1.3515625,A,-1.3046875
T,-1.0859375,T,-1.0859375
G,-1.7578125,G,-1.7578125
A,-1.0234375,A,-1.0234375
G,-1.703125,G,-1.703125
C,-2.03125,C,-2.03125
T,-0.9609375,T,-0.99609375
G,-1.28125,G,-1.28125
T,-1.234375,T,-1.25
G,-1.3125,G,-1.3125
A,-1.140625,A,-1.140625
G,-1.59375,G,-1.59375
A,-1.0,A,-1.015625
A,-0.921875,A,-0.921875
G,-1.453125,G,-1.40625
G,-1.515625,G,-1.53125
G,-1.6796875,G,-1.6796875
T,-1.53125,T,-1.5390625
G,-1.2265625,G,-1.203125
T,-1.203125,T,-1.1875
T,-1.21875,T,-1.265625
G,-1.4375,G,-1.421875
T,-1.3125,T,-1.296875
A,-1.578125,A,-1.5
G,-1.578125,G,-1.5078125
T,-1.3671875,T,-1.390625
T,-1.203125,T,-1.203125
T,-1.0078125,T,-1.015625
A,-1.53125,A,-1.546875
T,-1.1953125,T,-1.1328125
A,-1.28125,A,-1.2890625
A,-1.1015625,A,-1.125
A,-0.953125,A,-0.92578125
A,-0.99609375,A,-0.99609375
G,-1.71875,G,-1.7109375
A,-0.8984375,A,-0.8984375
C,-1.953125,C,-1.9375
T,-1.1640625,T,-1.2109375
G,-1.3515625,G,-1.359375
T,-1.34375,T,-1.34375
C,-1.8046875,C,-1.8203125
T,-0.89453125,T,-0.921875
T,-1.03125,T,-1.0703125
A,-1.6640625,A,-1.6875
A,-1.0078125,A,-1.0078125
T,-1.3046875,T,-1.3046875
T,-1.171875,T,-1.15625
T,-0.9296875,T,-0.9453125
G,-1.765625,G,-1.765625
C,-1.9609375,C,-1.9609375
A,-0.9296875,A,-0.9296875
T,-1.1484375,T,-1.1875
A,-1.4453125,A,-1.4453125
C,-1.84375,C,-1.921875
T,-1.0625,T,-1.0703125
T,-0.9921875,T,-0.9921875
A,-1.4296875,A,-1.4375
A,-0.9609375,A,-0.9609375
G,-1.7578125,G,-1.765625
C,-1.96875,C,-1.96875
A,-0.90625,A,-0.9375
T,-1.2578125,T,-1.2265625
T,-0.9921875,T,-0.9921875
T,-0.828125,T,-0.828125
A,-1.4375,A,-1.4375
G,-1.984375,G,-1.9609375
G,-1.59375,G,-1.6015625
A,-0.8828125,A,-0.8828125
A,-0.8359375,A,-0.82421875
T,-1.3046875,T,-1.3046875
G,-1.4609375,G,-1.4140625
A,-1.09375,A,-1.09375
A,-0.9296875,A,-0.98828125
G,-1.484375,G,-1.484375
T,-1.4140625,T,-1.34375
G,-1.3515625,G,-1.328125
T,-1.2890625,T,-1.2265625
T,-1.1171875,T,-1.1328125
A,-1.5,A,-1.5
G,-1.671875,G,-1.6484375
A,-1.0078125,A,-1.0234375
G,-1.671875,G,-1.671875
T,-1.484375,T,-1.4296875
G,-1.40625,G,-1.4921875
T,-1.1640625,T,-1.2109375
C,-1.7578125,C,-1.828125
T,-0.875,T,-0.875
T,-1.046875,T,-1.0078125
A,-1.6953125,A,-1.6875
A,-1.125,A,-1.125
A,-0.92578125,A,-0.92578125
A,-0.9140625,A,-0.93359375
T,-1.34375,T,-1.34375
G,-1.5390625,G,-1.5390625
T,-1.2109375,T,-1.2109375
T,-1.1953125,T,-1.1953125
T,-0.87890625,T,-0.87890625
C,-1.765625,C,-1.765625
A,-1.0859375,A,-1.0859375
A,-1.1015625,A,-1.1484375
A,-0.96484375,A,-0.97265625
T,-1.3046875,T,-1.3046875
G,-1.4609375,G,-1.4609375
G,-1.71875,G,-1.71875
T,-1.453125,T,-1.453125
T,-1.09375,T,-1.09375
T,-0.9296875,T,-0.9140625
A,-1.5234375,A,-1.5
A,-1.09375,A,-1.0703125
C,-2.09375,C,-2.09375
A,-0.90234375,A,-0.90234375
A,-1.1328125,A,-1.1328125
A,-0.8984375,A,-0.8984375
A,-0.83203125,A,-0.83203125
T,-1.2734375,T,-1.2734375
G,-1.53125,G,-1.53125
T,-1.328125,T,-1.328125
A,-1.1875,A,-1.1875
T,-1.140625,T,-1.140625
G,-1.671875,G,-1.671875
T,-1.1171875,T,-1.1171875
G,-1.359375,G,-1.359375
A,-1.0078125,A,-1.0078125
G,-1.671875,G,-1.671875
G,-1.7109375,G,-1.7109375
C,-1.953125,C,-1.953125
G,-3.0,G,-3.0
T,-1.25,T,-1.234375
A,-1.578125,A,-1.578125
T,-1.2265625,T,-1.171875
G,-1.296875,G,-1.296875
T,-1.109375,T,-1.09375
G,-1.2578125,G,-1.2578125
G,-1.5,G,-1.5
C,-1.8203125,C,-1.8046875
A,-1.046875,A,-1.046875
A,-1.1484375,A,-1.1953125
A,-0.94140625,A,-0.95703125
A,-1.0546875,A,-1.0546875
T,-1.3359375,T,-1.3359375
G,-1.3515625,G,-1.3515625
T,-1.3359375,T,-1.3359375
T,-1.203125,T,-1.203125
A,-1.34375,A,-1.34375
C,-1.71875,C,-1.71875
A,-0.90625,A,-0.90625
G,-1.34375,G,-1.34375
A,-1.0390625,A,-1.03125
A,-0.94921875,A,-0.9609375
T,-1.421875,T,-1.421875
C,-1.8125,C,-1.8125
T,-1.0234375,T,-1.0234375
A,-1.4765625,A,-1.453125
A,-1.03125,A,-1.0078125
C,-1.9296875,C,-1.9140625
T,-1.015625,T,-1.0234375
G,-1.3671875,G,-1.3671875
G,-1.4921875,G,-1.4921875
T,-1.3828125,T,-1.40625
G,-1.28125,G,-1.28125
G,-1.6171875,G,-1.6171875
A,-1.046875,A,-1.046875
C,-2.0,C,-2.0
A,-0.72265625,A,-0.75
T,-1.2265625,T,-1.2265625
G,-1.3515625,G,-1.34375
G,-1.390625,G,-1.390625
C,-1.7421875,C,-1.7421875
T,-0.9765625,T,-0.9375
G,-1.1015625,G,-1.09375
T,-1.2890625,T,-1.2890625
T,-1.34375,T,-1.34375
C,-1.7265625,C,-1.7265625
A,-1.0703125,A,-1.078125
T,-1.328125,T,-1.328125
T,-1.2734375,T,-1.21875
G,-1.5859375,G,-1.5859375
T,-1.1640625,T,-1.1796875
A,-1.4609375,A,-1.4921875
C,-1.875,C,-1.8515625
T,-1.015625,T,-1.015625
G,-1.3125,G,-1.2890625
T,-1.2734375,T,-1.2734375
T,-1.125,T,-1.1171875
T,-0.921875,T,-0.921875
T,-1.0,T,-1.0
T,-0.91015625,T,-0.91015625
T,-0.93359375,T,-0.93359375
T,-0.828125,T,-0.828125
C,-1.875,C,-1.9296875
T,-0.6796875,T,-0.6953125
A,-1.7890625,A,-1.7890625
T,-0.90625,T,-0.90625
C,-1.84375,C,-1.84375
T,-0.72265625,T,-0.72265625
T,-0.9453125,T,-0.9453125
C,-1.6171875,C,-1.6171875
T,-0.859375,T,-0.85546875
A,-1.7421875,A,-1.75
T,-1.09375,T,-1.09375
A,-1.390625,A,-1.390625
T,-0.9140625,T,-0.92578125
G,-1.6875,G,-1.6875
T,-1.046875,T,-1.0625
T,-1.03125,T,-1.03125
T,-0.8125,T,-0.82421875
A,-1.5625,A,-1.5078125
A,-1.2265625,A,-1.2265625
A,-1.0,A,-1.0
A,-1.0078125,A,-1.0078125
G,-1.8203125,G,-1.8046875
T,-1.2890625,T,-1.2890625
A,-1.2890625,A,-1.2734375
T,-1.046875,T,-1.046875
A,-1.3671875,A,-1.3671875
T,-0.95703125,T,-0.95703125
A,-1.234375,A,-1.234375
A,-1.125,A,-1.125
T,-1.3203125,T,-1.2734375
A,-1.28125,A,-1.28125
A,-0.953125,A,-0.953125
A,-0.80859375,A,-0.80078125
A,-0.8671875,A,-0.8671875
A,-0.8359375,A,-0.8359375
T,-1.21875,T,-1.21875
A,-1.046875,A,-1.046875
T,-1.1171875,T,-1.1171875
T,-1.0546875,T,-1.0546875
T,-0.796875,T,-0.7890625
A,-1.21875,A,-1.21875
A,-0.859375,A,-0.8515625
T,-1.2734375,T,-1.2734375
T,-0.98828125,T,-0.9765625
T,-0.84375,T,-0.82421875
T,-0.76171875,T,-0.76171875
T,-0.80859375,T,-0.82421875
T,-0.76171875,T,-0.76171875
T,-0.67578125,T,-0.67578125
T,-0.67578125,T,-0.67578125
T,-0.66015625,T,-0.66015625
A,-1.34375,A,-1.34375
A,-0.9609375,A,-0.953125
A,-0.8203125,A,-0.78515625
T,-0.984375,T,-1.0234375
T,-0.9609375,T,-0.9609375
A,-1.3359375,A,-1.3828125
P,-6.78125,P,-6.8125
Y,-2.375,Y,-2.375
X,-1.6015625,X,-1.609375
Z,-0.9375,Z,-0.9609375
Y,-0.95703125,Y,-1.015625
Z,-1.546875,Z,-1.46875
W,-1.3359375,W,-1.3515625
Z,-1.296875,Z,-1.3125
X,-1.9296875,X,-1.9296875
Z,-0.80859375,Z,-0.80859375
Y,-1.25,Y,-1.2734375
Z,-0.93359375,Z,-0.9453125
Y,-1.1640625,Y,-1.1640625
W,-1.25,W,-1.1875
Z,-1.4296875,Z,-1.40625
Z,-1.3203125,Z,-1.2890625
Y,-1.4375,Y,-1.5
[SEP],-8.0,[SEP],-8.0625
